{
  "type": "FeatureCollection",
  "metadata": {
    "provider_name": "Burger King",
    "center_lat": 31.57253335,
    "center_lon": 75.01695396,
    "mode": "motorcycle",
    "total_zones": 4,
    "distance_zones": [
      3,
      4,
      5,
      6
    ],
    "generated_at": "2025-12-29T10:58:57.081671Z"
  },
  "features": [
    {
      "properties": {
        "fill-opacity": 0.33,
        "fillColor": "#bf4040",
        "opacity": 0.33,
        "fill": "#bf4040",
        "fillOpacity": 0.33,
        "color": "#bf4040",
        "contour": 3.0,
        "metric": "distance",
        "provider_name": "Burger King",
        "zone_type": "distance",
        "distance_km": 3,
        "mode": "motorcycle",
        "center_lat": 31.57253335,
        "center_lon": 75.01695396,
        "label": "3km"
      },
      "geometry": {
        "coordinates": [
          [
            [
              75.029954,
              31.587227
            ],
            [
              75.027954,
              31.583774
            ],
            [
              75.026954,
              31.584683
            ],
            [
              75.024629,
              31.584533
            ],
            [
              75.026653,
              31.584233
            ],
            [
              75.026765,
              31.583533
            ],
            [
              75.024726,
              31.582533
            ],
            [
              75.026566,
              31.581533
            ],
            [
              75.026382,
              31.575533
            ],
            [
              75.025382,
              31.574533
            ],
            [
              75.026344,
              31.573533
            ],
            [
              75.025953,
              31.570215
            ],
            [
              75.023954,
              31.573209
            ],
            [
              75.023155,
              31.571332
            ],
            [
              75.022665,
              31.571533
            ],
            [
              75.022592,
              31.577533
            ],
            [
              75.02354,
              31.579533
            ],
            [
              75.020954,
              31.581114
            ],
            [
              75.012163,
              31.580533
            ],
            [
              75.013954,
              31.576999
            ],
            [
              75.016144,
              31.578342
            ],
            [
              75.016581,
              31.579906
            ],
            [
              75.020233,
              31.579812
            ],
            [
              75.021329,
              31.578533
            ],
            [
              75.020315,
              31.576533
            ],
            [
              75.021287,
              31.575533
            ],
            [
              75.021143,
              31.571344
            ],
            [
              75.019776,
              31.571355
            ],
            [
              75.018953,
              31.573265
            ],
            [
              75.017954,
              31.572277
            ],
            [
              75.016954,
              31.573283
            ],
            [
              75.015954,
              31.572272
            ],
            [
              75.014954,
              31.57326
            ],
            [
              75.012707,
              31.573287
            ],
            [
              75.011953,
              31.57489
            ],
            [
              75.01132,
              31.574167
            ],
            [
              75.007728,
              31.574308
            ],
            [
              75.006368,
              31.575533
            ],
            [
              75.006527,
              31.57696
            ],
            [
              75.009042,
              31.576444
            ],
            [
              75.008328,
              31.576908
            ],
            [
              75.008347,
              31.579139
            ],
            [
              75.010004,
              31.579482
            ],
            [
              75.010677,
              31.580533
            ],
            [
              75.009954,
              31.581229
            ],
            [
              75.006954,
              31.58084
            ],
            [
              75.006284,
              31.581533
            ],
            [
              75.006464,
              31.583023
            ],
            [
              75.008021,
              31.584465
            ],
            [
              75.008512,
              31.585533
            ],
            [
              75.007954,
              31.586082
            ],
            [
              75.007744,
              31.584742
            ],
            [
              75.002954,
              31.581891
            ],
            [
              74.996614,
              31.581533
            ],
            [
              75.00234,
              31.579919
            ],
            [
              75.000954,
              31.57807
            ],
            [
              74.996954,
              31.578006
            ],
            [
              74.995954,
              31.578965
            ],
            [
              74.994507,
              31.579087
            ],
            [
              74.993954,
              31.580745
            ],
            [
              74.991954,
              31.579819
            ],
            [
              74.990954,
              31.580713
            ],
            [
              74.988256,
              31.580533
            ],
            [
              74.990954,
              31.576748
            ],
            [
              74.991954,
              31.577388
            ],
            [
              74.992954,
              31.576439
            ],
            [
              74.994954,
              31.578119
            ],
            [
              74.995504,
              31.577533
            ],
            [
              74.994739,
              31.576318
            ],
            [
              74.997307,
              31.574886
            ],
            [
              74.997319,
              31.574168
            ],
            [
              74.994954,
              31.572756
            ],
            [
              74.993954,
              31.573607
            ],
            [
              74.992954,
              31.57344
            ],
            [
              74.992862,
              31.569533
            ],
            [
              74.993954,
              31.5686
            ],
            [
              74.994954,
              31.568445
            ],
            [
              74.997954,
              31.570128
            ],
            [
              75.001285,
              31.569865
            ],
            [
              75.000652,
              31.564533
            ],
            [
              74.999726,
              31.563533
            ],
            [
              74.999954,
              31.560837
            ],
            [
              75.002455,
              31.569533
            ],
            [
              75.004954,
              31.569965
            ],
            [
              75.005495,
              31.566533
            ],
            [
              75.007693,
              31.563272
            ],
            [
              75.010953,
              31.563053
            ],
            [
              75.013415,
              31.561533
            ],
            [
              75.008954,
              31.56092
            ],
            [
              75.008695,
              31.560275
            ],
            [
              75.018358,
              31.559937
            ],
            [
              75.017954,
              31.558075
            ],
            [
              75.012645,
              31.557533
            ],
            [
              75.016954,
              31.557087
            ],
            [
              75.01732,
              31.555167
            ],
            [
              75.015954,
              31.55493
            ],
            [
              75.014954,
              31.555862
            ],
            [
              75.010953,
              31.555689
            ],
            [
              75.01076,
              31.554726
            ],
            [
              75.009296,
              31.554533
            ],
            [
              75.010953,
              31.554441
            ],
            [
              75.011265,
              31.555221
            ],
            [
              75.013954,
              31.555216
            ],
            [
              75.015567,
              31.553533
            ],
            [
              75.013491,
              31.550996
            ],
            [
              75.011953,
              31.551217
            ],
            [
              75.011776,
              31.54971
            ],
            [
              75.010924,
              31.549504
            ],
            [
              75.011953,
              31.548768
            ],
            [
              75.012237,
              31.55025
            ],
            [
              75.014094,
              31.550392
            ],
            [
              75.016954,
              31.553098
            ],
            [
              75.01961,
              31.552533
            ],
            [
              75.017816,
              31.550533
            ],
            [
              75.017954,
              31.548568
            ],
            [
              75.020954,
              31.552202
            ],
            [
              75.022485,
              31.552064
            ],
            [
              75.022954,
              31.551339
            ],
            [
              75.0268,
              31.55138
            ],
            [
              75.026954,
              31.550469
            ],
            [
              75.027092,
              31.551394
            ],
            [
              75.029954,
              31.553283
            ],
            [
              75.033896,
              31.553533
            ],
            [
              75.034116,
              31.557533
            ],
            [
              75.033266,
              31.558533
            ],
            [
              75.033737,
              31.565533
            ],
            [
              75.032954,
              31.566017
            ],
            [
              75.031954,
              31.565009
            ],
            [
              75.028954,
              31.564982
            ],
            [
              75.028535,
              31.565533
            ],
            [
              75.029718,
              31.567533
            ],
            [
              75.027799,
              31.568687
            ],
            [
              75.030954,
              31.568634
            ],
            [
              75.031954,
              31.567694
            ],
            [
              75.034299,
              31.567879
            ],
            [
              75.035954,
              31.565317
            ],
            [
              75.036164,
              31.567533
            ],
            [
              75.036954,
              31.568012
            ],
            [
              75.038954,
              31.565974
            ],
            [
              75.039954,
              31.567123
            ],
            [
              75.0483,
              31.567533
            ],
            [
              75.046088,
              31.568667
            ],
            [
              75.043954,
              31.567827
            ],
            [
              75.042521,
              31.5681
            ],
            [
              75.042151,
              31.573533
            ],
            [
              75.043836,
              31.575533
            ],
            [
              75.042954,
              31.576706
            ],
            [
              75.041954,
              31.576697
            ],
            [
              75.041586,
              31.5749
            ],
            [
              75.039954,
              31.573845
            ],
            [
              75.038483,
              31.574063
            ],
            [
              75.038111,
              31.57669
            ],
            [
              75.036898,
              31.576533
            ],
            [
              75.037749,
              31.575533
            ],
            [
              75.036954,
              31.573818
            ],
            [
              75.035954,
              31.574723
            ],
            [
              75.033945,
              31.574541
            ],
            [
              75.0374,
              31.572979
            ],
            [
              75.036954,
              31.570996
            ],
            [
              75.034528,
              31.571107
            ],
            [
              75.034127,
              31.572706
            ],
            [
              75.032514,
              31.573094
            ],
            [
              75.031954,
              31.575032
            ],
            [
              75.030954,
              31.574064
            ],
            [
              75.028954,
              31.575095
            ],
            [
              75.027685,
              31.574265
            ],
            [
              75.027654,
              31.575832
            ],
            [
              75.029432,
              31.577533
            ],
            [
              75.029262,
              31.578842
            ],
            [
              75.02743,
              31.579533
            ],
            [
              75.028527,
              31.58196
            ],
            [
              75.03402,
              31.582533
            ],
            [
              75.029487,
              31.583066
            ],
            [
              75.029435,
              31.584051
            ],
            [
              75.031835,
              31.584533
            ],
            [
              75.03026,
              31.584839
            ],
            [
              75.029954,
              31.587227
            ]
          ]
        ],
        "type": "Polygon"
      },
      "type": "Feature"
    },
    {
      "properties": {
        "fill-opacity": 0.33,
        "fillColor": "#bf4040",
        "opacity": 0.33,
        "fill": "#bf4040",
        "fillOpacity": 0.33,
        "color": "#bf4040",
        "contour": 4.0,
        "metric": "distance",
        "provider_name": "Burger King",
        "zone_type": "distance",
        "distance_km": 4,
        "mode": "motorcycle",
        "center_lat": 31.57253335,
        "center_lon": 75.01695396,
        "label": "4km"
      },
      "geometry": {
        "coordinates": [
          [
            [
              75.032954,
              31.594163
            ],
            [
              75.030954,
              31.593888
            ],
            [
              75.029954,
              31.591829
            ],
            [
              75.028278,
              31.591857
            ],
            [
              75.027954,
              31.592631
            ],
            [
              75.028645,
              31.590533
            ],
            [
              75.027421,
              31.589066
            ],
            [
              75.022842,
              31.587533
            ],
            [
              75.024518,
              31.587097
            ],
            [
              75.024954,
              31.586161
            ],
            [
              75.028407,
              31.585533
            ],
            [
              75.027954,
              31.584101
            ],
            [
              75.026954,
              31.585073
            ],
            [
              75.022954,
              31.585316
            ],
            [
              75.022278,
              31.584533
            ],
            [
              75.026401,
              31.583533
            ],
            [
              75.024389,
              31.582533
            ],
            [
              75.026333,
              31.581533
            ],
            [
              75.026253,
              31.575533
            ],
            [
              75.025253,
              31.574533
            ],
            [
              75.026234,
              31.573533
            ],
            [
              75.025954,
              31.570292
            ],
            [
              75.023954,
              31.573288
            ],
            [
              75.022729,
              31.571533
            ],
            [
              75.022688,
              31.577533
            ],
            [
              75.023656,
              31.578533
            ],
            [
              75.023425,
              31.580004
            ],
            [
              75.020954,
              31.581238
            ],
            [
              75.010622,
              31.581201
            ],
            [
              75.010328,
              31.584533
            ],
            [
              75.012293,
              31.586872
            ],
            [
              75.010558,
              31.588137
            ],
            [
              75.010302,
              31.589881
            ],
            [
              75.007954,
              31.587948
            ],
            [
              75.005491,
              31.58807
            ],
            [
              75.004954,
              31.591553
            ],
            [
              75.004438,
              31.588049
            ],
            [
              75.000392,
              31.587533
            ],
            [
              75.006954,
              31.587148
            ],
            [
              75.007439,
              31.585533
            ],
            [
              75.005231,
              31.583256
            ],
            [
              75.002954,
              31.582142
            ],
            [
              74.994954,
              31.581991
            ],
            [
              74.993954,
              31.582979
            ],
            [
              74.991954,
              31.580116
            ],
            [
              74.987233,
              31.582533
            ],
            [
              74.98744,
              31.584047
            ],
            [
              74.990195,
              31.584533
            ],
            [
              74.99023,
              31.585533
            ],
            [
              74.989847,
              31.584639
            ],
            [
              74.983179,
              31.584758
            ],
            [
              74.982954,
              31.585872
            ],
            [
              74.98249,
              31.583996
            ],
            [
              74.980954,
              31.583668
            ],
            [
              74.980124,
              31.583703
            ],
            [
              74.979954,
              31.584606
            ],
            [
              74.978639,
              31.584533
            ],
            [
              74.979826,
              31.584405
            ],
            [
              74.979894,
              31.583474
            ],
            [
              74.980954,
              31.582016
            ],
            [
              74.981954,
              31.583267
            ],
            [
              74.984365,
              31.581944
            ],
            [
              74.985574,
              31.580533
            ],
            [
              74.985777,
              31.578356
            ],
            [
              74.986574,
              31.580912
            ],
            [
              74.988471,
              31.579533
            ],
            [
              74.987486,
              31.578533
            ],
            [
              74.987621,
              31.574533
            ],
            [
              74.98583,
              31.572533
            ],
            [
              74.985954,
              31.57106
            ],
            [
              74.987954,
              31.570995
            ],
            [
              74.987131,
              31.57171
            ],
            [
              74.987384,
              31.573102
            ],
            [
              74.990954,
              31.573505
            ],
            [
              74.992289,
              31.572869
            ],
            [
              74.993321,
              31.567165
            ],
            [
              74.991954,
              31.565898
            ],
            [
              74.987889,
              31.565597
            ],
            [
              74.987954,
              31.564101
            ],
            [
              74.988264,
              31.565223
            ],
            [
              74.993211,
              31.565275
            ],
            [
              74.994621,
              31.567865
            ],
            [
              74.997683,
              31.569803
            ],
            [
              75.001175,
              31.569754
            ],
            [
              74.999288,
              31.561199
            ],
            [
              74.997954,
              31.55997
            ],
            [
              74.992954,
              31.559763
            ],
            [
              74.9918,
              31.558533
            ],
            [
              74.992954,
              31.558252
            ],
            [
              74.993954,
              31.559256
            ],
            [
              74.997345,
              31.558925
            ],
            [
              74.996663,
              31.554823
            ],
            [
              74.995601,
              31.554533
            ],
            [
              74.996954,
              31.552821
            ],
            [
              74.997646,
              31.553533
            ],
            [
              74.997174,
              31.555533
            ],
            [
              74.99852,
              31.557966
            ],
            [
              75.000158,
              31.557533
            ],
            [
              74.999408,
              31.559533
            ],
            [
              75.000445,
              31.560533
            ],
            [
              75.00053,
              31.563956
            ],
            [
              75.001542,
              31.564533
            ],
            [
              75.002954,
              31.56985
            ],
            [
              75.005158,
              31.569738
            ],
            [
              75.005305,
              31.566533
            ],
            [
              75.007539,
              31.563119
            ],
            [
              75.010954,
              31.562875
            ],
            [
              75.013269,
              31.561533
            ],
            [
              75.008954,
              31.561153
            ],
            [
              75.00854,
              31.560119
            ],
            [
              75.018242,
              31.559821
            ],
            [
              75.017954,
              31.558219
            ],
            [
              75.012954,
              31.558124
            ],
            [
              75.012362,
              31.557533
            ],
            [
              75.012954,
              31.556942
            ],
            [
              75.016954,
              31.55689
            ],
            [
              75.017191,
              31.555296
            ],
            [
              75.015954,
              31.555157
            ],
            [
              75.014954,
              31.556132
            ],
            [
              75.010954,
              31.556075
            ],
            [
              75.009954,
              31.555051
            ],
            [
              75.007642,
              31.554845
            ],
            [
              75.002647,
              31.550533
            ],
            [
              75.003954,
              31.550016
            ],
            [
              75.005519,
              31.551967
            ],
            [
              75.007217,
              31.552269
            ],
            [
              75.0086,
              31.553886
            ],
            [
              75.010954,
              31.554009
            ],
            [
              75.011954,
              31.554974
            ],
            [
              75.013954,
              31.554939
            ],
            [
              75.015209,
              31.553788
            ],
            [
              75.012954,
              31.551092
            ],
            [
              75.011655,
              31.552832
            ],
            [
              75.011417,
              31.550533
            ],
            [
              75.010296,
              31.54919
            ],
            [
              75.008662,
              31.548824
            ],
            [
              75.005954,
              31.545825
            ],
            [
              75.004224,
              31.546533
            ],
            [
              75.004579,
              31.544907
            ],
            [
              75.003854,
              31.543632
            ],
            [
              75.002766,
              31.543533
            ],
            [
              75.003954,
              31.543189
            ],
            [
              75.004222,
              31.544264
            ],
            [
              75.007954,
              31.546161
            ],
            [
              75.010954,
              31.546141
            ],
            [
              75.011954,
              31.539859
            ],
            [
              75.012292,
              31.544533
            ],
            [
              75.012954,
              31.545174
            ],
            [
              75.014954,
              31.544343
            ],
            [
              75.015954,
              31.545341
            ],
            [
              75.017421,
              31.545
            ],
            [
              75.017954,
              31.539953
            ],
            [
              75.018485,
              31.544001
            ],
            [
              75.019526,
              31.544106
            ],
            [
              75.019954,
              31.543401
            ],
            [
              75.020954,
              31.544383
            ],
            [
              75.023183,
              31.544533
            ],
            [
              75.018511,
              31.54509
            ],
            [
              75.018954,
              31.549028
            ],
            [
              75.025954,
              31.549282
            ],
            [
              75.026521,
              31.548533
            ],
            [
              75.025723,
              31.544764
            ],
            [
              75.024324,
              31.544533
            ],
            [
              75.025725,
              31.544304
            ],
            [
              75.025954,
              31.543476
            ],
            [
              75.026221,
              31.544265
            ],
            [
              75.027516,
              31.544095
            ],
            [
              75.027954,
              31.54166
            ],
            [
              75.028382,
              31.544104
            ],
            [
              75.031327,
              31.544533
            ],
            [
              75.030147,
              31.544727
            ],
            [
              75.030314,
              31.547173
            ],
            [
              75.033035,
              31.548451
            ],
            [
              75.030476,
              31.549055
            ],
            [
              75.030954,
              31.552064
            ],
            [
              75.032341,
              31.551921
            ],
            [
              75.03645,
              31.549029
            ],
            [
              75.036725,
              31.547761
            ],
            [
              75.035731,
              31.547533
            ],
            [
              75.03975,
              31.547329
            ],
            [
              75.039919,
              31.546498
            ],
            [
              75.040635,
              31.546533
            ],
            [
              75.040056,
              31.546635
            ],
            [
              75.040157,
              31.548329
            ],
            [
              75.040985,
              31.548533
            ],
            [
              75.041131,
              31.551355
            ],
            [
              75.041731,
              31.551533
            ],
            [
              75.038496,
              31.553075
            ],
            [
              75.036954,
              31.55506
            ],
            [
              75.034464,
              31.555533
            ],
            [
              75.034954,
              31.558406
            ],
            [
              75.036544,
              31.558533
            ],
            [
              75.039954,
              31.560507
            ],
            [
              75.03925,
              31.562533
            ],
            [
              75.041291,
              31.563533
            ],
            [
              75.040526,
              31.56496
            ],
            [
              75.042408,
              31.564533
            ],
            [
              75.042285,
              31.565864
            ],
            [
              75.039954,
              31.56591
            ],
            [
              75.039692,
              31.566794
            ],
            [
              75.046954,
              31.566124
            ],
            [
              75.049954,
              31.567079
            ],
            [
              75.050673,
              31.566533
            ],
            [
              75.049752,
              31.565533
            ],
            [
              75.049954,
              31.563224
            ],
            [
              75.050953,
              31.563533
            ],
            [
              75.050023,
              31.563602
            ],
            [
              75.050078,
              31.564533
            ],
            [
              75.051954,
              31.567143
            ],
            [
              75.053425,
              31.567005
            ],
            [
              75.053954,
              31.566082
            ],
            [
              75.058734,
              31.566533
            ],
            [
              75.057194,
              31.566773
            ],
            [
              75.055954,
              31.569817
            ],
            [
              75.055331,
              31.569533
            ],
            [
              75.055887,
              31.569466
            ],
            [
              75.055758,
              31.567533
            ],
            [
              75.054954,
              31.566795
            ],
            [
              75.053954,
              31.567839
            ],
            [
              75.049954,
              31.567987
            ],
            [
              75.048954,
              31.569959
            ],
            [
              75.047954,
              31.56804
            ],
            [
              75.046954,
              31.569042
            ],
            [
              75.042691,
              31.56827
            ],
            [
              75.042508,
              31.573533
            ],
            [
              75.043631,
              31.574856
            ],
            [
              75.045332,
              31.574911
            ],
            [
              75.045954,
              31.571752
            ],
            [
              75.046342,
              31.574533
            ],
            [
              75.047378,
              31.574957
            ],
            [
              75.047854,
              31.571633
            ],
            [
              75.047022,
              31.571533
            ],
            [
              75.047954,
              31.571484
            ],
            [
              75.049131,
              31.572533
            ],
            [
              75.04851,
              31.574976
            ],
            [
              75.054261,
              31.575533
            ],
            [
              75.051361,
              31.57594
            ],
            [
              75.050954,
              31.578309
            ],
            [
              75.050619,
              31.576867
            ],
            [
              75.04852,
              31.576099
            ],
            [
              75.048187,
              31.578533
            ],
            [
              75.050225,
              31.580533
            ],
            [
              75.049095,
              31.581533
            ],
            [
              75.049954,
              31.583564
            ],
            [
              75.048773,
              31.583533
            ],
            [
              75.047595,
              31.581891
            ],
            [
              75.045865,
              31.581621
            ],
            [
              75.046645,
              31.580533
            ],
            [
              75.043954,
              31.578001
            ],
            [
              75.043376,
              31.578533
            ],
            [
              75.044294,
              31.579533
            ],
            [
              75.043325,
              31.579905
            ],
            [
              75.042315,
              31.578171
            ],
            [
              75.040576,
              31.578156
            ],
            [
              75.039652,
              31.580834
            ],
            [
              75.038317,
              31.577169
            ],
            [
              75.036439,
              31.576533
            ],
            [
              75.037397,
              31.575533
            ],
            [
              75.037229,
              31.574257
            ],
            [
              75.035954,
              31.575085
            ],
            [
              75.03345,
              31.574533
            ],
            [
              75.037221,
              31.5728
            ],
            [
              75.036954,
              31.571184
            ],
            [
              75.034694,
              31.571273
            ],
            [
              75.034337,
              31.572916
            ],
            [
              75.032689,
              31.573268
            ],
            [
              75.031954,
              31.575199
            ],
            [
              75.030954,
              31.574214
            ],
            [
              75.028954,
              31.575228
            ],
            [
              75.027762,
              31.574342
            ],
            [
              75.027747,
              31.575739
            ],
            [
              75.029611,
              31.577533
            ],
            [
              75.029387,
              31.578967
            ],
            [
              75.02761,
              31.579533
            ],
            [
              75.028693,
              31.581793
            ],
            [
              75.035954,
              31.582085
            ],
            [
              75.036954,
              31.581164
            ],
            [
              75.039238,
              31.581249
            ],
            [
              75.034954,
              31.583982
            ],
            [
              75.033954,
              31.583035
            ],
            [
              75.029542,
              31.583533
            ],
            [
              75.03245,
              31.584533
            ],
            [
              75.030494,
              31.585533
            ],
            [
              75.031572,
              31.588914
            ],
            [
              75.034494,
              31.589073
            ],
            [
              75.035954,
              31.587153
            ],
            [
              75.036324,
              31.589163
            ],
            [
              75.038923,
              31.589533
            ],
            [
              75.035438,
              31.590018
            ],
            [
              75.035361,
              31.591126
            ],
            [
              75.037591,
              31.591533
            ],
            [
              75.03684,
              31.592533
            ],
            [
              75.033273,
              31.592853
            ],
            [
              75.032954,
              31.594163
            ]
          ]
        ],
        "type": "Polygon"
      },
      "type": "Feature"
    },
    {
      "properties": {
        "fill-opacity": 0.33,
        "fillColor": "#bf4040",
        "opacity": 0.33,
        "fill": "#bf4040",
        "fillOpacity": 0.33,
        "color": "#bf4040",
        "contour": 5.0,
        "metric": "distance",
        "provider_name": "Burger King",
        "zone_type": "distance",
        "distance_km": 5,
        "mode": "motorcycle",
        "center_lat": 31.57253335,
        "center_lon": 75.01695396,
        "label": "5km"
      },
      "geometry": {
        "coordinates": [
          [
            [
              75.030954,
              31.601569
            ],
            [
              75.029938,
              31.601548
            ],
            [
              75.030876,
              31.601455
            ],
            [
              75.030684,
              31.598533
            ],
            [
              75.031377,
              31.597109
            ],
            [
              75.028954,
              31.596845
            ],
            [
              75.026954,
              31.598542
            ],
            [
              75.026711,
              31.597776
            ],
            [
              75.024295,
              31.597533
            ],
            [
              75.025736,
              31.597315
            ],
            [
              75.025865,
              31.596445
            ],
            [
              75.027954,
              31.595294
            ],
            [
              75.028954,
              31.596221
            ],
            [
              75.029592,
              31.595533
            ],
            [
              75.02662,
              31.592866
            ],
            [
              75.024899,
              31.592478
            ],
            [
              75.026954,
              31.592366
            ],
            [
              75.028227,
              31.590259
            ],
            [
              75.023954,
              31.588062
            ],
            [
              75.017519,
              31.588533
            ],
            [
              75.018954,
              31.590182
            ],
            [
              75.022414,
              31.590533
            ],
            [
              75.021954,
              31.593155
            ],
            [
              75.021655,
              31.591831
            ],
            [
              75.019954,
              31.590833
            ],
            [
              75.015954,
              31.590991
            ],
            [
              75.015418,
              31.591533
            ],
            [
              75.019214,
              31.592533
            ],
            [
              75.018954,
              31.593746
            ],
            [
              75.017954,
              31.592848
            ],
            [
              75.015549,
              31.593128
            ],
            [
              75.015511,
              31.595975
            ],
            [
              75.018954,
              31.596371
            ],
            [
              75.018346,
              31.59814
            ],
            [
              75.020787,
              31.598533
            ],
            [
              75.017389,
              31.598968
            ],
            [
              75.017221,
              31.600265
            ],
            [
              75.018378,
              31.600533
            ],
            [
              75.017946,
              31.60154
            ],
            [
              75.017769,
              31.600717
            ],
            [
              75.014743,
              31.600533
            ],
            [
              75.014426,
              31.598061
            ],
            [
              75.009635,
              31.596533
            ],
            [
              75.011954,
              31.596389
            ],
            [
              75.012954,
              31.597297
            ],
            [
              75.013503,
              31.595533
            ],
            [
              75.012472,
              31.594533
            ],
            [
              75.012425,
              31.593061
            ],
            [
              75.011249,
              31.592238
            ],
            [
              75.009954,
              31.594024
            ],
            [
              75.008641,
              31.592846
            ],
            [
              75.010365,
              31.590533
            ],
            [
              75.008954,
              31.588178
            ],
            [
              75.00568,
              31.58826
            ],
            [
              75.00529,
              31.59187
            ],
            [
              75.002321,
              31.592533
            ],
            [
              75.002351,
              31.595135
            ],
            [
              75.004316,
              31.595533
            ],
            [
              75.001954,
              31.595732
            ],
            [
              74.998971,
              31.595533
            ],
            [
              75.001547,
              31.595126
            ],
            [
              75.001586,
              31.592533
            ],
            [
              74.998446,
              31.591533
            ],
            [
              74.998954,
              31.590852
            ],
            [
              75.004286,
              31.590866
            ],
            [
              75.003954,
              31.588107
            ],
            [
              74.999954,
              31.588024
            ],
            [
              74.998954,
              31.588889
            ],
            [
              74.997954,
              31.587726
            ],
            [
              74.992954,
              31.586944
            ],
            [
              74.991954,
              31.585989
            ],
            [
              74.990954,
              31.586984
            ],
            [
              74.988954,
              31.585071
            ],
            [
              74.983954,
              31.585086
            ],
            [
              74.982954,
              31.587013
            ],
            [
              74.981954,
              31.58411
            ],
            [
              74.973477,
              31.587056
            ],
            [
              74.973237,
              31.58825
            ],
            [
              74.97403,
              31.588609
            ],
            [
              74.973291,
              31.589871
            ],
            [
              74.972561,
              31.587925
            ],
            [
              74.97014,
              31.58772
            ],
            [
              74.969995,
              31.588575
            ],
            [
              74.9691,
              31.588533
            ],
            [
              74.969508,
              31.587533
            ],
            [
              74.971518,
              31.587097
            ],
            [
              74.971687,
              31.5858
            ],
            [
              74.970882,
              31.585533
            ],
            [
              74.971954,
              31.584198
            ],
            [
              74.972414,
              31.586072
            ],
            [
              74.973418,
              31.585998
            ],
            [
              74.973954,
              31.582676
            ],
            [
              74.975902,
              31.584585
            ],
            [
              74.976954,
              31.583797
            ],
            [
              74.978598,
              31.584178
            ],
            [
              74.980264,
              31.582843
            ],
            [
              74.980554,
              31.579533
            ],
            [
              74.979799,
              31.578378
            ],
            [
              74.980675,
              31.576533
            ],
            [
              74.981698,
              31.576278
            ],
            [
              74.981915,
              31.574494
            ],
            [
              74.982911,
              31.57449
            ],
            [
              74.982954,
              31.573414
            ],
            [
              74.982992,
              31.574533
            ],
            [
              74.982159,
              31.575533
            ],
            [
              74.983954,
              31.577062
            ],
            [
              74.982472,
              31.578533
            ],
            [
              74.982896,
              31.579533
            ],
            [
              74.981524,
              31.580104
            ],
            [
              74.981654,
              31.582833
            ],
            [
              74.985202,
              31.580781
            ],
            [
              74.985954,
              31.577956
            ],
            [
              74.986712,
              31.580775
            ],
            [
              74.988176,
              31.579756
            ],
            [
              74.987301,
              31.578533
            ],
            [
              74.987354,
              31.574533
            ],
            [
              74.985598,
              31.572888
            ],
            [
              74.985469,
              31.570533
            ],
            [
              74.984373,
              31.569533
            ],
            [
              74.985682,
              31.565533
            ],
            [
              74.986572,
              31.568914
            ],
            [
              74.9884,
              31.569533
            ],
            [
              74.987954,
              31.572952
            ],
            [
              74.992177,
              31.572756
            ],
            [
              74.992276,
              31.569533
            ],
            [
              74.993295,
              31.567533
            ],
            [
              74.991954,
              31.566144
            ],
            [
              74.987608,
              31.565879
            ],
            [
              74.987626,
              31.559533
            ],
            [
              74.985865,
              31.558621
            ],
            [
              74.985914,
              31.556572
            ],
            [
              74.985288,
              31.556533
            ],
            [
              74.985966,
              31.556521
            ],
            [
              74.986141,
              31.557345
            ],
            [
              74.987592,
              31.557172
            ],
            [
              74.987954,
              31.555166
            ],
            [
              74.989181,
              31.558305
            ],
            [
              74.990954,
              31.558705
            ],
            [
              74.992372,
              31.553114
            ],
            [
              74.990275,
              31.552854
            ],
            [
              74.987954,
              31.553958
            ],
            [
              74.987954,
              31.551873
            ],
            [
              74.988116,
              31.55237
            ],
            [
              74.991954,
              31.5522
            ],
            [
              74.993954,
              31.549312
            ],
            [
              74.994522,
              31.550965
            ],
            [
              74.995954,
              31.551107
            ],
            [
              74.996733,
              31.548312
            ],
            [
              74.998703,
              31.547283
            ],
            [
              75.002557,
              31.54993
            ],
            [
              75.003533,
              31.549533
            ],
            [
              75.003461,
              31.546533
            ],
            [
              75.004253,
              31.545233
            ],
            [
              75.001635,
              31.543851
            ],
            [
              74.999375,
              31.541112
            ],
            [
              74.997861,
              31.541626
            ],
            [
              74.995954,
              31.537995
            ],
            [
              74.996954,
              31.538101
            ],
            [
              74.998954,
              31.540188
            ],
            [
              75.00314,
              31.540346
            ],
            [
              75.00154,
              31.54112
            ],
            [
              75.001583,
              31.541904
            ],
            [
              75.005255,
              31.542232
            ],
            [
              75.004465,
              31.543533
            ],
            [
              75.006681,
              31.545805
            ],
            [
              75.011202,
              31.545782
            ],
            [
              75.011358,
              31.537128
            ],
            [
              75.008383,
              31.536963
            ],
            [
              75.007954,
              31.539156
            ],
            [
              75.007578,
              31.536908
            ],
            [
              75.005424,
              31.536533
            ],
            [
              75.006697,
              31.536276
            ],
            [
              75.007203,
              31.534533
            ],
            [
              75.011453,
              31.534032
            ],
            [
              75.011954,
              31.530835
            ],
            [
              75.012439,
              31.534048
            ],
            [
              75.013676,
              31.534255
            ],
            [
              75.013954,
              31.532977
            ],
            [
              75.014194,
              31.534293
            ],
            [
              75.015686,
              31.534533
            ],
            [
              75.012954,
              31.534729
            ],
            [
              75.012297,
              31.535533
            ],
            [
              75.012954,
              31.544928
            ],
            [
              75.014954,
              31.54398
            ],
            [
              75.015954,
              31.54498
            ],
            [
              75.017228,
              31.544808
            ],
            [
              75.017438,
              31.540533
            ],
            [
              75.01648,
              31.539533
            ],
            [
              75.016954,
              31.538092
            ],
            [
              75.017954,
              31.539045
            ],
            [
              75.019954,
              31.539111
            ],
            [
              75.023073,
              31.536414
            ],
            [
              75.023975,
              31.536511
            ],
            [
              75.024269,
              31.538217
            ],
            [
              75.025465,
              31.539021
            ],
            [
              75.028345,
              31.538924
            ],
            [
              75.028664,
              31.536533
            ],
            [
              75.029722,
              31.535533
            ],
            [
              75.028681,
              31.534533
            ],
            [
              75.029693,
              31.534272
            ],
            [
              75.029954,
              31.532836
            ],
            [
              75.030185,
              31.535533
            ],
            [
              75.031165,
              31.536533
            ],
            [
              75.029489,
              31.537068
            ],
            [
              75.02953,
              31.537956
            ],
            [
              75.034071,
              31.538533
            ],
            [
              75.029549,
              31.539129
            ],
            [
              75.029394,
              31.540533
            ],
            [
              75.030409,
              31.541533
            ],
            [
              75.028621,
              31.5422
            ],
            [
              75.0285,
              31.543533
            ],
            [
              75.030954,
              31.544022
            ],
            [
              75.031954,
              31.543094
            ],
            [
              75.033363,
              31.543942
            ],
            [
              75.034049,
              31.540437
            ],
            [
              75.034954,
              31.54705
            ],
            [
              75.038954,
              31.546993
            ],
            [
              75.040482,
              31.545533
            ],
            [
              75.039436,
              31.54205
            ],
            [
              75.038601,
              31.540886
            ],
            [
              75.03692,
              31.540567
            ],
            [
              75.036954,
              31.539145
            ],
            [
              75.041954,
              31.543149
            ],
            [
              75.043386,
              31.542965
            ],
            [
              75.043784,
              31.541363
            ],
            [
              75.046954,
              31.539323
            ],
            [
              75.046954,
              31.539636
            ],
            [
              75.046537,
              31.540116
            ],
            [
              75.0465,
              31.540533
            ],
            [
              75.04447,
              31.542049
            ],
            [
              75.044496,
              31.543991
            ],
            [
              75.049205,
              31.544533
            ],
            [
              75.042573,
              31.545153
            ],
            [
              75.04048,
              31.547533
            ],
            [
              75.041462,
              31.548533
            ],
            [
              75.041633,
              31.550853
            ],
            [
              75.043262,
              31.551224
            ],
            [
              75.043251,
              31.552831
            ],
            [
              75.041954,
              31.552963
            ],
            [
              75.040954,
              31.552058
            ],
            [
              75.037574,
              31.554533
            ],
            [
              75.039954,
              31.557135
            ],
            [
              75.0456,
              31.556533
            ],
            [
              75.043954,
              31.557749
            ],
            [
              75.037954,
              31.557995
            ],
            [
              75.037445,
              31.558533
            ],
            [
              75.037954,
              31.559036
            ],
            [
              75.039954,
              31.558683
            ],
            [
              75.040945,
              31.559533
            ],
            [
              75.042484,
              31.563002
            ],
            [
              75.045598,
              31.565888
            ],
            [
              75.046485,
              31.565533
            ],
            [
              75.045519,
              31.564968
            ],
            [
              75.045669,
              31.564249
            ],
            [
              75.046954,
              31.564098
            ],
            [
              75.048707,
              31.566779
            ],
            [
              75.050372,
              31.566533
            ],
            [
              75.049398,
              31.565533
            ],
            [
              75.049372,
              31.560115
            ],
            [
              75.047417,
              31.559996
            ],
            [
              75.046954,
              31.562191
            ],
            [
              75.046727,
              31.559533
            ],
            [
              75.048711,
              31.558533
            ],
            [
              75.048746,
              31.55674
            ],
            [
              75.0472,
              31.556533
            ],
            [
              75.050666,
              31.556245
            ],
            [
              75.050954,
              31.555495
            ],
            [
              75.051251,
              31.556235
            ],
            [
              75.053954,
              31.556352
            ],
            [
              75.053954,
              31.55762
            ],
            [
              75.052388,
              31.557967
            ],
            [
              75.051316,
              31.559533
            ],
            [
              75.052954,
              31.564114
            ],
            [
              75.055954,
              31.564238
            ],
            [
              75.056608,
              31.565878
            ],
            [
              75.059954,
              31.566425
            ],
            [
              75.067917,
              31.566497
            ],
            [
              75.067954,
              31.565446
            ],
            [
              75.069118,
              31.565533
            ],
            [
              75.068597,
              31.566533
            ],
            [
              75.064954,
              31.566822
            ],
            [
              75.064109,
              31.567688
            ],
            [
              75.06249,
              31.56707
            ],
            [
              75.063198,
              31.568777
            ],
            [
              75.062405,
              31.570082
            ],
            [
              75.063603,
              31.570182
            ],
            [
              75.064068,
              31.569418
            ],
            [
              75.064158,
              31.570329
            ],
            [
              75.065016,
              31.570471
            ],
            [
              75.065001,
              31.571485
            ],
            [
              75.065954,
              31.571661
            ],
            [
              75.064926,
              31.57156
            ],
            [
              75.064705,
              31.570782
            ],
            [
              75.062954,
              31.57071
            ],
            [
              75.06117,
              31.571749
            ],
            [
              75.060954,
              31.573042
            ],
            [
              75.060776,
              31.570355
            ],
            [
              75.061518,
              31.570098
            ],
            [
              75.061612,
              31.568533
            ],
            [
              75.06057,
              31.568149
            ],
            [
              75.060285,
              31.569865
            ],
            [
              75.058749,
              31.570737
            ],
            [
              75.05861,
              31.569533
            ],
            [
              75.059537,
              31.568533
            ],
            [
              75.058954,
              31.567028
            ],
            [
              75.057637,
              31.567217
            ],
            [
              75.055954,
              31.571011
            ],
            [
              75.053505,
              31.570533
            ],
            [
              75.053649,
              31.569228
            ],
            [
              75.055421,
              31.568533
            ],
            [
              75.054954,
              31.567108
            ],
            [
              75.053954,
              31.568123
            ],
            [
              75.049954,
              31.56818
            ],
            [
              75.048954,
              31.570168
            ],
            [
              75.047954,
              31.568203
            ],
            [
              75.046954,
              31.569204
            ],
            [
              75.042765,
              31.568345
            ],
            [
              75.042645,
              31.573533
            ],
            [
              75.043954,
              31.574867
            ],
            [
              75.045333,
              31.574533
            ],
            [
              75.04564,
              31.57122
            ],
            [
              75.047954,
              31.57102
            ],
            [
              75.049502,
              31.572533
            ],
            [
              75.048954,
              31.574934
            ],
            [
              75.052954,
              31.575006
            ],
            [
              75.053954,
              31.573099
            ],
            [
              75.054612,
              31.574874
            ],
            [
              75.05835,
              31.576136
            ],
            [
              75.057954,
              31.57705
            ],
            [
              75.055954,
              31.576983
            ],
            [
              75.054954,
              31.576013
            ],
            [
              75.051656,
              31.576235
            ],
            [
              75.051309,
              31.582533
            ],
            [
              75.053954,
              31.583191
            ],
            [
              75.054954,
              31.582299
            ],
            [
              75.055453,
              31.585034
            ],
            [
              75.057771,
              31.585351
            ],
            [
              75.058314,
              31.584533
            ],
            [
              75.058863,
              31.585533
            ],
            [
              75.057237,
              31.585817
            ],
            [
              75.057651,
              31.588533
            ],
            [
              75.057037,
              31.589617
            ],
            [
              75.055705,
              31.589284
            ],
            [
              75.053954,
              31.59091
            ],
            [
              75.047954,
              31.589605
            ],
            [
              75.046366,
              31.589946
            ],
            [
              75.044927,
              31.59156
            ],
            [
              75.043954,
              31.589871
            ],
            [
              75.041954,
              31.590919
            ],
            [
              75.039954,
              31.590005
            ],
            [
              75.039266,
              31.591846
            ],
            [
              75.037621,
              31.5922
            ],
            [
              75.03727,
              31.59385
            ],
            [
              75.035954,
              31.593046
            ],
            [
              75.033646,
              31.593226
            ],
            [
              75.032512,
              31.596974
            ],
            [
              75.036954,
              31.597565
            ],
            [
              75.035954,
              31.598137
            ],
            [
              75.034954,
              31.597697
            ],
            [
              75.033954,
              31.598709
            ],
            [
              75.033488,
              31.597999
            ],
            [
              75.032488,
              31.598068
            ],
            [
              75.031176,
              31.599533
            ],
            [
              75.030954,
              31.601569
            ]
          ]
        ],
        "type": "Polygon"
      },
      "type": "Feature"
    },
    {
      "properties": {
        "fill-opacity": 0.33,
        "fillColor": "#bf4040",
        "opacity": 0.33,
        "fill": "#bf4040",
        "fillOpacity": 0.33,
        "color": "#bf4040",
        "contour": 6.0,
        "metric": "distance",
        "provider_name": "Burger King",
        "zone_type": "distance",
        "distance_km": 6,
        "mode": "motorcycle",
        "center_lat": 31.57253335,
        "center_lon": 75.01695396,
        "label": "6km"
      },
      "geometry": {
        "coordinates": [
          [
            [
              75.028954,
              31.606858
            ],
            [
              75.025953,
              31.604693
            ],
            [
              75.024899,
              31.605533
            ],
            [
              75.024887,
              31.604466
            ],
            [
              75.0266,
              31.603533
            ],
            [
              75.025675,
              31.602533
            ],
            [
              75.026544,
              31.601533
            ],
            [
              75.026271,
              31.598215
            ],
            [
              75.023542,
              31.600122
            ],
            [
              75.02315,
              31.601729
            ],
            [
              75.021776,
              31.60171
            ],
            [
              75.022551,
              31.59913
            ],
            [
              75.02349,
              31.598533
            ],
            [
              75.022954,
              31.598001
            ],
            [
              75.022367,
              31.598947
            ],
            [
              75.01766,
              31.59924
            ],
            [
              75.017953,
              31.600007
            ],
            [
              75.020398,
              31.600533
            ],
            [
              75.018953,
              31.601935
            ],
            [
              75.014954,
              31.601037
            ],
            [
              75.012954,
              31.602926
            ],
            [
              75.011953,
              31.601942
            ],
            [
              75.010518,
              31.602097
            ],
            [
              75.010156,
              31.605331
            ],
            [
              75.011171,
              31.605533
            ],
            [
              75.010121,
              31.6057
            ],
            [
              75.009953,
              31.606511
            ],
            [
              75.009445,
              31.603041
            ],
            [
              75.00609,
              31.602669
            ],
            [
              75.005954,
              31.603678
            ],
            [
              75.00591,
              31.60249
            ],
            [
              75.010953,
              31.601147
            ],
            [
              75.011953,
              31.600109
            ],
            [
              75.014954,
              31.600028
            ],
            [
              75.015247,
              31.599239
            ],
            [
              75.010953,
              31.597066
            ],
            [
              75.007954,
              31.597969
            ],
            [
              75.004954,
              31.59602
            ],
            [
              74.998954,
              31.596033
            ],
            [
              74.997954,
              31.595003
            ],
            [
              74.995953,
              31.594943
            ],
            [
              74.994953,
              31.5958
            ],
            [
              74.994574,
              31.594533
            ],
            [
              74.995752,
              31.593533
            ],
            [
              74.994904,
              31.590533
            ],
            [
              74.995318,
              31.591168
            ],
            [
              74.997954,
              31.591148
            ],
            [
              74.998444,
              31.588533
            ],
            [
              74.995953,
              31.588111
            ],
            [
              74.994953,
              31.587138
            ],
            [
              74.992954,
              31.587162
            ],
            [
              74.991954,
              31.58618
            ],
            [
              74.990954,
              31.587178
            ],
            [
              74.988953,
              31.585217
            ],
            [
              74.983954,
              31.585224
            ],
            [
              74.982954,
              31.587191
            ],
            [
              74.981953,
              31.584235
            ],
            [
              74.981234,
              31.584533
            ],
            [
              74.980953,
              31.588071
            ],
            [
              74.979953,
              31.585888
            ],
            [
              74.975954,
              31.586168
            ],
            [
              74.973676,
              31.587255
            ],
            [
              74.974953,
              31.589075
            ],
            [
              74.977135,
              31.588352
            ],
            [
              74.97753,
              31.589533
            ],
            [
              74.976379,
              31.590533
            ],
            [
              74.976954,
              31.591154
            ],
            [
              74.977954,
              31.59002
            ],
            [
              74.978954,
              31.591242
            ],
            [
              74.983383,
              31.591533
            ],
            [
              74.979465,
              31.592045
            ],
            [
              74.979411,
              31.593076
            ],
            [
              74.981025,
              31.593462
            ],
            [
              74.98183,
              31.594533
            ],
            [
              74.979953,
              31.59467
            ],
            [
              74.978954,
              31.593761
            ],
            [
              74.976471,
              31.59405
            ],
            [
              74.9763,
              31.595186
            ],
            [
              74.977028,
              31.595533
            ],
            [
              74.976247,
              31.595827
            ],
            [
              74.975954,
              31.59748
            ],
            [
              74.975708,
              31.594533
            ],
            [
              74.974953,
              31.593884
            ],
            [
              74.973448,
              31.594027
            ],
            [
              74.971954,
              31.595775
            ],
            [
              74.970953,
              31.595838
            ],
            [
              74.970704,
              31.593533
            ],
            [
              74.96851,
              31.591533
            ],
            [
              74.968397,
              31.590089
            ],
            [
              74.963471,
              31.591051
            ],
            [
              74.963365,
              31.592945
            ],
            [
              74.961954,
              31.591688
            ],
            [
              74.961158,
              31.591738
            ],
            [
              74.960954,
              31.592591
            ],
            [
              74.959627,
              31.592533
            ],
            [
              74.960721,
              31.5913
            ],
            [
              74.960954,
              31.58919
            ],
            [
              74.961362,
              31.590125
            ],
            [
              74.963302,
              31.589881
            ],
            [
              74.965461,
              31.58804
            ],
            [
              74.965387,
              31.587099
            ],
            [
              74.963733,
              31.585754
            ],
            [
              74.963084,
              31.582663
            ],
            [
              74.964954,
              31.582082
            ],
            [
              74.965954,
              31.582755
            ],
            [
              74.966953,
              31.581186
            ],
            [
              74.967954,
              31.580953
            ],
            [
              74.96852,
              31.583966
            ],
            [
              74.971295,
              31.583874
            ],
            [
              74.971347,
              31.582139
            ],
            [
              74.969637,
              31.581533
            ],
            [
              74.970426,
              31.58006
            ],
            [
              74.969623,
              31.578863
            ],
            [
              74.968138,
              31.578533
            ],
            [
              74.969954,
              31.575734
            ],
            [
              74.971954,
              31.577888
            ],
            [
              74.97421,
              31.578276
            ],
            [
              74.973953,
              31.57896
            ],
            [
              74.972356,
              31.578935
            ],
            [
              74.97256,
              31.580926
            ],
            [
              74.973953,
              31.580714
            ],
            [
              74.974953,
              31.582056
            ],
            [
              74.976342,
              31.581921
            ],
            [
              74.975239,
              31.578533
            ],
            [
              74.975954,
              31.57718
            ],
            [
              74.976954,
              31.577956
            ],
            [
              74.977521,
              31.580966
            ],
            [
              74.97995,
              31.58053
            ],
            [
              74.979437,
              31.578533
            ],
            [
              74.983397,
              31.571533
            ],
            [
              74.984137,
              31.56735
            ],
            [
              74.98328,
              31.565533
            ],
            [
              74.983954,
              31.565066
            ],
            [
              74.985954,
              31.564632
            ],
            [
              74.986892,
              31.565533
            ],
            [
              74.986584,
              31.568533
            ],
            [
              74.988597,
              31.569533
            ],
            [
              74.988627,
              31.571533
            ],
            [
              74.98775,
              31.572736
            ],
            [
              74.992121,
              31.5727
            ],
            [
              74.993128,
              31.567358
            ],
            [
              74.991954,
              31.566253
            ],
            [
              74.987364,
              31.566123
            ],
            [
              74.987356,
              31.559533
            ],
            [
              74.985596,
              31.55889
            ],
            [
              74.984456,
              31.556533
            ],
            [
              74.985954,
              31.556028
            ],
            [
              74.986954,
              31.55699
            ],
            [
              74.987417,
              31.556533
            ],
            [
              74.987613,
              31.552533
            ],
            [
              74.985514,
              31.551533
            ],
            [
              74.985686,
              31.550265
            ],
            [
              74.986954,
              31.551069
            ],
            [
              74.987497,
              31.550533
            ],
            [
              74.986773,
              31.546352
            ],
            [
              74.989682,
              31.546261
            ],
            [
              74.989953,
              31.545445
            ],
            [
              74.991048,
              31.546533
            ],
            [
              74.988472,
              31.547052
            ],
            [
              74.988633,
              31.551853
            ],
            [
              74.992218,
              31.551798
            ],
            [
              74.993954,
              31.548971
            ],
            [
              74.994691,
              31.550795
            ],
            [
              74.995953,
              31.550897
            ],
            [
              74.996354,
              31.548533
            ],
            [
              74.997476,
              31.547533
            ],
            [
              74.994708,
              31.546778
            ],
            [
              74.993686,
              31.545533
            ],
            [
              74.994643,
              31.542843
            ],
            [
              74.992584,
              31.542533
            ],
            [
              74.994953,
              31.542389
            ],
            [
              74.995537,
              31.545949
            ],
            [
              74.997954,
              31.546071
            ],
            [
              74.999655,
              31.547831
            ],
            [
              75.001319,
              31.548168
            ],
            [
              75.002705,
              31.549782
            ],
            [
              75.00332,
              31.549533
            ],
            [
              75.00329,
              31.546533
            ],
            [
              75.00416,
              31.545326
            ],
            [
              75.001516,
              31.543971
            ],
            [
              74.998954,
              31.541137
            ],
            [
              74.997595,
              31.541891
            ],
            [
              74.997237,
              31.54025
            ],
            [
              74.995275,
              31.538211
            ],
            [
              74.992954,
              31.539924
            ],
            [
              74.990954,
              31.537871
            ],
            [
              74.988344,
              31.537923
            ],
            [
              74.987953,
              31.540017
            ],
            [
              74.987953,
              31.535839
            ],
            [
              74.988953,
              31.537289
            ],
            [
              74.991954,
              31.537161
            ],
            [
              74.99251,
              31.536533
            ],
            [
              74.990717,
              31.535769
            ],
            [
              74.989449,
              31.534037
            ],
            [
              74.987953,
              31.533999
            ],
            [
              74.986954,
              31.531571
            ],
            [
              74.988953,
              31.532039
            ],
            [
              74.990954,
              31.534203
            ],
            [
              74.994641,
              31.534221
            ],
            [
              74.994953,
              31.532615
            ],
            [
              74.995058,
              31.534637
            ],
            [
              74.993361,
              31.535533
            ],
            [
              74.994953,
              31.537027
            ],
            [
              74.996953,
              31.537104
            ],
            [
              74.997954,
              31.536164
            ],
            [
              75.005954,
              31.536022
            ],
            [
              75.006954,
              31.53309
            ],
            [
              75.007954,
              31.534011
            ],
            [
              75.011239,
              31.533818
            ],
            [
              75.011492,
              31.529533
            ],
            [
              75.009953,
              31.527872
            ],
            [
              75.008222,
              31.527801
            ],
            [
              75.007954,
              31.528706
            ],
            [
              75.007257,
              31.528533
            ],
            [
              75.007913,
              31.528492
            ],
            [
              75.007593,
              31.526893
            ],
            [
              75.005954,
              31.52686
            ],
            [
              75.005237,
              31.525533
            ],
            [
              75.006954,
              31.525454
            ],
            [
              75.007244,
              31.526242
            ],
            [
              75.008954,
              31.526283
            ],
            [
              75.009953,
              31.527194
            ],
            [
              75.011373,
              31.526952
            ],
            [
              75.011953,
              31.521883
            ],
            [
              75.012459,
              31.525027
            ],
            [
              75.015954,
              31.525236
            ],
            [
              75.015954,
              31.525557
            ],
            [
              75.012485,
              31.526065
            ],
            [
              75.012553,
              31.527933
            ],
            [
              75.016954,
              31.53038
            ],
            [
              75.018899,
              31.530533
            ],
            [
              75.017216,
              31.530795
            ],
            [
              75.016954,
              31.531596
            ],
            [
              75.012954,
              31.52891
            ],
            [
              75.012666,
              31.533821
            ],
            [
              75.013954,
              31.532045
            ],
            [
              75.014954,
              31.534019
            ],
            [
              75.020393,
              31.533973
            ],
            [
              75.020577,
              31.531909
            ],
            [
              75.019368,
              31.531533
            ],
            [
              75.020954,
              31.529474
            ],
            [
              75.021767,
              31.530533
            ],
            [
              75.021139,
              31.531533
            ],
            [
              75.022109,
              31.532533
            ],
            [
              75.020954,
              31.53486
            ],
            [
              75.012675,
              31.535254
            ],
            [
              75.012767,
              31.54472
            ],
            [
              75.013954,
              31.544825
            ],
            [
              75.014954,
              31.543842
            ],
            [
              75.015954,
              31.544842
            ],
            [
              75.017148,
              31.544727
            ],
            [
              75.01728,
              31.540533
            ],
            [
              75.016299,
              31.539533
            ],
            [
              75.016954,
              31.537892
            ],
            [
              75.017953,
              31.538871
            ],
            [
              75.019954,
              31.538899
            ],
            [
              75.022598,
              31.536177
            ],
            [
              75.023954,
              31.536025
            ],
            [
              75.025672,
              31.538815
            ],
            [
              75.0282,
              31.538779
            ],
            [
              75.028369,
              31.536533
            ],
            [
              75.029388,
              31.535533
            ],
            [
              75.026496,
              31.534533
            ],
            [
              75.029271,
              31.53385
            ],
            [
              75.029316,
              31.53217
            ],
            [
              75.027954,
              31.53101
            ],
            [
              75.024331,
              31.530533
            ],
            [
              75.027954,
              31.530152
            ],
            [
              75.028592,
              31.529533
            ],
            [
              75.026826,
              31.52766
            ],
            [
              75.026809,
              31.525677
            ],
            [
              75.025953,
              31.525134
            ],
            [
              75.027002,
              31.525485
            ],
            [
              75.027461,
              31.527025
            ],
            [
              75.030636,
              31.529533
            ],
            [
              75.032096,
              31.53239
            ],
            [
              75.034954,
              31.53283
            ],
            [
              75.035294,
              31.535533
            ],
            [
              75.037592,
              31.537895
            ],
            [
              75.039365,
              31.537945
            ],
            [
              75.040047,
              31.534439
            ],
            [
              75.040339,
              31.538533
            ],
            [
              75.038467,
              31.539533
            ],
            [
              75.041694,
              31.542792
            ],
            [
              75.042954,
              31.542915
            ],
            [
              75.044369,
              31.541948
            ],
            [
              75.044589,
              31.540168
            ],
            [
              75.048381,
              31.537105
            ],
            [
              75.048414,
              31.538533
            ],
            [
              75.047458,
              31.539533
            ],
            [
              75.047516,
              31.54297
            ],
            [
              75.048954,
              31.544026
            ],
            [
              75.051257,
              31.54423
            ],
            [
              75.052548,
              31.545939
            ],
            [
              75.057993,
              31.548533
            ],
            [
              75.057954,
              31.549286
            ],
            [
              75.05787,
              31.548617
            ],
            [
              75.055953,
              31.548703
            ],
            [
              75.055522,
              31.547965
            ],
            [
              75.051699,
              31.546787
            ],
            [
              75.049954,
              31.545011
            ],
            [
              75.048954,
              31.546019
            ],
            [
              75.046547,
              31.546126
            ],
            [
              75.047218,
              31.547533
            ],
            [
              75.046729,
              31.548758
            ],
            [
              75.045672,
              31.547815
            ],
            [
              75.045271,
              31.545216
            ],
            [
              75.042954,
              31.545159
            ],
            [
              75.040635,
              31.547533
            ],
            [
              75.041624,
              31.548533
            ],
            [
              75.041737,
              31.550749
            ],
            [
              75.043387,
              31.551099
            ],
            [
              75.043597,
              31.552533
            ],
            [
              75.041954,
              31.55317
            ],
            [
              75.040953,
              31.552211
            ],
            [
              75.037766,
              31.554346
            ],
            [
              75.039705,
              31.556781
            ],
            [
              75.042954,
              31.556957
            ],
            [
              75.044954,
              31.555131
            ],
            [
              75.045954,
              31.556061
            ],
            [
              75.050451,
              31.555533
            ],
            [
              75.044882,
              31.549605
            ],
            [
              75.044365,
              31.548533
            ],
            [
              75.045029,
              31.548457
            ],
            [
              75.045175,
              31.549311
            ],
            [
              75.046131,
              31.549356
            ],
            [
              75.052954,
              31.555998
            ],
            [
              75.054654,
              31.554233
            ],
            [
              75.059586,
              31.552165
            ],
            [
              75.060008,
              31.550478
            ],
            [
              75.062625,
              31.552533
            ],
            [
              75.060315,
              31.552894
            ],
            [
              75.059954,
              31.553727
            ],
            [
              75.057954,
              31.553846
            ],
            [
              75.055583,
              31.555162
            ],
            [
              75.054456,
              31.557533
            ],
            [
              75.060011,
              31.563476
            ],
            [
              75.060297,
              31.564533
            ],
            [
              75.059917,
              31.564533
            ],
            [
              75.059773,
              31.563713
            ],
            [
              75.05884,
              31.563646
            ],
            [
              75.052954,
              31.558042
            ],
            [
              75.051564,
              31.559533
            ],
            [
              75.052717,
              31.563769
            ],
            [
              75.055953,
              31.563946
            ],
            [
              75.056726,
              31.56576
            ],
            [
              75.059954,
              31.566305
            ],
            [
              75.060954,
              31.565586
            ],
            [
              75.066954,
              31.566358
            ],
            [
              75.067954,
              31.56501
            ],
            [
              75.079632,
              31.565533
            ],
            [
              75.077296,
              31.565875
            ],
            [
              75.076775,
              31.567533
            ],
            [
              75.074319,
              31.567899
            ],
            [
              75.073954,
              31.569745
            ],
            [
              75.072954,
              31.569735
            ],
            [
              75.072216,
              31.568533
            ],
            [
              75.073686,
              31.568266
            ],
            [
              75.073736,
              31.567533
            ],
            [
              75.071954,
              31.565955
            ],
            [
              75.069954,
              31.567
            ],
            [
              75.064678,
              31.567257
            ],
            [
              75.064608,
              31.569533
            ],
            [
              75.06646,
              31.571533
            ],
            [
              75.066395,
              31.573533
            ],
            [
              75.065659,
              31.573827
            ],
            [
              75.065289,
              31.572197
            ],
            [
              75.063954,
              31.571075
            ],
            [
              75.061634,
              31.572213
            ],
            [
              75.062363,
              31.573533
            ],
            [
              75.061541,
              31.574945
            ],
            [
              75.065162,
              31.575741
            ],
            [
              75.064954,
              31.576617
            ],
            [
              75.063954,
              31.575805
            ],
            [
              75.062499,
              31.576078
            ],
            [
              75.062314,
              31.577172
            ],
            [
              75.063017,
              31.577469
            ],
            [
              75.063093,
              31.578394
            ],
            [
              75.063935,
              31.578533
            ],
            [
              75.062905,
              31.578582
            ],
            [
              75.062746,
              31.57774
            ],
            [
              75.061394,
              31.577973
            ],
            [
              75.060954,
              31.580514
            ],
            [
              75.059659,
              31.578828
            ],
            [
              75.057838,
              31.578648
            ],
            [
              75.057662,
              31.577533
            ],
            [
              75.054954,
              31.576191
            ],
            [
              75.051748,
              31.576327
            ],
            [
              75.051707,
              31.582779
            ],
            [
              75.053954,
              31.58293
            ],
            [
              75.054954,
              31.581967
            ],
            [
              75.056954,
              31.584986
            ],
            [
              75.060954,
              31.581671
            ],
            [
              75.061361,
              31.582533
            ],
            [
              75.060407,
              31.583533
            ],
            [
              75.060954,
              31.584089
            ],
            [
              75.064954,
              31.584239
            ],
            [
              75.065954,
              31.583213
            ],
            [
              75.069296,
              31.583533
            ],
            [
              75.066367,
              31.583946
            ],
            [
              75.065198,
              31.585533
            ],
            [
              75.066352,
              31.586533
            ],
            [
              75.064954,
              31.587073
            ],
            [
              75.063954,
              31.584865
            ],
            [
              75.060954,
              31.584977
            ],
            [
              75.059954,
              31.586009
            ],
            [
              75.05764,
              31.586219
            ],
            [
              75.057629,
              31.587858
            ],
            [
              75.059264,
              31.588222
            ],
            [
              75.059954,
              31.589237
            ],
            [
              75.060954,
              31.588328
            ],
            [
              75.063749,
              31.588533
            ],
            [
              75.061347,
              31.588926
            ],
            [
              75.061336,
              31.591151
            ],
            [
              75.062778,
              31.591357
            ],
            [
              75.062953,
              31.590708
            ],
            [
              75.063995,
              31.591533
            ],
            [
              75.062454,
              31.593033
            ],
            [
              75.060954,
              31.593741
            ],
            [
              75.058954,
              31.593405
            ],
            [
              75.057954,
              31.590909
            ],
            [
              75.056365,
              31.592533
            ],
            [
              75.058698,
              31.593789
            ],
            [
              75.058205,
              31.597282
            ],
            [
              75.059246,
              31.597533
            ],
            [
              75.059115,
              31.598533
            ],
            [
              75.058813,
              31.597673
            ],
            [
              75.054954,
              31.597997
            ],
            [
              75.054745,
              31.595533
            ],
            [
              75.055562,
              31.593533
            ],
            [
              75.053954,
              31.592012
            ],
            [
              75.053179,
              31.594759
            ],
            [
              75.051186,
              31.595533
            ],
            [
              75.050954,
              31.598326
            ],
            [
              75.050667,
              31.59682
            ],
            [
              75.049826,
              31.596533
            ],
            [
              75.050608,
              31.596188
            ],
            [
              75.05044,
              31.595047
            ],
            [
              75.047805,
              31.595682
            ],
            [
              75.047695,
              31.592791
            ],
            [
              75.044954,
              31.592727
            ],
            [
              75.04296,
              31.593526
            ],
            [
              75.040953,
              31.592916
            ],
            [
              75.040698,
              31.592277
            ],
            [
              75.042954,
              31.592083
            ],
            [
              75.044437,
              31.590533
            ],
            [
              75.042954,
              31.590152
            ],
            [
              75.041954,
              31.591153
            ],
            [
              75.039953,
              31.590187
            ],
            [
              75.039389,
              31.591968
            ],
            [
              75.037732,
              31.592311
            ],
            [
              75.037391,
              31.59397
            ],
            [
              75.035954,
              31.593205
            ],
            [
              75.033743,
              31.593323
            ],
            [
              75.0336,
              31.595533
            ],
            [
              75.032573,
              31.596533
            ],
            [
              75.037288,
              31.597199
            ],
            [
              75.037569,
              31.598918
            ],
            [
              75.040081,
              31.599406
            ],
            [
              75.040149,
              31.600728
            ],
            [
              75.036678,
              31.599808
            ],
            [
              75.034954,
              31.598078
            ],
            [
              75.033953,
              31.599081
            ],
            [
              75.03268,
              31.598259
            ],
            [
              75.031488,
              31.600533
            ],
            [
              75.033411,
              31.601533
            ],
            [
              75.030619,
              31.602198
            ],
            [
              75.030368,
              31.604533
            ],
            [
              75.028954,
              31.606858
            ]
          ]
        ],
        "type": "Polygon"
      },
      "type": "Feature"
    }
  ]
}