{
  "type": "FeatureCollection",
  "metadata": {
    "provider_name": "Vrindavanam Amritsaria Da Chaska",
    "center_lat": 28.72981916,
    "center_lon": 77.78413008,
    "mode": "motorcycle",
    "total_zones": 4,
    "distance_zones": [
      3,
      4,
      5,
      6
    ],
    "generated_at": "2025-12-28T14:54:31.207272Z"
  },
  "features": [
    {
      "properties": {
        "fill-opacity": 0.33,
        "fillColor": "#bf4040",
        "opacity": 0.33,
        "fill": "#bf4040",
        "fillOpacity": 0.33,
        "color": "#bf4040",
        "contour": 3.0,
        "metric": "distance",
        "provider_name": "Vrindavanam Amritsaria Da Chaska",
        "zone_type": "distance",
        "distance_km": 3,
        "mode": "motorcycle",
        "center_lat": 28.72981916,
        "center_lon": 77.78413008,
        "label": "3km"
      },
      "geometry": {
        "coordinates": [
          [
            [
              77.80113,
              28.751427
            ],
            [
              77.799801,
              28.750148
            ],
            [
              77.798339,
              28.750028
            ],
            [
              77.797989,
              28.750959
            ],
            [
              77.795197,
              28.750886
            ],
            [
              77.79313,
              28.750454
            ],
            [
              77.792816,
              28.749133
            ],
            [
              77.79113,
              28.749119
            ],
            [
              77.791043,
              28.748819
            ],
            [
              77.792053,
              28.746819
            ],
            [
              77.793049,
              28.746738
            ],
            [
              77.79213,
              28.745233
            ],
            [
              77.790584,
              28.747274
            ],
            [
              77.787989,
              28.74696
            ],
            [
              77.787844,
              28.746104
            ],
            [
              77.7865,
              28.745819
            ],
            [
              77.787884,
              28.745573
            ],
            [
              77.78738,
              28.742819
            ],
            [
              77.789601,
              28.74229
            ],
            [
              77.78913,
              28.741654
            ],
            [
              77.78713,
              28.741702
            ],
            [
              77.78613,
              28.740416
            ],
            [
              77.78013,
              28.740371
            ],
            [
              77.77713,
              28.738417
            ],
            [
              77.77313,
              28.738533
            ],
            [
              77.772436,
              28.737512
            ],
            [
              77.77113,
              28.737324
            ],
            [
              77.767794,
              28.738483
            ],
            [
              77.770351,
              28.741819
            ],
            [
              77.76808,
              28.741868
            ],
            [
              77.767684,
              28.740264
            ],
            [
              77.766576,
              28.740265
            ],
            [
              77.76613,
              28.741263
            ],
            [
              77.764571,
              28.740819
            ],
            [
              77.76413,
              28.73952
            ],
            [
              77.76313,
              28.740114
            ],
            [
              77.761109,
              28.739839
            ],
            [
              77.759382,
              28.737819
            ],
            [
              77.761393,
              28.736082
            ],
            [
              77.761855,
              28.733093
            ],
            [
              77.758914,
              28.731819
            ],
            [
              77.758744,
              28.728205
            ],
            [
              77.75713,
              28.728153
            ],
            [
              77.755621,
              28.726819
            ],
            [
              77.757463,
              28.726152
            ],
            [
              77.75813,
              28.724224
            ],
            [
              77.759641,
              28.727307
            ],
            [
              77.762536,
              28.727225
            ],
            [
              77.762812,
              28.725819
            ],
            [
              77.761566,
              28.724819
            ],
            [
              77.76227,
              28.723819
            ],
            [
              77.761807,
              28.722819
            ],
            [
              77.762896,
              28.722585
            ],
            [
              77.764243,
              28.719819
            ],
            [
              77.76238,
              28.717819
            ],
            [
              77.762794,
              28.715819
            ],
            [
              77.76613,
              28.716638
            ],
            [
              77.76913,
              28.71565
            ],
            [
              77.769741,
              28.718207
            ],
            [
              77.77213,
              28.718341
            ],
            [
              77.77313,
              28.719289
            ],
            [
              77.774601,
              28.718819
            ],
            [
              77.774461,
              28.717487
            ],
            [
              77.772685,
              28.716819
            ],
            [
              77.773488,
              28.71546
            ],
            [
              77.769016,
              28.710932
            ],
            [
              77.768935,
              28.710014
            ],
            [
              77.768071,
              28.709877
            ],
            [
              77.76813,
              28.709169
            ],
            [
              77.769188,
              28.70976
            ],
            [
              77.769462,
              28.710487
            ],
            [
              77.770847,
              28.710536
            ],
            [
              77.771463,
              28.708819
            ],
            [
              77.771417,
              28.710532
            ],
            [
              77.773305,
              28.710819
            ],
            [
              77.772684,
              28.712264
            ],
            [
              77.775344,
              28.712605
            ],
            [
              77.77476,
              28.714189
            ],
            [
              77.777542,
              28.714406
            ],
            [
              77.77813,
              28.716322
            ],
            [
              77.778658,
              28.714819
            ],
            [
              77.77775,
              28.713819
            ],
            [
              77.779699,
              28.711819
            ],
            [
              77.777844,
              28.710819
            ],
            [
              77.778985,
              28.706819
            ],
            [
              77.779011,
              28.705937
            ],
            [
              77.777998,
              28.705687
            ],
            [
              77.779255,
              28.705694
            ],
            [
              77.779411,
              28.708819
            ],
            [
              77.78013,
              28.709486
            ],
            [
              77.781888,
              28.707819
            ],
            [
              77.781507,
              28.705819
            ],
            [
              77.78213,
              28.705095
            ],
            [
              77.7825,
              28.706448
            ],
            [
              77.78713,
              28.708127
            ],
            [
              77.788642,
              28.710306
            ],
            [
              77.789663,
              28.710352
            ],
            [
              77.79013,
              28.709501
            ],
            [
              77.791807,
              28.709819
            ],
            [
              77.786731,
              28.71242
            ],
            [
              77.786542,
              28.713819
            ],
            [
              77.78813,
              28.715318
            ],
            [
              77.79213,
              28.716323
            ],
            [
              77.792797,
              28.712819
            ],
            [
              77.793849,
              28.711819
            ],
            [
              77.793945,
              28.710003
            ],
            [
              77.792801,
              28.709819
            ],
            [
              77.795975,
              28.709664
            ],
            [
              77.79613,
              28.708981
            ],
            [
              77.796354,
              28.711594
            ],
            [
              77.798338,
              28.712027
            ],
            [
              77.79913,
              28.710994
            ],
            [
              77.799376,
              28.712573
            ],
            [
              77.80133,
              28.713819
            ],
            [
              77.801467,
              28.715481
            ],
            [
              77.80292,
              28.715609
            ],
            [
              77.80313,
              28.714584
            ],
            [
              77.803934,
              28.714819
            ],
            [
              77.803271,
              28.71496
            ],
            [
              77.803209,
              28.718899
            ],
            [
              77.80213,
              28.718033
            ],
            [
              77.801395,
              28.719554
            ],
            [
              77.80313,
              28.720559
            ],
            [
              77.804853,
              28.720542
            ],
            [
              77.80513,
              28.719792
            ],
            [
              77.805559,
              28.721389
            ],
            [
              77.80813,
              28.72174
            ],
            [
              77.80813,
              28.721821
            ],
            [
              77.80613,
              28.722012
            ],
            [
              77.805318,
              28.723007
            ],
            [
              77.801741,
              28.72343
            ],
            [
              77.802503,
              28.724819
            ],
            [
              77.800765,
              28.725454
            ],
            [
              77.800809,
              28.72614
            ],
            [
              77.804741,
              28.72643
            ],
            [
              77.80613,
              28.72437
            ],
            [
              77.810039,
              28.725819
            ],
            [
              77.810142,
              28.726806
            ],
            [
              77.811378,
              28.72757
            ],
            [
              77.815017,
              28.727819
            ],
            [
              77.81413,
              28.729408
            ],
            [
              77.81237,
              28.730059
            ],
            [
              77.81213,
              28.732615
            ],
            [
              77.81013,
              28.732353
            ],
            [
              77.808616,
              28.730332
            ],
            [
              77.807695,
              28.730384
            ],
            [
              77.806425,
              28.732819
            ],
            [
              77.80713,
              28.733721
            ],
            [
              77.808264,
              28.733684
            ],
            [
              77.80829,
              28.733819
            ],
            [
              77.807315,
              28.734004
            ],
            [
              77.807215,
              28.735733
            ],
            [
              77.807863,
              28.735819
            ],
            [
              77.80613,
              28.736578
            ],
            [
              77.803655,
              28.734293
            ],
            [
              77.803476,
              28.731472
            ],
            [
              77.801785,
              28.732819
            ],
            [
              77.802718,
              28.735819
            ],
            [
              77.802319,
              28.737629
            ],
            [
              77.804185,
              28.738874
            ],
            [
              77.801619,
              28.741308
            ],
            [
              77.801381,
              28.742567
            ],
            [
              77.802879,
              28.742819
            ],
            [
              77.801337,
              28.743026
            ],
            [
              77.80038,
              28.744819
            ],
            [
              77.801294,
              28.745819
            ],
            [
              77.799413,
              28.747819
            ],
            [
              77.79956,
              28.749389
            ],
            [
              77.80113,
              28.749303
            ],
            [
              77.80113,
              28.751427
            ]
          ]
        ],
        "type": "Polygon"
      },
      "type": "Feature"
    },
    {
      "properties": {
        "fill-opacity": 0.33,
        "fillColor": "#bf4040",
        "opacity": 0.33,
        "fill": "#bf4040",
        "fillOpacity": 0.33,
        "color": "#bf4040",
        "contour": 4.0,
        "metric": "distance",
        "provider_name": "Vrindavanam Amritsaria Da Chaska",
        "zone_type": "distance",
        "distance_km": 4,
        "mode": "motorcycle",
        "center_lat": 28.72981916,
        "center_lon": 77.78413008,
        "label": "4km"
      },
      "geometry": {
        "coordinates": [
          [
            [
              77.80613,
              28.759082
            ],
            [
              77.805011,
              28.758819
            ],
            [
              77.804894,
              28.756819
            ],
            [
              77.803569,
              28.75538
            ],
            [
              77.80133,
              28.754819
            ],
            [
              77.801671,
              28.752819
            ],
            [
              77.79913,
              28.750376
            ],
            [
              77.79513,
              28.753237
            ],
            [
              77.791758,
              28.751447
            ],
            [
              77.790316,
              28.754005
            ],
            [
              77.78913,
              28.754998
            ],
            [
              77.787288,
              28.754978
            ],
            [
              77.78713,
              28.756122
            ],
            [
              77.786013,
              28.753936
            ],
            [
              77.784752,
              28.753196
            ],
            [
              77.783343,
              28.753032
            ],
            [
              77.78318,
              28.753869
            ],
            [
              77.782157,
              28.753819
            ],
            [
              77.782986,
              28.753675
            ],
            [
              77.783044,
              28.752733
            ],
            [
              77.783805,
              28.752494
            ],
            [
              77.783637,
              28.749819
            ],
            [
              77.784996,
              28.749685
            ],
            [
              77.785903,
              28.747819
            ],
            [
              77.785485,
              28.746463
            ],
            [
              77.783745,
              28.746204
            ],
            [
              77.78313,
              28.74515
            ],
            [
              77.781558,
              28.745248
            ],
            [
              77.78113,
              28.746117
            ],
            [
              77.780032,
              28.745916
            ],
            [
              77.779958,
              28.74099
            ],
            [
              77.77813,
              28.741288
            ],
            [
              77.778075,
              28.742819
            ],
            [
              77.774512,
              28.746201
            ],
            [
              77.77313,
              28.749922
            ],
            [
              77.772951,
              28.748997
            ],
            [
              77.77113,
              28.748931
            ],
            [
              77.76913,
              28.750023
            ],
            [
              77.768287,
              28.748819
            ],
            [
              77.768977,
              28.747819
            ],
            [
              77.767987,
              28.746819
            ],
            [
              77.767956,
              28.744819
            ],
            [
              77.765872,
              28.744077
            ],
            [
              77.76513,
              28.741356
            ],
            [
              77.761484,
              28.741819
            ],
            [
              77.761623,
              28.743326
            ],
            [
              77.763198,
              28.74375
            ],
            [
              77.763174,
              28.745774
            ],
            [
              77.763926,
              28.745819
            ],
            [
              77.763115,
              28.745833
            ],
            [
              77.762941,
              28.745008
            ],
            [
              77.759443,
              28.743132
            ],
            [
              77.757197,
              28.744819
            ],
            [
              77.757655,
              28.745819
            ],
            [
              77.757033,
              28.745916
            ],
            [
              77.756477,
              28.745471
            ],
            [
              77.753415,
              28.745533
            ],
            [
              77.75413,
              28.742192
            ],
            [
              77.75513,
              28.742644
            ],
            [
              77.755869,
              28.741819
            ],
            [
              77.75513,
              28.741032
            ],
            [
              77.75413,
              28.741346
            ],
            [
              77.75313,
              28.740387
            ],
            [
              77.750022,
              28.739819
            ],
            [
              77.750739,
              28.735428
            ],
            [
              77.750999,
              28.734819
            ],
            [
              77.75213,
              28.7349
            ],
            [
              77.7525,
              28.736448
            ],
            [
              77.75413,
              28.736517
            ],
            [
              77.754935,
              28.734624
            ],
            [
              77.75713,
              28.734459
            ],
            [
              77.758655,
              28.732819
            ],
            [
              77.75684,
              28.731109
            ],
            [
              77.756511,
              28.729437
            ],
            [
              77.75413,
              28.729907
            ],
            [
              77.751872,
              28.728077
            ],
            [
              77.751384,
              28.726564
            ],
            [
              77.746988,
              28.725961
            ],
            [
              77.745617,
              28.724819
            ],
            [
              77.74713,
              28.723918
            ],
            [
              77.747402,
              28.725547
            ],
            [
              77.751557,
              28.725246
            ],
            [
              77.751619,
              28.724329
            ],
            [
              77.749105,
              28.722819
            ],
            [
              77.75013,
              28.722288
            ],
            [
              77.750921,
              28.723027
            ],
            [
              77.752481,
              28.722819
            ],
            [
              77.752203,
              28.720819
            ],
            [
              77.754756,
              28.717819
            ],
            [
              77.753163,
              28.715785
            ],
            [
              77.753249,
              28.713938
            ],
            [
              77.75513,
              28.713428
            ],
            [
              77.75613,
              28.71399
            ],
            [
              77.75713,
              28.713132
            ],
            [
              77.758411,
              28.713819
            ],
            [
              77.757366,
              28.714055
            ],
            [
              77.757661,
              28.715287
            ],
            [
              77.76013,
              28.715423
            ],
            [
              77.76113,
              28.71636
            ],
            [
              77.76213,
              28.713386
            ],
            [
              77.76313,
              28.715312
            ],
            [
              77.76513,
              28.715299
            ],
            [
              77.76613,
              28.716269
            ],
            [
              77.76913,
              28.715273
            ],
            [
              77.769883,
              28.718065
            ],
            [
              77.77213,
              28.718162
            ],
            [
              77.77313,
              28.719138
            ],
            [
              77.77445,
              28.718819
            ],
            [
              77.774351,
              28.717597
            ],
            [
              77.772487,
              28.716819
            ],
            [
              77.773471,
              28.715819
            ],
            [
              77.773367,
              28.714581
            ],
            [
              77.771715,
              28.714234
            ],
            [
              77.767465,
              28.709483
            ],
            [
              77.765831,
              28.709117
            ],
            [
              77.764544,
              28.707405
            ],
            [
              77.76297,
              28.706979
            ],
            [
              77.762812,
              28.706137
            ],
            [
              77.760381,
              28.70607
            ],
            [
              77.760172,
              28.706861
            ],
            [
              77.759036,
              28.706819
            ],
            [
              77.760008,
              28.706697
            ],
            [
              77.760057,
              28.705746
            ],
            [
              77.760816,
              28.705505
            ],
            [
              77.760992,
              28.703956
            ],
            [
              77.76013,
              28.70347
            ],
            [
              77.761172,
              28.703777
            ],
            [
              77.76313,
              28.705533
            ],
            [
              77.767603,
              28.705819
            ],
            [
              77.765618,
              28.706308
            ],
            [
              77.765731,
              28.707217
            ],
            [
              77.768454,
              28.708494
            ],
            [
              77.77013,
              28.710256
            ],
            [
              77.770813,
              28.707502
            ],
            [
              77.77242,
              28.707528
            ],
            [
              77.772662,
              28.709819
            ],
            [
              77.773678,
              28.710819
            ],
            [
              77.772863,
              28.712086
            ],
            [
              77.775527,
              28.712422
            ],
            [
              77.77513,
              28.714165
            ],
            [
              77.777503,
              28.714192
            ],
            [
              77.779492,
              28.711819
            ],
            [
              77.777546,
              28.710819
            ],
            [
              77.778548,
              28.708819
            ],
            [
              77.778449,
              28.706499
            ],
            [
              77.77713,
              28.706281
            ],
            [
              77.775852,
              28.707096
            ],
            [
              77.775704,
              28.705819
            ],
            [
              77.776653,
              28.704819
            ],
            [
              77.77613,
              28.704243
            ],
            [
              77.772426,
              28.704115
            ],
            [
              77.77113,
              28.704925
            ],
            [
              77.769249,
              28.704819
            ],
            [
              77.770906,
              28.704595
            ],
            [
              77.77113,
              28.703654
            ],
            [
              77.775542,
              28.703231
            ],
            [
              77.775825,
              28.700819
            ],
            [
              77.77491,
              28.699819
            ],
            [
              77.77513,
              28.697113
            ],
            [
              77.775553,
              28.699395
            ],
            [
              77.780124,
              28.699819
            ],
            [
              77.777553,
              28.700242
            ],
            [
              77.776484,
              28.701819
            ],
            [
              77.779278,
              28.70467
            ],
            [
              77.782944,
              28.703633
            ],
            [
              77.78313,
              28.696255
            ],
            [
              77.783386,
              28.697562
            ],
            [
              77.785845,
              28.697819
            ],
            [
              77.78528,
              28.697969
            ],
            [
              77.785419,
              28.699529
            ],
            [
              77.787572,
              28.701376
            ],
            [
              77.788771,
              28.70146
            ],
            [
              77.78913,
              28.700705
            ],
            [
              77.791026,
              28.700819
            ],
            [
              77.789369,
              28.701058
            ],
            [
              77.789246,
              28.701935
            ],
            [
              77.787643,
              28.702332
            ],
            [
              77.786374,
              28.704063
            ],
            [
              77.783423,
              28.705112
            ],
            [
              77.783199,
              28.705819
            ],
            [
              77.78413,
              28.70664
            ],
            [
              77.78613,
              28.70638
            ],
            [
              77.78813,
              28.707459
            ],
            [
              77.788426,
              28.708523
            ],
            [
              77.79113,
              28.709124
            ],
            [
              77.79213,
              28.70837
            ],
            [
              77.793553,
              28.708396
            ],
            [
              77.79413,
              28.709303
            ],
            [
              77.795453,
              28.709142
            ],
            [
              77.796513,
              28.707436
            ],
            [
              77.7957,
              28.707389
            ],
            [
              77.795528,
              28.708217
            ],
            [
              77.793738,
              28.707819
            ],
            [
              77.796784,
              28.705819
            ],
            [
              77.795999,
              28.703688
            ],
            [
              77.79813,
              28.706406
            ],
            [
              77.799829,
              28.704819
            ],
            [
              77.799849,
              28.703099
            ],
            [
              77.799098,
              28.70285
            ],
            [
              77.798933,
              28.701819
            ],
            [
              77.79918,
              28.701869
            ],
            [
              77.799231,
              28.702717
            ],
            [
              77.802023,
              28.702712
            ],
            [
              77.80213,
              28.701636
            ],
            [
              77.802179,
              28.702868
            ],
            [
              77.801399,
              28.703088
            ],
            [
              77.80151,
              28.704439
            ],
            [
              77.802936,
              28.704625
            ],
            [
              77.803067,
              28.703756
            ],
            [
              77.803953,
              28.703819
            ],
            [
              77.80325,
              28.70394
            ],
            [
              77.803188,
              28.704877
            ],
            [
              77.801554,
              28.705243
            ],
            [
              77.799703,
              28.707392
            ],
            [
              77.799749,
              28.709199
            ],
            [
              77.801516,
              28.709205
            ],
            [
              77.80397,
              28.706659
            ],
            [
              77.8058,
              28.706489
            ],
            [
              77.80613,
              28.70569
            ],
            [
              77.806206,
              28.708742
            ],
            [
              77.807183,
              28.708819
            ],
            [
              77.806107,
              28.708841
            ],
            [
              77.805791,
              28.707157
            ],
            [
              77.80513,
              28.707058
            ],
            [
              77.802404,
              28.710093
            ],
            [
              77.799641,
              28.71133
            ],
            [
              77.799814,
              28.712135
            ],
            [
              77.80213,
              28.713362
            ],
            [
              77.80313,
              28.71241
            ],
            [
              77.80413,
              28.713441
            ],
            [
              77.80513,
              28.712538
            ],
            [
              77.806725,
              28.712414
            ],
            [
              77.808407,
              28.710819
            ],
            [
              77.808199,
              28.711888
            ],
            [
              77.807252,
              28.712942
            ],
            [
              77.80545,
              28.713819
            ],
            [
              77.807938,
              28.715819
            ],
            [
              77.80644,
              28.716819
            ],
            [
              77.807441,
              28.717507
            ],
            [
              77.807754,
              28.719194
            ],
            [
              77.80913,
              28.720349
            ],
            [
              77.811791,
              28.718819
            ],
            [
              77.810768,
              28.71718
            ],
            [
              77.808293,
              28.716819
            ],
            [
              77.809041,
              28.71673
            ],
            [
              77.81113,
              28.716652
            ],
            [
              77.812627,
              28.718321
            ],
            [
              77.814368,
              28.718819
            ],
            [
              77.810746,
              28.720435
            ],
            [
              77.811457,
              28.722819
            ],
            [
              77.810436,
              28.723819
            ],
            [
              77.810749,
              28.726199
            ],
            [
              77.81213,
              28.727272
            ],
            [
              77.81713,
              28.727216
            ],
            [
              77.81813,
              28.726427
            ],
            [
              77.82313,
              28.725478
            ],
            [
              77.825355,
              28.726819
            ],
            [
              77.82313,
              28.729312
            ],
            [
              77.822884,
              28.728064
            ],
            [
              77.821586,
              28.728275
            ],
            [
              77.8215,
              28.729448
            ],
            [
              77.822706,
              28.729819
            ],
            [
              77.82213,
              28.731519
            ],
            [
              77.82113,
              28.73116
            ],
            [
              77.81913,
              28.732053
            ],
            [
              77.818271,
              28.73396
            ],
            [
              77.81667,
              28.734359
            ],
            [
              77.816656,
              28.735292
            ],
            [
              77.819154,
              28.737795
            ],
            [
              77.81913,
              28.738511
            ],
            [
              77.819055,
              28.737893
            ],
            [
              77.818059,
              28.737889
            ],
            [
              77.81613,
              28.736113
            ],
            [
              77.81513,
              28.736044
            ],
            [
              77.81413,
              28.73709
            ],
            [
              77.811506,
              28.737195
            ],
            [
              77.810155,
              28.738819
            ],
            [
              77.810283,
              28.740665
            ],
            [
              77.810956,
              28.740819
            ],
            [
              77.810113,
              28.741802
            ],
            [
              77.810674,
              28.742819
            ],
            [
              77.81013,
              28.744872
            ],
            [
              77.810036,
              28.743912
            ],
            [
              77.80903,
              28.743918
            ],
            [
              77.80713,
              28.742129
            ],
            [
              77.80613,
              28.743182
            ],
            [
              77.805539,
              28.74241
            ],
            [
              77.80413,
              28.742282
            ],
            [
              77.800849,
              28.744538
            ],
            [
              77.801674,
              28.745819
            ],
            [
              77.799849,
              28.747538
            ],
            [
              77.799707,
              28.748819
            ],
            [
              77.80013,
              28.749273
            ],
            [
              77.80113,
              28.748333
            ],
            [
              77.801796,
              28.750153
            ],
            [
              77.80413,
              28.750479
            ],
            [
              77.806043,
              28.751819
            ],
            [
              77.805819,
              28.752819
            ],
            [
              77.806689,
              28.753819
            ],
            [
              77.805633,
              28.754322
            ],
            [
              77.805382,
              28.755819
            ],
            [
              77.806925,
              28.758615
            ],
            [
              77.80613,
              28.759082
            ]
          ]
        ],
        "type": "Polygon"
      },
      "type": "Feature"
    },
    {
      "properties": {
        "fill-opacity": 0.33,
        "fillColor": "#bf4040",
        "opacity": 0.33,
        "fill": "#bf4040",
        "fillOpacity": 0.33,
        "color": "#bf4040",
        "contour": 5.0,
        "metric": "distance",
        "provider_name": "Vrindavanam Amritsaria Da Chaska",
        "zone_type": "distance",
        "distance_km": 5,
        "mode": "motorcycle",
        "center_lat": 28.72981916,
        "center_lon": 77.78413008,
        "label": "5km"
      },
      "geometry": {
        "coordinates": [
          [
            [
              77.81113,
              28.766698
            ],
            [
              77.810782,
              28.765167
            ],
            [
              77.809383,
              28.765072
            ],
            [
              77.809191,
              28.76588
            ],
            [
              77.807995,
              28.765819
            ],
            [
              77.808954,
              28.765643
            ],
            [
              77.809015,
              28.764819
            ],
            [
              77.80813,
              28.763161
            ],
            [
              77.80713,
              28.764077
            ],
            [
              77.805498,
              28.764187
            ],
            [
              77.80513,
              28.765692
            ],
            [
              77.804951,
              28.764998
            ],
            [
              77.803807,
              28.764819
            ],
            [
              77.803702,
              28.763247
            ],
            [
              77.802009,
              28.763939
            ],
            [
              77.80113,
              28.761184
            ],
            [
              77.79813,
              28.762974
            ],
            [
              77.796165,
              28.762855
            ],
            [
              77.79613,
              28.763417
            ],
            [
              77.796119,
              28.762808
            ],
            [
              77.797819,
              28.762508
            ],
            [
              77.798001,
              28.76169
            ],
            [
              77.799812,
              28.760819
            ],
            [
              77.79813,
              28.759028
            ],
            [
              77.796473,
              28.759162
            ],
            [
              77.79513,
              28.760735
            ],
            [
              77.795302,
              28.758819
            ],
            [
              77.796687,
              28.758376
            ],
            [
              77.797914,
              28.756603
            ],
            [
              77.799529,
              28.756218
            ],
            [
              77.801498,
              28.753819
            ],
            [
              77.80136,
              28.752589
            ],
            [
              77.79913,
              28.750512
            ],
            [
              77.797567,
              28.752256
            ],
            [
              77.79513,
              28.753451
            ],
            [
              77.793716,
              28.753233
            ],
            [
              77.791891,
              28.75158
            ],
            [
              77.790517,
              28.754206
            ],
            [
              77.787642,
              28.755819
            ],
            [
              77.789377,
              28.757571
            ],
            [
              77.789407,
              28.759096
            ],
            [
              77.78713,
              28.757288
            ],
            [
              77.78513,
              28.757273
            ],
            [
              77.783476,
              28.758819
            ],
            [
              77.783485,
              28.760463
            ],
            [
              77.784213,
              28.760819
            ],
            [
              77.783229,
              28.760918
            ],
            [
              77.782912,
              28.760036
            ],
            [
              77.781866,
              28.759819
            ],
            [
              77.782753,
              28.756819
            ],
            [
              77.78113,
              28.75528
            ],
            [
              77.780312,
              28.757001
            ],
            [
              77.778661,
              28.75735
            ],
            [
              77.77767,
              28.759359
            ],
            [
              77.773696,
              28.757819
            ],
            [
              77.773148,
              28.756819
            ],
            [
              77.774235,
              28.755819
            ],
            [
              77.773482,
              28.755466
            ],
            [
              77.77113,
              28.757178
            ],
            [
              77.769275,
              28.756819
            ],
            [
              77.76913,
              28.755736
            ],
            [
              77.769094,
              28.756783
            ],
            [
              77.767092,
              28.758856
            ],
            [
              77.76613,
              28.758168
            ],
            [
              77.76543,
              28.755819
            ],
            [
              77.766046,
              28.754735
            ],
            [
              77.767606,
              28.754295
            ],
            [
              77.767513,
              28.751436
            ],
            [
              77.764938,
              28.75201
            ],
            [
              77.765779,
              28.750819
            ],
            [
              77.76513,
              28.750107
            ],
            [
              77.763456,
              28.751145
            ],
            [
              77.76313,
              28.752394
            ],
            [
              77.76213,
              28.752068
            ],
            [
              77.762037,
              28.748911
            ],
            [
              77.760504,
              28.749193
            ],
            [
              77.758898,
              28.750819
            ],
            [
              77.759053,
              28.749742
            ],
            [
              77.760796,
              28.747819
            ],
            [
              77.76013,
              28.747239
            ],
            [
              77.75813,
              28.749127
            ],
            [
              77.75613,
              28.748212
            ],
            [
              77.75413,
              28.749161
            ],
            [
              77.753508,
              28.74744
            ],
            [
              77.75073,
              28.74742
            ],
            [
              77.749437,
              28.748819
            ],
            [
              77.751194,
              28.750754
            ],
            [
              77.751407,
              28.751819
            ],
            [
              77.751072,
              28.751761
            ],
            [
              77.750941,
              28.751007
            ],
            [
              77.74913,
              28.750051
            ],
            [
              77.746329,
              28.750019
            ],
            [
              77.746174,
              28.750863
            ],
            [
              77.745502,
              28.750819
            ],
            [
              77.745783,
              28.747472
            ],
            [
              77.746353,
              28.748595
            ],
            [
              77.74713,
              28.748623
            ],
            [
              77.749871,
              28.74656
            ],
            [
              77.751497,
              28.746186
            ],
            [
              77.751493,
              28.744455
            ],
            [
              77.75013,
              28.743219
            ],
            [
              77.74932,
              28.74501
            ],
            [
              77.74813,
              28.745013
            ],
            [
              77.747869,
              28.743079
            ],
            [
              77.745483,
              28.743172
            ],
            [
              77.745052,
              28.743896
            ],
            [
              77.74413,
              28.742101
            ],
            [
              77.742474,
              28.742163
            ],
            [
              77.74113,
              28.743567
            ],
            [
              77.740399,
              28.742819
            ],
            [
              77.74113,
              28.741214
            ],
            [
              77.741233,
              28.741716
            ],
            [
              77.742733,
              28.741422
            ],
            [
              77.74313,
              28.739761
            ],
            [
              77.74413,
              28.741536
            ],
            [
              77.74713,
              28.739434
            ],
            [
              77.749465,
              28.739154
            ],
            [
              77.749468,
              28.73848
            ],
            [
              77.745918,
              28.737031
            ],
            [
              77.745825,
              28.735819
            ],
            [
              77.74613,
              28.735423
            ],
            [
              77.74713,
              28.736441
            ],
            [
              77.749651,
              28.735819
            ],
            [
              77.747556,
              28.732392
            ],
            [
              77.74513,
              28.731023
            ],
            [
              77.74254,
              28.730819
            ],
            [
              77.743391,
              28.729819
            ],
            [
              77.74213,
              28.728327
            ],
            [
              77.74013,
              28.72834
            ],
            [
              77.737438,
              28.72651
            ],
            [
              77.735813,
              28.724135
            ],
            [
              77.73613,
              28.723112
            ],
            [
              77.73713,
              28.722317
            ],
            [
              77.73738,
              28.723568
            ],
            [
              77.739616,
              28.723306
            ],
            [
              77.740696,
              28.722385
            ],
            [
              77.741278,
              28.719819
            ],
            [
              77.74513,
              28.716971
            ],
            [
              77.749619,
              28.717308
            ],
            [
              77.750865,
              28.715819
            ],
            [
              77.749945,
              28.714819
            ],
            [
              77.750706,
              28.713395
            ],
            [
              77.752492,
              28.713181
            ],
            [
              77.752861,
              28.71155
            ],
            [
              77.75513,
              28.710343
            ],
            [
              77.757432,
              28.711516
            ],
            [
              77.757802,
              28.713147
            ],
            [
              77.760422,
              28.713526
            ],
            [
              77.76013,
              28.714258
            ],
            [
              77.757812,
              28.714501
            ],
            [
              77.757848,
              28.715101
            ],
            [
              77.76013,
              28.715196
            ],
            [
              77.76113,
              28.71617
            ],
            [
              77.76213,
              28.713181
            ],
            [
              77.762904,
              28.715044
            ],
            [
              77.76513,
              28.716127
            ],
            [
              77.76713,
              28.716114
            ],
            [
              77.76913,
              28.715131
            ],
            [
              77.76995,
              28.717998
            ],
            [
              77.77213,
              28.718074
            ],
            [
              77.77313,
              28.719061
            ],
            [
              77.774372,
              28.718819
            ],
            [
              77.774296,
              28.717652
            ],
            [
              77.772393,
              28.716819
            ],
            [
              77.773384,
              28.715819
            ],
            [
              77.773307,
              28.714641
            ],
            [
              77.771646,
              28.714303
            ],
            [
              77.768447,
              28.710501
            ],
            [
              77.76213,
              28.706373
            ],
            [
              77.76013,
              28.707334
            ],
            [
              77.75613,
              28.707232
            ],
            [
              77.75513,
              28.708169
            ],
            [
              77.7513,
              28.708989
            ],
            [
              77.75113,
              28.709726
            ],
            [
              77.750939,
              28.709009
            ],
            [
              77.74912,
              28.708819
            ],
            [
              77.749957,
              28.708646
            ],
            [
              77.75013,
              28.706993
            ],
            [
              77.75413,
              28.707481
            ],
            [
              77.75513,
              28.706436
            ],
            [
              77.75913,
              28.706317
            ],
            [
              77.760588,
              28.704819
            ],
            [
              77.758501,
              28.702447
            ],
            [
              77.75713,
              28.702165
            ],
            [
              77.753742,
              28.704819
            ],
            [
              77.754036,
              28.703725
            ],
            [
              77.755837,
              28.701819
            ],
            [
              77.753939,
              28.699628
            ],
            [
              77.75413,
              28.696291
            ],
            [
              77.75613,
              28.695994
            ],
            [
              77.756459,
              28.697489
            ],
            [
              77.758238,
              28.69771
            ],
            [
              77.757405,
              28.698819
            ],
            [
              77.757705,
              28.700243
            ],
            [
              77.76313,
              28.705235
            ],
            [
              77.765457,
              28.705146
            ],
            [
              77.76513,
              28.703483
            ],
            [
              77.76713,
              28.704376
            ],
            [
              77.77013,
              28.704296
            ],
            [
              77.77113,
              28.703274
            ],
            [
              77.77513,
              28.703206
            ],
            [
              77.775551,
              28.700397
            ],
            [
              77.774563,
              28.699819
            ],
            [
              77.774464,
              28.697485
            ],
            [
              77.77313,
              28.697244
            ],
            [
              77.771339,
              28.699028
            ],
            [
              77.769587,
              28.699276
            ],
            [
              77.769365,
              28.700583
            ],
            [
              77.77017,
              28.700778
            ],
            [
              77.77013,
              28.701572
            ],
            [
              77.768057,
              28.699892
            ],
            [
              77.767547,
              28.698819
            ],
            [
              77.77059,
              28.698279
            ],
            [
              77.76991,
              28.695599
            ],
            [
              77.77113,
              28.696503
            ],
            [
              77.773669,
              28.695819
            ],
            [
              77.77213,
              28.693115
            ],
            [
              77.77113,
              28.693924
            ],
            [
              77.769485,
              28.693819
            ],
            [
              77.770896,
              28.693585
            ],
            [
              77.770791,
              28.691157
            ],
            [
              77.769413,
              28.690819
            ],
            [
              77.77013,
              28.689503
            ],
            [
              77.771842,
              28.689819
            ],
            [
              77.771252,
              28.689942
            ],
            [
              77.771566,
              28.691382
            ],
            [
              77.775448,
              28.693819
            ],
            [
              77.77459,
              28.695819
            ],
            [
              77.77562,
              28.696819
            ],
            [
              77.775708,
              28.70024
            ],
            [
              77.77713,
              28.699264
            ],
            [
              77.780463,
              28.699485
            ],
            [
              77.78013,
              28.700935
            ],
            [
              77.777836,
              28.700526
            ],
            [
              77.778729,
              28.701819
            ],
            [
              77.777757,
              28.702819
            ],
            [
              77.779438,
              28.70451
            ],
            [
              77.78081,
              28.704499
            ],
            [
              77.782918,
              28.702819
            ],
            [
              77.782642,
              28.695819
            ],
            [
              77.783848,
              28.695537
            ],
            [
              77.783745,
              28.692819
            ],
            [
              77.784081,
              28.690771
            ],
            [
              77.784999,
              28.690688
            ],
            [
              77.78513,
              28.68735
            ],
            [
              77.785364,
              28.688585
            ],
            [
              77.787319,
              28.688819
            ],
            [
              77.78813,
              28.689907
            ],
            [
              77.788347,
              28.691819
            ],
            [
              77.787356,
              28.693045
            ],
            [
              77.785705,
              28.693394
            ],
            [
              77.783645,
              28.696819
            ],
            [
              77.786457,
              28.697491
            ],
            [
              77.785668,
              28.698819
            ],
            [
              77.78813,
              28.701249
            ],
            [
              77.790462,
              28.700151
            ],
            [
              77.791841,
              28.69853
            ],
            [
              77.79354,
              28.698229
            ],
            [
              77.793857,
              28.696546
            ],
            [
              77.797937,
              28.695626
            ],
            [
              77.798232,
              28.694716
            ],
            [
              77.798766,
              28.694819
            ],
            [
              77.798189,
              28.695878
            ],
            [
              77.796539,
              28.696228
            ],
            [
              77.795443,
              28.697819
            ],
            [
              77.799809,
              28.70214
            ],
            [
              77.80113,
              28.702282
            ],
            [
              77.803778,
              28.697819
            ],
            [
              77.803946,
              28.694819
            ],
            [
              77.80613,
              28.693819
            ],
            [
              77.807715,
              28.696819
            ],
            [
              77.80513,
              28.697097
            ],
            [
              77.804481,
              28.697819
            ],
            [
              77.806655,
              28.700293
            ],
            [
              77.810086,
              28.698775
            ],
            [
              77.811143,
              28.698805
            ],
            [
              77.811368,
              28.699581
            ],
            [
              77.814143,
              28.699805
            ],
            [
              77.813321,
              28.70001
            ],
            [
              77.813272,
              28.701819
            ],
            [
              77.814171,
              28.703777
            ],
            [
              77.814175,
              28.704864
            ],
            [
              77.814014,
              28.703935
            ],
            [
              77.81213,
              28.7031
            ],
            [
              77.811451,
              28.704819
            ],
            [
              77.81213,
              28.705973
            ],
            [
              77.81113,
              28.706113
            ],
            [
              77.81013,
              28.705177
            ],
            [
              77.80713,
              28.705314
            ],
            [
              77.806664,
              28.707819
            ],
            [
              77.807611,
              28.7093
            ],
            [
              77.805791,
              28.709158
            ],
            [
              77.80513,
              28.707381
            ],
            [
              77.799915,
              28.712033
            ],
            [
              77.80213,
              28.713171
            ],
            [
              77.80313,
              28.71219
            ],
            [
              77.80413,
              28.713202
            ],
            [
              77.807446,
              28.711135
            ],
            [
              77.807651,
              28.70934
            ],
            [
              77.809625,
              28.710819
            ],
            [
              77.807497,
              28.713186
            ],
            [
              77.805725,
              28.713819
            ],
            [
              77.80713,
              28.715253
            ],
            [
              77.815033,
              28.718819
            ],
            [
              77.810772,
              28.720819
            ],
            [
              77.811713,
              28.721819
            ],
            [
              77.811008,
              28.725819
            ],
            [
              77.811949,
              28.726
            ],
            [
              77.81213,
              28.726849
            ],
            [
              77.81513,
              28.724609
            ],
            [
              77.816558,
              28.726391
            ],
            [
              77.818795,
              28.725819
            ],
            [
              77.81877,
              28.723819
            ],
            [
              77.816261,
              28.719819
            ],
            [
              77.817173,
              28.719775
            ],
            [
              77.817333,
              28.720616
            ],
            [
              77.818784,
              28.720473
            ],
            [
              77.819928,
              28.719617
            ],
            [
              77.82013,
              28.718362
            ],
            [
              77.82113,
              28.718774
            ],
            [
              77.82313,
              28.718007
            ],
            [
              77.825082,
              28.718819
            ],
            [
              77.824314,
              28.719003
            ],
            [
              77.82413,
              28.720045
            ],
            [
              77.822634,
              28.720323
            ],
            [
              77.82269,
              28.721258
            ],
            [
              77.82613,
              28.720374
            ],
            [
              77.828219,
              28.720819
            ],
            [
              77.827292,
              28.720981
            ],
            [
              77.82713,
              28.722574
            ],
            [
              77.826922,
              28.722026
            ],
            [
              77.824675,
              28.722364
            ],
            [
              77.824741,
              28.723208
            ],
            [
              77.826432,
              28.723516
            ],
            [
              77.825577,
              28.724819
            ],
            [
              77.825783,
              28.726165
            ],
            [
              77.835084,
              28.726773
            ],
            [
              77.83513,
              28.725954
            ],
            [
              77.835404,
              28.726819
            ],
            [
              77.82913,
              28.7272
            ],
            [
              77.828309,
              28.727998
            ],
            [
              77.825694,
              28.728383
            ],
            [
              77.826446,
              28.732819
            ],
            [
              77.82091,
              28.738599
            ],
            [
              77.820582,
              28.739819
            ],
            [
              77.8207,
              28.741248
            ],
            [
              77.823233,
              28.743819
            ],
            [
              77.82313,
              28.745628
            ],
            [
              77.822906,
              28.744042
            ],
            [
              77.82113,
              28.743084
            ],
            [
              77.819535,
              28.743224
            ],
            [
              77.818094,
              28.744854
            ],
            [
              77.817974,
              28.743819
            ],
            [
              77.819785,
              28.741819
            ],
            [
              77.818661,
              28.740819
            ],
            [
              77.819533,
              28.739819
            ],
            [
              77.816414,
              28.736534
            ],
            [
              77.81213,
              28.737388
            ],
            [
              77.810636,
              28.738819
            ],
            [
              77.810806,
              28.740143
            ],
            [
              77.812589,
              28.741819
            ],
            [
              77.810799,
              28.743488
            ],
            [
              77.810631,
              28.744819
            ],
            [
              77.813152,
              28.745797
            ],
            [
              77.810679,
              28.747368
            ],
            [
              77.806619,
              28.751819
            ],
            [
              77.80713,
              28.752389
            ],
            [
              77.807734,
              28.751423
            ],
            [
              77.80913,
              28.751471
            ],
            [
              77.81013,
              28.750551
            ],
            [
              77.81316,
              28.750849
            ],
            [
              77.812293,
              28.750982
            ],
            [
              77.81213,
              28.751945
            ],
            [
              77.81191,
              28.751038
            ],
            [
              77.81113,
              28.751056
            ],
            [
              77.80871,
              28.752399
            ],
            [
              77.807569,
              28.753819
            ],
            [
              77.807531,
              28.75522
            ],
            [
              77.805845,
              28.754534
            ],
            [
              77.805697,
              28.756819
            ],
            [
              77.807492,
              28.757181
            ],
            [
              77.80775,
              28.755439
            ],
            [
              77.81013,
              28.757506
            ],
            [
              77.81213,
              28.757563
            ],
            [
              77.81313,
              28.756688
            ],
            [
              77.81513,
              28.756459
            ],
            [
              77.81513,
              28.756857
            ],
            [
              77.813412,
              28.757101
            ],
            [
              77.813311,
              28.758
            ],
            [
              77.810683,
              28.758372
            ],
            [
              77.809541,
              28.759819
            ],
            [
              77.809668,
              28.763281
            ],
            [
              77.813096,
              28.763785
            ],
            [
              77.813023,
              28.761926
            ],
            [
              77.810984,
              28.760965
            ],
            [
              77.810825,
              28.759514
            ],
            [
              77.81213,
              28.760618
            ],
            [
              77.812902,
              28.760591
            ],
            [
              77.81313,
              28.759739
            ],
            [
              77.814155,
              28.759794
            ],
            [
              77.814116,
              28.759832
            ],
            [
              77.813282,
              28.759971
            ],
            [
              77.81313,
              28.764017
            ],
            [
              77.811454,
              28.764143
            ],
            [
              77.81113,
              28.766698
            ]
          ]
        ],
        "type": "Polygon"
      },
      "type": "Feature"
    },
    {
      "properties": {
        "fill-opacity": 0.33,
        "fillColor": "#bf4040",
        "opacity": 0.33,
        "fill": "#bf4040",
        "fillOpacity": 0.33,
        "color": "#bf4040",
        "contour": 6.0,
        "metric": "distance",
        "provider_name": "Vrindavanam Amritsaria Da Chaska",
        "zone_type": "distance",
        "distance_km": 6,
        "mode": "motorcycle",
        "center_lat": 28.72981916,
        "center_lon": 77.78413008,
        "label": "6km"
      },
      "geometry": {
        "coordinates": [
          [
            [
              77.80513,
              28.773504
            ],
            [
              77.803692,
              28.772819
            ],
            [
              77.803057,
              28.770746
            ],
            [
              77.80561,
              28.770299
            ],
            [
              77.80513,
              28.768244
            ],
            [
              77.802469,
              28.770158
            ],
            [
              77.80013,
              28.769892
            ],
            [
              77.799883,
              28.769065
            ],
            [
              77.797494,
              28.769183
            ],
            [
              77.79613,
              28.770956
            ],
            [
              77.796832,
              28.768116
            ],
            [
              77.793348,
              28.768037
            ],
            [
              77.793167,
              28.768856
            ],
            [
              77.79213,
              28.768833
            ],
            [
              77.792134,
              28.768815
            ],
            [
              77.793019,
              28.768708
            ],
            [
              77.793026,
              28.767819
            ],
            [
              77.793859,
              28.766819
            ],
            [
              77.79213,
              28.764148
            ],
            [
              77.790657,
              28.764346
            ],
            [
              77.78813,
              28.766854
            ],
            [
              77.78735,
              28.766598
            ],
            [
              77.787129,
              28.765819
            ],
            [
              77.788807,
              28.765496
            ],
            [
              77.790584,
              28.763273
            ],
            [
              77.790813,
              28.761819
            ],
            [
              77.78713,
              28.757472
            ],
            [
              77.78513,
              28.757466
            ],
            [
              77.783873,
              28.758562
            ],
            [
              77.783695,
              28.759819
            ],
            [
              77.784846,
              28.760819
            ],
            [
              77.78413,
              28.761489
            ],
            [
              77.781554,
              28.759819
            ],
            [
              77.782513,
              28.756819
            ],
            [
              77.78113,
              28.755469
            ],
            [
              77.780516,
              28.757205
            ],
            [
              77.778855,
              28.757544
            ],
            [
              77.778399,
              28.760088
            ],
            [
              77.77713,
              28.761176
            ],
            [
              77.775876,
              28.761072
            ],
            [
              77.77655,
              28.759398
            ],
            [
              77.773789,
              28.758478
            ],
            [
              77.77213,
              28.761187
            ],
            [
              77.770385,
              28.761819
            ],
            [
              77.770469,
              28.762479
            ],
            [
              77.772138,
              28.762827
            ],
            [
              77.771944,
              28.763633
            ],
            [
              77.769833,
              28.763522
            ],
            [
              77.770627,
              28.765316
            ],
            [
              77.76713,
              28.766934
            ],
            [
              77.76613,
              28.76663
            ],
            [
              77.76513,
              28.767574
            ],
            [
              77.76386,
              28.765088
            ],
            [
              77.76219,
              28.764819
            ],
            [
              77.763806,
              28.764495
            ],
            [
              77.7648,
              28.762819
            ],
            [
              77.763872,
              28.761561
            ],
            [
              77.765535,
              28.761225
            ],
            [
              77.765501,
              28.760448
            ],
            [
              77.763513,
              28.760202
            ],
            [
              77.76313,
              28.760958
            ],
            [
              77.76113,
              28.759087
            ],
            [
              77.76013,
              28.76057
            ],
            [
              77.7583,
              28.759819
            ],
            [
              77.759893,
              28.759582
            ],
            [
              77.75976,
              28.758188
            ],
            [
              77.7577,
              28.757819
            ],
            [
              77.76113,
              28.757598
            ],
            [
              77.762576,
              28.758265
            ],
            [
              77.763835,
              28.755524
            ],
            [
              77.767407,
              28.754097
            ],
            [
              77.767373,
              28.751575
            ],
            [
              77.76513,
              28.752403
            ],
            [
              77.76456,
              28.751389
            ],
            [
              77.763823,
              28.751512
            ],
            [
              77.763455,
              28.753144
            ],
            [
              77.76113,
              28.755214
            ],
            [
              77.759682,
              28.752819
            ],
            [
              77.761462,
              28.751151
            ],
            [
              77.761439,
              28.749509
            ],
            [
              77.75613,
              28.753215
            ],
            [
              77.755859,
              28.751548
            ],
            [
              77.757485,
              28.751174
            ],
            [
              77.758573,
              28.749376
            ],
            [
              77.75513,
              28.748448
            ],
            [
              77.75413,
              28.749422
            ],
            [
              77.753371,
              28.747577
            ],
            [
              77.75113,
              28.747457
            ],
            [
              77.74972,
              28.748819
            ],
            [
              77.753565,
              28.752819
            ],
            [
              77.752623,
              28.755819
            ],
            [
              77.75113,
              28.756709
            ],
            [
              77.750834,
              28.755115
            ],
            [
              77.748656,
              28.755345
            ],
            [
              77.748565,
              28.756383
            ],
            [
              77.750987,
              28.756819
            ],
            [
              77.75013,
              28.7586
            ],
            [
              77.750006,
              28.757943
            ],
            [
              77.74813,
              28.758036
            ],
            [
              77.74655,
              28.754398
            ],
            [
              77.74513,
              28.754123
            ],
            [
              77.744359,
              28.754819
            ],
            [
              77.744506,
              28.756442
            ],
            [
              77.746059,
              28.757819
            ],
            [
              77.744307,
              28.757996
            ],
            [
              77.74413,
              28.758785
            ],
            [
              77.74395,
              28.756819
            ],
            [
              77.74313,
              28.756082
            ],
            [
              77.740543,
              28.756232
            ],
            [
              77.73913,
              28.757625
            ],
            [
              77.738032,
              28.756916
            ],
            [
              77.740006,
              28.754819
            ],
            [
              77.740085,
              28.751863
            ],
            [
              77.739102,
              28.751791
            ],
            [
              77.740795,
              28.751819
            ],
            [
              77.740173,
              28.751862
            ],
            [
              77.740463,
              28.753486
            ],
            [
              77.74213,
              28.753476
            ],
            [
              77.745606,
              28.749819
            ],
            [
              77.743754,
              28.748194
            ],
            [
              77.74313,
              28.746225
            ],
            [
              77.742521,
              28.748428
            ],
            [
              77.744086,
              28.749819
            ],
            [
              77.743066,
              28.749882
            ],
            [
              77.740854,
              28.747819
            ],
            [
              77.740927,
              28.746616
            ],
            [
              77.742517,
              28.745206
            ],
            [
              77.742453,
              28.743495
            ],
            [
              77.73913,
              28.746185
            ],
            [
              77.73663,
              28.746319
            ],
            [
              77.736341,
              28.747819
            ],
            [
              77.736118,
              28.74783
            ],
            [
              77.735807,
              28.747141
            ],
            [
              77.73513,
              28.746978
            ],
            [
              77.73413,
              28.747747
            ],
            [
              77.73401,
              28.746699
            ],
            [
              77.73492,
              28.745819
            ],
            [
              77.73413,
              28.745072
            ],
            [
              77.733295,
              28.745984
            ],
            [
              77.73072,
              28.745819
            ],
            [
              77.732788,
              28.745477
            ],
            [
              77.73313,
              28.744613
            ],
            [
              77.73613,
              28.744471
            ],
            [
              77.738497,
              28.743186
            ],
            [
              77.73713,
              28.741096
            ],
            [
              77.73413,
              28.740894
            ],
            [
              77.734078,
              28.739871
            ],
            [
              77.733184,
              28.739819
            ],
            [
              77.73413,
              28.739688
            ],
            [
              77.734288,
              28.740661
            ],
            [
              77.736707,
              28.740396
            ],
            [
              77.736864,
              28.738084
            ],
            [
              77.735713,
              28.737819
            ],
            [
              77.736892,
              28.737581
            ],
            [
              77.73713,
              28.736667
            ],
            [
              77.73913,
              28.736674
            ],
            [
              77.738272,
              28.736961
            ],
            [
              77.73831,
              28.737819
            ],
            [
              77.740259,
              28.73869
            ],
            [
              77.739459,
              28.739819
            ],
            [
              77.74013,
              28.741358
            ],
            [
              77.74113,
              28.740327
            ],
            [
              77.742429,
              28.741118
            ],
            [
              77.74313,
              28.739304
            ],
            [
              77.74413,
              28.741236
            ],
            [
              77.74713,
              28.739199
            ],
            [
              77.749459,
              28.738819
            ],
            [
              77.745733,
              28.737215
            ],
            [
              77.745881,
              28.734819
            ],
            [
              77.74513,
              28.734149
            ],
            [
              77.74313,
              28.735094
            ],
            [
              77.74113,
              28.734367
            ],
            [
              77.74013,
              28.735424
            ],
            [
              77.73838,
              28.735568
            ],
            [
              77.734981,
              28.733819
            ],
            [
              77.739541,
              28.73123
            ],
            [
              77.739486,
              28.729462
            ],
            [
              77.73713,
              28.728279
            ],
            [
              77.73513,
              28.728226
            ],
            [
              77.73413,
              28.727203
            ],
            [
              77.73213,
              28.727029
            ],
            [
              77.73113,
              28.726036
            ],
            [
              77.728763,
              28.725819
            ],
            [
              77.728336,
              28.724819
            ],
            [
              77.729462,
              28.724151
            ],
            [
              77.729426,
              28.722523
            ],
            [
              77.725804,
              28.720819
            ],
            [
              77.72713,
              28.719146
            ],
            [
              77.73013,
              28.721516
            ],
            [
              77.731602,
              28.721291
            ],
            [
              77.732032,
              28.719721
            ],
            [
              77.73413,
              28.718521
            ],
            [
              77.736534,
              28.719223
            ],
            [
              77.736613,
              28.717335
            ],
            [
              77.735031,
              28.715917
            ],
            [
              77.735009,
              28.714939
            ],
            [
              77.734124,
              28.714819
            ],
            [
              77.73513,
              28.714587
            ],
            [
              77.735404,
              28.715544
            ],
            [
              77.738455,
              28.717819
            ],
            [
              77.737543,
              28.719819
            ],
            [
              77.737643,
              28.722819
            ],
            [
              77.73913,
              28.723243
            ],
            [
              77.740583,
              28.721819
            ],
            [
              77.741994,
              28.716683
            ],
            [
              77.74713,
              28.716308
            ],
            [
              77.74913,
              28.717246
            ],
            [
              77.750413,
              28.716102
            ],
            [
              77.749579,
              28.714819
            ],
            [
              77.750377,
              28.713572
            ],
            [
              77.747004,
              28.711945
            ],
            [
              77.746847,
              28.711101
            ],
            [
              77.739086,
              28.710819
            ],
            [
              77.740818,
              28.710507
            ],
            [
              77.740972,
              28.709819
            ],
            [
              77.740898,
              28.70905
            ],
            [
              77.739458,
              28.708819
            ],
            [
              77.74113,
              28.708703
            ],
            [
              77.74213,
              28.709588
            ],
            [
              77.74513,
              28.70944
            ],
            [
              77.746698,
              28.707819
            ],
            [
              77.743792,
              28.704157
            ],
            [
              77.742114,
              28.703835
            ],
            [
              77.743001,
              28.702819
            ],
            [
              77.74913,
              28.708318
            ],
            [
              77.749635,
              28.706819
            ],
            [
              77.748681,
              28.705819
            ],
            [
              77.748802,
              28.702491
            ],
            [
              77.749469,
              28.702819
            ],
            [
              77.74976,
              28.705188
            ],
            [
              77.75213,
              28.705373
            ],
            [
              77.755544,
              28.701819
            ],
            [
              77.75313,
              28.699303
            ],
            [
              77.75213,
              28.700248
            ],
            [
              77.75113,
              28.69922
            ],
            [
              77.74913,
              28.699113
            ],
            [
              77.748267,
              28.699819
            ],
            [
              77.747937,
              28.702011
            ],
            [
              77.747992,
              28.699819
            ],
            [
              77.746988,
              28.698819
            ],
            [
              77.74713,
              28.697109
            ],
            [
              77.747413,
              28.698536
            ],
            [
              77.74813,
              28.698619
            ],
            [
              77.75013,
              28.698461
            ],
            [
              77.750808,
              28.697497
            ],
            [
              77.752523,
              28.697425
            ],
            [
              77.75313,
              28.698334
            ],
            [
              77.753617,
              28.697819
            ],
            [
              77.75113,
              28.695228
            ],
            [
              77.749413,
              28.695819
            ],
            [
              77.750314,
              28.697003
            ],
            [
              77.748981,
              28.696967
            ],
            [
              77.74813,
              28.69403
            ],
            [
              77.746275,
              28.693964
            ],
            [
              77.74613,
              28.694977
            ],
            [
              77.746085,
              28.693774
            ],
            [
              77.747899,
              28.692819
            ],
            [
              77.747775,
              28.692174
            ],
            [
              77.746091,
              28.691858
            ],
            [
              77.745937,
              28.690819
            ],
            [
              77.746113,
              28.690802
            ],
            [
              77.746155,
              28.690845
            ],
            [
              77.746256,
              28.691693
            ],
            [
              77.74713,
              28.691657
            ],
            [
              77.74813,
              28.690625
            ],
            [
              77.748581,
              28.692367
            ],
            [
              77.75213,
              28.694392
            ],
            [
              77.75613,
              28.693413
            ],
            [
              77.75713,
              28.692477
            ],
            [
              77.759792,
              28.692481
            ],
            [
              77.763787,
              28.689476
            ],
            [
              77.763879,
              28.68807
            ],
            [
              77.762747,
              28.687819
            ],
            [
              77.762813,
              28.686819
            ],
            [
              77.76398,
              28.686669
            ],
            [
              77.76401,
              28.684938
            ],
            [
              77.762858,
              28.684819
            ],
            [
              77.764016,
              28.684705
            ],
            [
              77.763972,
              28.682976
            ],
            [
              77.76313,
              28.682698
            ],
            [
              77.76513,
              28.68301
            ],
            [
              77.765586,
              28.684362
            ],
            [
              77.76913,
              28.68737
            ],
            [
              77.771568,
              28.686257
            ],
            [
              77.77202,
              28.684819
            ],
            [
              77.771449,
              28.683819
            ],
            [
              77.77213,
              28.683732
            ],
            [
              77.77313,
              28.684628
            ],
            [
              77.773841,
              28.68453
            ],
            [
              77.77409,
              28.683779
            ],
            [
              77.77513,
              28.683371
            ],
            [
              77.775355,
              28.683819
            ],
            [
              77.774264,
              28.683953
            ],
            [
              77.774227,
              28.686916
            ],
            [
              77.77379,
              28.686159
            ],
            [
              77.772666,
              28.686355
            ],
            [
              77.770759,
              28.688448
            ],
            [
              77.77113,
              28.689304
            ],
            [
              77.771683,
              28.688372
            ],
            [
              77.775577,
              28.688266
            ],
            [
              77.77713,
              28.685922
            ],
            [
              77.779784,
              28.685819
            ],
            [
              77.778296,
              28.685985
            ],
            [
              77.777536,
              28.687225
            ],
            [
              77.778226,
              28.689916
            ],
            [
              77.77713,
              28.689068
            ],
            [
              77.77513,
              28.690187
            ],
            [
              77.774536,
              28.689412
            ],
            [
              77.77313,
              28.689282
            ],
            [
              77.771681,
              28.690819
            ],
            [
              77.773872,
              28.693077
            ],
            [
              77.775526,
              28.693422
            ],
            [
              77.774779,
              28.695819
            ],
            [
              77.775792,
              28.696819
            ],
            [
              77.775926,
              28.699022
            ],
            [
              77.780574,
              28.699374
            ],
            [
              77.780294,
              28.700983
            ],
            [
              77.777832,
              28.700819
            ],
            [
              77.778846,
              28.701819
            ],
            [
              77.777952,
              28.702996
            ],
            [
              77.78013,
              28.704499
            ],
            [
              77.782796,
              28.702819
            ],
            [
              77.782469,
              28.695819
            ],
            [
              77.783843,
              28.694819
            ],
            [
              77.783883,
              28.690819
            ],
            [
              77.784888,
              28.689819
            ],
            [
              77.78513,
              28.678451
            ],
            [
              77.785811,
              28.688138
            ],
            [
              77.787481,
              28.68817
            ],
            [
              77.787861,
              28.68655
            ],
            [
              77.792068,
              28.682757
            ],
            [
              77.79313,
              28.682462
            ],
            [
              77.793142,
              28.682831
            ],
            [
              77.792319,
              28.683008
            ],
            [
              77.792246,
              28.683935
            ],
            [
              77.789707,
              28.686396
            ],
            [
              77.789723,
              28.687225
            ],
            [
              77.796189,
              28.687819
            ],
            [
              77.794401,
              28.68809
            ],
            [
              77.794622,
              28.689819
            ],
            [
              77.794116,
              28.689819
            ],
            [
              77.79381,
              28.688139
            ],
            [
              77.79113,
              28.688146
            ],
            [
              77.790469,
              28.688819
            ],
            [
              77.791373,
              28.689819
            ],
            [
              77.791429,
              28.69152
            ],
            [
              77.79266,
              28.691819
            ],
            [
              77.792807,
              28.694141
            ],
            [
              77.79513,
              28.696235
            ],
            [
              77.80313,
              28.690539
            ],
            [
              77.803728,
              28.694221
            ],
            [
              77.806476,
              28.693165
            ],
            [
              77.810923,
              28.688819
            ],
            [
              77.810079,
              28.68787
            ],
            [
              77.81013,
              28.68692
            ],
            [
              77.810295,
              28.687653
            ],
            [
              77.811207,
              28.687741
            ],
            [
              77.81306,
              28.687749
            ],
            [
              77.81313,
              28.687136
            ],
            [
              77.813505,
              28.687819
            ],
            [
              77.812331,
              28.68802
            ],
            [
              77.812256,
              28.688945
            ],
            [
              77.807772,
              28.693461
            ],
            [
              77.807659,
              28.695819
            ],
            [
              77.809773,
              28.698175
            ],
            [
              77.814466,
              28.699482
            ],
            [
              77.813687,
              28.702819
            ],
            [
              77.814653,
              28.704819
            ],
            [
              77.813783,
              28.705165
            ],
            [
              77.81213,
              28.7034
            ],
            [
              77.811725,
              28.704819
            ],
            [
              77.812705,
              28.705819
            ],
            [
              77.81213,
              28.70648
            ],
            [
              77.81013,
              28.705428
            ],
            [
              77.806911,
              28.7056
            ],
            [
              77.806912,
              28.708036
            ],
            [
              77.808564,
              28.708385
            ],
            [
              77.809794,
              28.710819
            ],
            [
              77.80759,
              28.713279
            ],
            [
              77.805937,
              28.714011
            ],
            [
              77.80896,
              28.714988
            ],
            [
              77.809867,
              28.716082
            ],
            [
              77.811464,
              28.716153
            ],
            [
              77.811923,
              28.714026
            ],
            [
              77.811096,
              28.713819
            ],
            [
              77.81213,
              28.712814
            ],
            [
              77.813989,
              28.713819
            ],
            [
              77.812493,
              28.715182
            ],
            [
              77.81313,
              28.717428
            ],
            [
              77.816587,
              28.717277
            ],
            [
              77.81813,
              28.714776
            ],
            [
              77.818375,
              28.715573
            ],
            [
              77.821079,
              28.715819
            ],
            [
              77.820529,
              28.716218
            ],
            [
              77.82113,
              28.718307
            ],
            [
              77.822266,
              28.715819
            ],
            [
              77.820881,
              28.713819
            ],
            [
              77.820817,
              28.712131
            ],
            [
              77.820049,
              28.711899
            ],
            [
              77.819645,
              28.710819
            ],
            [
              77.820147,
              28.710801
            ],
            [
              77.820354,
              28.711594
            ],
            [
              77.821224,
              28.711724
            ],
            [
              77.821639,
              28.71331
            ],
            [
              77.82313,
              28.713525
            ],
            [
              77.82513,
              28.710043
            ],
            [
              77.825573,
              28.710819
            ],
            [
              77.824511,
              28.7122
            ],
            [
              77.824489,
              28.714819
            ],
            [
              77.825754,
              28.717194
            ],
            [
              77.82713,
              28.716509
            ],
            [
              77.828497,
              28.717819
            ],
            [
              77.828532,
              28.719221
            ],
            [
              77.82713,
              28.719269
            ],
            [
              77.826801,
              28.720147
            ],
            [
              77.83113,
              28.719407
            ],
            [
              77.83213,
              28.718495
            ],
            [
              77.834558,
              28.718247
            ],
            [
              77.83613,
              28.716759
            ],
            [
              77.837459,
              28.716819
            ],
            [
              77.836259,
              28.716948
            ],
            [
              77.835328,
              28.719017
            ],
            [
              77.833442,
              28.719819
            ],
            [
              77.83413,
              28.720662
            ],
            [
              77.836077,
              28.720766
            ],
            [
              77.83613,
              28.71993
            ],
            [
              77.836171,
              28.720819
            ],
            [
              77.834458,
              28.721147
            ],
            [
              77.83434,
              28.721819
            ],
            [
              77.834422,
              28.722526
            ],
            [
              77.835949,
              28.722819
            ],
            [
              77.835497,
              28.723819
            ],
            [
              77.832968,
              28.721981
            ],
            [
              77.83213,
              28.72019
            ],
            [
              77.83013,
              28.720266
            ],
            [
              77.827808,
              28.721497
            ],
            [
              77.82813,
              28.722358
            ],
            [
              77.830498,
              28.722819
            ],
            [
              77.829542,
              28.723819
            ],
            [
              77.830382,
              28.725071
            ],
            [
              77.828732,
              28.725422
            ],
            [
              77.828851,
              28.726098
            ],
            [
              77.83413,
              28.726099
            ],
            [
              77.83613,
              28.72492
            ],
            [
              77.83713,
              28.725419
            ],
            [
              77.837841,
              28.72453
            ],
            [
              77.84013,
              28.724468
            ],
            [
              77.84313,
              28.722696
            ],
            [
              77.845042,
              28.722819
            ],
            [
              77.843248,
              28.724937
            ],
            [
              77.84313,
              28.72653
            ],
            [
              77.842949,
              28.725999
            ],
            [
              77.840638,
              28.726327
            ],
            [
              77.840418,
              28.728531
            ],
            [
              77.842861,
              28.728819
            ],
            [
              77.841429,
              28.729118
            ],
            [
              77.84113,
              28.730801
            ],
            [
              77.838945,
              28.729819
            ],
            [
              77.839991,
              28.72968
            ],
            [
              77.83913,
              28.727158
            ],
            [
              77.83813,
              28.728171
            ],
            [
              77.83513,
              28.728292
            ],
            [
              77.83413,
              28.727351
            ],
            [
              77.82913,
              28.727437
            ],
            [
              77.82813,
              28.728333
            ],
            [
              77.82584,
              28.728529
            ],
            [
              77.826646,
              28.729819
            ],
            [
              77.826724,
              28.732819
            ],
            [
              77.824759,
              28.734819
            ],
            [
              77.824471,
              28.73616
            ],
            [
              77.820857,
              28.739546
            ],
            [
              77.820758,
              28.740819
            ],
            [
              77.823481,
              28.743467
            ],
            [
              77.824764,
              28.746185
            ],
            [
              77.82813,
              28.746533
            ],
            [
              77.828921,
              28.745819
            ],
            [
              77.828018,
              28.744819
            ],
            [
              77.82913,
              28.744758
            ],
            [
              77.82928,
              28.746969
            ],
            [
              77.82413,
              28.748537
            ],
            [
              77.82313,
              28.747241
            ],
            [
              77.82213,
              28.748179
            ],
            [
              77.815739,
              28.747819
            ],
            [
              77.82113,
              28.74747
            ],
            [
              77.822635,
              28.745819
            ],
            [
              77.822441,
              28.744508
            ],
            [
              77.82013,
              28.74339
            ],
            [
              77.817199,
              28.745888
            ],
            [
              77.815571,
              28.745819
            ],
            [
              77.816915,
              28.745604
            ],
            [
              77.81613,
              28.743202
            ],
            [
              77.813787,
              28.745477
            ],
            [
              77.814558,
              28.747248
            ],
            [
              77.813317,
              28.748006
            ],
            [
              77.81313,
              28.749182
            ],
            [
              77.81113,
              28.747455
            ],
            [
              77.807889,
              28.750578
            ],
            [
              77.80776,
              28.751189
            ],
            [
              77.80913,
              28.751209
            ],
            [
              77.81013,
              28.750241
            ],
            [
              77.81313,
              28.749882
            ],
            [
              77.81513,
              28.75007
            ],
            [
              77.815783,
              28.750819
            ],
            [
              77.815592,
              28.752281
            ],
            [
              77.81413,
              28.752291
            ],
            [
              77.81313,
              28.751327
            ],
            [
              77.81213,
              28.752352
            ],
            [
              77.81113,
              28.751386
            ],
            [
              77.807887,
              28.753576
            ],
            [
              77.809851,
              28.757097
            ],
            [
              77.81213,
              28.757245
            ],
            [
              77.814456,
              28.756146
            ],
            [
              77.81405,
              28.753819
            ],
            [
              77.815605,
              28.753294
            ],
            [
              77.815704,
              28.752393
            ],
            [
              77.81813,
              28.752506
            ],
            [
              77.82113,
              28.750014
            ],
            [
              77.821709,
              28.750239
            ],
            [
              77.821587,
              28.753276
            ],
            [
              77.819956,
              28.753993
            ],
            [
              77.81913,
              28.753086
            ],
            [
              77.818456,
              28.753819
            ],
            [
              77.820298,
              28.75665
            ],
            [
              77.821438,
              28.756819
            ],
            [
              77.82013,
              28.757084
            ],
            [
              77.819835,
              28.756113
            ],
            [
              77.816731,
              28.75442
            ],
            [
              77.816446,
              28.756135
            ],
            [
              77.813825,
              28.757514
            ],
            [
              77.813649,
              28.7583
            ],
            [
              77.81544,
              28.758509
            ],
            [
              77.816553,
              28.759819
            ],
            [
              77.813807,
              28.760496
            ],
            [
              77.813642,
              28.761819
            ],
            [
              77.81513,
              28.762377
            ],
            [
              77.81613,
              28.761433
            ],
            [
              77.818533,
              28.761222
            ],
            [
              77.82013,
              28.759453
            ],
            [
              77.822115,
              28.759819
            ],
            [
              77.820425,
              28.760114
            ],
            [
              77.81913,
              28.762094
            ],
            [
              77.813793,
              28.763482
            ],
            [
              77.814566,
              28.765819
            ],
            [
              77.812783,
              28.766472
            ],
            [
              77.812609,
              28.767298
            ],
            [
              77.8108,
              28.767149
            ],
            [
              77.81013,
              28.765377
            ],
            [
              77.807782,
              28.766471
            ],
            [
              77.806537,
              28.767819
            ],
            [
              77.806419,
              28.770819
            ],
            [
              77.808312,
              28.771819
            ],
            [
              77.80813,
              28.77276
            ],
            [
              77.805431,
              28.77212
            ],
            [
              77.80513,
              28.773504
            ]
          ]
        ],
        "type": "Polygon"
      },
      "type": "Feature"
    }
  ]
}