{
  "type": "FeatureCollection",
  "metadata": {
    "provider_name": "Janta Vaishno Dhaba",
    "center_lat": 29.8038468,
    "center_lon": 76.4035415,
    "mode": "motorcycle",
    "total_zones": 4,
    "distance_zones": [
      3,
      4,
      5,
      6
    ],
    "generated_at": "2025-12-31T06:29:43.181823Z"
  },
  "features": [
    {
      "properties": {
        "fill-opacity": 0.33,
        "fillColor": "#bf4040",
        "opacity": 0.33,
        "fill": "#bf4040",
        "fillOpacity": 0.33,
        "color": "#bf4040",
        "contour": 3.0,
        "metric": "distance",
        "provider_name": "Janta Vaishno Dhaba",
        "zone_type": "distance",
        "distance_km": 3,
        "mode": "motorcycle",
        "center_lat": 29.8038468,
        "center_lon": 76.4035415,
        "label": "3km"
      },
      "geometry": {
        "coordinates": [
          [
            [
              76.422541,
              29.824968
            ],
            [
              76.418548,
              29.823846
            ],
            [
              76.418401,
              29.822986
            ],
            [
              76.416326,
              29.822846
            ],
            [
              76.417282,
              29.822587
            ],
            [
              76.416541,
              29.82116
            ],
            [
              76.4151,
              29.821405
            ],
            [
              76.414541,
              29.822519
            ],
            [
              76.413216,
              29.822521
            ],
            [
              76.411541,
              29.824524
            ],
            [
              76.410772,
              29.823615
            ],
            [
              76.405852,
              29.822846
            ],
            [
              76.402541,
              29.819976
            ],
            [
              76.40306,
              29.817846
            ],
            [
              76.401945,
              29.816846
            ],
            [
              76.401541,
              29.814654
            ],
            [
              76.400334,
              29.814846
            ],
            [
              76.40015,
              29.816846
            ],
            [
              76.398541,
              29.817258
            ],
            [
              76.39761,
              29.816778
            ],
            [
              76.397272,
              29.815115
            ],
            [
              76.394748,
              29.814639
            ],
            [
              76.394713,
              29.813674
            ],
            [
              76.393541,
              29.814485
            ],
            [
              76.392876,
              29.813511
            ],
            [
              76.391541,
              29.813368
            ],
            [
              76.389929,
              29.814846
            ],
            [
              76.388835,
              29.81814
            ],
            [
              76.385808,
              29.818579
            ],
            [
              76.384009,
              29.816379
            ],
            [
              76.382363,
              29.816024
            ],
            [
              76.382176,
              29.814211
            ],
            [
              76.37951,
              29.814846
            ],
            [
              76.379488,
              29.811793
            ],
            [
              76.383338,
              29.808644
            ],
            [
              76.383664,
              29.806846
            ],
            [
              76.385078,
              29.805846
            ],
            [
              76.384541,
              29.805254
            ],
            [
              76.378765,
              29.80507
            ],
            [
              76.378541,
              29.806596
            ],
            [
              76.377532,
              29.804837
            ],
            [
              76.380541,
              29.804605
            ],
            [
              76.381541,
              29.803573
            ],
            [
              76.382541,
              29.804362
            ],
            [
              76.385541,
              29.804401
            ],
            [
              76.387059,
              29.802846
            ],
            [
              76.386163,
              29.801225
            ],
            [
              76.383767,
              29.800846
            ],
            [
              76.384384,
              29.800689
            ],
            [
              76.384019,
              29.799369
            ],
            [
              76.382354,
              29.798846
            ],
            [
              76.385541,
              29.798496
            ],
            [
              76.385973,
              29.797414
            ],
            [
              76.383409,
              29.795978
            ],
            [
              76.383277,
              29.795111
            ],
            [
              76.381572,
              29.794846
            ],
            [
              76.385541,
              29.790418
            ],
            [
              76.388218,
              29.790524
            ],
            [
              76.388541,
              29.788721
            ],
            [
              76.390541,
              29.790402
            ],
            [
              76.393735,
              29.789846
            ],
            [
              76.391681,
              29.786846
            ],
            [
              76.396758,
              29.783063
            ],
            [
              76.396728,
              29.781846
            ],
            [
              76.399172,
              29.781477
            ],
            [
              76.39937,
              29.780017
            ],
            [
              76.398646,
              29.779846
            ],
            [
              76.400541,
              29.778187
            ],
            [
              76.401541,
              29.780631
            ],
            [
              76.403541,
              29.779231
            ],
            [
              76.405301,
              29.783086
            ],
            [
              76.407544,
              29.783844
            ],
            [
              76.406758,
              29.784063
            ],
            [
              76.406964,
              29.785424
            ],
            [
              76.4103,
              29.785846
            ],
            [
              76.407975,
              29.78628
            ],
            [
              76.408099,
              29.787289
            ],
            [
              76.410091,
              29.787396
            ],
            [
              76.41138,
              29.785846
            ],
            [
              76.411733,
              29.786654
            ],
            [
              76.413541,
              29.786616
            ],
            [
              76.415489,
              29.784794
            ],
            [
              76.416541,
              29.784749
            ],
            [
              76.416565,
              29.785823
            ],
            [
              76.418608,
              29.786913
            ],
            [
              76.418785,
              29.788091
            ],
            [
              76.417369,
              29.788674
            ],
            [
              76.417541,
              29.789321
            ],
            [
              76.419379,
              29.788685
            ],
            [
              76.421541,
              29.790498
            ],
            [
              76.423732,
              29.790656
            ],
            [
              76.426165,
              29.793222
            ],
            [
              76.429526,
              29.794846
            ],
            [
              76.429393,
              29.795995
            ],
            [
              76.431541,
              29.79491
            ],
            [
              76.432952,
              29.795846
            ],
            [
              76.432051,
              29.797846
            ],
            [
              76.432496,
              29.799846
            ],
            [
              76.431529,
              29.800834
            ],
            [
              76.428541,
              29.801343
            ],
            [
              76.426984,
              29.799403
            ],
            [
              76.425915,
              29.799846
            ],
            [
              76.425901,
              29.802486
            ],
            [
              76.428084,
              29.802846
            ],
            [
              76.427317,
              29.803846
            ],
            [
              76.425065,
              29.804371
            ],
            [
              76.423158,
              29.807846
            ],
            [
              76.42317,
              29.810475
            ],
            [
              76.422427,
              29.810846
            ],
            [
              76.423238,
              29.81115
            ],
            [
              76.423005,
              29.813383
            ],
            [
              76.424346,
              29.814846
            ],
            [
              76.42404,
              29.818345
            ],
            [
              76.42298,
              29.819285
            ],
            [
              76.420541,
              29.819685
            ],
            [
              76.419989,
              29.817399
            ],
            [
              76.418969,
              29.817846
            ],
            [
              76.419149,
              29.819238
            ],
            [
              76.421541,
              29.821279
            ],
            [
              76.422541,
              29.820347
            ],
            [
              76.423541,
              29.820464
            ],
            [
              76.424541,
              29.821828
            ],
            [
              76.422103,
              29.822408
            ],
            [
              76.423342,
              29.824846
            ],
            [
              76.422541,
              29.824968
            ]
          ]
        ],
        "type": "Polygon"
      },
      "type": "Feature"
    },
    {
      "properties": {
        "fill-opacity": 0.33,
        "fillColor": "#bf4040",
        "opacity": 0.33,
        "fill": "#bf4040",
        "fillOpacity": 0.33,
        "color": "#bf4040",
        "contour": 4.0,
        "metric": "distance",
        "provider_name": "Janta Vaishno Dhaba",
        "zone_type": "distance",
        "distance_km": 4,
        "mode": "motorcycle",
        "center_lat": 29.8038468,
        "center_lon": 76.4035415,
        "label": "4km"
      },
      "geometry": {
        "coordinates": [
          [
            [
              76.429541,
              29.831864
            ],
            [
              76.428156,
              29.830231
            ],
            [
              76.4258,
              29.830105
            ],
            [
              76.425594,
              29.830899
            ],
            [
              76.424492,
              29.830895
            ],
            [
              76.424302,
              29.830846
            ],
            [
              76.425382,
              29.830687
            ],
            [
              76.425142,
              29.829245
            ],
            [
              76.422541,
              29.829287
            ],
            [
              76.422541,
              29.828178
            ],
            [
              76.422614,
              29.828773
            ],
            [
              76.425024,
              29.82833
            ],
            [
              76.423541,
              29.826315
            ],
            [
              76.403144,
              29.825846
            ],
            [
              76.410541,
              29.825426
            ],
            [
              76.411051,
              29.824846
            ],
            [
              76.410541,
              29.824331
            ],
            [
              76.402541,
              29.824028
            ],
            [
              76.401541,
              29.821167
            ],
            [
              76.399881,
              29.821846
            ],
            [
              76.399541,
              29.826391
            ],
            [
              76.39904,
              29.823348
            ],
            [
              76.396774,
              29.82308
            ],
            [
              76.396541,
              29.824053
            ],
            [
              76.395618,
              29.822846
            ],
            [
              76.396314,
              29.82262
            ],
            [
              76.396132,
              29.821255
            ],
            [
              76.393541,
              29.819793
            ],
            [
              76.393355,
              29.819032
            ],
            [
              76.390541,
              29.818366
            ],
            [
              76.388824,
              29.820846
            ],
            [
              76.389053,
              29.823846
            ],
            [
              76.388541,
              29.824329
            ],
            [
              76.388121,
              29.823846
            ],
            [
              76.388258,
              29.820846
            ],
            [
              76.387541,
              29.820249
            ],
            [
              76.386746,
              29.822051
            ],
            [
              76.384082,
              29.823388
            ],
            [
              76.384697,
              29.824846
            ],
            [
              76.382879,
              29.825184
            ],
            [
              76.382484,
              29.826903
            ],
            [
              76.38177,
              29.826617
            ],
            [
              76.38238,
              29.824846
            ],
            [
              76.381391,
              29.823846
            ],
            [
              76.381218,
              29.82217
            ],
            [
              76.377018,
              29.81837
            ],
            [
              76.375068,
              29.818374
            ],
            [
              76.374726,
              29.819661
            ],
            [
              76.375545,
              29.81985
            ],
            [
              76.373801,
              29.820106
            ],
            [
              76.373429,
              29.820959
            ],
            [
              76.372183,
              29.820846
            ],
            [
              76.3734,
              29.820705
            ],
            [
              76.374261,
              29.816846
            ],
            [
              76.372459,
              29.815928
            ],
            [
              76.372354,
              29.815033
            ],
            [
              76.371541,
              29.814831
            ],
            [
              76.372541,
              29.814746
            ],
            [
              76.372805,
              29.815582
            ],
            [
              76.374541,
              29.815629
            ],
            [
              76.375541,
              29.816513
            ],
            [
              76.376935,
              29.81624
            ],
            [
              76.377159,
              29.814846
            ],
            [
              76.376339,
              29.813645
            ],
            [
              76.378881,
              29.814186
            ],
            [
              76.380012,
              29.812846
            ],
            [
              76.37902,
              29.811846
            ],
            [
              76.380258,
              29.809563
            ],
            [
              76.381867,
              29.809173
            ],
            [
              76.383036,
              29.807846
            ],
            [
              76.381541,
              29.80543
            ],
            [
              76.379229,
              29.805534
            ],
            [
              76.378541,
              29.807339
            ],
            [
              76.377541,
              29.806343
            ],
            [
              76.376541,
              29.807293
            ],
            [
              76.373541,
              29.807223
            ],
            [
              76.373049,
              29.808338
            ],
            [
              76.37469,
              29.808846
            ],
            [
              76.373541,
              29.811751
            ],
            [
              76.373378,
              29.811009
            ],
            [
              76.371531,
              29.810856
            ],
            [
              76.372289,
              29.808846
            ],
            [
              76.371541,
              29.808119
            ],
            [
              76.367738,
              29.808846
            ],
            [
              76.369541,
              29.805178
            ],
            [
              76.370541,
              29.805277
            ],
            [
              76.370944,
              29.806443
            ],
            [
              76.372541,
              29.806521
            ],
            [
              76.373193,
              29.805846
            ],
            [
              76.372541,
              29.804575
            ],
            [
              76.374541,
              29.805439
            ],
            [
              76.375541,
              29.80446
            ],
            [
              76.376541,
              29.80537
            ],
            [
              76.377541,
              29.804343
            ],
            [
              76.380541,
              29.804278
            ],
            [
              76.38095,
              29.803438
            ],
            [
              76.37936,
              29.802665
            ],
            [
              76.381339,
              29.801846
            ],
            [
              76.37953,
              29.800846
            ],
            [
              76.380541,
              29.799574
            ],
            [
              76.382541,
              29.800382
            ],
            [
              76.383961,
              29.799846
            ],
            [
              76.381843,
              29.799544
            ],
            [
              76.381776,
              29.798081
            ],
            [
              76.385926,
              29.797846
            ],
            [
              76.382541,
              29.795372
            ],
            [
              76.381541,
              29.795571
            ],
            [
              76.380949,
              29.793846
            ],
            [
              76.385923,
              29.788464
            ],
            [
              76.381433,
              29.786955
            ],
            [
              76.380452,
              29.784936
            ],
            [
              76.379541,
              29.784696
            ],
            [
              76.380541,
              29.784182
            ],
            [
              76.383541,
              29.785661
            ],
            [
              76.384485,
              29.783791
            ],
            [
              76.387125,
              29.78343
            ],
            [
              76.387541,
              29.780976
            ],
            [
              76.390541,
              29.783506
            ],
            [
              76.392165,
              29.781846
            ],
            [
              76.392406,
              29.778712
            ],
            [
              76.393541,
              29.78049
            ],
            [
              76.394319,
              29.778624
            ],
            [
              76.398898,
              29.777203
            ],
            [
              76.398541,
              29.77593
            ],
            [
              76.396541,
              29.77531
            ],
            [
              76.396312,
              29.774075
            ],
            [
              76.394743,
              29.773846
            ],
            [
              76.39664,
              29.771846
            ],
            [
              76.398677,
              29.770982
            ],
            [
              76.398583,
              29.769846
            ],
            [
              76.399541,
              29.769144
            ],
            [
              76.400525,
              29.770863
            ],
            [
              76.402419,
              29.771846
            ],
            [
              76.401669,
              29.771974
            ],
            [
              76.401647,
              29.772952
            ],
            [
              76.400068,
              29.773373
            ],
            [
              76.400113,
              29.774274
            ],
            [
              76.403541,
              29.774657
            ],
            [
              76.404541,
              29.773531
            ],
            [
              76.407126,
              29.773432
            ],
            [
              76.408952,
              29.771846
            ],
            [
              76.409846,
              29.772846
            ],
            [
              76.40897,
              29.774846
            ],
            [
              76.410373,
              29.776846
            ],
            [
              76.409971,
              29.777846
            ],
            [
              76.408874,
              29.778179
            ],
            [
              76.409087,
              29.7793
            ],
            [
              76.411046,
              29.779352
            ],
            [
              76.411299,
              29.777605
            ],
            [
              76.412541,
              29.776983
            ],
            [
              76.412701,
              29.777687
            ],
            [
              76.414134,
              29.777846
            ],
            [
              76.413541,
              29.779938
            ],
            [
              76.410541,
              29.780134
            ],
            [
              76.409889,
              29.780846
            ],
            [
              76.410541,
              29.781592
            ],
            [
              76.413128,
              29.781846
            ],
            [
              76.411599,
              29.783905
            ],
            [
              76.412467,
              29.785921
            ],
            [
              76.413832,
              29.786137
            ],
            [
              76.416142,
              29.783447
            ],
            [
              76.416915,
              29.783472
            ],
            [
              76.417541,
              29.785314
            ],
            [
              76.419541,
              29.783801
            ],
            [
              76.419793,
              29.784594
            ],
            [
              76.421585,
              29.784846
            ],
            [
              76.420732,
              29.785846
            ],
            [
              76.422706,
              29.786681
            ],
            [
              76.421886,
              29.787846
            ],
            [
              76.422541,
              29.788447
            ],
            [
              76.426032,
              29.788337
            ],
            [
              76.426541,
              29.786963
            ],
            [
              76.429541,
              29.788391
            ],
            [
              76.432931,
              29.787846
            ],
            [
              76.433413,
              29.788974
            ],
            [
              76.437629,
              29.790759
            ],
            [
              76.439283,
              29.793104
            ],
            [
              76.442982,
              29.793846
            ],
            [
              76.439981,
              29.794286
            ],
            [
              76.439541,
              29.796939
            ],
            [
              76.436541,
              29.795243
            ],
            [
              76.435973,
              29.795846
            ],
            [
              76.437084,
              29.799304
            ],
            [
              76.438726,
              29.799661
            ],
            [
              76.439936,
              29.801451
            ],
            [
              76.441575,
              29.801812
            ],
            [
              76.44186,
              29.802846
            ],
            [
              76.441478,
              29.802783
            ],
            [
              76.441427,
              29.80196
            ],
            [
              76.439541,
              29.802044
            ],
            [
              76.436541,
              29.800231
            ],
            [
              76.433541,
              29.80032
            ],
            [
              76.43301,
              29.800846
            ],
            [
              76.433944,
              29.801846
            ],
            [
              76.432813,
              29.804119
            ],
            [
              76.431121,
              29.804266
            ],
            [
              76.430541,
              29.803296
            ],
            [
              76.428983,
              29.803846
            ],
            [
              76.434541,
              29.806623
            ],
            [
              76.4358,
              29.808105
            ],
            [
              76.434461,
              29.807926
            ],
            [
              76.434237,
              29.80715
            ],
            [
              76.432338,
              29.807049
            ],
            [
              76.431541,
              29.806179
            ],
            [
              76.430182,
              29.806206
            ],
            [
              76.429541,
              29.805266
            ],
            [
              76.428948,
              29.805846
            ],
            [
              76.42986,
              29.807165
            ],
            [
              76.427668,
              29.806973
            ],
            [
              76.427541,
              29.809043
            ],
            [
              76.426541,
              29.809463
            ],
            [
              76.424408,
              29.808713
            ],
            [
              76.424212,
              29.810846
            ],
            [
              76.425212,
              29.812176
            ],
            [
              76.428079,
              29.812384
            ],
            [
              76.428541,
              29.8102
            ],
            [
              76.431885,
              29.814846
            ],
            [
              76.428541,
              29.817147
            ],
            [
              76.428541,
              29.818856
            ],
            [
              76.429541,
              29.819344
            ],
            [
              76.428779,
              29.820085
            ],
            [
              76.429644,
              29.821846
            ],
            [
              76.429564,
              29.82287
            ],
            [
              76.42932,
              29.822067
            ],
            [
              76.428541,
              29.822058
            ],
            [
              76.425953,
              29.824846
            ],
            [
              76.426541,
              29.825447
            ],
            [
              76.4333,
              29.825846
            ],
            [
              76.42615,
              29.826456
            ],
            [
              76.426128,
              29.827259
            ],
            [
              76.429603,
              29.830784
            ],
            [
              76.429541,
              29.831864
            ]
          ]
        ],
        "type": "Polygon"
      },
      "type": "Feature"
    },
    {
      "properties": {
        "fill-opacity": 0.33,
        "fillColor": "#bf4040",
        "opacity": 0.33,
        "fill": "#bf4040",
        "fillOpacity": 0.33,
        "color": "#bf4040",
        "contour": 5.0,
        "metric": "distance",
        "provider_name": "Janta Vaishno Dhaba",
        "zone_type": "distance",
        "distance_km": 5,
        "mode": "motorcycle",
        "center_lat": 29.8038468,
        "center_lon": 76.4035415,
        "label": "5km"
      },
      "geometry": {
        "coordinates": [
          [
            [
              76.436541,
              29.838563
            ],
            [
              76.43646,
              29.837927
            ],
            [
              76.433518,
              29.836869
            ],
            [
              76.431541,
              29.834264
            ],
            [
              76.423541,
              29.83424
            ],
            [
              76.422913,
              29.835475
            ],
            [
              76.424581,
              29.835807
            ],
            [
              76.424837,
              29.836846
            ],
            [
              76.424458,
              29.836764
            ],
            [
              76.424412,
              29.835976
            ],
            [
              76.41978,
              29.836085
            ],
            [
              76.419186,
              29.836846
            ],
            [
              76.418409,
              29.834979
            ],
            [
              76.41597,
              29.833846
            ],
            [
              76.418307,
              29.831846
            ],
            [
              76.418293,
              29.830094
            ],
            [
              76.417522,
              29.829865
            ],
            [
              76.417537,
              29.828846
            ],
            [
              76.417541,
              29.828841
            ],
            [
              76.417602,
              29.829785
            ],
            [
              76.420232,
              29.829846
            ],
            [
              76.418795,
              29.830101
            ],
            [
              76.419018,
              29.83137
            ],
            [
              76.421541,
              29.831445
            ],
            [
              76.422211,
              29.827516
            ],
            [
              76.423541,
              29.828318
            ],
            [
              76.424821,
              29.828127
            ],
            [
              76.423541,
              29.826499
            ],
            [
              76.403188,
              29.826493
            ],
            [
              76.401912,
              29.828846
            ],
            [
              76.403541,
              29.829645
            ],
            [
              76.404576,
              29.828812
            ],
            [
              76.404623,
              29.829928
            ],
            [
              76.402793,
              29.830846
            ],
            [
              76.404562,
              29.832825
            ],
            [
              76.404602,
              29.833846
            ],
            [
              76.404529,
              29.833835
            ],
            [
              76.404471,
              29.832917
            ],
            [
              76.402812,
              29.833117
            ],
            [
              76.402541,
              29.834794
            ],
            [
              76.402252,
              29.833136
            ],
            [
              76.401185,
              29.832846
            ],
            [
              76.401182,
              29.829846
            ],
            [
              76.398901,
              29.827486
            ],
            [
              76.396891,
              29.827846
            ],
            [
              76.397207,
              29.831846
            ],
            [
              76.396541,
              29.832689
            ],
            [
              76.396038,
              29.82935
            ],
            [
              76.392519,
              29.828846
            ],
            [
              76.396012,
              29.828317
            ],
            [
              76.395939,
              29.826448
            ],
            [
              76.391541,
              29.82604
            ],
            [
              76.391207,
              29.825181
            ],
            [
              76.389541,
              29.824863
            ],
            [
              76.388541,
              29.833257
            ],
            [
              76.388053,
              29.824846
            ],
            [
              76.385053,
              29.824334
            ],
            [
              76.384541,
              29.82345
            ],
            [
              76.384903,
              29.825208
            ],
            [
              76.383239,
              29.825545
            ],
            [
              76.382014,
              29.827846
            ],
            [
              76.383775,
              29.828612
            ],
            [
              76.383798,
              29.830846
            ],
            [
              76.382971,
              29.829416
            ],
            [
              76.38215,
              29.829456
            ],
            [
              76.378541,
              29.835457
            ],
            [
              76.378289,
              29.834098
            ],
            [
              76.376791,
              29.833846
            ],
            [
              76.379177,
              29.833482
            ],
            [
              76.379255,
              29.831846
            ],
            [
              76.380189,
              29.830846
            ],
            [
              76.3773,
              29.829605
            ],
            [
              76.380933,
              29.829238
            ],
            [
              76.381046,
              29.826846
            ],
            [
              76.380541,
              29.826318
            ],
            [
              76.379541,
              29.827276
            ],
            [
              76.377189,
              29.827198
            ],
            [
              76.376988,
              29.8264
            ],
            [
              76.375287,
              29.825846
            ],
            [
              76.381997,
              29.824846
            ],
            [
              76.38085,
              29.822538
            ],
            [
              76.376541,
              29.818455
            ],
            [
              76.375264,
              29.818569
            ],
            [
              76.375875,
              29.820181
            ],
            [
              76.374225,
              29.820531
            ],
            [
              76.373023,
              29.821846
            ],
            [
              76.372541,
              29.827572
            ],
            [
              76.370496,
              29.826891
            ],
            [
              76.368541,
              29.825158
            ],
            [
              76.366898,
              29.826204
            ],
            [
              76.366541,
              29.827354
            ],
            [
              76.364592,
              29.826846
            ],
            [
              76.366363,
              29.826669
            ],
            [
              76.366261,
              29.823126
            ],
            [
              76.364818,
              29.822846
            ],
            [
              76.369541,
              29.822466
            ],
            [
              76.37012,
              29.821846
            ],
            [
              76.368541,
              29.81718
            ],
            [
              76.369541,
              29.8173
            ],
            [
              76.369808,
              29.818846
            ],
            [
              76.371142,
              29.820246
            ],
            [
              76.372541,
              29.820336
            ],
            [
              76.37396,
              29.816846
            ],
            [
              76.372186,
              29.816201
            ],
            [
              76.368541,
              29.812215
            ],
            [
              76.367732,
              29.813846
            ],
            [
              76.368629,
              29.814846
            ],
            [
              76.368541,
              29.815967
            ],
            [
              76.368373,
              29.815015
            ],
            [
              76.36743,
              29.814846
            ],
            [
              76.365541,
              29.809286
            ],
            [
              76.364541,
              29.811181
            ],
            [
              76.363541,
              29.810204
            ],
            [
              76.360995,
              29.8103
            ],
            [
              76.361541,
              29.81288
            ],
            [
              76.360541,
              29.812535
            ],
            [
              76.360201,
              29.811187
            ],
            [
              76.358044,
              29.810846
            ],
            [
              76.360161,
              29.810466
            ],
            [
              76.362541,
              29.8086
            ],
            [
              76.363541,
              29.809489
            ],
            [
              76.364541,
              29.808438
            ],
            [
              76.366959,
              29.808264
            ],
            [
              76.367241,
              29.805546
            ],
            [
              76.370541,
              29.803396
            ],
            [
              76.371541,
              29.806263
            ],
            [
              76.372936,
              29.805846
            ],
            [
              76.371962,
              29.804846
            ],
            [
              76.372541,
              29.804268
            ],
            [
              76.374541,
              29.805218
            ],
            [
              76.375541,
              29.804227
            ],
            [
              76.377541,
              29.805181
            ],
            [
              76.378541,
              29.804167
            ],
            [
              76.380742,
              29.804047
            ],
            [
              76.378541,
              29.802262
            ],
            [
              76.377292,
              29.803096
            ],
            [
              76.376541,
              29.801268
            ],
            [
              76.374541,
              29.801195
            ],
            [
              76.373541,
              29.802095
            ],
            [
              76.372541,
              29.801095
            ],
            [
              76.369009,
              29.800846
            ],
            [
              76.373541,
              29.800548
            ],
            [
              76.37454,
              29.798845
            ],
            [
              76.375422,
              29.798727
            ],
            [
              76.374239,
              29.796149
            ],
            [
              76.372395,
              29.795846
            ],
            [
              76.374541,
              29.795695
            ],
            [
              76.375541,
              29.796604
            ],
            [
              76.377404,
              29.794709
            ],
            [
              76.378715,
              29.794673
            ],
            [
              76.377809,
              29.795846
            ],
            [
              76.37811,
              29.797278
            ],
            [
              76.380913,
              29.797218
            ],
            [
              76.380541,
              29.794107
            ],
            [
              76.377528,
              29.79286
            ],
            [
              76.377541,
              29.792096
            ],
            [
              76.377585,
              29.792802
            ],
            [
              76.380198,
              29.792503
            ],
            [
              76.380541,
              29.790653
            ],
            [
              76.380756,
              29.791631
            ],
            [
              76.382541,
              29.791977
            ],
            [
              76.382541,
              29.790497
            ],
            [
              76.383541,
              29.790917
            ],
            [
              76.385898,
              29.788846
            ],
            [
              76.382801,
              29.788587
            ],
            [
              76.382668,
              29.78772
            ],
            [
              76.381008,
              29.787379
            ],
            [
              76.378837,
              29.78455
            ],
            [
              76.374351,
              29.782037
            ],
            [
              76.373328,
              29.780059
            ],
            [
              76.371451,
              29.779846
            ],
            [
              76.371444,
              29.778846
            ],
            [
              76.372541,
              29.778509
            ],
            [
              76.372783,
              29.779604
            ],
            [
              76.375541,
              29.780561
            ],
            [
              76.37979,
              29.780598
            ],
            [
              76.380193,
              29.783194
            ],
            [
              76.383541,
              29.785295
            ],
            [
              76.384202,
              29.783508
            ],
            [
              76.386992,
              29.782846
            ],
            [
              76.385253,
              29.782134
            ],
            [
              76.385243,
              29.780548
            ],
            [
              76.387541,
              29.780313
            ],
            [
              76.389867,
              29.78152
            ],
            [
              76.390541,
              29.783244
            ],
            [
              76.391925,
              29.781846
            ],
            [
              76.39217,
              29.778476
            ],
            [
              76.392912,
              29.778476
            ],
            [
              76.393541,
              29.780238
            ],
            [
              76.394141,
              29.778446
            ],
            [
              76.398892,
              29.776846
            ],
            [
              76.394254,
              29.776134
            ],
            [
              76.393541,
              29.770187
            ],
            [
              76.390867,
              29.771172
            ],
            [
              76.390546,
              29.772851
            ],
            [
              76.389541,
              29.772489
            ],
            [
              76.389203,
              29.771846
            ],
            [
              76.390313,
              29.771618
            ],
            [
              76.391377,
              29.769683
            ],
            [
              76.394541,
              29.769472
            ],
            [
              76.395156,
              29.768846
            ],
            [
              76.393089,
              29.766299
            ],
            [
              76.391464,
              29.765923
            ],
            [
              76.390602,
              29.764846
            ],
            [
              76.391603,
              29.764784
            ],
            [
              76.39179,
              29.765597
            ],
            [
              76.393682,
              29.765705
            ],
            [
              76.396138,
              29.76825
            ],
            [
              76.398541,
              29.768371
            ],
            [
              76.399204,
              29.764846
            ],
            [
              76.397406,
              29.763846
            ],
            [
              76.399753,
              29.762634
            ],
            [
              76.400809,
              29.763846
            ],
            [
              76.400141,
              29.766246
            ],
            [
              76.401541,
              29.766499
            ],
            [
              76.402805,
              29.765846
            ],
            [
              76.402746,
              29.767052
            ],
            [
              76.4,
              29.767846
            ],
            [
              76.401199,
              29.770189
            ],
            [
              76.402541,
              29.76941
            ],
            [
              76.403541,
              29.771376
            ],
            [
              76.407541,
              29.771513
            ],
            [
              76.40888,
              29.771185
            ],
            [
              76.4091,
              29.769846
            ],
            [
              76.408541,
              29.769209
            ],
            [
              76.407349,
              29.770039
            ],
            [
              76.407226,
              29.768846
            ],
            [
              76.408956,
              29.768261
            ],
            [
              76.40942,
              29.764846
            ],
            [
              76.410467,
              29.763772
            ],
            [
              76.411456,
              29.763761
            ],
            [
              76.411541,
              29.763055
            ],
            [
              76.411569,
              29.763874
            ],
            [
              76.410768,
              29.764074
            ],
            [
              76.410796,
              29.765846
            ],
            [
              76.412321,
              29.766626
            ],
            [
              76.413541,
              29.76595
            ],
            [
              76.413834,
              29.769846
            ],
            [
              76.411541,
              29.770224
            ],
            [
              76.411168,
              29.77122
            ],
            [
              76.419234,
              29.771846
            ],
            [
              76.412155,
              29.772461
            ],
            [
              76.411014,
              29.773846
            ],
            [
              76.412851,
              29.775537
            ],
            [
              76.413217,
              29.777171
            ],
            [
              76.413879,
              29.777185
            ],
            [
              76.414541,
              29.775416
            ],
            [
              76.415926,
              29.776231
            ],
            [
              76.417541,
              29.773564
            ],
            [
              76.418541,
              29.775509
            ],
            [
              76.420216,
              29.773522
            ],
            [
              76.420927,
              29.77446
            ],
            [
              76.423585,
              29.774846
            ],
            [
              76.420127,
              29.777846
            ],
            [
              76.419782,
              29.779087
            ],
            [
              76.418541,
              29.779137
            ],
            [
              76.417541,
              29.776228
            ],
            [
              76.414212,
              29.778518
            ],
            [
              76.418092,
              29.782296
            ],
            [
              76.419161,
              29.782466
            ],
            [
              76.419541,
              29.781517
            ],
            [
              76.420541,
              29.78156
            ],
            [
              76.420755,
              29.782633
            ],
            [
              76.422147,
              29.782846
            ],
            [
              76.421648,
              29.783846
            ],
            [
              76.426541,
              29.78429
            ],
            [
              76.427541,
              29.78243
            ],
            [
              76.428193,
              29.787195
            ],
            [
              76.432541,
              29.787338
            ],
            [
              76.434541,
              29.78642
            ],
            [
              76.437126,
              29.787846
            ],
            [
              76.436916,
              29.789846
            ],
            [
              76.437541,
              29.790322
            ],
            [
              76.439541,
              29.788211
            ],
            [
              76.443541,
              29.787672
            ],
            [
              76.444541,
              29.792386
            ],
            [
              76.449061,
              29.791366
            ],
            [
              76.450541,
              29.789838
            ],
            [
              76.452971,
              29.790846
            ],
            [
              76.451541,
              29.793105
            ],
            [
              76.446146,
              29.793451
            ],
            [
              76.446864,
              29.794846
            ],
            [
              76.445135,
              29.79544
            ],
            [
              76.444828,
              29.797846
            ],
            [
              76.445541,
              29.798638
            ],
            [
              76.447291,
              29.798846
            ],
            [
              76.445622,
              29.800928
            ],
            [
              76.443541,
              29.799716
            ],
            [
              76.444254,
              29.797846
            ],
            [
              76.443906,
              29.794481
            ],
            [
              76.440249,
              29.794555
            ],
            [
              76.439541,
              29.797371
            ],
            [
              76.436294,
              29.795599
            ],
            [
              76.43727,
              29.799118
            ],
            [
              76.438928,
              29.799459
            ],
            [
              76.443541,
              29.8034
            ],
            [
              76.444541,
              29.803189
            ],
            [
              76.445541,
              29.804472
            ],
            [
              76.450541,
              29.805765
            ],
            [
              76.451255,
              29.806846
            ],
            [
              76.449541,
              29.807486
            ],
            [
              76.449224,
              29.806164
            ],
            [
              76.447992,
              29.806297
            ],
            [
              76.447541,
              29.808741
            ],
            [
              76.447062,
              29.806325
            ],
            [
              76.445126,
              29.805431
            ],
            [
              76.444692,
              29.809696
            ],
            [
              76.445789,
              29.809846
            ],
            [
              76.444541,
              29.809922
            ],
            [
              76.44429,
              29.809098
            ],
            [
              76.442984,
              29.809289
            ],
            [
              76.442541,
              29.81295
            ],
            [
              76.442078,
              29.811309
            ],
            [
              76.440541,
              29.811144
            ],
            [
              76.437541,
              29.809302
            ],
            [
              76.436185,
              29.80949
            ],
            [
              76.435541,
              29.811485
            ],
            [
              76.43422,
              29.810167
            ],
            [
              76.432541,
              29.810088
            ],
            [
              76.432198,
              29.814189
            ],
            [
              76.433541,
              29.813434
            ],
            [
              76.437541,
              29.816557
            ],
            [
              76.438381,
              29.815846
            ],
            [
              76.437809,
              29.814846
            ],
            [
              76.438541,
              29.814098
            ],
            [
              76.438946,
              29.817441
            ],
            [
              76.440346,
              29.817651
            ],
            [
              76.440541,
              29.816641
            ],
            [
              76.441428,
              29.817846
            ],
            [
              76.440541,
              29.818752
            ],
            [
              76.440351,
              29.818037
            ],
            [
              76.437541,
              29.818093
            ],
            [
              76.436541,
              29.81719
            ],
            [
              76.435541,
              29.819099
            ],
            [
              76.434541,
              29.816271
            ],
            [
              76.432541,
              29.818193
            ],
            [
              76.430541,
              29.817311
            ],
            [
              76.429998,
              29.817846
            ],
            [
              76.431009,
              29.818846
            ],
            [
              76.429127,
              29.820846
            ],
            [
              76.430068,
              29.821846
            ],
            [
              76.42988,
              29.823186
            ],
            [
              76.428541,
              29.822405
            ],
            [
              76.426171,
              29.824846
            ],
            [
              76.437541,
              29.825477
            ],
            [
              76.438321,
              29.824846
            ],
            [
              76.438541,
              29.821784
            ],
            [
              76.438726,
              29.823846
            ],
            [
              76.44005,
              29.825338
            ],
            [
              76.443624,
              29.825846
            ],
            [
              76.426295,
              29.8266
            ],
            [
              76.430541,
              29.831356
            ],
            [
              76.432931,
              29.831237
            ],
            [
              76.433541,
              29.828548
            ],
            [
              76.434123,
              29.830265
            ],
            [
              76.43603,
              29.830335
            ],
            [
              76.436541,
              29.828282
            ],
            [
              76.436995,
              29.830393
            ],
            [
              76.439929,
              29.830846
            ],
            [
              76.439308,
              29.832846
            ],
            [
              76.436871,
              29.833176
            ],
            [
              76.436541,
              29.834862
            ],
            [
              76.436014,
              29.831373
            ],
            [
              76.434541,
              29.831217
            ],
            [
              76.432958,
              29.832846
            ],
            [
              76.43658,
              29.836808
            ],
            [
              76.436541,
              29.838563
            ]
          ]
        ],
        "type": "Polygon"
      },
      "type": "Feature"
    },
    {
      "properties": {
        "fill-opacity": 0.33,
        "fillColor": "#bf4040",
        "opacity": 0.33,
        "fill": "#bf4040",
        "fillOpacity": 0.33,
        "color": "#bf4040",
        "contour": 6.0,
        "metric": "distance",
        "provider_name": "Janta Vaishno Dhaba",
        "zone_type": "distance",
        "distance_km": 6,
        "mode": "motorcycle",
        "center_lat": 29.8038468,
        "center_lon": 76.4035415,
        "label": "6km"
      },
      "geometry": {
        "coordinates": [
          [
            [
              76.419541,
              29.846046
            ],
            [
              76.418541,
              29.837329
            ],
            [
              76.416917,
              29.837846
            ],
            [
              76.416402,
              29.841846
            ],
            [
              76.416116,
              29.836846
            ],
            [
              76.418033,
              29.835846
            ],
            [
              76.416857,
              29.83453
            ],
            [
              76.415177,
              29.834483
            ],
            [
              76.413541,
              29.836207
            ],
            [
              76.412109,
              29.835414
            ],
            [
              76.411978,
              29.837409
            ],
            [
              76.413541,
              29.837977
            ],
            [
              76.410541,
              29.837966
            ],
            [
              76.41127,
              29.836846
            ],
            [
              76.410001,
              29.836307
            ],
            [
              76.408762,
              29.837846
            ],
            [
              76.408541,
              29.840234
            ],
            [
              76.408036,
              29.837352
            ],
            [
              76.406139,
              29.836444
            ],
            [
              76.40492,
              29.837846
            ],
            [
              76.404872,
              29.841515
            ],
            [
              76.407013,
              29.841846
            ],
            [
              76.404814,
              29.84212
            ],
            [
              76.404541,
              29.843621
            ],
            [
              76.403947,
              29.842846
            ],
            [
              76.404196,
              29.838846
            ],
            [
              76.402202,
              29.837846
            ],
            [
              76.403074,
              29.835846
            ],
            [
              76.401229,
              29.835158
            ],
            [
              76.401847,
              29.83354
            ],
            [
              76.400328,
              29.834059
            ],
            [
              76.399541,
              29.832276
            ],
            [
              76.397209,
              29.832515
            ],
            [
              76.396931,
              29.835846
            ],
            [
              76.397541,
              29.836563
            ],
            [
              76.400541,
              29.836743
            ],
            [
              76.400541,
              29.837455
            ],
            [
              76.397541,
              29.83713
            ],
            [
              76.396541,
              29.839059
            ],
            [
              76.394541,
              29.838022
            ],
            [
              76.393455,
              29.838933
            ],
            [
              76.392923,
              29.838846
            ],
            [
              76.393464,
              29.83777
            ],
            [
              76.395027,
              29.837333
            ],
            [
              76.394974,
              29.836413
            ],
            [
              76.389541,
              29.835905
            ],
            [
              76.388812,
              29.838846
            ],
            [
              76.389761,
              29.839846
            ],
            [
              76.388541,
              29.842239
            ],
            [
              76.387974,
              29.837413
            ],
            [
              76.384414,
              29.836846
            ],
            [
              76.387541,
              29.836511
            ],
            [
              76.388125,
              29.835846
            ],
            [
              76.387541,
              29.824506
            ],
            [
              76.385204,
              29.824509
            ],
            [
              76.384998,
              29.825304
            ],
            [
              76.383333,
              29.825639
            ],
            [
              76.382196,
              29.827846
            ],
            [
              76.383945,
              29.828442
            ],
            [
              76.384115,
              29.830846
            ],
            [
              76.383159,
              29.831229
            ],
            [
              76.382295,
              29.8296
            ],
            [
              76.379057,
              29.834846
            ],
            [
              76.380806,
              29.835582
            ],
            [
              76.380785,
              29.83709
            ],
            [
              76.379541,
              29.83628
            ],
            [
              76.377999,
              29.836846
            ],
            [
              76.379048,
              29.838339
            ],
            [
              76.380666,
              29.838721
            ],
            [
              76.38057,
              29.840846
            ],
            [
              76.380541,
              29.840868
            ],
            [
              76.380436,
              29.839846
            ],
            [
              76.380174,
              29.839213
            ],
            [
              76.378541,
              29.839146
            ],
            [
              76.377728,
              29.841846
            ],
            [
              76.377746,
              29.842641
            ],
            [
              76.379034,
              29.842846
            ],
            [
              76.378541,
              29.843742
            ],
            [
              76.378408,
              29.842979
            ],
            [
              76.377479,
              29.842909
            ],
            [
              76.376541,
              29.841115
            ],
            [
              76.375613,
              29.842918
            ],
            [
              76.374623,
              29.842929
            ],
            [
              76.374541,
              29.843952
            ],
            [
              76.372971,
              29.841846
            ],
            [
              76.373541,
              29.840583
            ],
            [
              76.373664,
              29.841723
            ],
            [
              76.375162,
              29.841467
            ],
            [
              76.376216,
              29.839846
            ],
            [
              76.374355,
              29.837846
            ],
            [
              76.374541,
              29.835104
            ],
            [
              76.374934,
              29.837453
            ],
            [
              76.376928,
              29.837233
            ],
            [
              76.378025,
              29.834846
            ],
            [
              76.376211,
              29.834176
            ],
            [
              76.376093,
              29.831846
            ],
            [
              76.376839,
              29.831548
            ],
            [
              76.377206,
              29.833182
            ],
            [
              76.378541,
              29.833306
            ],
            [
              76.379801,
              29.830587
            ],
            [
              76.377541,
              29.830415
            ],
            [
              76.376972,
              29.829416
            ],
            [
              76.374541,
              29.829395
            ],
            [
              76.373541,
              29.830544
            ],
            [
              76.372059,
              29.830328
            ],
            [
              76.372877,
              29.82851
            ],
            [
              76.370196,
              29.827191
            ],
            [
              76.368541,
              29.825439
            ],
            [
              76.367061,
              29.826846
            ],
            [
              76.366955,
              29.829846
            ],
            [
              76.365666,
              29.830846
            ],
            [
              76.365929,
              29.831458
            ],
            [
              76.367998,
              29.831303
            ],
            [
              76.368541,
              29.828703
            ],
            [
              76.369104,
              29.831283
            ],
            [
              76.37202,
              29.830367
            ],
            [
              76.370814,
              29.832119
            ],
            [
              76.36911,
              29.832415
            ],
            [
              76.368541,
              29.835047
            ],
            [
              76.367541,
              29.832151
            ],
            [
              76.364963,
              29.832269
            ],
            [
              76.364541,
              29.834565
            ],
            [
              76.36438,
              29.832846
            ],
            [
              76.362541,
              29.830225
            ],
            [
              76.360044,
              29.83135
            ],
            [
              76.359621,
              29.832926
            ],
            [
              76.357541,
              29.833464
            ],
            [
              76.357498,
              29.832803
            ],
            [
              76.359301,
              29.830846
            ],
            [
              76.358541,
              29.830066
            ],
            [
              76.356108,
              29.829846
            ],
            [
              76.361541,
              29.829478
            ],
            [
              76.362914,
              29.82822
            ],
            [
              76.362541,
              29.82729
            ],
            [
              76.358342,
              29.827045
            ],
            [
              76.359541,
              29.824606
            ],
            [
              76.360541,
              29.826469
            ],
            [
              76.361541,
              29.824476
            ],
            [
              76.362541,
              29.826403
            ],
            [
              76.365853,
              29.826159
            ],
            [
              76.365853,
              29.823534
            ],
            [
              76.363071,
              29.822846
            ],
            [
              76.363541,
              29.820445
            ],
            [
              76.36589,
              29.820846
            ],
            [
              76.364146,
              29.821452
            ],
            [
              76.364186,
              29.822201
            ],
            [
              76.368541,
              29.822268
            ],
            [
              76.369915,
              29.823221
            ],
            [
              76.369925,
              29.820846
            ],
            [
              76.367996,
              29.817846
            ],
            [
              76.368038,
              29.815846
            ],
            [
              76.367012,
              29.814846
            ],
            [
              76.365781,
              29.809607
            ],
            [
              76.364541,
              29.811447
            ],
            [
              76.363541,
              29.810455
            ],
            [
              76.361251,
              29.810556
            ],
            [
              76.362049,
              29.811846
            ],
            [
              76.361541,
              29.815288
            ],
            [
              76.358294,
              29.815094
            ],
            [
              76.35817,
              29.814475
            ],
            [
              76.360908,
              29.814213
            ],
            [
              76.360541,
              29.813333
            ],
            [
              76.358541,
              29.813277
            ],
            [
              76.357541,
              29.814217
            ],
            [
              76.355541,
              29.813258
            ],
            [
              76.354541,
              29.815134
            ],
            [
              76.353021,
              29.814326
            ],
            [
              76.352541,
              29.816658
            ],
            [
              76.35234,
              29.815047
            ],
            [
              76.348825,
              29.814846
            ],
            [
              76.351149,
              29.814455
            ],
            [
              76.352042,
              29.813347
            ],
            [
              76.352101,
              29.812286
            ],
            [
              76.349526,
              29.811846
            ],
            [
              76.351188,
              29.811493
            ],
            [
              76.351414,
              29.810719
            ],
            [
              76.355541,
              29.810426
            ],
            [
              76.356541,
              29.809434
            ],
            [
              76.357541,
              29.81036
            ],
            [
              76.359541,
              29.810309
            ],
            [
              76.362541,
              29.808276
            ],
            [
              76.363541,
              29.809237
            ],
            [
              76.364541,
              29.808218
            ],
            [
              76.366541,
              29.80807
            ],
            [
              76.367111,
              29.805416
            ],
            [
              76.370541,
              29.803201
            ],
            [
              76.371541,
              29.80614
            ],
            [
              76.372824,
              29.805846
            ],
            [
              76.371837,
              29.804846
            ],
            [
              76.372541,
              29.804143
            ],
            [
              76.374541,
              29.805117
            ],
            [
              76.375541,
              29.804122
            ],
            [
              76.377541,
              29.805097
            ],
            [
              76.378541,
              29.804089
            ],
            [
              76.380695,
              29.804001
            ],
            [
              76.378541,
              29.802477
            ],
            [
              76.377131,
              29.803256
            ],
            [
              76.376541,
              29.80148
            ],
            [
              76.374541,
              29.801452
            ],
            [
              76.373541,
              29.802417
            ],
            [
              76.372541,
              29.801417
            ],
            [
              76.366541,
              29.80128
            ],
            [
              76.36572,
              29.803025
            ],
            [
              76.364655,
              29.80296
            ],
            [
              76.364541,
              29.803978
            ],
            [
              76.362085,
              29.801303
            ],
            [
              76.358729,
              29.800846
            ],
            [
              76.36204,
              29.800346
            ],
            [
              76.362541,
              29.797056
            ],
            [
              76.363063,
              29.800324
            ],
            [
              76.364541,
              29.80049
            ],
            [
              76.365541,
              29.799463
            ],
            [
              76.366909,
              29.800214
            ],
            [
              76.366178,
              29.799209
            ],
            [
              76.366132,
              29.796255
            ],
            [
              76.365397,
              29.795846
            ],
            [
              76.366765,
              29.795622
            ],
            [
              76.36686,
              29.797846
            ],
            [
              76.368185,
              29.800202
            ],
            [
              76.373811,
              29.800116
            ],
            [
              76.375001,
              29.797846
            ],
            [
              76.373848,
              29.796539
            ],
            [
              76.367227,
              29.79516
            ],
            [
              76.366062,
              29.793325
            ],
            [
              76.364541,
              29.793176
            ],
            [
              76.363273,
              29.791846
            ],
            [
              76.364396,
              29.791702
            ],
            [
              76.364541,
              29.791058
            ],
            [
              76.365541,
              29.790995
            ],
            [
              76.36593,
              29.792457
            ],
            [
              76.368105,
              29.794283
            ],
            [
              76.370541,
              29.794404
            ],
            [
              76.371541,
              29.795365
            ],
            [
              76.374541,
              29.795305
            ],
            [
              76.375541,
              29.796277
            ],
            [
              76.377169,
              29.794475
            ],
            [
              76.378991,
              29.794296
            ],
            [
              76.375541,
              29.791282
            ],
            [
              76.37077,
              29.791075
            ],
            [
              76.370541,
              29.792248
            ],
            [
              76.370465,
              29.79077
            ],
            [
              76.372238,
              29.789846
            ],
            [
              76.370397,
              29.78699
            ],
            [
              76.369373,
              29.786846
            ],
            [
              76.37134,
              29.786645
            ],
            [
              76.371541,
              29.78548
            ],
            [
              76.371737,
              29.787846
            ],
            [
              76.373086,
              29.789302
            ],
            [
              76.377828,
              29.790559
            ],
            [
              76.378541,
              29.792316
            ],
            [
              76.38001,
              29.791846
            ],
            [
              76.380176,
              29.786846
            ],
            [
              76.379541,
              29.786124
            ],
            [
              76.372541,
              29.780502
            ],
            [
              76.371157,
              29.780462
            ],
            [
              76.36968,
              29.782985
            ],
            [
              76.368351,
              29.783036
            ],
            [
              76.369256,
              29.781846
            ],
            [
              76.369005,
              29.780382
            ],
            [
              76.366541,
              29.780017
            ],
            [
              76.365679,
              29.778846
            ],
            [
              76.366599,
              29.778788
            ],
            [
              76.366874,
              29.779513
            ],
            [
              76.369541,
              29.779521
            ],
            [
              76.369904,
              29.778484
            ],
            [
              76.367306,
              29.777082
            ],
            [
              76.366051,
              29.775337
            ],
            [
              76.364093,
              29.774846
            ],
            [
              76.363396,
              29.773701
            ],
            [
              76.365541,
              29.773291
            ],
            [
              76.368112,
              29.776275
            ],
            [
              76.371541,
              29.776431
            ],
            [
              76.373189,
              29.774846
            ],
            [
              76.37337,
              29.772017
            ],
            [
              76.372541,
              29.771398
            ],
            [
              76.373593,
              29.771795
            ],
            [
              76.374781,
              29.773846
            ],
            [
              76.372993,
              29.776846
            ],
            [
              76.373227,
              29.77916
            ],
            [
              76.375541,
              29.780263
            ],
            [
              76.379951,
              29.780437
            ],
            [
              76.380312,
              29.783075
            ],
            [
              76.383744,
              29.78505
            ],
            [
              76.384541,
              29.782965
            ],
            [
              76.386852,
              29.782846
            ],
            [
              76.384904,
              29.782483
            ],
            [
              76.384616,
              29.781846
            ],
            [
              76.38508,
              29.777308
            ],
            [
              76.381978,
              29.776846
            ],
            [
              76.386008,
              29.776313
            ],
            [
              76.38647,
              29.772846
            ],
            [
              76.384541,
              29.772187
            ],
            [
              76.38341,
              29.772977
            ],
            [
              76.382377,
              29.771682
            ],
            [
              76.384541,
              29.771505
            ],
            [
              76.385002,
              29.770385
            ],
            [
              76.38116,
              29.769846
            ],
            [
              76.385018,
              29.769323
            ],
            [
              76.385541,
              29.765503
            ],
            [
              76.385867,
              29.769846
            ],
            [
              76.387541,
              29.771387
            ],
            [
              76.388541,
              29.769455
            ],
            [
              76.389541,
              29.771338
            ],
            [
              76.391541,
              29.769276
            ],
            [
              76.394922,
              29.768846
            ],
            [
              76.392831,
              29.766556
            ],
            [
              76.391187,
              29.7662
            ],
            [
              76.388915,
              29.763472
            ],
            [
              76.387289,
              29.763099
            ],
            [
              76.384409,
              29.759715
            ],
            [
              76.385675,
              29.759712
            ],
            [
              76.388134,
              29.762254
            ],
            [
              76.389832,
              29.762556
            ],
            [
              76.39629,
              29.768098
            ],
            [
              76.398541,
              29.76819
            ],
            [
              76.39894,
              29.764846
            ],
            [
              76.397005,
              29.763846
            ],
            [
              76.39999,
              29.762295
            ],
            [
              76.399862,
              29.761526
            ],
            [
              76.396541,
              29.761263
            ],
            [
              76.395541,
              29.762168
            ],
            [
              76.393385,
              29.762002
            ],
            [
              76.392956,
              29.756846
            ],
            [
              76.399941,
              29.757246
            ],
            [
              76.400037,
              29.75535
            ],
            [
              76.398534,
              29.754846
            ],
            [
              76.399374,
              29.754679
            ],
            [
              76.399453,
              29.753758
            ],
            [
              76.401148,
              29.753454
            ],
            [
              76.401541,
              29.75136
            ],
            [
              76.401758,
              29.753846
            ],
            [
              76.400834,
              29.754846
            ],
            [
              76.401143,
              29.757245
            ],
            [
              76.403541,
              29.758527
            ],
            [
              76.40827,
              29.758846
            ],
            [
              76.402541,
              29.75919
            ],
            [
              76.401198,
              29.760503
            ],
            [
              76.401221,
              29.761166
            ],
            [
              76.403024,
              29.761846
            ],
            [
              76.400092,
              29.762397
            ],
            [
              76.401119,
              29.763846
            ],
            [
              76.400159,
              29.765846
            ],
            [
              76.401541,
              29.766241
            ],
            [
              76.402541,
              29.76527
            ],
            [
              76.403132,
              29.766846
            ],
            [
              76.400298,
              29.767603
            ],
            [
              76.401315,
              29.770073
            ],
            [
              76.402541,
              29.769207
            ],
            [
              76.403541,
              29.771193
            ],
            [
              76.408766,
              29.771071
            ],
            [
              76.40879,
              29.769597
            ],
            [
              76.407541,
              29.770431
            ],
            [
              76.406948,
              29.768846
            ],
            [
              76.408797,
              29.768102
            ],
            [
              76.409009,
              29.764846
            ],
            [
              76.411044,
              29.762846
            ],
            [
              76.410809,
              29.759846
            ],
            [
              76.411956,
              29.759261
            ],
            [
              76.413541,
              29.754852
            ],
            [
              76.414541,
              29.754362
            ],
            [
              76.414641,
              29.755846
            ],
            [
              76.413849,
              29.756154
            ],
            [
              76.412899,
              29.758846
            ],
            [
              76.418224,
              29.760846
            ],
            [
              76.417965,
              29.761846
            ],
            [
              76.417541,
              29.762532
            ],
            [
              76.417338,
              29.76105
            ],
            [
              76.412144,
              29.760449
            ],
            [
              76.41219,
              29.762198
            ],
            [
              76.414926,
              29.762846
            ],
            [
              76.412199,
              29.763505
            ],
            [
              76.411093,
              29.764846
            ],
            [
              76.411261,
              29.766126
            ],
            [
              76.417541,
              29.765146
            ],
            [
              76.420194,
              29.771194
            ],
            [
              76.422541,
              29.771447
            ],
            [
              76.423541,
              29.772489
            ],
            [
              76.426963,
              29.772269
            ],
            [
              76.430516,
              29.768821
            ],
            [
              76.431253,
              29.768846
            ],
            [
              76.430619,
              29.768925
            ],
            [
              76.430614,
              29.76992
            ],
            [
              76.429046,
              29.771351
            ],
            [
              76.429069,
              29.772319
            ],
            [
              76.433334,
              29.772846
            ],
            [
              76.426152,
              29.773457
            ],
            [
              76.424973,
              29.775846
            ],
            [
              76.427738,
              29.776649
            ],
            [
              76.427541,
              29.780404
            ],
            [
              76.427016,
              29.777372
            ],
            [
              76.423541,
              29.777251
            ],
            [
              76.42193,
              29.778846
            ],
            [
              76.424871,
              29.779846
            ],
            [
              76.423541,
              29.781197
            ],
            [
              76.421192,
              29.781498
            ],
            [
              76.42122,
              29.782167
            ],
            [
              76.425541,
              29.782444
            ],
            [
              76.428235,
              29.78054
            ],
            [
              76.430323,
              29.780629
            ],
            [
              76.430489,
              29.779795
            ],
            [
              76.431544,
              29.779846
            ],
            [
              76.430688,
              29.779994
            ],
            [
              76.430608,
              29.780913
            ],
            [
              76.428978,
              29.781283
            ],
            [
              76.428155,
              29.78246
            ],
            [
              76.428312,
              29.787075
            ],
            [
              76.432541,
              29.787176
            ],
            [
              76.434541,
              29.786211
            ],
            [
              76.435541,
              29.787212
            ],
            [
              76.437541,
              29.787491
            ],
            [
              76.443541,
              29.787299
            ],
            [
              76.444541,
              29.792197
            ],
            [
              76.445819,
              29.792124
            ],
            [
              76.446541,
              29.790441
            ],
            [
              76.447207,
              29.79118
            ],
            [
              76.448829,
              29.791134
            ],
            [
              76.450206,
              29.789512
            ],
            [
              76.453053,
              29.788358
            ],
            [
              76.453173,
              29.787214
            ],
            [
              76.451733,
              29.786846
            ],
            [
              76.451541,
              29.785834
            ],
            [
              76.452629,
              29.785846
            ],
            [
              76.454541,
              29.787533
            ],
            [
              76.458578,
              29.787809
            ],
            [
              76.458555,
              29.78986
            ],
            [
              76.455923,
              29.791846
            ],
            [
              76.456793,
              29.792846
            ],
            [
              76.456541,
              29.79597
            ],
            [
              76.454541,
              29.793253
            ],
            [
              76.453541,
              29.797009
            ],
            [
              76.452954,
              29.794434
            ],
            [
              76.451541,
              29.794332
            ],
            [
              76.450541,
              29.793383
            ],
            [
              76.446541,
              29.793469
            ],
            [
              76.447137,
              29.794846
            ],
            [
              76.445289,
              29.795594
            ],
            [
              76.445125,
              29.797846
            ],
            [
              76.451789,
              29.798599
            ],
            [
              76.451541,
              29.799218
            ],
            [
              76.447216,
              29.799521
            ],
            [
              76.448541,
              29.801446
            ],
            [
              76.455548,
              29.80184
            ],
            [
              76.455543,
              29.801848
            ],
            [
              76.454634,
              29.80194
            ],
            [
              76.451541,
              29.802122
            ],
            [
              76.451071,
              29.802376
            ],
            [
              76.451536,
              29.805841
            ],
            [
              76.456737,
              29.80865
            ],
            [
              76.45771,
              29.810678
            ],
            [
              76.458591,
              29.810846
            ],
            [
              76.458541,
              29.812083
            ],
            [
              76.457362,
              29.811846
            ],
            [
              76.455541,
              29.809192
            ],
            [
              76.453862,
              29.809167
            ],
            [
              76.453684,
              29.809846
            ],
            [
              76.453841,
              29.810546
            ],
            [
              76.455528,
              29.810846
            ],
            [
              76.451541,
              29.811133
            ],
            [
              76.450541,
              29.812976
            ],
            [
              76.450002,
              29.811385
            ],
            [
              76.446541,
              29.81131
            ],
            [
              76.443541,
              29.809401
            ],
            [
              76.442541,
              29.813374
            ],
            [
              76.441831,
              29.811557
            ],
            [
              76.437541,
              29.809494
            ],
            [
              76.436185,
              29.809846
            ],
            [
              76.436206,
              29.811182
            ],
            [
              76.439817,
              29.81257
            ],
            [
              76.441106,
              29.814282
            ],
            [
              76.442712,
              29.814675
            ],
            [
              76.443815,
              29.816572
            ],
            [
              76.445416,
              29.816846
            ],
            [
              76.443541,
              29.816977
            ],
            [
              76.441541,
              29.815173
            ],
            [
              76.441045,
              29.816846
            ],
            [
              76.442198,
              29.81819
            ],
            [
              76.444874,
              29.818514
            ],
            [
              76.445541,
              29.819474
            ],
            [
              76.447153,
              29.819458
            ],
            [
              76.448503,
              29.818809
            ],
            [
              76.449563,
              29.818846
            ],
            [
              76.448609,
              29.818914
            ],
            [
              76.448921,
              29.820466
            ],
            [
              76.450541,
              29.820615
            ],
            [
              76.450916,
              29.821846
            ],
            [
              76.449635,
              29.821941
            ],
            [
              76.448768,
              29.826074
            ],
            [
              76.442753,
              29.826846
            ],
            [
              76.44314,
              29.830247
            ],
            [
              76.447143,
              29.830448
            ],
            [
              76.447541,
              29.828653
            ],
            [
              76.447889,
              29.830499
            ],
            [
              76.450148,
              29.830846
            ],
            [
              76.449541,
              29.831446
            ],
            [
              76.449419,
              29.830969
            ],
            [
              76.443147,
              29.831452
            ],
            [
              76.442908,
              29.832846
            ],
            [
              76.443804,
              29.833846
            ],
            [
              76.443541,
              29.83755
            ],
            [
              76.442837,
              29.836846
            ],
            [
              76.44331,
              29.834846
            ],
            [
              76.442222,
              29.833846
            ],
            [
              76.441541,
              29.831299
            ],
            [
              76.440813,
              29.834118
            ],
            [
              76.439541,
              29.83334
            ],
            [
              76.437541,
              29.83338
            ],
            [
              76.436877,
              29.835182
            ],
            [
              76.436066,
              29.835372
            ],
            [
              76.438829,
              29.838558
            ],
            [
              76.439147,
              29.840241
            ],
            [
              76.441713,
              29.841674
            ],
            [
              76.443541,
              29.84529
            ],
            [
              76.441541,
              29.844647
            ],
            [
              76.440541,
              29.843454
            ],
            [
              76.438489,
              29.843898
            ],
            [
              76.436333,
              29.841846
            ],
            [
              76.437987,
              29.841292
            ],
            [
              76.437918,
              29.840469
            ],
            [
              76.436267,
              29.84012
            ],
            [
              76.435541,
              29.838376
            ],
            [
              76.434236,
              29.839151
            ],
            [
              76.431792,
              29.834595
            ],
            [
              76.425541,
              29.834355
            ],
            [
              76.423103,
              29.834846
            ],
            [
              76.424885,
              29.835503
            ],
            [
              76.427541,
              29.838444
            ],
            [
              76.428756,
              29.837631
            ],
            [
              76.429097,
              29.839291
            ],
            [
              76.43163,
              29.841846
            ],
            [
              76.431541,
              29.84348
            ],
            [
              76.431349,
              29.842038
            ],
            [
              76.430101,
              29.841287
            ],
            [
              76.428918,
              29.841223
            ],
            [
              76.42844,
              29.841947
            ],
            [
              76.427963,
              29.839425
            ],
            [
              76.426267,
              29.839121
            ],
            [
              76.42386,
              29.836528
            ],
            [
              76.420541,
              29.836393
            ],
            [
              76.419541,
              29.846046
            ]
          ]
        ],
        "type": "Polygon"
      },
      "type": "Feature"
    }
  ]
}