{
  "type": "FeatureCollection",
  "metadata": {
    "provider_name": "Pizza Wings",
    "center_lat": 29.97020789,
    "center_lon": 76.83803324,
    "mode": "motorcycle",
    "total_zones": 4,
    "distance_zones": [
      3,
      4,
      5,
      6
    ],
    "generated_at": "2025-12-26T09:40:58.759092Z"
  },
  "features": [
    {
      "properties": {
        "fill-opacity": 0.33,
        "fillColor": "#bf4040",
        "opacity": 0.33,
        "fill": "#bf4040",
        "fillOpacity": 0.33,
        "color": "#bf4040",
        "contour": 3.0,
        "metric": "distance",
        "provider_name": "Pizza Wings",
        "zone_type": "distance",
        "distance_km": 3,
        "mode": "motorcycle",
        "center_lat": 29.97020789,
        "center_lon": 76.83803324,
        "label": "3km"
      },
      "geometry": {
        "coordinates": [
          [
            [
              76.830033,
              29.990275
            ],
            [
              76.828564,
              29.987676
            ],
            [
              76.826019,
              29.988207
            ],
            [
              76.826852,
              29.985027
            ],
            [
              76.828622,
              29.984207
            ],
            [
              76.828373,
              29.981867
            ],
            [
              76.825543,
              29.981207
            ],
            [
              76.826502,
              29.980207
            ],
            [
              76.826033,
              29.978746
            ],
            [
              76.823446,
              29.981207
            ],
            [
              76.823125,
              29.986299
            ],
            [
              76.822033,
              29.982567
            ],
            [
              76.819114,
              29.985288
            ],
            [
              76.817725,
              29.985515
            ],
            [
              76.818791,
              29.984965
            ],
            [
              76.818971,
              29.982145
            ],
            [
              76.820033,
              29.982941
            ],
            [
              76.822422,
              29.980596
            ],
            [
              76.822572,
              29.978207
            ],
            [
              76.822033,
              29.977685
            ],
            [
              76.817033,
              29.980391
            ],
            [
              76.815197,
              29.980372
            ],
            [
              76.815033,
              29.981034
            ],
            [
              76.814978,
              29.980153
            ],
            [
              76.816649,
              29.979823
            ],
            [
              76.816877,
              29.979051
            ],
            [
              76.820582,
              29.977207
            ],
            [
              76.820033,
              29.976653
            ],
            [
              76.814033,
              29.976353
            ],
            [
              76.817033,
              29.975899
            ],
            [
              76.817498,
              29.974742
            ],
            [
              76.816033,
              29.973478
            ],
            [
              76.811506,
              29.973207
            ],
            [
              76.813674,
              29.972849
            ],
            [
              76.813826,
              29.972207
            ],
            [
              76.811724,
              29.970516
            ],
            [
              76.809713,
              29.970207
            ],
            [
              76.813374,
              29.967549
            ],
            [
              76.811024,
              29.963207
            ],
            [
              76.813033,
              29.962857
            ],
            [
              76.81338,
              29.963861
            ],
            [
              76.815033,
              29.963923
            ],
            [
              76.816033,
              29.964871
            ],
            [
              76.817512,
              29.962728
            ],
            [
              76.814808,
              29.962207
            ],
            [
              76.815755,
              29.96193
            ],
            [
              76.816905,
              29.95908
            ],
            [
              76.818462,
              29.960207
            ],
            [
              76.818192,
              29.961207
            ],
            [
              76.819033,
              29.962001
            ],
            [
              76.819759,
              29.961934
            ],
            [
              76.821033,
              29.95878
            ],
            [
              76.823493,
              29.958747
            ],
            [
              76.824602,
              29.959207
            ],
            [
              76.822033,
              29.959409
            ],
            [
              76.821327,
              29.960207
            ],
            [
              76.822493,
              29.964207
            ],
            [
              76.824033,
              29.964664
            ],
            [
              76.82632,
              29.963495
            ],
            [
              76.826527,
              29.961207
            ],
            [
              76.825209,
              29.958383
            ],
            [
              76.827425,
              29.9576
            ],
            [
              76.827689,
              29.955207
            ],
            [
              76.824564,
              29.952207
            ],
            [
              76.825033,
              29.951339
            ],
            [
              76.829323,
              29.952207
            ],
            [
              76.831271,
              29.954207
            ],
            [
              76.830033,
              29.95502
            ],
            [
              76.82983,
              29.95441
            ],
            [
              76.82854,
              29.954715
            ],
            [
              76.828422,
              29.956207
            ],
            [
              76.82989,
              29.95735
            ],
            [
              76.832033,
              29.957668
            ],
            [
              76.832457,
              29.956783
            ],
            [
              76.830735,
              29.95591
            ],
            [
              76.833297,
              29.955207
            ],
            [
              76.832714,
              29.953207
            ],
            [
              76.834306,
              29.952481
            ],
            [
              76.834699,
              29.951207
            ],
            [
              76.840033,
              29.946914
            ],
            [
              76.841033,
              29.94876
            ],
            [
              76.844667,
              29.948574
            ],
            [
              76.846033,
              29.951321
            ],
            [
              76.848033,
              29.95169
            ],
            [
              76.848275,
              29.952965
            ],
            [
              76.850033,
              29.95331
            ],
            [
              76.852033,
              29.956056
            ],
            [
              76.854033,
              29.95574
            ],
            [
              76.855033,
              29.956583
            ],
            [
              76.856033,
              29.955782
            ],
            [
              76.860033,
              29.957992
            ],
            [
              76.857033,
              29.964971
            ],
            [
              76.85877,
              29.966207
            ],
            [
              76.858867,
              29.967373
            ],
            [
              76.864033,
              29.970769
            ],
            [
              76.864455,
              29.973785
            ],
            [
              76.865809,
              29.973984
            ],
            [
              76.866033,
              29.972746
            ],
            [
              76.867285,
              29.974207
            ],
            [
              76.864902,
              29.976207
            ],
            [
              76.86242,
              29.975595
            ],
            [
              76.862033,
              29.978946
            ],
            [
              76.86124,
              29.978207
            ],
            [
              76.861872,
              29.978046
            ],
            [
              76.861607,
              29.976634
            ],
            [
              76.859578,
              29.975753
            ],
            [
              76.859283,
              29.977457
            ],
            [
              76.857304,
              29.979207
            ],
            [
              76.857406,
              29.980834
            ],
            [
              76.859381,
              29.981207
            ],
            [
              76.858033,
              29.982978
            ],
            [
              76.856767,
              29.982207
            ],
            [
              76.856033,
              29.980482
            ],
            [
              76.853429,
              29.980604
            ],
            [
              76.852349,
              29.981524
            ],
            [
              76.852033,
              29.983189
            ],
            [
              76.850155,
              29.982085
            ],
            [
              76.850007,
              29.981181
            ],
            [
              76.851012,
              29.980207
            ],
            [
              76.850508,
              29.979732
            ],
            [
              76.847642,
              29.980817
            ],
            [
              76.847927,
              29.984207
            ],
            [
              76.845382,
              29.985207
            ],
            [
              76.845033,
              29.990104
            ],
            [
              76.844445,
              29.984796
            ],
            [
              76.841552,
              29.985727
            ],
            [
              76.840033,
              29.987349
            ],
            [
              76.838039,
              29.987207
            ],
            [
              76.839749,
              29.986924
            ],
            [
              76.840857,
              29.985031
            ],
            [
              76.842666,
              29.984207
            ],
            [
              76.840033,
              29.981752
            ],
            [
              76.837697,
              29.982872
            ],
            [
              76.836329,
              29.984504
            ],
            [
              76.834627,
              29.984802
            ],
            [
              76.834192,
              29.986367
            ],
            [
              76.831033,
              29.988454
            ],
            [
              76.830033,
              29.990275
            ]
          ]
        ],
        "type": "Polygon"
      },
      "type": "Feature"
    },
    {
      "properties": {
        "fill-opacity": 0.33,
        "fillColor": "#bf4040",
        "opacity": 0.33,
        "fill": "#bf4040",
        "fillOpacity": 0.33,
        "color": "#bf4040",
        "contour": 4.0,
        "metric": "distance",
        "provider_name": "Pizza Wings",
        "zone_type": "distance",
        "distance_km": 4,
        "mode": "motorcycle",
        "center_lat": 29.97020789,
        "center_lon": 76.83803324,
        "label": "4km"
      },
      "geometry": {
        "coordinates": [
          [
            [
              76.827033,
              29.998324
            ],
            [
              76.826819,
              29.997421
            ],
            [
              76.825112,
              29.997286
            ],
            [
              76.825033,
              29.997941
            ],
            [
              76.82497,
              29.99727
            ],
            [
              76.825109,
              29.996207
            ],
            [
              76.826617,
              29.995791
            ],
            [
              76.826731,
              29.994509
            ],
            [
              76.821586,
              29.993207
            ],
            [
              76.822033,
              29.992345
            ],
            [
              76.82213,
              29.99311
            ],
            [
              76.823702,
              29.992877
            ],
            [
              76.824033,
              29.990777
            ],
            [
              76.825033,
              29.991049
            ],
            [
              76.826033,
              29.990046
            ],
            [
              76.826563,
              29.991677
            ],
            [
              76.82763,
              29.991207
            ],
            [
              76.827617,
              29.988791
            ],
            [
              76.828481,
              29.988207
            ],
            [
              76.828033,
              29.987773
            ],
            [
              76.82749,
              29.988665
            ],
            [
              76.826033,
              29.988711
            ],
            [
              76.825521,
              29.987207
            ],
            [
              76.826647,
              29.984822
            ],
            [
              76.828291,
              29.984465
            ],
            [
              76.828382,
              29.982207
            ],
            [
              76.825591,
              29.981649
            ],
            [
              76.82624,
              29.979
            ],
            [
              76.823663,
              29.981207
            ],
            [
              76.823391,
              29.986565
            ],
            [
              76.822496,
              29.986207
            ],
            [
              76.822033,
              29.982817
            ],
            [
              76.812033,
              29.992277
            ],
            [
              76.810584,
              29.992207
            ],
            [
              76.811736,
              29.990911
            ],
            [
              76.811549,
              29.988207
            ],
            [
              76.812059,
              29.988182
            ],
            [
              76.812422,
              29.989818
            ],
            [
              76.813508,
              29.989683
            ],
            [
              76.816556,
              29.986207
            ],
            [
              76.816033,
              29.985661
            ],
            [
              76.815458,
              29.986632
            ],
            [
              76.814753,
              29.986487
            ],
            [
              76.814747,
              29.984922
            ],
            [
              76.818345,
              29.984519
            ],
            [
              76.818683,
              29.981858
            ],
            [
              76.820033,
              29.98263
            ],
            [
              76.822278,
              29.980453
            ],
            [
              76.822262,
              29.977979
            ],
            [
              76.815714,
              29.980888
            ],
            [
              76.815033,
              29.982638
            ],
            [
              76.813033,
              29.981666
            ],
            [
              76.810608,
              29.982783
            ],
            [
              76.808033,
              29.986457
            ],
            [
              76.807642,
              29.984598
            ],
            [
              76.80623,
              29.984405
            ],
            [
              76.806064,
              29.985239
            ],
            [
              76.805131,
              29.985207
            ],
            [
              76.805939,
              29.985114
            ],
            [
              76.80597,
              29.984145
            ],
            [
              76.807595,
              29.983769
            ],
            [
              76.807985,
              29.98216
            ],
            [
              76.809033,
              29.982905
            ],
            [
              76.8116,
              29.981207
            ],
            [
              76.809816,
              29.980424
            ],
            [
              76.809575,
              29.978665
            ],
            [
              76.807482,
              29.978207
            ],
            [
              76.810033,
              29.977969
            ],
            [
              76.810588,
              29.979652
            ],
            [
              76.814033,
              29.980719
            ],
            [
              76.820387,
              29.977207
            ],
            [
              76.813673,
              29.976567
            ],
            [
              76.814033,
              29.975668
            ],
            [
              76.817299,
              29.975474
            ],
            [
              76.816033,
              29.973786
            ],
            [
              76.810033,
              29.973666
            ],
            [
              76.809033,
              29.974602
            ],
            [
              76.807792,
              29.974449
            ],
            [
              76.809033,
              29.972775
            ],
            [
              76.813334,
              29.972509
            ],
            [
              76.811033,
              29.970737
            ],
            [
              76.810033,
              29.971678
            ],
            [
              76.805593,
              29.970768
            ],
            [
              76.805197,
              29.972207
            ],
            [
              76.806033,
              29.973996
            ],
            [
              76.803874,
              29.972366
            ],
            [
              76.801861,
              29.969207
            ],
            [
              76.802819,
              29.968207
            ],
            [
              76.802759,
              29.966934
            ],
            [
              76.804033,
              29.966247
            ],
            [
              76.804644,
              29.967596
            ],
            [
              76.806671,
              29.968207
            ],
            [
              76.803056,
              29.965185
            ],
            [
              76.802677,
              29.962563
            ],
            [
              76.801459,
              29.962207
            ],
            [
              76.802595,
              29.96077
            ],
            [
              76.801739,
              29.959207
            ],
            [
              76.804272,
              29.958207
            ],
            [
              76.808726,
              29.957901
            ],
            [
              76.810283,
              29.955207
            ],
            [
              76.813033,
              29.954221
            ],
            [
              76.814033,
              29.954918
            ],
            [
              76.815033,
              29.953596
            ],
            [
              76.817033,
              29.955844
            ],
            [
              76.820753,
              29.954928
            ],
            [
              76.821106,
              29.954135
            ],
            [
              76.822156,
              29.955085
            ],
            [
              76.821959,
              29.956207
            ],
            [
              76.818581,
              29.956756
            ],
            [
              76.819033,
              29.957926
            ],
            [
              76.825033,
              29.957751
            ],
            [
              76.825841,
              29.957207
            ],
            [
              76.825761,
              29.955936
            ],
            [
              76.826224,
              29.957207
            ],
            [
              76.82728,
              29.957454
            ],
            [
              76.82731,
              29.95493
            ],
            [
              76.826033,
              29.954614
            ],
            [
              76.824033,
              29.955924
            ],
            [
              76.822165,
              29.954207
            ],
            [
              76.823399,
              29.950841
            ],
            [
              76.818941,
              29.950299
            ],
            [
              76.818822,
              29.948418
            ],
            [
              76.817768,
              29.948207
            ],
            [
              76.819033,
              29.946913
            ],
            [
              76.820337,
              29.947903
            ],
            [
              76.82152,
              29.947695
            ],
            [
              76.821033,
              29.94349
            ],
            [
              76.823033,
              29.94411
            ],
            [
              76.824181,
              29.94606
            ],
            [
              76.82341,
              29.948207
            ],
            [
              76.824684,
              29.950556
            ],
            [
              76.825383,
              29.950558
            ],
            [
              76.827033,
              29.94696
            ],
            [
              76.829033,
              29.947032
            ],
            [
              76.829582,
              29.948658
            ],
            [
              76.830487,
              29.948662
            ],
            [
              76.831865,
              29.947207
            ],
            [
              76.832033,
              29.945623
            ],
            [
              76.833033,
              29.946927
            ],
            [
              76.833899,
              29.945073
            ],
            [
              76.835521,
              29.944695
            ],
            [
              76.83572,
              29.943521
            ],
            [
              76.83402,
              29.943207
            ],
            [
              76.839465,
              29.942639
            ],
            [
              76.839525,
              29.941715
            ],
            [
              76.837905,
              29.941207
            ],
            [
              76.838033,
              29.939159
            ],
            [
              76.840033,
              29.938004
            ],
            [
              76.841113,
              29.939128
            ],
            [
              76.840596,
              29.942644
            ],
            [
              76.842033,
              29.94203
            ],
            [
              76.843033,
              29.943029
            ],
            [
              76.845348,
              29.943207
            ],
            [
              76.842531,
              29.943706
            ],
            [
              76.843382,
              29.945207
            ],
            [
              76.841663,
              29.947577
            ],
            [
              76.843033,
              29.946759
            ],
            [
              76.844378,
              29.947553
            ],
            [
              76.844707,
              29.945207
            ],
            [
              76.846033,
              29.943314
            ],
            [
              76.848033,
              29.944865
            ],
            [
              76.848864,
              29.943039
            ],
            [
              76.852166,
              29.942075
            ],
            [
              76.852488,
              29.943207
            ],
            [
              76.850399,
              29.943573
            ],
            [
              76.849347,
              29.945207
            ],
            [
              76.850168,
              29.947343
            ],
            [
              76.849268,
              29.948443
            ],
            [
              76.847033,
              29.948387
            ],
            [
              76.846689,
              29.949551
            ],
            [
              76.849033,
              29.950759
            ],
            [
              76.849716,
              29.94889
            ],
            [
              76.851033,
              29.950821
            ],
            [
              76.853033,
              29.949802
            ],
            [
              76.854445,
              29.95062
            ],
            [
              76.856033,
              29.949967
            ],
            [
              76.856238,
              29.951003
            ],
            [
              76.858531,
              29.952207
            ],
            [
              76.857263,
              29.952437
            ],
            [
              76.857036,
              29.954204
            ],
            [
              76.859284,
              29.953956
            ],
            [
              76.861033,
              29.955803
            ],
            [
              76.862033,
              29.954877
            ],
            [
              76.862205,
              29.95638
            ],
            [
              76.860609,
              29.958207
            ],
            [
              76.861033,
              29.95981
            ],
            [
              76.860033,
              29.959666
            ],
            [
              76.859749,
              29.961492
            ],
            [
              76.862402,
              29.961838
            ],
            [
              76.862604,
              29.964636
            ],
            [
              76.863484,
              29.964659
            ],
            [
              76.863985,
              29.963255
            ],
            [
              76.863456,
              29.963207
            ],
            [
              76.865026,
              29.963214
            ],
            [
              76.870033,
              29.9672
            ],
            [
              76.871054,
              29.967186
            ],
            [
              76.871829,
              29.969412
            ],
            [
              76.873033,
              29.969455
            ],
            [
              76.874656,
              29.971207
            ],
            [
              76.875074,
              29.972248
            ],
            [
              76.87385,
              29.973207
            ],
            [
              76.877033,
              29.973917
            ],
            [
              76.877643,
              29.975207
            ],
            [
              76.875272,
              29.976446
            ],
            [
              76.874033,
              29.978279
            ],
            [
              76.870358,
              29.979532
            ],
            [
              76.870033,
              29.98058
            ],
            [
              76.868349,
              29.981207
            ],
            [
              76.866033,
              29.983922
            ],
            [
              76.864033,
              29.983411
            ],
            [
              76.86352,
              29.986207
            ],
            [
              76.864458,
              29.987207
            ],
            [
              76.864107,
              29.988133
            ],
            [
              76.860987,
              29.991162
            ],
            [
              76.860033,
              29.991443
            ],
            [
              76.859232,
              29.990008
            ],
            [
              76.857397,
              29.989207
            ],
            [
              76.859607,
              29.988782
            ],
            [
              76.859495,
              29.987745
            ],
            [
              76.855033,
              29.987354
            ],
            [
              76.853914,
              29.986326
            ],
            [
              76.853891,
              29.985066
            ],
            [
              76.855627,
              29.984207
            ],
            [
              76.854754,
              29.982928
            ],
            [
              76.856485,
              29.981207
            ],
            [
              76.854033,
              29.98078
            ],
            [
              76.850416,
              29.985207
            ],
            [
              76.850334,
              29.988906
            ],
            [
              76.851095,
              29.989207
            ],
            [
              76.851033,
              29.990558
            ],
            [
              76.850897,
              29.989343
            ],
            [
              76.849882,
              29.989207
            ],
            [
              76.84942,
              29.98482
            ],
            [
              76.845771,
              29.984945
            ],
            [
              76.845493,
              29.991207
            ],
            [
              76.84643,
              29.992207
            ],
            [
              76.846376,
              29.994207
            ],
            [
              76.845325,
              29.995207
            ],
            [
              76.845114,
              29.997288
            ],
            [
              76.844701,
              29.994207
            ],
            [
              76.845645,
              29.993207
            ],
            [
              76.844607,
              29.992207
            ],
            [
              76.844033,
              29.984841
            ],
            [
              76.841753,
              29.985928
            ],
            [
              76.840392,
              29.987566
            ],
            [
              76.838704,
              29.987879
            ],
            [
              76.838313,
              29.990488
            ],
            [
              76.834598,
              29.990773
            ],
            [
              76.834543,
              29.992698
            ],
            [
              76.837083,
              29.993157
            ],
            [
              76.837033,
              29.993943
            ],
            [
              76.836882,
              29.993358
            ],
            [
              76.832033,
              29.993566
            ],
            [
              76.831313,
              29.995488
            ],
            [
              76.829033,
              29.994458
            ],
            [
              76.827231,
              29.996207
            ],
            [
              76.827033,
              29.998324
            ]
          ]
        ],
        "type": "Polygon"
      },
      "type": "Feature"
    },
    {
      "properties": {
        "fill-opacity": 0.33,
        "fillColor": "#bf4040",
        "opacity": 0.33,
        "fill": "#bf4040",
        "fillOpacity": 0.33,
        "color": "#bf4040",
        "contour": 5.0,
        "metric": "distance",
        "provider_name": "Pizza Wings",
        "zone_type": "distance",
        "distance_km": 5,
        "mode": "motorcycle",
        "center_lat": 29.97020789,
        "center_lon": 76.83803324,
        "label": "5km"
      },
      "geometry": {
        "coordinates": [
          [
            [
              76.835033,
              30.00741
            ],
            [
              76.834771,
              30.004207
            ],
            [
              76.833441,
              30.001799
            ],
            [
              76.831654,
              30.001207
            ],
            [
              76.832577,
              30.000207
            ],
            [
              76.831539,
              29.999207
            ],
            [
              76.831459,
              29.995782
            ],
            [
              76.830303,
              29.994938
            ],
            [
              76.829033,
              29.994779
            ],
            [
              76.827588,
              29.996207
            ],
            [
              76.827704,
              29.997536
            ],
            [
              76.830432,
              29.998207
            ],
            [
              76.827476,
              30.000207
            ],
            [
              76.827617,
              30.001623
            ],
            [
              76.829354,
              30.002207
            ],
            [
              76.828033,
              30.007353
            ],
            [
              76.827468,
              30.002772
            ],
            [
              76.824755,
              30.002207
            ],
            [
              76.826626,
              30.001207
            ],
            [
              76.826033,
              29.997738
            ],
            [
              76.82325,
              30.002425
            ],
            [
              76.820224,
              30.004398
            ],
            [
              76.820033,
              30.005715
            ],
            [
              76.819798,
              30.003442
            ],
            [
              76.818979,
              30.003207
            ],
            [
              76.821033,
              30.003
            ],
            [
              76.82266,
              30.001207
            ],
            [
              76.820859,
              30.000382
            ],
            [
              76.821676,
              29.999207
            ],
            [
              76.819825,
              29.997999
            ],
            [
              76.824033,
              29.99774
            ],
            [
              76.824702,
              29.995877
            ],
            [
              76.826327,
              29.995502
            ],
            [
              76.826337,
              29.994903
            ],
            [
              76.824033,
              29.993755
            ],
            [
              76.819033,
              29.993632
            ],
            [
              76.818033,
              29.99458
            ],
            [
              76.813309,
              29.994484
            ],
            [
              76.813033,
              29.996056
            ],
            [
              76.812881,
              29.995359
            ],
            [
              76.81152,
              29.995207
            ],
            [
              76.812857,
              29.995032
            ],
            [
              76.813033,
              29.993312
            ],
            [
              76.813283,
              29.993957
            ],
            [
              76.817451,
              29.993625
            ],
            [
              76.818033,
              29.990033
            ],
            [
              76.818618,
              29.992622
            ],
            [
              76.820033,
              29.992747
            ],
            [
              76.822033,
              29.991709
            ],
            [
              76.823337,
              29.992512
            ],
            [
              76.823374,
              29.990867
            ],
            [
              76.821643,
              29.989207
            ],
            [
              76.822033,
              29.987828
            ],
            [
              76.824709,
              29.990531
            ],
            [
              76.826395,
              29.989845
            ],
            [
              76.827288,
              29.991463
            ],
            [
              76.82739,
              29.98885
            ],
            [
              76.825587,
              29.988653
            ],
            [
              76.825361,
              29.987207
            ],
            [
              76.826564,
              29.984738
            ],
            [
              76.828219,
              29.984393
            ],
            [
              76.828292,
              29.982207
            ],
            [
              76.825535,
              29.981706
            ],
            [
              76.826033,
              29.978968
            ],
            [
              76.823763,
              29.981207
            ],
            [
              76.823488,
              29.986663
            ],
            [
              76.822349,
              29.986207
            ],
            [
              76.822033,
              29.982927
            ],
            [
              76.813745,
              29.99092
            ],
            [
              76.812988,
              29.993163
            ],
            [
              76.810693,
              29.992867
            ],
            [
              76.808381,
              29.995555
            ],
            [
              76.806693,
              29.995868
            ],
            [
              76.805033,
              29.997427
            ],
            [
              76.804815,
              29.996207
            ],
            [
              76.805836,
              29.995011
            ],
            [
              76.807451,
              29.994625
            ],
            [
              76.811341,
              29.990516
            ],
            [
              76.810707,
              29.987881
            ],
            [
              76.812373,
              29.987868
            ],
            [
              76.812736,
              29.989505
            ],
            [
              76.81331,
              29.989485
            ],
            [
              76.815394,
              29.987207
            ],
            [
              76.8144,
              29.986207
            ],
            [
              76.814609,
              29.984783
            ],
            [
              76.818245,
              29.98442
            ],
            [
              76.818581,
              29.981756
            ],
            [
              76.820033,
              29.982505
            ],
            [
              76.822212,
              29.980387
            ],
            [
              76.822203,
              29.978037
            ],
            [
              76.815817,
              29.980992
            ],
            [
              76.815033,
              29.982845
            ],
            [
              76.813033,
              29.981856
            ],
            [
              76.810774,
              29.982948
            ],
            [
              76.808539,
              29.986207
            ],
            [
              76.808033,
              29.989619
            ],
            [
              76.806651,
              29.989207
            ],
            [
              76.807585,
              29.988207
            ],
            [
              76.807033,
              29.984756
            ],
            [
              76.804033,
              29.986653
            ],
            [
              76.802033,
              29.986608
            ],
            [
              76.79954,
              29.987715
            ],
            [
              76.799033,
              29.990616
            ],
            [
              76.798646,
              29.988594
            ],
            [
              76.795723,
              29.988207
            ],
            [
              76.798033,
              29.988007
            ],
            [
              76.801033,
              29.985849
            ],
            [
              76.803033,
              29.98577
            ],
            [
              76.807033,
              29.983659
            ],
            [
              76.808033,
              29.981689
            ],
            [
              76.809033,
              29.982618
            ],
            [
              76.811278,
              29.981453
            ],
            [
              76.809635,
              29.980605
            ],
            [
              76.809323,
              29.978917
            ],
            [
              76.806708,
              29.978532
            ],
            [
              76.807033,
              29.976743
            ],
            [
              76.808033,
              29.977693
            ],
            [
              76.810411,
              29.977829
            ],
            [
              76.810766,
              29.979474
            ],
            [
              76.813033,
              29.980559
            ],
            [
              76.820295,
              29.977207
            ],
            [
              76.813576,
              29.976664
            ],
            [
              76.814033,
              29.975523
            ],
            [
              76.817223,
              29.975398
            ],
            [
              76.816033,
              29.973911
            ],
            [
              76.810033,
              29.973856
            ],
            [
              76.809033,
              29.97483
            ],
            [
              76.807626,
              29.974614
            ],
            [
              76.809033,
              29.972569
            ],
            [
              76.81324,
              29.972415
            ],
            [
              76.811033,
              29.970887
            ],
            [
              76.810033,
              29.971861
            ],
            [
              76.805768,
              29.970942
            ],
            [
              76.805578,
              29.972207
            ],
            [
              76.806559,
              29.973207
            ],
            [
              76.806361,
              29.974536
            ],
            [
              76.805704,
              29.974536
            ],
            [
              76.801126,
              29.969207
            ],
            [
              76.801071,
              29.968245
            ],
            [
              76.802033,
              29.968127
            ],
            [
              76.798033,
              29.967521
            ],
            [
              76.79748,
              29.966207
            ],
            [
              76.798678,
              29.964207
            ],
            [
              76.798424,
              29.962816
            ],
            [
              76.79118,
              29.961207
            ],
            [
              76.792033,
              29.960394
            ],
            [
              76.794185,
              29.960359
            ],
            [
              76.794463,
              29.959207
            ],
            [
              76.797033,
              29.960244
            ],
            [
              76.799583,
              29.959207
            ],
            [
              76.797033,
              29.957544
            ],
            [
              76.79486,
              29.95738
            ],
            [
              76.794657,
              29.956584
            ],
            [
              76.792665,
              29.956207
            ],
            [
              76.792686,
              29.955207
            ],
            [
              76.797033,
              29.954115
            ],
            [
              76.798033,
              29.956035
            ],
            [
              76.80323,
              29.956404
            ],
            [
              76.805912,
              29.953087
            ],
            [
              76.809458,
              29.952632
            ],
            [
              76.811589,
              29.949207
            ],
            [
              76.810931,
              29.948106
            ],
            [
              76.812033,
              29.946653
            ],
            [
              76.81353,
              29.94671
            ],
            [
              76.814033,
              29.947504
            ],
            [
              76.816033,
              29.946381
            ],
            [
              76.818375,
              29.946549
            ],
            [
              76.818033,
              29.945636
            ],
            [
              76.815737,
              29.945911
            ],
            [
              76.814322,
              29.945207
            ],
            [
              76.815505,
              29.94468
            ],
            [
              76.815843,
              29.943017
            ],
            [
              76.817448,
              29.943622
            ],
            [
              76.817501,
              29.940739
            ],
            [
              76.813698,
              29.940207
            ],
            [
              76.817514,
              29.939689
            ],
            [
              76.817824,
              29.936416
            ],
            [
              76.816897,
              29.936207
            ],
            [
              76.817033,
              29.93566
            ],
            [
              76.818101,
              29.93614
            ],
            [
              76.818469,
              29.937771
            ],
            [
              76.820033,
              29.938927
            ],
            [
              76.821693,
              29.938868
            ],
            [
              76.822033,
              29.938066
            ],
            [
              76.823756,
              29.938207
            ],
            [
              76.822303,
              29.938478
            ],
            [
              76.822033,
              29.939369
            ],
            [
              76.820033,
              29.939487
            ],
            [
              76.819414,
              29.940207
            ],
            [
              76.822274,
              29.940966
            ],
            [
              76.822675,
              29.942565
            ],
            [
              76.824315,
              29.942925
            ],
            [
              76.823569,
              29.945207
            ],
            [
              76.824591,
              29.947207
            ],
            [
              76.823649,
              29.948207
            ],
            [
              76.825033,
              29.950542
            ],
            [
              76.826652,
              29.946827
            ],
            [
              76.829398,
              29.946842
            ],
            [
              76.830033,
              29.948591
            ],
            [
              76.831487,
              29.947207
            ],
            [
              76.831404,
              29.944836
            ],
            [
              76.828708,
              29.943207
            ],
            [
              76.829675,
              29.942207
            ],
            [
              76.829532,
              29.940708
            ],
            [
              76.827902,
              29.940207
            ],
            [
              76.829607,
              29.939781
            ],
            [
              76.830033,
              29.937351
            ],
            [
              76.830328,
              29.938913
            ],
            [
              76.832042,
              29.939217
            ],
            [
              76.830386,
              29.93956
            ],
            [
              76.831261,
              29.941207
            ],
            [
              76.830622,
              29.942619
            ],
            [
              76.832399,
              29.942573
            ],
            [
              76.833033,
              29.939866
            ],
            [
              76.83368,
              29.94256
            ],
            [
              76.839295,
              29.94247
            ],
            [
              76.837499,
              29.941207
            ],
            [
              76.837561,
              29.938207
            ],
            [
              76.839585,
              29.936207
            ],
            [
              76.839453,
              29.934787
            ],
            [
              76.837746,
              29.934207
            ],
            [
              76.837855,
              29.933029
            ],
            [
              76.839764,
              29.932207
            ],
            [
              76.839786,
              29.930454
            ],
            [
              76.838059,
              29.930207
            ],
            [
              76.8389,
              29.930075
            ],
            [
              76.839033,
              29.928953
            ],
            [
              76.839182,
              29.930058
            ],
            [
              76.840111,
              29.930129
            ],
            [
              76.84036,
              29.93088
            ],
            [
              76.842287,
              29.931207
            ],
            [
              76.841265,
              29.93144
            ],
            [
              76.841499,
              29.932741
            ],
            [
              76.844882,
              29.933207
            ],
            [
              76.84058,
              29.933754
            ],
            [
              76.840673,
              29.936568
            ],
            [
              76.847033,
              29.936999
            ],
            [
              76.847329,
              29.937503
            ],
            [
              76.846297,
              29.938472
            ],
            [
              76.841688,
              29.938863
            ],
            [
              76.840769,
              29.942471
            ],
            [
              76.842033,
              29.941659
            ],
            [
              76.843033,
              29.942658
            ],
            [
              76.846033,
              29.942722
            ],
            [
              76.848033,
              29.940827
            ],
            [
              76.850525,
              29.940699
            ],
            [
              76.850569,
              29.938671
            ],
            [
              76.847482,
              29.938207
            ],
            [
              76.851033,
              29.937986
            ],
            [
              76.852033,
              29.936999
            ],
            [
              76.854006,
              29.93718
            ],
            [
              76.854159,
              29.936333
            ],
            [
              76.855772,
              29.935946
            ],
            [
              76.856033,
              29.934302
            ],
            [
              76.856445,
              29.936796
            ],
            [
              76.857875,
              29.937049
            ],
            [
              76.858033,
              29.935835
            ],
            [
              76.858264,
              29.940977
            ],
            [
              76.859165,
              29.941339
            ],
            [
              76.859033,
              29.942041
            ],
            [
              76.857033,
              29.94049
            ],
            [
              76.855415,
              29.942207
            ],
            [
              76.855575,
              29.944665
            ],
            [
              76.857222,
              29.945207
            ],
            [
              76.856447,
              29.947207
            ],
            [
              76.857454,
              29.948207
            ],
            [
              76.856512,
              29.949207
            ],
            [
              76.85671,
              29.95053
            ],
            [
              76.859395,
              29.95157
            ],
            [
              76.862033,
              29.947023
            ],
            [
              76.86229,
              29.949207
            ],
            [
              76.860449,
              29.951207
            ],
            [
              76.861033,
              29.951829
            ],
            [
              76.86248,
              29.951655
            ],
            [
              76.865033,
              29.949118
            ],
            [
              76.866757,
              29.949207
            ],
            [
              76.865211,
              29.949385
            ],
            [
              76.865142,
              29.952317
            ],
            [
              76.863482,
              29.952657
            ],
            [
              76.863146,
              29.954321
            ],
            [
              76.861621,
              29.953795
            ],
            [
              76.861533,
              29.954707
            ],
            [
              76.86246,
              29.95478
            ],
            [
              76.862583,
              29.957207
            ],
            [
              76.861221,
              29.958207
            ],
            [
              76.862033,
              29.95892
            ],
            [
              76.863033,
              29.957429
            ],
            [
              76.864954,
              29.957287
            ],
            [
              76.865684,
              29.959207
            ],
            [
              76.86426,
              29.960434
            ],
            [
              76.866033,
              29.962722
            ],
            [
              76.868759,
              29.961207
            ],
            [
              76.86664,
              29.959207
            ],
            [
              76.869033,
              29.957742
            ],
            [
              76.871681,
              29.960207
            ],
            [
              76.873506,
              29.960734
            ],
            [
              76.877264,
              29.964976
            ],
            [
              76.876267,
              29.965442
            ],
            [
              76.876487,
              29.966754
            ],
            [
              76.879427,
              29.967207
            ],
            [
              76.887957,
              29.975207
            ],
            [
              76.886306,
              29.97548
            ],
            [
              76.886411,
              29.977207
            ],
            [
              76.883033,
              29.97952
            ],
            [
              76.880824,
              29.977416
            ],
            [
              76.880432,
              29.975809
            ],
            [
              76.878681,
              29.975856
            ],
            [
              76.879572,
              29.978668
            ],
            [
              76.881894,
              29.979207
            ],
            [
              76.881112,
              29.980286
            ],
            [
              76.880033,
              29.97947
            ],
            [
              76.878033,
              29.981418
            ],
            [
              76.875033,
              29.981359
            ],
            [
              76.874047,
              29.983207
            ],
            [
              76.874139,
              29.985101
            ],
            [
              76.874728,
              29.985207
            ],
            [
              76.873996,
              29.985244
            ],
            [
              76.873819,
              29.984421
            ],
            [
              76.872844,
              29.984396
            ],
            [
              76.870819,
              29.985422
            ],
            [
              76.870033,
              29.984547
            ],
            [
              76.868399,
              29.986207
            ],
            [
              76.869033,
              29.986974
            ],
            [
              76.869963,
              29.986137
            ],
            [
              76.870329,
              29.986911
            ],
            [
              76.872187,
              29.987207
            ],
            [
              76.869033,
              29.987441
            ],
            [
              76.868033,
              29.989207
            ],
            [
              76.864671,
              29.989846
            ],
            [
              76.864301,
              29.991476
            ],
            [
              76.863033,
              29.992604
            ],
            [
              76.861685,
              29.99186
            ],
            [
              76.861355,
              29.996207
            ],
            [
              76.862284,
              29.997207
            ],
            [
              76.862258,
              29.998982
            ],
            [
              76.8638,
              29.999207
            ],
            [
              76.863033,
              29.999986
            ],
            [
              76.862881,
              29.99936
            ],
            [
              76.861033,
              29.999579
            ],
            [
              76.860515,
              29.996725
            ],
            [
              76.856952,
              29.996207
            ],
            [
              76.860033,
              29.995972
            ],
            [
              76.860662,
              29.995207
            ],
            [
              76.859415,
              29.993825
            ],
            [
              76.857778,
              29.993463
            ],
            [
              76.857573,
              29.991207
            ],
            [
              76.855574,
              29.989207
            ],
            [
              76.859033,
              29.988665
            ],
            [
              76.859306,
              29.987935
            ],
            [
              76.855033,
              29.987747
            ],
            [
              76.853484,
              29.986207
            ],
            [
              76.85366,
              29.984835
            ],
            [
              76.855299,
              29.984473
            ],
            [
              76.8544,
              29.983207
            ],
            [
              76.856235,
              29.981006
            ],
            [
              76.853827,
              29.981002
            ],
            [
              76.852477,
              29.983652
            ],
            [
              76.850651,
              29.985207
            ],
            [
              76.850596,
              29.988207
            ],
            [
              76.851549,
              29.989207
            ],
            [
              76.851305,
              29.996207
            ],
            [
              76.852033,
              29.997072
            ],
            [
              76.853484,
              29.997207
            ],
            [
              76.851388,
              29.997563
            ],
            [
              76.851033,
              29.999451
            ],
            [
              76.85081,
              29.99843
            ],
            [
              76.849225,
              29.998207
            ],
            [
              76.850762,
              29.997937
            ],
            [
              76.850823,
              29.997207
            ],
            [
              76.849744,
              29.995207
            ],
            [
              76.85066,
              29.994207
            ],
            [
              76.849414,
              29.985207
            ],
            [
              76.845845,
              29.985019
            ],
            [
              76.845682,
              29.991207
            ],
            [
              76.846653,
              29.993207
            ],
            [
              76.845618,
              29.995207
            ],
            [
              76.845711,
              29.997886
            ],
            [
              76.844033,
              29.997235
            ],
            [
              76.839033,
              29.997515
            ],
            [
              76.838033,
              29.996625
            ],
            [
              76.832578,
              29.997207
            ],
            [
              76.832699,
              29.998542
            ],
            [
              76.834456,
              30.000207
            ],
            [
              76.835444,
              30.004797
            ],
            [
              76.837052,
              30.006207
            ],
            [
              76.835428,
              30.006602
            ],
            [
              76.835033,
              30.00741
            ]
          ]
        ],
        "type": "Polygon"
      },
      "type": "Feature"
    },
    {
      "properties": {
        "fill-opacity": 0.33,
        "fillColor": "#bf4040",
        "opacity": 0.33,
        "fill": "#bf4040",
        "fillOpacity": 0.33,
        "color": "#bf4040",
        "contour": 6.0,
        "metric": "distance",
        "provider_name": "Pizza Wings",
        "zone_type": "distance",
        "distance_km": 6,
        "mode": "motorcycle",
        "center_lat": 29.97020789,
        "center_lon": 76.83803324,
        "label": "6km"
      },
      "geometry": {
        "coordinates": [
          [
            [
              76.816033,
              30.013867
            ],
            [
              76.815033,
              30.013703
            ],
            [
              76.814881,
              30.012359
            ],
            [
              76.814178,
              30.012207
            ],
            [
              76.815716,
              30.01189
            ],
            [
              76.815805,
              30.011207
            ],
            [
              76.815527,
              30.009714
            ],
            [
              76.813858,
              30.009207
            ],
            [
              76.814628,
              30.008802
            ],
            [
              76.814621,
              30.007619
            ],
            [
              76.811824,
              30.007207
            ],
            [
              76.817452,
              30.006627
            ],
            [
              76.817941,
              30.003116
            ],
            [
              76.821033,
              30.00265
            ],
            [
              76.822418,
              30.001207
            ],
            [
              76.820649,
              30.000591
            ],
            [
              76.821424,
              29.999207
            ],
            [
              76.819638,
              29.998602
            ],
            [
              76.819638,
              29.997812
            ],
            [
              76.824257,
              29.997432
            ],
            [
              76.82459,
              29.995764
            ],
            [
              76.826237,
              29.995412
            ],
            [
              76.826231,
              29.994009
            ],
            [
              76.825033,
              29.994887
            ],
            [
              76.824033,
              29.993896
            ],
            [
              76.819033,
              29.993842
            ],
            [
              76.818033,
              29.994822
            ],
            [
              76.813726,
              29.9949
            ],
            [
              76.813624,
              29.998616
            ],
            [
              76.816251,
              29.999207
            ],
            [
              76.814033,
              29.999539
            ],
            [
              76.813033,
              30.000526
            ],
            [
              76.812033,
              29.999468
            ],
            [
              76.810813,
              29.999427
            ],
            [
              76.810033,
              29.996641
            ],
            [
              76.808619,
              29.996794
            ],
            [
              76.808033,
              29.998487
            ],
            [
              76.807033,
              29.99753
            ],
            [
              76.805033,
              29.998307
            ],
            [
              76.803291,
              29.997466
            ],
            [
              76.802999,
              29.999241
            ],
            [
              76.801795,
              29.998207
            ],
            [
              76.802033,
              29.997026
            ],
            [
              76.804033,
              29.997026
            ],
            [
              76.805642,
              29.994816
            ],
            [
              76.80729,
              29.994464
            ],
            [
              76.811244,
              29.990418
            ],
            [
              76.810592,
              29.987766
            ],
            [
              76.81248,
              29.98776
            ],
            [
              76.813229,
              29.989403
            ],
            [
              76.815298,
              29.987207
            ],
            [
              76.814302,
              29.986207
            ],
            [
              76.814544,
              29.984719
            ],
            [
              76.818194,
              29.984369
            ],
            [
              76.81852,
              29.981695
            ],
            [
              76.820033,
              29.982437
            ],
            [
              76.822174,
              29.980349
            ],
            [
              76.822168,
              29.978072
            ],
            [
              76.81587,
              29.981044
            ],
            [
              76.815033,
              29.982941
            ],
            [
              76.813033,
              29.981947
            ],
            [
              76.810846,
              29.983021
            ],
            [
              76.808702,
              29.986207
            ],
            [
              76.808033,
              29.989837
            ],
            [
              76.806415,
              29.989207
            ],
            [
              76.807389,
              29.988207
            ],
            [
              76.807033,
              29.984896
            ],
            [
              76.804033,
              29.986851
            ],
            [
              76.802033,
              29.986833
            ],
            [
              76.79975,
              29.987924
            ],
            [
              76.799691,
              29.99055
            ],
            [
              76.802434,
              29.991207
            ],
            [
              76.802033,
              29.995832
            ],
            [
              76.80171,
              29.992207
            ],
            [
              76.801033,
              29.991645
            ],
            [
              76.797637,
              29.992812
            ],
            [
              76.796821,
              29.994419
            ],
            [
              76.796626,
              29.992207
            ],
            [
              76.795643,
              29.991207
            ],
            [
              76.798377,
              29.990552
            ],
            [
              76.798033,
              29.988763
            ],
            [
              76.794033,
              29.988663
            ],
            [
              76.793033,
              29.990587
            ],
            [
              76.792033,
              29.989599
            ],
            [
              76.789541,
              29.989716
            ],
            [
              76.789033,
              29.992621
            ],
            [
              76.788575,
              29.989665
            ],
            [
              76.787315,
              29.989489
            ],
            [
              76.787033,
              29.990283
            ],
            [
              76.785395,
              29.990207
            ],
            [
              76.786873,
              29.990048
            ],
            [
              76.787033,
              29.987994
            ],
            [
              76.787302,
              29.988938
            ],
            [
              76.78952,
              29.988695
            ],
            [
              76.789827,
              29.986413
            ],
            [
              76.789033,
              29.986136
            ],
            [
              76.790096,
              29.986144
            ],
            [
              76.790266,
              29.988207
            ],
            [
              76.791033,
              29.988849
            ],
            [
              76.792425,
              29.988599
            ],
            [
              76.793033,
              29.986816
            ],
            [
              76.794389,
              29.987564
            ],
            [
              76.792722,
              29.985207
            ],
            [
              76.792769,
              29.983207
            ],
            [
              76.794033,
              29.981112
            ],
            [
              76.795033,
              29.982057
            ],
            [
              76.797524,
              29.982207
            ],
            [
              76.797309,
              29.984207
            ],
            [
              76.79826,
              29.985207
            ],
            [
              76.795609,
              29.985784
            ],
            [
              76.795487,
              29.987207
            ],
            [
              76.798033,
              29.987652
            ],
            [
              76.801033,
              29.985598
            ],
            [
              76.803033,
              29.985568
            ],
            [
              76.807236,
              29.983411
            ],
            [
              76.808033,
              29.981532
            ],
            [
              76.809033,
              29.982499
            ],
            [
              76.811212,
              29.981387
            ],
            [
              76.809558,
              29.980683
            ],
            [
              76.809235,
              29.979005
            ],
            [
              76.806592,
              29.978648
            ],
            [
              76.807033,
              29.976556
            ],
            [
              76.808033,
              29.977534
            ],
            [
              76.810498,
              29.977742
            ],
            [
              76.810842,
              29.979398
            ],
            [
              76.813033,
              29.980468
            ],
            [
              76.82024,
              29.977207
            ],
            [
              76.813512,
              29.976728
            ],
            [
              76.814033,
              29.975447
            ],
            [
              76.817181,
              29.975356
            ],
            [
              76.816033,
              29.973979
            ],
            [
              76.810033,
              29.973947
            ],
            [
              76.809033,
              29.974934
            ],
            [
              76.807553,
              29.974687
            ],
            [
              76.807553,
              29.973728
            ],
            [
              76.809033,
              29.972473
            ],
            [
              76.813191,
              29.972366
            ],
            [
              76.811033,
              29.970965
            ],
            [
              76.810033,
              29.97195
            ],
            [
              76.805843,
              29.971018
            ],
            [
              76.80572,
              29.972207
            ],
            [
              76.806711,
              29.973207
            ],
            [
              76.806033,
              29.974871
            ],
            [
              76.802578,
              29.971663
            ],
            [
              76.802236,
              29.970004
            ],
            [
              76.800033,
              29.969632
            ],
            [
              76.799033,
              29.96868
            ],
            [
              76.797419,
              29.970207
            ],
            [
              76.797227,
              29.972401
            ],
            [
              76.795416,
              29.97259
            ],
            [
              76.795033,
              29.974174
            ],
            [
              76.794838,
              29.972207
            ],
            [
              76.796499,
              29.971674
            ],
            [
              76.796443,
              29.969798
            ],
            [
              76.795033,
              29.968574
            ],
            [
              76.793033,
              29.968487
            ],
            [
              76.790868,
              29.967207
            ],
            [
              76.793033,
              29.966989
            ],
            [
              76.794033,
              29.967887
            ],
            [
              76.796033,
              29.967799
            ],
            [
              76.796404,
              29.966836
            ],
            [
              76.794662,
              29.966207
            ],
            [
              76.796421,
              29.965596
            ],
            [
              76.797033,
              29.963859
            ],
            [
              76.798316,
              29.964491
            ],
            [
              76.798279,
              29.962961
            ],
            [
              76.795033,
              29.962643
            ],
            [
              76.794033,
              29.961771
            ],
            [
              76.793339,
              29.963514
            ],
            [
              76.791033,
              29.963613
            ],
            [
              76.790033,
              29.964535
            ],
            [
              76.789783,
              29.962958
            ],
            [
              76.792033,
              29.962764
            ],
            [
              76.792354,
              29.961887
            ],
            [
              76.784033,
              29.961453
            ],
            [
              76.783779,
              29.960461
            ],
            [
              76.780966,
              29.960207
            ],
            [
              76.782033,
              29.959512
            ],
            [
              76.784033,
              29.96003
            ],
            [
              76.785033,
              29.960918
            ],
            [
              76.787033,
              29.960832
            ],
            [
              76.788689,
              29.959207
            ],
            [
              76.788033,
              29.95849
            ],
            [
              76.785922,
              29.958318
            ],
            [
              76.785964,
              29.957139
            ],
            [
              76.787033,
              29.957987
            ],
            [
              76.790033,
              29.95784
            ],
            [
              76.79065,
              29.957207
            ],
            [
              76.789033,
              29.955585
            ],
            [
              76.78687,
              29.95537
            ],
            [
              76.786511,
              29.95373
            ],
            [
              76.783033,
              29.951868
            ],
            [
              76.784033,
              29.951555
            ],
            [
              76.787033,
              29.9529
            ],
            [
              76.791033,
              29.952935
            ],
            [
              76.791887,
              29.951061
            ],
            [
              76.79272,
              29.950894
            ],
            [
              76.793033,
              29.949251
            ],
            [
              76.794325,
              29.950915
            ],
            [
              76.797201,
              29.951207
            ],
            [
              76.795309,
              29.951484
            ],
            [
              76.795222,
              29.952207
            ],
            [
              76.795688,
              29.953552
            ],
            [
              76.797382,
              29.953858
            ],
            [
              76.797735,
              29.955505
            ],
            [
              76.803033,
              29.955783
            ],
            [
              76.805662,
              29.952837
            ],
            [
              76.809292,
              29.952467
            ],
            [
              76.806659,
              29.949207
            ],
            [
              76.808033,
              29.948852
            ],
            [
              76.809423,
              29.949597
            ],
            [
              76.811578,
              29.945207
            ],
            [
              76.808738,
              29.943207
            ],
            [
              76.809697,
              29.942207
            ],
            [
              76.809489,
              29.939751
            ],
            [
              76.807065,
              29.939207
            ],
            [
              76.808609,
              29.938784
            ],
            [
              76.810685,
              29.936207
            ],
            [
              76.8096,
              29.93464
            ],
            [
              76.808196,
              29.934207
            ],
            [
              76.808033,
              29.932155
            ],
            [
              76.811222,
              29.935018
            ],
            [
              76.811616,
              29.936624
            ],
            [
              76.813033,
              29.936874
            ],
            [
              76.816568,
              29.934207
            ],
            [
              76.817761,
              29.930207
            ],
            [
              76.817785,
              29.929455
            ],
            [
              76.816745,
              29.929207
            ],
            [
              76.820965,
              29.92814
            ],
            [
              76.821033,
              29.927593
            ],
            [
              76.821055,
              29.928229
            ],
            [
              76.818374,
              29.931207
            ],
            [
              76.819339,
              29.932207
            ],
            [
              76.8192,
              29.933375
            ],
            [
              76.818033,
              29.932572
            ],
            [
              76.817465,
              29.933207
            ],
            [
              76.817526,
              29.935207
            ],
            [
              76.819755,
              29.938485
            ],
            [
              76.821033,
              29.938647
            ],
            [
              76.823368,
              29.937543
            ],
            [
              76.823033,
              29.935798
            ],
            [
              76.82433,
              29.93591
            ],
            [
              76.825033,
              29.937745
            ],
            [
              76.826428,
              29.937602
            ],
            [
              76.829689,
              29.933207
            ],
            [
              76.829918,
              29.931093
            ],
            [
              76.831033,
              29.931036
            ],
            [
              76.832033,
              29.932978
            ],
            [
              76.833033,
              29.931622
            ],
            [
              76.833336,
              29.932904
            ],
            [
              76.835058,
              29.933233
            ],
            [
              76.83253,
              29.933705
            ],
            [
              76.83332,
              29.937494
            ],
            [
              76.831033,
              29.936657
            ],
            [
              76.830721,
              29.938519
            ],
            [
              76.833435,
              29.939806
            ],
            [
              76.833802,
              29.942438
            ],
            [
              76.839221,
              29.942396
            ],
            [
              76.837351,
              29.941207
            ],
            [
              76.837378,
              29.938207
            ],
            [
              76.839396,
              29.935844
            ],
            [
              76.839291,
              29.93495
            ],
            [
              76.837644,
              29.934596
            ],
            [
              76.837456,
              29.933207
            ],
            [
              76.839307,
              29.932482
            ],
            [
              76.83948,
              29.931207
            ],
            [
              76.836563,
              29.930207
            ],
            [
              76.837033,
              29.928761
            ],
            [
              76.83836,
              29.929535
            ],
            [
              76.837601,
              29.928207
            ],
            [
              76.83862,
              29.926207
            ],
            [
              76.834963,
              29.924277
            ],
            [
              76.836823,
              29.923207
            ],
            [
              76.836033,
              29.921232
            ],
            [
              76.837033,
              29.92139
            ],
            [
              76.837566,
              29.924674
            ],
            [
              76.839383,
              29.925207
            ],
            [
              76.839712,
              29.929528
            ],
            [
              76.841033,
              29.930677
            ],
            [
              76.843335,
              29.929906
            ],
            [
              76.843356,
              29.931531
            ],
            [
              76.841721,
              29.931895
            ],
            [
              76.841743,
              29.932498
            ],
            [
              76.844033,
              29.93269
            ],
            [
              76.845033,
              29.931757
            ],
            [
              76.845483,
              29.932207
            ],
            [
              76.845033,
              29.933704
            ],
            [
              76.840763,
              29.933938
            ],
            [
              76.841033,
              29.936562
            ],
            [
              76.847033,
              29.936649
            ],
            [
              76.848033,
              29.937692
            ],
            [
              76.851033,
              29.937645
            ],
            [
              76.855354,
              29.935529
            ],
            [
              76.855566,
              29.933207
            ],
            [
              76.856599,
              29.932207
            ],
            [
              76.856033,
              29.929196
            ],
            [
              76.857033,
              29.928908
            ],
            [
              76.858033,
              29.930025
            ],
            [
              76.861033,
              29.929995
            ],
            [
              76.862849,
              29.929024
            ],
            [
              76.863033,
              29.928023
            ],
            [
              76.863275,
              29.929965
            ],
            [
              76.864495,
              29.930207
            ],
            [
              76.86243,
              29.930604
            ],
            [
              76.859642,
              29.933816
            ],
            [
              76.860444,
              29.936207
            ],
            [
              76.860033,
              29.936618
            ],
            [
              76.859033,
              29.935669
            ],
            [
              76.858546,
              29.936207
            ],
            [
              76.858723,
              29.940517
            ],
            [
              76.861033,
              29.942773
            ],
            [
              76.868097,
              29.943143
            ],
            [
              76.868033,
              29.944158
            ],
            [
              76.867845,
              29.943395
            ],
            [
              76.867033,
              29.943367
            ],
            [
              76.863033,
              29.943574
            ],
            [
              76.862379,
              29.944207
            ],
            [
              76.862582,
              29.945658
            ],
            [
              76.865651,
              29.948589
            ],
            [
              76.8674,
              29.947574
            ],
            [
              76.869033,
              29.944271
            ],
            [
              76.870629,
              29.945207
            ],
            [
              76.868633,
              29.946808
            ],
            [
              76.867362,
              29.949537
            ],
            [
              76.865718,
              29.949893
            ],
            [
              76.865794,
              29.952207
            ],
            [
              76.863841,
              29.953015
            ],
            [
              76.862723,
              29.954898
            ],
            [
              76.862782,
              29.956458
            ],
            [
              76.867443,
              29.954617
            ],
            [
              76.868708,
              29.953207
            ],
            [
              76.868347,
              29.951207
            ],
            [
              76.870033,
              29.950106
            ],
            [
              76.874207,
              29.953207
            ],
            [
              76.872365,
              29.95354
            ],
            [
              76.872522,
              29.954718
            ],
            [
              76.874033,
              29.954937
            ],
            [
              76.875033,
              29.954253
            ],
            [
              76.882369,
              29.956872
            ],
            [
              76.882346,
              29.958207
            ],
            [
              76.880969,
              29.959207
            ],
            [
              76.885033,
              29.962146
            ],
            [
              76.885431,
              29.96381
            ],
            [
              76.887443,
              29.965207
            ],
            [
              76.887426,
              29.966207
            ],
            [
              76.892955,
              29.971207
            ],
            [
              76.890502,
              29.971677
            ],
            [
              76.890655,
              29.975586
            ],
            [
              76.89239,
              29.975564
            ],
            [
              76.893033,
              29.972729
            ],
            [
              76.894033,
              29.971996
            ],
            [
              76.896208,
              29.976207
            ],
            [
              76.898069,
              29.977207
            ],
            [
              76.896033,
              29.978381
            ],
            [
              76.89454,
              29.9767
            ],
            [
              76.892525,
              29.9767
            ],
            [
              76.892033,
              29.981224
            ],
            [
              76.891033,
              29.980843
            ],
            [
              76.888262,
              29.984207
            ],
            [
              76.886953,
              29.984287
            ],
            [
              76.886526,
              29.982714
            ],
            [
              76.883846,
              29.982394
            ],
            [
              76.882033,
              29.979699
            ],
            [
              76.881033,
              29.980739
            ],
            [
              76.879752,
              29.979926
            ],
            [
              76.87925,
              29.983207
            ],
            [
              76.881247,
              29.984422
            ],
            [
              76.879562,
              29.984737
            ],
            [
              76.879153,
              29.986087
            ],
            [
              76.880092,
              29.986207
            ],
            [
              76.879103,
              29.986277
            ],
            [
              76.879103,
              29.987277
            ],
            [
              76.877474,
              29.987648
            ],
            [
              76.876301,
              29.989207
            ],
            [
              76.876516,
              29.990724
            ],
            [
              76.879415,
              29.991207
            ],
            [
              76.877363,
              29.991538
            ],
            [
              76.8772,
              29.993375
            ],
            [
              76.876853,
              29.992387
            ],
            [
              76.875255,
              29.99243
            ],
            [
              76.875033,
              29.993364
            ],
            [
              76.874014,
              29.993226
            ],
            [
              76.873794,
              29.992446
            ],
            [
              76.872208,
              29.992382
            ],
            [
              76.872033,
              29.993166
            ],
            [
              76.871781,
              29.991459
            ],
            [
              76.870396,
              29.991207
            ],
            [
              76.87164,
              29.990814
            ],
            [
              76.871631,
              29.989207
            ],
            [
              76.872567,
              29.988207
            ],
            [
              76.872033,
              29.987711
            ],
            [
              76.869033,
              29.987773
            ],
            [
              76.868366,
              29.989541
            ],
            [
              76.864798,
              29.989973
            ],
            [
              76.86445,
              29.991625
            ],
            [
              76.863033,
              29.992831
            ],
            [
              76.861804,
              29.991979
            ],
            [
              76.861629,
              29.996207
            ],
            [
              76.862722,
              29.998518
            ],
            [
              76.868033,
              29.998367
            ],
            [
              76.8684,
              29.999207
            ],
            [
              76.867175,
              30.000207
            ],
            [
              76.866561,
              30.002679
            ],
            [
              76.870787,
              30.003207
            ],
            [
              76.865597,
              30.003772
            ],
            [
              76.865497,
              30.005743
            ],
            [
              76.868063,
              30.006238
            ],
            [
              76.865423,
              30.006598
            ],
            [
              76.865033,
              30.008697
            ],
            [
              76.862346,
              30.006207
            ],
            [
              76.862989,
              30.005207
            ],
            [
              76.863158,
              30.006082
            ],
            [
              76.864749,
              30.005207
            ],
            [
              76.863719,
              30.004207
            ],
            [
              76.864651,
              30.003207
            ],
            [
              76.862033,
              29.999735
            ],
            [
              76.861033,
              30.000681
            ],
            [
              76.858636,
              30.00081
            ],
            [
              76.857033,
              30.002204
            ],
            [
              76.852586,
              30.002761
            ],
            [
              76.853033,
              30.006286
            ],
            [
              76.851496,
              30.003745
            ],
            [
              76.850033,
              30.00355
            ],
            [
              76.848689,
              30.002207
            ],
            [
              76.848775,
              30.000949
            ],
            [
              76.850526,
              29.999207
            ],
            [
              76.850033,
              29.998729
            ],
            [
              76.848033,
              29.998679
            ],
            [
              76.847033,
              29.997646
            ],
            [
              76.845648,
              29.998823
            ],
            [
              76.84539,
              30.000207
            ],
            [
              76.846242,
              30.001207
            ],
            [
              76.84436,
              30.003535
            ],
            [
              76.844033,
              30.005224
            ],
            [
              76.843738,
              30.001207
            ],
            [
              76.844675,
              30.000207
            ],
            [
              76.84432,
              29.997921
            ],
            [
              76.839033,
              29.997798
            ],
            [
              76.838033,
              29.996839
            ],
            [
              76.833033,
              29.996894
            ],
            [
              76.832709,
              29.998207
            ],
            [
              76.834456,
              29.999785
            ],
            [
              76.834645,
              30.002207
            ],
            [
              76.836399,
              30.003842
            ],
            [
              76.837678,
              30.007562
            ],
            [
              76.839779,
              30.006207
            ],
            [
              76.838843,
              30.005207
            ],
            [
              76.839033,
              30.003166
            ],
            [
              76.840562,
              30.006678
            ],
            [
              76.842033,
              30.006056
            ],
            [
              76.843033,
              30.007064
            ],
            [
              76.844033,
              30.006646
            ],
            [
              76.844115,
              30.007289
            ],
            [
              76.842305,
              30.009207
            ],
            [
              76.842307,
              30.010933
            ],
            [
              76.843451,
              30.011207
            ],
            [
              76.843475,
              30.012207
            ],
            [
              76.841922,
              30.012207
            ],
            [
              76.841519,
              30.009721
            ],
            [
              76.839033,
              30.008625
            ],
            [
              76.838396,
              30.009207
            ],
            [
              76.83946,
              30.01178
            ],
            [
              76.840713,
              30.012207
            ],
            [
              76.839033,
              30.012631
            ],
            [
              76.8385,
              30.01074
            ],
            [
              76.837033,
              30.009612
            ],
            [
              76.834163,
              30.012338
            ],
            [
              76.832125,
              30.0123
            ],
            [
              76.832033,
              30.013047
            ],
            [
              76.831985,
              30.01216
            ],
            [
              76.833642,
              30.011816
            ],
            [
              76.833447,
              30.009793
            ],
            [
              76.831586,
              30.008761
            ],
            [
              76.831033,
              30.011359
            ],
            [
              76.830491,
              30.009749
            ],
            [
              76.827523,
              30.008717
            ],
            [
              76.827438,
              30.003207
            ],
            [
              76.824452,
              30.002207
            ],
            [
              76.826405,
              30.001207
            ],
            [
              76.826033,
              29.997888
            ],
            [
              76.823431,
              30.002606
            ],
            [
              76.820719,
              30.004894
            ],
            [
              76.819484,
              30.007207
            ],
            [
              76.820033,
              30.007877
            ],
            [
              76.823033,
              30.008029
            ],
            [
              76.823828,
              30.008003
            ],
            [
              76.824033,
              30.007157
            ],
            [
              76.824205,
              30.008035
            ],
            [
              76.825277,
              30.008207
            ],
            [
              76.818603,
              30.008778
            ],
            [
              76.816261,
              30.011207
            ],
            [
              76.816033,
              30.013867
            ]
          ]
        ],
        "type": "Polygon"
      },
      "type": "Feature"
    }
  ]
}