{
  "type": "FeatureCollection",
  "metadata": {
    "provider_name": "Pooja Hotel",
    "center_lat": 27.39635307,
    "center_lon": 80.12657337,
    "mode": "motorcycle",
    "total_zones": 4,
    "distance_zones": [
      3,
      4,
      5,
      6
    ],
    "generated_at": "2025-12-26T02:18:36.332789Z"
  },
  "features": [
    {
      "properties": {
        "fill-opacity": 0.33,
        "fillColor": "#bf4040",
        "opacity": 0.33,
        "fill": "#bf4040",
        "fillOpacity": 0.33,
        "color": "#bf4040",
        "contour": 3.0,
        "metric": "distance",
        "provider_name": "Pooja Hotel",
        "zone_type": "distance",
        "distance_km": 3,
        "mode": "motorcycle",
        "center_lat": 27.39635307,
        "center_lon": 80.12657337,
        "label": "3km"
      },
      "geometry": {
        "coordinates": [
          [
            [
              80.122573,
              27.421357
            ],
            [
              80.121655,
              27.42127
            ],
            [
              80.121395,
              27.419531
            ],
            [
              80.119457,
              27.418353
            ],
            [
              80.119647,
              27.417427
            ],
            [
              80.121139,
              27.416919
            ],
            [
              80.121059,
              27.415867
            ],
            [
              80.118573,
              27.415178
            ],
            [
              80.118022,
              27.414353
            ],
            [
              80.118573,
              27.413666
            ],
            [
              80.118704,
              27.414221
            ],
            [
              80.12013,
              27.41391
            ],
            [
              80.120174,
              27.412353
            ],
            [
              80.121152,
              27.411353
            ],
            [
              80.119932,
              27.409993
            ],
            [
              80.116124,
              27.410904
            ],
            [
              80.115709,
              27.413489
            ],
            [
              80.115148,
              27.411777
            ],
            [
              80.113573,
              27.410617
            ],
            [
              80.109399,
              27.410353
            ],
            [
              80.109644,
              27.409353
            ],
            [
              80.111257,
              27.409037
            ],
            [
              80.111573,
              27.407619
            ],
            [
              80.11178,
              27.408145
            ],
            [
              80.114056,
              27.407836
            ],
            [
              80.114237,
              27.406689
            ],
            [
              80.112646,
              27.405353
            ],
            [
              80.113573,
              27.404452
            ],
            [
              80.114895,
              27.404675
            ],
            [
              80.114858,
              27.403067
            ],
            [
              80.113573,
              27.403459
            ],
            [
              80.113371,
              27.402555
            ],
            [
              80.11202,
              27.402353
            ],
            [
              80.112092,
              27.400833
            ],
            [
              80.109356,
              27.40057
            ],
            [
              80.110255,
              27.399353
            ],
            [
              80.109943,
              27.397982
            ],
            [
              80.106037,
              27.398817
            ],
            [
              80.105694,
              27.400231
            ],
            [
              80.106573,
              27.400643
            ],
            [
              80.104573,
              27.400372
            ],
            [
              80.10468,
              27.398353
            ],
            [
              80.106052,
              27.397831
            ],
            [
              80.106005,
              27.39692
            ],
            [
              80.104275,
              27.39665
            ],
            [
              80.101573,
              27.394636
            ],
            [
              80.099905,
              27.394684
            ],
            [
              80.099477,
              27.395448
            ],
            [
              80.097526,
              27.394353
            ],
            [
              80.098393,
              27.394172
            ],
            [
              80.098573,
              27.392974
            ],
            [
              80.099907,
              27.394019
            ],
            [
              80.102573,
              27.39403
            ],
            [
              80.103573,
              27.394973
            ],
            [
              80.104173,
              27.394353
            ],
            [
              80.104271,
              27.390353
            ],
            [
              80.102497,
              27.388429
            ],
            [
              80.102043,
              27.386353
            ],
            [
              80.102528,
              27.385308
            ],
            [
              80.104155,
              27.384935
            ],
            [
              80.104332,
              27.383353
            ],
            [
              80.104159,
              27.382766
            ],
            [
              80.101951,
              27.382353
            ],
            [
              80.102027,
              27.381353
            ],
            [
              80.103573,
              27.382183
            ],
            [
              80.104573,
              27.380695
            ],
            [
              80.104917,
              27.382009
            ],
            [
              80.106205,
              27.381985
            ],
            [
              80.105846,
              27.380353
            ],
            [
              80.106535,
              27.379314
            ],
            [
              80.107627,
              27.379298
            ],
            [
              80.108573,
              27.382034
            ],
            [
              80.110801,
              27.381124
            ],
            [
              80.111686,
              27.382239
            ],
            [
              80.114573,
              27.381563
            ],
            [
              80.115573,
              27.382034
            ],
            [
              80.116066,
              27.38086
            ],
            [
              80.113609,
              27.380353
            ],
            [
              80.115365,
              27.380145
            ],
            [
              80.115573,
              27.377251
            ],
            [
              80.117918,
              27.376697
            ],
            [
              80.118941,
              27.375353
            ],
            [
              80.118576,
              27.374353
            ],
            [
              80.119409,
              27.374189
            ],
            [
              80.120573,
              27.371519
            ],
            [
              80.121573,
              27.370971
            ],
            [
              80.124573,
              27.37245
            ],
            [
              80.125573,
              27.374173
            ],
            [
              80.128057,
              27.373868
            ],
            [
              80.129191,
              27.377353
            ],
            [
              80.128507,
              27.378353
            ],
            [
              80.129573,
              27.378706
            ],
            [
              80.131412,
              27.378192
            ],
            [
              80.131573,
              27.376693
            ],
            [
              80.131643,
              27.378353
            ],
            [
              80.132573,
              27.379091
            ],
            [
              80.134238,
              27.378017
            ],
            [
              80.134573,
              27.376719
            ],
            [
              80.135573,
              27.37727
            ],
            [
              80.136573,
              27.376491
            ],
            [
              80.137573,
              27.377599
            ],
            [
              80.139573,
              27.374886
            ],
            [
              80.141573,
              27.375798
            ],
            [
              80.142757,
              27.375169
            ],
            [
              80.143474,
              27.377353
            ],
            [
              80.14274,
              27.379353
            ],
            [
              80.143242,
              27.383353
            ],
            [
              80.141858,
              27.385637
            ],
            [
              80.142,
              27.387353
            ],
            [
              80.143573,
              27.38897
            ],
            [
              80.145573,
              27.387954
            ],
            [
              80.148573,
              27.389388
            ],
            [
              80.149988,
              27.389353
            ],
            [
              80.149455,
              27.39347
            ],
            [
              80.151266,
              27.393659
            ],
            [
              80.152139,
              27.395353
            ],
            [
              80.151621,
              27.396353
            ],
            [
              80.148573,
              27.397869
            ],
            [
              80.148236,
              27.399353
            ],
            [
              80.146001,
              27.401353
            ],
            [
              80.149129,
              27.404797
            ],
            [
              80.15055,
              27.405353
            ],
            [
              80.150264,
              27.406044
            ],
            [
              80.148146,
              27.40578
            ],
            [
              80.145573,
              27.402982
            ],
            [
              80.141764,
              27.407543
            ],
            [
              80.138542,
              27.408322
            ],
            [
              80.139489,
              27.409353
            ],
            [
              80.138407,
              27.411353
            ],
            [
              80.138658,
              27.413353
            ],
            [
              80.137907,
              27.413686
            ],
            [
              80.137928,
              27.414997
            ],
            [
              80.140254,
              27.415353
            ],
            [
              80.138952,
              27.416353
            ],
            [
              80.13673,
              27.416509
            ],
            [
              80.136573,
              27.419195
            ],
            [
              80.133573,
              27.415611
            ],
            [
              80.130573,
              27.416741
            ],
            [
              80.127573,
              27.416267
            ],
            [
              80.126789,
              27.418136
            ],
            [
              80.128181,
              27.418353
            ],
            [
              80.127175,
              27.418955
            ],
            [
              80.126573,
              27.419168
            ],
            [
              80.126219,
              27.417707
            ],
            [
              80.12315,
              27.41793
            ],
            [
              80.122573,
              27.421357
            ]
          ]
        ],
        "type": "Polygon"
      },
      "type": "Feature"
    },
    {
      "properties": {
        "fill-opacity": 0.33,
        "fillColor": "#bf4040",
        "opacity": 0.33,
        "fill": "#bf4040",
        "fillOpacity": 0.33,
        "color": "#bf4040",
        "contour": 4.0,
        "metric": "distance",
        "provider_name": "Pooja Hotel",
        "zone_type": "distance",
        "distance_km": 4,
        "mode": "motorcycle",
        "center_lat": 27.39635307,
        "center_lon": 80.12657337,
        "label": "4km"
      },
      "geometry": {
        "coordinates": [
          [
            [
              80.120573,
              27.430487
            ],
            [
              80.120123,
              27.427803
            ],
            [
              80.118848,
              27.427628
            ],
            [
              80.117971,
              27.428353
            ],
            [
              80.118317,
              27.425097
            ],
            [
              80.120573,
              27.425001
            ],
            [
              80.121169,
              27.424353
            ],
            [
              80.118573,
              27.42371
            ],
            [
              80.117573,
              27.424647
            ],
            [
              80.117252,
              27.423353
            ],
            [
              80.119961,
              27.422741
            ],
            [
              80.121082,
              27.420353
            ],
            [
              80.120573,
              27.419858
            ],
            [
              80.119266,
              27.420659
            ],
            [
              80.118202,
              27.418353
            ],
            [
              80.119107,
              27.416353
            ],
            [
              80.117906,
              27.415019
            ],
            [
              80.114,
              27.41378
            ],
            [
              80.112573,
              27.414815
            ],
            [
              80.108573,
              27.415538
            ],
            [
              80.108653,
              27.413272
            ],
            [
              80.106573,
              27.412746
            ],
            [
              80.104573,
              27.412687
            ],
            [
              80.103573,
              27.413587
            ],
            [
              80.100692,
              27.413472
            ],
            [
              80.100473,
              27.414353
            ],
            [
              80.100535,
              27.413315
            ],
            [
              80.102393,
              27.412353
            ],
            [
              80.102415,
              27.410511
            ],
            [
              80.101573,
              27.410094
            ],
            [
              80.102621,
              27.410304
            ],
            [
              80.103573,
              27.412072
            ],
            [
              80.108095,
              27.410353
            ],
            [
              80.106046,
              27.406879
            ],
            [
              80.103929,
              27.406709
            ],
            [
              80.102573,
              27.407926
            ],
            [
              80.10032,
              27.405353
            ],
            [
              80.102233,
              27.405012
            ],
            [
              80.103382,
              27.403161
            ],
            [
              80.106104,
              27.402353
            ],
            [
              80.105905,
              27.401021
            ],
            [
              80.104236,
              27.400689
            ],
            [
              80.103912,
              27.399014
            ],
            [
              80.102164,
              27.397353
            ],
            [
              80.104027,
              27.396806
            ],
            [
              80.103826,
              27.396099
            ],
            [
              80.101573,
              27.394935
            ],
            [
              80.100269,
              27.395049
            ],
            [
              80.098631,
              27.39741
            ],
            [
              80.096918,
              27.397698
            ],
            [
              80.096573,
              27.399781
            ],
            [
              80.093983,
              27.394942
            ],
            [
              80.0907,
              27.39448
            ],
            [
              80.090573,
              27.39537
            ],
            [
              80.090481,
              27.394445
            ],
            [
              80.088573,
              27.395003
            ],
            [
              80.08839,
              27.393536
            ],
            [
              80.087553,
              27.393353
            ],
            [
              80.089282,
              27.393061
            ],
            [
              80.089573,
              27.390925
            ],
            [
              80.090573,
              27.391157
            ],
            [
              80.091573,
              27.389114
            ],
            [
              80.093573,
              27.38809
            ],
            [
              80.094205,
              27.388721
            ],
            [
              80.096573,
              27.388849
            ],
            [
              80.100269,
              27.393656
            ],
            [
              80.102573,
              27.393756
            ],
            [
              80.103824,
              27.394603
            ],
            [
              80.103996,
              27.38993
            ],
            [
              80.102215,
              27.38871
            ],
            [
              80.101905,
              27.387021
            ],
            [
              80.097277,
              27.387648
            ],
            [
              80.097043,
              27.385882
            ],
            [
              80.09614,
              27.385353
            ],
            [
              80.096497,
              27.383277
            ],
            [
              80.098015,
              27.383794
            ],
            [
              80.099942,
              27.380983
            ],
            [
              80.098573,
              27.38074
            ],
            [
              80.097573,
              27.381668
            ],
            [
              80.095573,
              27.381567
            ],
            [
              80.094573,
              27.382447
            ],
            [
              80.09268,
              27.382353
            ],
            [
              80.094375,
              27.382155
            ],
            [
              80.096276,
              27.379353
            ],
            [
              80.094472,
              27.378454
            ],
            [
              80.094386,
              27.37754
            ],
            [
              80.093015,
              27.377353
            ],
            [
              80.094573,
              27.377264
            ],
            [
              80.09489,
              27.378035
            ],
            [
              80.096573,
              27.378098
            ],
            [
              80.098751,
              27.376175
            ],
            [
              80.098648,
              27.378277
            ],
            [
              80.101573,
              27.379003
            ],
            [
              80.103573,
              27.377199
            ],
            [
              80.105481,
              27.37726
            ],
            [
              80.105573,
              27.376197
            ],
            [
              80.105601,
              27.377381
            ],
            [
              80.103903,
              27.377683
            ],
            [
              80.102159,
              27.379938
            ],
            [
              80.103573,
              27.381806
            ],
            [
              80.104248,
              27.380027
            ],
            [
              80.108573,
              27.377895
            ],
            [
              80.108573,
              27.381758
            ],
            [
              80.111573,
              27.379914
            ],
            [
              80.114885,
              27.379665
            ],
            [
              80.115985,
              27.374941
            ],
            [
              80.11097,
              27.373353
            ],
            [
              80.112429,
              27.372208
            ],
            [
              80.112573,
              27.370975
            ],
            [
              80.112755,
              27.37217
            ],
            [
              80.117183,
              27.374743
            ],
            [
              80.1189,
              27.37368
            ],
            [
              80.118141,
              27.372353
            ],
            [
              80.120104,
              27.370353
            ],
            [
              80.11918,
              27.369353
            ],
            [
              80.119289,
              27.366353
            ],
            [
              80.118573,
              27.365526
            ],
            [
              80.117267,
              27.366353
            ],
            [
              80.116561,
              27.365365
            ],
            [
              80.118266,
              27.365046
            ],
            [
              80.118573,
              27.363048
            ],
            [
              80.119549,
              27.362329
            ],
            [
              80.121573,
              27.363061
            ],
            [
              80.12073,
              27.364353
            ],
            [
              80.120942,
              27.367353
            ],
            [
              80.121953,
              27.368353
            ],
            [
              80.121217,
              27.369708
            ],
            [
              80.124987,
              27.369767
            ],
            [
              80.126573,
              27.3656
            ],
            [
              80.126999,
              27.367927
            ],
            [
              80.12877,
              27.368353
            ],
            [
              80.126942,
              27.370353
            ],
            [
              80.128573,
              27.372873
            ],
            [
              80.130991,
              27.371771
            ],
            [
              80.132401,
              27.370181
            ],
            [
              80.134217,
              27.369997
            ],
            [
              80.134573,
              27.368348
            ],
            [
              80.134753,
              27.369173
            ],
            [
              80.135573,
              27.369288
            ],
            [
              80.139611,
              27.368314
            ],
            [
              80.142573,
              27.371969
            ],
            [
              80.144275,
              27.371353
            ],
            [
              80.143571,
              27.369351
            ],
            [
              80.14532,
              27.3691
            ],
            [
              80.151573,
              27.371501
            ],
            [
              80.152309,
              27.372353
            ],
            [
              80.151709,
              27.373353
            ],
            [
              80.150124,
              27.373904
            ],
            [
              80.150017,
              27.375353
            ],
            [
              80.148573,
              27.375465
            ],
            [
              80.147768,
              27.376353
            ],
            [
              80.14873,
              27.377353
            ],
            [
              80.148978,
              27.379353
            ],
            [
              80.148293,
              27.383353
            ],
            [
              80.149672,
              27.385452
            ],
            [
              80.148354,
              27.387353
            ],
            [
              80.149323,
              27.387602
            ],
            [
              80.149573,
              27.388554
            ],
            [
              80.150573,
              27.387547
            ],
            [
              80.152034,
              27.389353
            ],
            [
              80.150244,
              27.390023
            ],
            [
              80.150253,
              27.392672
            ],
            [
              80.150918,
              27.392698
            ],
            [
              80.151294,
              27.391073
            ],
            [
              80.154022,
              27.389802
            ],
            [
              80.155511,
              27.386353
            ],
            [
              80.1561,
              27.386353
            ],
            [
              80.15594,
              27.387986
            ],
            [
              80.158498,
              27.388353
            ],
            [
              80.15826,
              27.390665
            ],
            [
              80.160547,
              27.391353
            ],
            [
              80.160314,
              27.392353
            ],
            [
              80.158031,
              27.39281
            ],
            [
              80.157128,
              27.395798
            ],
            [
              80.159573,
              27.397141
            ],
            [
              80.160291,
              27.397071
            ],
            [
              80.160573,
              27.395677
            ],
            [
              80.162079,
              27.397353
            ],
            [
              80.16079,
              27.39757
            ],
            [
              80.159573,
              27.399054
            ],
            [
              80.156573,
              27.397675
            ],
            [
              80.155573,
              27.400126
            ],
            [
              80.153573,
              27.399684
            ],
            [
              80.15287,
              27.400353
            ],
            [
              80.153573,
              27.401172
            ],
            [
              80.155002,
              27.400924
            ],
            [
              80.155859,
              27.403067
            ],
            [
              80.157573,
              27.403854
            ],
            [
              80.158413,
              27.405353
            ],
            [
              80.157411,
              27.406515
            ],
            [
              80.15921,
              27.406716
            ],
            [
              80.160153,
              27.408353
            ],
            [
              80.159113,
              27.410353
            ],
            [
              80.158573,
              27.410599
            ],
            [
              80.158377,
              27.409549
            ],
            [
              80.156573,
              27.408612
            ],
            [
              80.154686,
              27.410466
            ],
            [
              80.152877,
              27.410656
            ],
            [
              80.152597,
              27.411377
            ],
            [
              80.15189,
              27.411353
            ],
            [
              80.152493,
              27.411272
            ],
            [
              80.152408,
              27.410353
            ],
            [
              80.151573,
              27.409695
            ],
            [
              80.15071,
              27.411215
            ],
            [
              80.151332,
              27.411353
            ],
            [
              80.149636,
              27.411416
            ],
            [
              80.148573,
              27.413642
            ],
            [
              80.145573,
              27.413654
            ],
            [
              80.141957,
              27.415736
            ],
            [
              80.141875,
              27.420353
            ],
            [
              80.143221,
              27.421001
            ],
            [
              80.143573,
              27.419464
            ],
            [
              80.144637,
              27.419353
            ],
            [
              80.143767,
              27.422353
            ],
            [
              80.144669,
              27.423353
            ],
            [
              80.144623,
              27.424303
            ],
            [
              80.145036,
              27.424353
            ],
            [
              80.144573,
              27.424447
            ],
            [
              80.144381,
              27.423544
            ],
            [
              80.138573,
              27.423601
            ],
            [
              80.137782,
              27.425353
            ],
            [
              80.136573,
              27.425309
            ],
            [
              80.137142,
              27.422783
            ],
            [
              80.135549,
              27.422376
            ],
            [
              80.135514,
              27.421353
            ],
            [
              80.134221,
              27.420353
            ],
            [
              80.135016,
              27.417353
            ],
            [
              80.133851,
              27.416075
            ],
            [
              80.132573,
              27.415936
            ],
            [
              80.13099,
              27.417353
            ],
            [
              80.131919,
              27.418353
            ],
            [
              80.131788,
              27.419568
            ],
            [
              80.130573,
              27.420706
            ],
            [
              80.128198,
              27.420978
            ],
            [
              80.127725,
              27.423504
            ],
            [
              80.126396,
              27.42353
            ],
            [
              80.124573,
              27.419798
            ],
            [
              80.121997,
              27.421777
            ],
            [
              80.121785,
              27.425141
            ],
            [
              80.120697,
              27.426353
            ],
            [
              80.120573,
              27.430487
            ]
          ]
        ],
        "type": "Polygon"
      },
      "type": "Feature"
    },
    {
      "properties": {
        "fill-opacity": 0.33,
        "fillColor": "#bf4040",
        "opacity": 0.33,
        "fill": "#bf4040",
        "fillOpacity": 0.33,
        "color": "#bf4040",
        "contour": 5.0,
        "metric": "distance",
        "provider_name": "Pooja Hotel",
        "zone_type": "distance",
        "distance_km": 5,
        "mode": "motorcycle",
        "center_lat": 27.39635307,
        "center_lon": 80.12657337,
        "label": "5km"
      },
      "geometry": {
        "coordinates": [
          [
            [
              80.119573,
              27.438466
            ],
            [
              80.118677,
              27.438457
            ],
            [
              80.118573,
              27.439115
            ],
            [
              80.118546,
              27.438325
            ],
            [
              80.119385,
              27.438165
            ],
            [
              80.119161,
              27.436764
            ],
            [
              80.115523,
              27.435403
            ],
            [
              80.115286,
              27.43364
            ],
            [
              80.11451,
              27.433353
            ],
            [
              80.115573,
              27.430419
            ],
            [
              80.115871,
              27.432054
            ],
            [
              80.117573,
              27.431134
            ],
            [
              80.118573,
              27.432052
            ],
            [
              80.120098,
              27.431353
            ],
            [
              80.119865,
              27.42806
            ],
            [
              80.118573,
              27.428865
            ],
            [
              80.116121,
              27.428805
            ],
            [
              80.11626,
              27.42804
            ],
            [
              80.118035,
              27.427353
            ],
            [
              80.117176,
              27.422956
            ],
            [
              80.119573,
              27.422727
            ],
            [
              80.120907,
              27.421353
            ],
            [
              80.120573,
              27.420022
            ],
            [
              80.11914,
              27.420786
            ],
            [
              80.117959,
              27.418353
            ],
            [
              80.1188,
              27.416126
            ],
            [
              80.115799,
              27.414126
            ],
            [
              80.114271,
              27.414051
            ],
            [
              80.112802,
              27.415581
            ],
            [
              80.109213,
              27.416992
            ],
            [
              80.108891,
              27.418353
            ],
            [
              80.109738,
              27.419518
            ],
            [
              80.105916,
              27.420353
            ],
            [
              80.106308,
              27.419353
            ],
            [
              80.104573,
              27.417691
            ],
            [
              80.103685,
              27.419353
            ],
            [
              80.104446,
              27.420353
            ],
            [
              80.101696,
              27.420476
            ],
            [
              80.101573,
              27.421172
            ],
            [
              80.10153,
              27.420309
            ],
            [
              80.102374,
              27.420154
            ],
            [
              80.102433,
              27.418213
            ],
            [
              80.105294,
              27.415074
            ],
            [
              80.107908,
              27.414688
            ],
            [
              80.106573,
              27.411983
            ],
            [
              80.098573,
              27.415798
            ],
            [
              80.097171,
              27.415755
            ],
            [
              80.096973,
              27.413952
            ],
            [
              80.096115,
              27.413895
            ],
            [
              80.094767,
              27.415353
            ],
            [
              80.096957,
              27.415968
            ],
            [
              80.095852,
              27.417353
            ],
            [
              80.096764,
              27.419162
            ],
            [
              80.097601,
              27.419324
            ],
            [
              80.097573,
              27.419885
            ],
            [
              80.09749,
              27.419435
            ],
            [
              80.096512,
              27.419413
            ],
            [
              80.094573,
              27.417626
            ],
            [
              80.093573,
              27.419226
            ],
            [
              80.093248,
              27.417677
            ],
            [
              80.091671,
              27.417451
            ],
            [
              80.091573,
              27.417973
            ],
            [
              80.091573,
              27.416906
            ],
            [
              80.091935,
              27.416353
            ],
            [
              80.091794,
              27.415353
            ],
            [
              80.092166,
              27.414353
            ],
            [
              80.094573,
              27.414114
            ],
            [
              80.096339,
              27.412118
            ],
            [
              80.098032,
              27.411812
            ],
            [
              80.098194,
              27.408353
            ],
            [
              80.099127,
              27.407353
            ],
            [
              80.098935,
              27.40599
            ],
            [
              80.09606,
              27.402865
            ],
            [
              80.09442,
              27.402353
            ],
            [
              80.096089,
              27.400353
            ],
            [
              80.096036,
              27.398353
            ],
            [
              80.09484,
              27.396085
            ],
            [
              80.093573,
              27.394969
            ],
            [
              80.091573,
              27.394939
            ],
            [
              80.090573,
              27.395857
            ],
            [
              80.08925,
              27.39503
            ],
            [
              80.088023,
              27.396353
            ],
            [
              80.087865,
              27.399353
            ],
            [
              80.088573,
              27.400196
            ],
            [
              80.090456,
              27.400353
            ],
            [
              80.086573,
              27.400544
            ],
            [
              80.085573,
              27.399585
            ],
            [
              80.08281,
              27.399353
            ],
            [
              80.086048,
              27.398828
            ],
            [
              80.087167,
              27.397353
            ],
            [
              80.087895,
              27.39403
            ],
            [
              80.085183,
              27.393963
            ],
            [
              80.082738,
              27.396517
            ],
            [
              80.080755,
              27.396535
            ],
            [
              80.080573,
              27.397448
            ],
            [
              80.0801,
              27.396353
            ],
            [
              80.082079,
              27.395858
            ],
            [
              80.082998,
              27.393928
            ],
            [
              80.079951,
              27.393731
            ],
            [
              80.079573,
              27.39572
            ],
            [
              80.078551,
              27.395353
            ],
            [
              80.079469,
              27.395249
            ],
            [
              80.07925,
              27.393675
            ],
            [
              80.077492,
              27.393353
            ],
            [
              80.080383,
              27.392162
            ],
            [
              80.081744,
              27.392181
            ],
            [
              80.082573,
              27.39301
            ],
            [
              80.088885,
              27.392665
            ],
            [
              80.08926,
              27.388353
            ],
            [
              80.091949,
              27.386729
            ],
            [
              80.09203,
              27.383896
            ],
            [
              80.090573,
              27.382795
            ],
            [
              80.088573,
              27.382716
            ],
            [
              80.087573,
              27.38364
            ],
            [
              80.083079,
              27.383353
            ],
            [
              80.086573,
              27.383079
            ],
            [
              80.087573,
              27.382025
            ],
            [
              80.093573,
              27.381834
            ],
            [
              80.095986,
              27.379353
            ],
            [
              80.093573,
              27.37787
            ],
            [
              80.092573,
              27.378822
            ],
            [
              80.091573,
              27.377806
            ],
            [
              80.087573,
              27.380581
            ],
            [
              80.084426,
              27.380353
            ],
            [
              80.087117,
              27.379896
            ],
            [
              80.088353,
              27.378133
            ],
            [
              80.090146,
              27.377353
            ],
            [
              80.089972,
              27.375954
            ],
            [
              80.087573,
              27.374632
            ],
            [
              80.086434,
              27.375491
            ],
            [
              80.085343,
              27.373583
            ],
            [
              80.084224,
              27.373353
            ],
            [
              80.084573,
              27.372684
            ],
            [
              80.085573,
              27.373229
            ],
            [
              80.086574,
              27.372353
            ],
            [
              80.087021,
              27.373905
            ],
            [
              80.088573,
              27.374032
            ],
            [
              80.089573,
              27.374973
            ],
            [
              80.090573,
              27.372187
            ],
            [
              80.091088,
              27.373837
            ],
            [
              80.092573,
              27.374939
            ],
            [
              80.093573,
              27.374192
            ],
            [
              80.095521,
              27.374301
            ],
            [
              80.095573,
              27.373471
            ],
            [
              80.095589,
              27.374369
            ],
            [
              80.093893,
              27.374673
            ],
            [
              80.093043,
              27.376353
            ],
            [
              80.095573,
              27.37779
            ],
            [
              80.097888,
              27.376667
            ],
            [
              80.098263,
              27.375042
            ],
            [
              80.100986,
              27.373939
            ],
            [
              80.101011,
              27.375353
            ],
            [
              80.100066,
              27.376353
            ],
            [
              80.100573,
              27.378734
            ],
            [
              80.10402,
              27.3778
            ],
            [
              80.105256,
              27.375035
            ],
            [
              80.106915,
              27.375011
            ],
            [
              80.105914,
              27.377693
            ],
            [
              80.104126,
              27.377905
            ],
            [
              80.102317,
              27.380097
            ],
            [
              80.103573,
              27.381665
            ],
            [
              80.104132,
              27.379912
            ],
            [
              80.108573,
              27.377704
            ],
            [
              80.109225,
              27.379353
            ],
            [
              80.108254,
              27.380353
            ],
            [
              80.108573,
              27.381641
            ],
            [
              80.109783,
              27.381563
            ],
            [
              80.111573,
              27.379712
            ],
            [
              80.114786,
              27.379565
            ],
            [
              80.114963,
              27.376353
            ],
            [
              80.115828,
              27.375097
            ],
            [
              80.113573,
              27.374879
            ],
            [
              80.112573,
              27.37389
            ],
            [
              80.110573,
              27.373842
            ],
            [
              80.109573,
              27.374786
            ],
            [
              80.107192,
              27.374353
            ],
            [
              80.108949,
              27.373728
            ],
            [
              80.108656,
              27.371353
            ],
            [
              80.11001,
              27.37079
            ],
            [
              80.110125,
              27.3698
            ],
            [
              80.108641,
              27.369353
            ],
            [
              80.109573,
              27.366776
            ],
            [
              80.111573,
              27.368049
            ],
            [
              80.113165,
              27.366353
            ],
            [
              80.112573,
              27.364603
            ],
            [
              80.110747,
              27.364527
            ],
            [
              80.110609,
              27.365389
            ],
            [
              80.109861,
              27.365353
            ],
            [
              80.110495,
              27.364353
            ],
            [
              80.109657,
              27.363353
            ],
            [
              80.112692,
              27.363233
            ],
            [
              80.114573,
              27.365908
            ],
            [
              80.11804,
              27.364353
            ],
            [
              80.117016,
              27.359909
            ],
            [
              80.113613,
              27.359393
            ],
            [
              80.113573,
              27.359902
            ],
            [
              80.113447,
              27.359353
            ],
            [
              80.114237,
              27.358017
            ],
            [
              80.116497,
              27.358277
            ],
            [
              80.116394,
              27.356353
            ],
            [
              80.117384,
              27.355353
            ],
            [
              80.117573,
              27.353458
            ],
            [
              80.117899,
              27.355027
            ],
            [
              80.11872,
              27.355353
            ],
            [
              80.117819,
              27.356353
            ],
            [
              80.119121,
              27.357805
            ],
            [
              80.123542,
              27.358353
            ],
            [
              80.119573,
              27.358641
            ],
            [
              80.119215,
              27.36071
            ],
            [
              80.121573,
              27.361872
            ],
            [
              80.122573,
              27.360912
            ],
            [
              80.12556,
              27.36034
            ],
            [
              80.126573,
              27.359052
            ],
            [
              80.128573,
              27.359259
            ],
            [
              80.129595,
              27.36033
            ],
            [
              80.129192,
              27.361353
            ],
            [
              80.123573,
              27.361767
            ],
            [
              80.121116,
              27.364353
            ],
            [
              80.121186,
              27.367353
            ],
            [
              80.12219,
              27.368353
            ],
            [
              80.121573,
              27.369693
            ],
            [
              80.124828,
              27.369608
            ],
            [
              80.126245,
              27.365025
            ],
            [
              80.128899,
              27.365027
            ],
            [
              80.129838,
              27.366618
            ],
            [
              80.128573,
              27.366779
            ],
            [
              80.127573,
              27.365821
            ],
            [
              80.127098,
              27.366353
            ],
            [
              80.127279,
              27.367646
            ],
            [
              80.129128,
              27.368353
            ],
            [
              80.127186,
              27.370353
            ],
            [
              80.128573,
              27.372695
            ],
            [
              80.13083,
              27.37161
            ],
            [
              80.13219,
              27.36997
            ],
            [
              80.133875,
              27.369654
            ],
            [
              80.134573,
              27.367851
            ],
            [
              80.135573,
              27.368836
            ],
            [
              80.136573,
              27.367943
            ],
            [
              80.14003,
              27.367895
            ],
            [
              80.142054,
              27.369834
            ],
            [
              80.141944,
              27.368982
            ],
            [
              80.140147,
              27.367778
            ],
            [
              80.140573,
              27.362292
            ],
            [
              80.141078,
              27.364847
            ],
            [
              80.143573,
              27.366991
            ],
            [
              80.144366,
              27.365146
            ],
            [
              80.146489,
              27.364353
            ],
            [
              80.146573,
              27.363179
            ],
            [
              80.150573,
              27.365127
            ],
            [
              80.152366,
              27.364146
            ],
            [
              80.152573,
              27.362613
            ],
            [
              80.153616,
              27.365353
            ],
            [
              80.155111,
              27.366815
            ],
            [
              80.158573,
              27.366182
            ],
            [
              80.158959,
              27.367353
            ],
            [
              80.157825,
              27.367604
            ],
            [
              80.157773,
              27.368353
            ],
            [
              80.158759,
              27.370353
            ],
            [
              80.157761,
              27.371353
            ],
            [
              80.159676,
              27.37225
            ],
            [
              80.159705,
              27.373353
            ],
            [
              80.157573,
              27.374829
            ],
            [
              80.157188,
              27.373737
            ],
            [
              80.156042,
              27.373822
            ],
            [
              80.156288,
              27.376353
            ],
            [
              80.155573,
              27.377213
            ],
            [
              80.154573,
              27.374546
            ],
            [
              80.151824,
              27.377353
            ],
            [
              80.152837,
              27.379353
            ],
            [
              80.152756,
              27.385353
            ],
            [
              80.151156,
              27.385935
            ],
            [
              80.152223,
              27.389353
            ],
            [
              80.150352,
              27.390132
            ],
            [
              80.150357,
              27.392569
            ],
            [
              80.151815,
              27.392595
            ],
            [
              80.151154,
              27.390933
            ],
            [
              80.153841,
              27.389621
            ],
            [
              80.155225,
              27.386005
            ],
            [
              80.156971,
              27.385751
            ],
            [
              80.158573,
              27.384027
            ],
            [
              80.161007,
              27.384787
            ],
            [
              80.161573,
              27.381798
            ],
            [
              80.162573,
              27.380995
            ],
            [
              80.163573,
              27.381225
            ],
            [
              80.163943,
              27.382982
            ],
            [
              80.164712,
              27.383353
            ],
            [
              80.163083,
              27.384862
            ],
            [
              80.161922,
              27.387353
            ],
            [
              80.161982,
              27.389761
            ],
            [
              80.161029,
              27.390353
            ],
            [
              80.161573,
              27.390878
            ],
            [
              80.162161,
              27.389941
            ],
            [
              80.165043,
              27.389823
            ],
            [
              80.166573,
              27.387248
            ],
            [
              80.167879,
              27.389046
            ],
            [
              80.169573,
              27.389012
            ],
            [
              80.169573,
              27.38938
            ],
            [
              80.166973,
              27.389752
            ],
            [
              80.165932,
              27.390712
            ],
            [
              80.164877,
              27.392353
            ],
            [
              80.164884,
              27.394353
            ],
            [
              80.166573,
              27.396048
            ],
            [
              80.167573,
              27.395126
            ],
            [
              80.170514,
              27.395353
            ],
            [
              80.168008,
              27.395788
            ],
            [
              80.167765,
              27.397353
            ],
            [
              80.168955,
              27.39897
            ],
            [
              80.170306,
              27.399086
            ],
            [
              80.170683,
              27.398243
            ],
            [
              80.171492,
              27.398353
            ],
            [
              80.171832,
              27.399353
            ],
            [
              80.171619,
              27.400353
            ],
            [
              80.169573,
              27.400443
            ],
            [
              80.167573,
              27.401474
            ],
            [
              80.16706,
              27.399866
            ],
            [
              80.164573,
              27.399749
            ],
            [
              80.161573,
              27.397863
            ],
            [
              80.159188,
              27.400968
            ],
            [
              80.15996,
              27.402353
            ],
            [
              80.15899,
              27.403353
            ],
            [
              80.160206,
              27.404719
            ],
            [
              80.162006,
              27.404786
            ],
            [
              80.163573,
              27.403154
            ],
            [
              80.166302,
              27.403353
            ],
            [
              80.163971,
              27.40375
            ],
            [
              80.163136,
              27.405789
            ],
            [
              80.165573,
              27.405673
            ],
            [
              80.167147,
              27.406779
            ],
            [
              80.170026,
              27.407353
            ],
            [
              80.168783,
              27.407562
            ],
            [
              80.168607,
              27.409387
            ],
            [
              80.167625,
              27.409405
            ],
            [
              80.167614,
              27.410394
            ],
            [
              80.166866,
              27.410646
            ],
            [
              80.166865,
              27.413353
            ],
            [
              80.166558,
              27.413368
            ],
            [
              80.166372,
              27.412554
            ],
            [
              80.164573,
              27.412586
            ],
            [
              80.163573,
              27.411672
            ],
            [
              80.16112,
              27.4119
            ],
            [
              80.160909,
              27.413353
            ],
            [
              80.162573,
              27.417057
            ],
            [
              80.160425,
              27.4155
            ],
            [
              80.159573,
              27.413734
            ],
            [
              80.158741,
              27.41552
            ],
            [
              80.155706,
              27.415486
            ],
            [
              80.155231,
              27.416353
            ],
            [
              80.155532,
              27.415312
            ],
            [
              80.157122,
              27.414902
            ],
            [
              80.157128,
              27.411353
            ],
            [
              80.158065,
              27.410353
            ],
            [
              80.156573,
              27.408927
            ],
            [
              80.154573,
              27.410899
            ],
            [
              80.150241,
              27.412021
            ],
            [
              80.150573,
              27.412906
            ],
            [
              80.152813,
              27.413113
            ],
            [
              80.152805,
              27.414585
            ],
            [
              80.151573,
              27.413755
            ],
            [
              80.150994,
              27.414353
            ],
            [
              80.153247,
              27.416353
            ],
            [
              80.152939,
              27.417987
            ],
            [
              80.154197,
              27.419353
            ],
            [
              80.152544,
              27.419382
            ],
            [
              80.151573,
              27.416669
            ],
            [
              80.149573,
              27.417714
            ],
            [
              80.148573,
              27.416751
            ],
            [
              80.147215,
              27.416995
            ],
            [
              80.147768,
              27.421548
            ],
            [
              80.146573,
              27.419803
            ],
            [
              80.14524,
              27.420019
            ],
            [
              80.14412,
              27.421353
            ],
            [
              80.144267,
              27.422659
            ],
            [
              80.145573,
              27.42386
            ],
            [
              80.146905,
              27.42202
            ],
            [
              80.147002,
              27.424353
            ],
            [
              80.148814,
              27.425111
            ],
            [
              80.149102,
              27.427824
            ],
            [
              80.151436,
              27.429353
            ],
            [
              80.14994,
              27.429719
            ],
            [
              80.149573,
              27.432025
            ],
            [
              80.149069,
              27.428857
            ],
            [
              80.145846,
              27.429626
            ],
            [
              80.145573,
              27.430626
            ],
            [
              80.144572,
              27.429353
            ],
            [
              80.145391,
              27.429171
            ],
            [
              80.145573,
              27.428126
            ],
            [
              80.145907,
              27.429018
            ],
            [
              80.147238,
              27.429018
            ],
            [
              80.146273,
              27.427353
            ],
            [
              80.147174,
              27.426353
            ],
            [
              80.145573,
              27.425816
            ],
            [
              80.144303,
              27.426623
            ],
            [
              80.143573,
              27.423895
            ],
            [
              80.138573,
              27.423923
            ],
            [
              80.138109,
              27.424353
            ],
            [
              80.138891,
              27.425671
            ],
            [
              80.136224,
              27.426004
            ],
            [
              80.133784,
              27.428563
            ],
            [
              80.128842,
              27.429353
            ],
            [
              80.129573,
              27.428266
            ],
            [
              80.133023,
              27.427803
            ],
            [
              80.137009,
              27.423353
            ],
            [
              80.135234,
              27.422692
            ],
            [
              80.135837,
              27.421089
            ],
            [
              80.133966,
              27.420353
            ],
            [
              80.134773,
              27.417152
            ],
            [
              80.132573,
              27.416059
            ],
            [
              80.131205,
              27.417353
            ],
            [
              80.132178,
              27.418353
            ],
            [
              80.13197,
              27.41975
            ],
            [
              80.130573,
              27.42096
            ],
            [
              80.128333,
              27.421113
            ],
            [
              80.127949,
              27.423729
            ],
            [
              80.126189,
              27.423737
            ],
            [
              80.124573,
              27.419996
            ],
            [
              80.122191,
              27.421971
            ],
            [
              80.121973,
              27.425353
            ],
            [
              80.120967,
              27.426353
            ],
            [
              80.121014,
              27.432353
            ],
            [
              80.119904,
              27.433353
            ],
            [
              80.119573,
              27.438466
            ]
          ]
        ],
        "type": "Polygon"
      },
      "type": "Feature"
    },
    {
      "properties": {
        "fill-opacity": 0.33,
        "fillColor": "#bf4040",
        "opacity": 0.33,
        "fill": "#bf4040",
        "fillOpacity": 0.33,
        "color": "#bf4040",
        "contour": 6.0,
        "metric": "distance",
        "provider_name": "Pooja Hotel",
        "zone_type": "distance",
        "distance_km": 6,
        "mode": "motorcycle",
        "center_lat": 27.39635307,
        "center_lon": 80.12657337,
        "label": "6km"
      },
      "geometry": {
        "coordinates": [
          [
            [
              80.118573,
              27.447066
            ],
            [
              80.118163,
              27.444762
            ],
            [
              80.115644,
              27.444424
            ],
            [
              80.11568,
              27.446353
            ],
            [
              80.114573,
              27.447203
            ],
            [
              80.114516,
              27.446296
            ],
            [
              80.115342,
              27.446121
            ],
            [
              80.115184,
              27.444742
            ],
            [
              80.111597,
              27.443353
            ],
            [
              80.116025,
              27.442805
            ],
            [
              80.117945,
              27.440725
            ],
            [
              80.118871,
              27.437055
            ],
            [
              80.116573,
              27.43683
            ],
            [
              80.115227,
              27.435699
            ],
            [
              80.113573,
              27.431827
            ],
            [
              80.109213,
              27.431993
            ],
            [
              80.108889,
              27.434353
            ],
            [
              80.107749,
              27.435353
            ],
            [
              80.108593,
              27.436353
            ],
            [
              80.108573,
              27.437095
            ],
            [
              80.108529,
              27.436396
            ],
            [
              80.107496,
              27.43643
            ],
            [
              80.106361,
              27.434353
            ],
            [
              80.108209,
              27.433353
            ],
            [
              80.106959,
              27.430967
            ],
            [
              80.103573,
              27.431608
            ],
            [
              80.101671,
              27.429353
            ],
            [
              80.102573,
              27.428375
            ],
            [
              80.10285,
              27.430076
            ],
            [
              80.104573,
              27.431053
            ],
            [
              80.105573,
              27.430002
            ],
            [
              80.107951,
              27.429731
            ],
            [
              80.108211,
              27.427353
            ],
            [
              80.107272,
              27.426353
            ],
            [
              80.107219,
              27.424706
            ],
            [
              80.105725,
              27.424353
            ],
            [
              80.105646,
              27.423353
            ],
            [
              80.107573,
              27.423376
            ],
            [
              80.108977,
              27.428353
            ],
            [
              80.110573,
              27.430823
            ],
            [
              80.111864,
              27.430644
            ],
            [
              80.112573,
              27.428762
            ],
            [
              80.117791,
              27.42757
            ],
            [
              80.117873,
              27.425353
            ],
            [
              80.116861,
              27.423353
            ],
            [
              80.117573,
              27.422641
            ],
            [
              80.119573,
              27.422625
            ],
            [
              80.120823,
              27.421353
            ],
            [
              80.120573,
              27.420104
            ],
            [
              80.119079,
              27.420846
            ],
            [
              80.117852,
              27.418353
            ],
            [
              80.118742,
              27.416183
            ],
            [
              80.114573,
              27.41408
            ],
            [
              80.112975,
              27.415755
            ],
            [
              80.109339,
              27.417119
            ],
            [
              80.109953,
              27.419733
            ],
            [
              80.107573,
              27.419942
            ],
            [
              80.106573,
              27.420907
            ],
            [
              80.102248,
              27.421028
            ],
            [
              80.101817,
              27.424597
            ],
            [
              80.098889,
              27.426669
            ],
            [
              80.098573,
              27.428137
            ],
            [
              80.097573,
              27.42775
            ],
            [
              80.097122,
              27.426353
            ],
            [
              80.099153,
              27.425933
            ],
            [
              80.098573,
              27.424702
            ],
            [
              80.097083,
              27.424863
            ],
            [
              80.096573,
              27.426158
            ],
            [
              80.093501,
              27.426353
            ],
            [
              80.096573,
              27.424098
            ],
            [
              80.098992,
              27.423771
            ],
            [
              80.100115,
              27.422353
            ],
            [
              80.098278,
              27.421648
            ],
            [
              80.094573,
              27.417932
            ],
            [
              80.093904,
              27.419684
            ],
            [
              80.091849,
              27.421629
            ],
            [
              80.087646,
              27.425426
            ],
            [
              80.086691,
              27.425353
            ],
            [
              80.088636,
              27.422353
            ],
            [
              80.090006,
              27.421785
            ],
            [
              80.09305,
              27.418353
            ],
            [
              80.092573,
              27.417888
            ],
            [
              80.09206,
              27.41884
            ],
            [
              80.088149,
              27.418929
            ],
            [
              80.087818,
              27.419353
            ],
            [
              80.088711,
              27.420353
            ],
            [
              80.088573,
              27.422127
            ],
            [
              80.088282,
              27.420643
            ],
            [
              80.085573,
              27.418659
            ],
            [
              80.081962,
              27.420353
            ],
            [
              80.082516,
              27.419296
            ],
            [
              80.084306,
              27.418353
            ],
            [
              80.083309,
              27.416616
            ],
            [
              80.08188,
              27.416353
            ],
            [
              80.083573,
              27.416217
            ],
            [
              80.085573,
              27.418047
            ],
            [
              80.088573,
              27.415965
            ],
            [
              80.09092,
              27.415699
            ],
            [
              80.091573,
              27.413882
            ],
            [
              80.094854,
              27.413634
            ],
            [
              80.096169,
              27.411948
            ],
            [
              80.097992,
              27.411353
            ],
            [
              80.098808,
              27.406118
            ],
            [
              80.093573,
              27.401759
            ],
            [
              80.090573,
              27.401836
            ],
            [
              80.089573,
              27.40087
            ],
            [
              80.086573,
              27.400906
            ],
            [
              80.085573,
              27.399918
            ],
            [
              80.082243,
              27.399682
            ],
            [
              80.082573,
              27.398858
            ],
            [
              80.085573,
              27.398787
            ],
            [
              80.086832,
              27.397612
            ],
            [
              80.087573,
              27.394019
            ],
            [
              80.085327,
              27.394107
            ],
            [
              80.082953,
              27.396733
            ],
            [
              80.080573,
              27.397878
            ],
            [
              80.078236,
              27.39569
            ],
            [
              80.079036,
              27.394353
            ],
            [
              80.078573,
              27.39388
            ],
            [
              80.076207,
              27.393987
            ],
            [
              80.072573,
              27.397583
            ],
            [
              80.070474,
              27.397451
            ],
            [
              80.06968,
              27.397353
            ],
            [
              80.069567,
              27.396346
            ],
            [
              80.070597,
              27.396329
            ],
            [
              80.070786,
              27.397139
            ],
            [
              80.072131,
              27.39691
            ],
            [
              80.074947,
              27.392978
            ],
            [
              80.073573,
              27.39371
            ],
            [
              80.072573,
              27.392699
            ],
            [
              80.06719,
              27.392353
            ],
            [
              80.072035,
              27.391815
            ],
            [
              80.072447,
              27.389353
            ],
            [
              80.073411,
              27.389191
            ],
            [
              80.073573,
              27.38807
            ],
            [
              80.073757,
              27.389168
            ],
            [
              80.075751,
              27.389174
            ],
            [
              80.076573,
              27.391893
            ],
            [
              80.077284,
              27.390064
            ],
            [
              80.078862,
              27.390064
            ],
            [
              80.078039,
              27.391353
            ],
            [
              80.078573,
              27.392825
            ],
            [
              80.079573,
              27.391819
            ],
            [
              80.082037,
              27.391817
            ],
            [
              80.082248,
              27.390028
            ],
            [
              80.085573,
              27.38703
            ],
            [
              80.090573,
              27.387738
            ],
            [
              80.091939,
              27.386353
            ],
            [
              80.091963,
              27.384353
            ],
            [
              80.090573,
              27.382995
            ],
            [
              80.088573,
              27.382964
            ],
            [
              80.087573,
              27.383937
            ],
            [
              80.082573,
              27.383842
            ],
            [
              80.081573,
              27.384802
            ],
            [
              80.080295,
              27.383631
            ],
            [
              80.08021,
              27.381353
            ],
            [
              80.081296,
              27.380076
            ],
            [
              80.086573,
              27.379799
            ],
            [
              80.088174,
              27.377954
            ],
            [
              80.089822,
              27.377601
            ],
            [
              80.089941,
              27.376353
            ],
            [
              80.087573,
              27.374934
            ],
            [
              80.085238,
              27.376688
            ],
            [
              80.084888,
              27.374037
            ],
            [
              80.082275,
              27.373651
            ],
            [
              80.080973,
              27.371953
            ],
            [
              80.078573,
              27.370629
            ],
            [
              80.076868,
              27.370647
            ],
            [
              80.076639,
              27.371419
            ],
            [
              80.075573,
              27.371714
            ],
            [
              80.075543,
              27.371323
            ],
            [
              80.07638,
              27.371159
            ],
            [
              80.076455,
              27.369353
            ],
            [
              80.076407,
              27.368518
            ],
            [
              80.075525,
              27.368353
            ],
            [
              80.076573,
              27.367667
            ],
            [
              80.077631,
              27.368295
            ],
            [
              80.07803,
              27.369896
            ],
            [
              80.080573,
              27.370106
            ],
            [
              80.082429,
              27.367353
            ],
            [
              80.082505,
              27.36642
            ],
            [
              80.081573,
              27.366306
            ],
            [
              80.082593,
              27.366332
            ],
            [
              80.083003,
              27.367922
            ],
            [
              80.084573,
              27.369079
            ],
            [
              80.086246,
              27.369026
            ],
            [
              80.087573,
              27.367737
            ],
            [
              80.088044,
              27.372353
            ],
            [
              80.087282,
              27.373644
            ],
            [
              80.089834,
              27.374613
            ],
            [
              80.090573,
              27.371808
            ],
            [
              80.092573,
              27.374722
            ],
            [
              80.096119,
              27.372353
            ],
            [
              80.095034,
              27.369892
            ],
            [
              80.09338,
              27.369353
            ],
            [
              80.094575,
              27.36635
            ],
            [
              80.096951,
              27.370353
            ],
            [
              80.097043,
              27.373353
            ],
            [
              80.093226,
              27.376353
            ],
            [
              80.096573,
              27.377652
            ],
            [
              80.097903,
              27.376353
            ],
            [
              80.097139,
              27.374918
            ],
            [
              80.09981,
              27.37459
            ],
            [
              80.100977,
              27.372353
            ],
            [
              80.100001,
              27.371353
            ],
            [
              80.10021,
              27.36999
            ],
            [
              80.102573,
              27.369854
            ],
            [
              80.103573,
              27.371083
            ],
            [
              80.109837,
              27.370617
            ],
            [
              80.105044,
              27.365882
            ],
            [
              80.101778,
              27.364353
            ],
            [
              80.102573,
              27.363368
            ],
            [
              80.103573,
              27.36345
            ],
            [
              80.103957,
              27.364968
            ],
            [
              80.105573,
              27.36505
            ],
            [
              80.106573,
              27.365978
            ],
            [
              80.108573,
              27.365888
            ],
            [
              80.1099,
              27.364679
            ],
            [
              80.108573,
              27.362827
            ],
            [
              80.107573,
              27.36377
            ],
            [
              80.106313,
              27.363612
            ],
            [
              80.106001,
              27.361925
            ],
            [
              80.104343,
              27.360353
            ],
            [
              80.104573,
              27.359067
            ],
            [
              80.105042,
              27.359884
            ],
            [
              80.106793,
              27.360133
            ],
            [
              80.107175,
              27.36175
            ],
            [
              80.112939,
              27.362987
            ],
            [
              80.114573,
              27.36571
            ],
            [
              80.117784,
              27.364564
            ],
            [
              80.116839,
              27.360086
            ],
            [
              80.114573,
              27.359886
            ],
            [
              80.113883,
              27.361662
            ],
            [
              80.112573,
              27.361798
            ],
            [
              80.109351,
              27.358575
            ],
            [
              80.109065,
              27.35686
            ],
            [
              80.107943,
              27.356353
            ],
            [
              80.110314,
              27.355094
            ],
            [
              80.110469,
              27.354249
            ],
            [
              80.112573,
              27.354064
            ],
            [
              80.114967,
              27.352747
            ],
            [
              80.114573,
              27.35063
            ],
            [
              80.112871,
              27.350651
            ],
            [
              80.112573,
              27.35147
            ],
            [
              80.110999,
              27.351353
            ],
            [
              80.11235,
              27.35113
            ],
            [
              80.112573,
              27.350214
            ],
            [
              80.114573,
              27.350075
            ],
            [
              80.116022,
              27.348802
            ],
            [
              80.11506,
              27.345353
            ],
            [
              80.115573,
              27.344614
            ],
            [
              80.11588,
              27.346045
            ],
            [
              80.117676,
              27.346456
            ],
            [
              80.117117,
              27.348809
            ],
            [
              80.11927,
              27.349049
            ],
            [
              80.119573,
              27.348023
            ],
            [
              80.121602,
              27.349353
            ],
            [
              80.121289,
              27.351353
            ],
            [
              80.119433,
              27.351492
            ],
            [
              80.118573,
              27.350594
            ],
            [
              80.117964,
              27.351353
            ],
            [
              80.11901,
              27.352353
            ],
            [
              80.118096,
              27.354353
            ],
            [
              80.119113,
              27.355353
            ],
            [
              80.118143,
              27.356353
            ],
            [
              80.119303,
              27.357622
            ],
            [
              80.121573,
              27.357804
            ],
            [
              80.123938,
              27.356717
            ],
            [
              80.123254,
              27.354353
            ],
            [
              80.124573,
              27.352976
            ],
            [
              80.127543,
              27.353353
            ],
            [
              80.124964,
              27.353744
            ],
            [
              80.125965,
              27.357353
            ],
            [
              80.127824,
              27.358102
            ],
            [
              80.130233,
              27.360692
            ],
            [
              80.131573,
              27.360919
            ],
            [
              80.132353,
              27.359133
            ],
            [
              80.135125,
              27.358905
            ],
            [
              80.135416,
              27.35751
            ],
            [
              80.134599,
              27.357353
            ],
            [
              80.135449,
              27.357229
            ],
            [
              80.135882,
              27.358043
            ],
            [
              80.137426,
              27.358205
            ],
            [
              80.137333,
              27.355593
            ],
            [
              80.136527,
              27.355399
            ],
            [
              80.136573,
              27.354433
            ],
            [
              80.136709,
              27.355217
            ],
            [
              80.137649,
              27.355276
            ],
            [
              80.138573,
              27.35708
            ],
            [
              80.139573,
              27.355563
            ],
            [
              80.140558,
              27.355338
            ],
            [
              80.14165,
              27.355353
            ],
            [
              80.140593,
              27.355372
            ],
            [
              80.140645,
              27.356425
            ],
            [
              80.139875,
              27.356655
            ],
            [
              80.139957,
              27.359353
            ],
            [
              80.142068,
              27.362353
            ],
            [
              80.141135,
              27.364353
            ],
            [
              80.143573,
              27.366742
            ],
            [
              80.144178,
              27.364958
            ],
            [
              80.146051,
              27.364353
            ],
            [
              80.146573,
              27.36187
            ],
            [
              80.150573,
              27.364784
            ],
            [
              80.151886,
              27.363666
            ],
            [
              80.151087,
              27.362353
            ],
            [
              80.151042,
              27.357883
            ],
            [
              80.149463,
              27.357463
            ],
            [
              80.149447,
              27.356479
            ],
            [
              80.14849,
              27.35627
            ],
            [
              80.150234,
              27.356013
            ],
            [
              80.150573,
              27.354317
            ],
            [
              80.151588,
              27.354353
            ],
            [
              80.152028,
              27.361353
            ],
            [
              80.153573,
              27.36292
            ],
            [
              80.154468,
              27.362353
            ],
            [
              80.154573,
              27.360275
            ],
            [
              80.156338,
              27.360118
            ],
            [
              80.156573,
              27.359526
            ],
            [
              80.15708,
              27.361845
            ],
            [
              80.158996,
              27.362775
            ],
            [
              80.161348,
              27.360353
            ],
            [
              80.160647,
              27.358427
            ],
            [
              80.162573,
              27.357947
            ],
            [
              80.162602,
              27.361353
            ],
            [
              80.161106,
              27.361886
            ],
            [
              80.161151,
              27.363775
            ],
            [
              80.162573,
              27.36507
            ],
            [
              80.165353,
              27.365133
            ],
            [
              80.165573,
              27.363801
            ],
            [
              80.166098,
              27.364353
            ],
            [
              80.165573,
              27.366238
            ],
            [
              80.165372,
              27.365553
            ],
            [
              80.163573,
              27.365589
            ],
            [
              80.162573,
              27.366544
            ],
            [
              80.160573,
              27.365607
            ],
            [
              80.159884,
              27.367664
            ],
            [
              80.158264,
              27.368043
            ],
            [
              80.159124,
              27.370353
            ],
            [
              80.158125,
              27.371353
            ],
            [
              80.159934,
              27.371991
            ],
            [
              80.160108,
              27.373353
            ],
            [
              80.157048,
              27.377353
            ],
            [
              80.157827,
              27.378607
            ],
            [
              80.156001,
              27.379353
            ],
            [
              80.155691,
              27.385235
            ],
            [
              80.156607,
              27.385387
            ],
            [
              80.158573,
              27.383755
            ],
            [
              80.160836,
              27.384616
            ],
            [
              80.161101,
              27.381353
            ],
            [
              80.162328,
              27.379108
            ],
            [
              80.164573,
              27.380863
            ],
            [
              80.166573,
              27.380919
            ],
            [
              80.167573,
              27.379061
            ],
            [
              80.168809,
              27.380589
            ],
            [
              80.167573,
              27.381749
            ],
            [
              80.164246,
              27.382026
            ],
            [
              80.16511,
              27.383353
            ],
            [
              80.162178,
              27.387353
            ],
            [
              80.162202,
              27.389724
            ],
            [
              80.165858,
              27.388638
            ],
            [
              80.166573,
              27.386825
            ],
            [
              80.168573,
              27.38882
            ],
            [
              80.169573,
              27.387867
            ],
            [
              80.172573,
              27.387932
            ],
            [
              80.175042,
              27.386821
            ],
            [
              80.177573,
              27.384591
            ],
            [
              80.178633,
              27.385293
            ],
            [
              80.176917,
              27.386696
            ],
            [
              80.176747,
              27.388178
            ],
            [
              80.177573,
              27.388605
            ],
            [
              80.176518,
              27.388408
            ],
            [
              80.176192,
              27.387733
            ],
            [
              80.174573,
              27.387688
            ],
            [
              80.173573,
              27.388733
            ],
            [
              80.170573,
              27.388831
            ],
            [
              80.169573,
              27.38986
            ],
            [
              80.167273,
              27.390053
            ],
            [
              80.165162,
              27.392353
            ],
            [
              80.165297,
              27.394628
            ],
            [
              80.166573,
              27.395763
            ],
            [
              80.167573,
              27.394789
            ],
            [
              80.171886,
              27.39404
            ],
            [
              80.170905,
              27.395685
            ],
            [
              80.16828,
              27.39606
            ],
            [
              80.168573,
              27.397851
            ],
            [
              80.171573,
              27.397856
            ],
            [
              80.172573,
              27.396886
            ],
            [
              80.173573,
              27.397945
            ],
            [
              80.176367,
              27.396147
            ],
            [
              80.177573,
              27.398077
            ],
            [
              80.180636,
              27.397353
            ],
            [
              80.179573,
              27.398547
            ],
            [
              80.174573,
              27.39876
            ],
            [
              80.172573,
              27.400836
            ],
            [
              80.169573,
              27.400876
            ],
            [
              80.16867,
              27.40345
            ],
            [
              80.166963,
              27.404353
            ],
            [
              80.168573,
              27.40593
            ],
            [
              80.170573,
              27.403103
            ],
            [
              80.173573,
              27.405971
            ],
            [
              80.174336,
              27.405353
            ],
            [
              80.173419,
              27.404507
            ],
            [
              80.173573,
              27.403267
            ],
            [
              80.175573,
              27.405083
            ],
            [
              80.177342,
              27.405122
            ],
            [
              80.177573,
              27.404145
            ],
            [
              80.1779,
              27.406026
            ],
            [
              80.180017,
              27.406353
            ],
            [
              80.17877,
              27.40655
            ],
            [
              80.178573,
              27.407692
            ],
            [
              80.177573,
              27.408125
            ],
            [
              80.176944,
              27.406981
            ],
            [
              80.175573,
              27.406653
            ],
            [
              80.171573,
              27.40875
            ],
            [
              80.170573,
              27.408818
            ],
            [
              80.169573,
              27.407864
            ],
            [
              80.168915,
              27.409695
            ],
            [
              80.167262,
              27.411041
            ],
            [
              80.167245,
              27.412681
            ],
            [
              80.169838,
              27.414088
            ],
            [
              80.170151,
              27.415775
            ],
            [
              80.171776,
              27.417353
            ],
            [
              80.171842,
              27.419083
            ],
            [
              80.173573,
              27.41941
            ],
            [
              80.171573,
              27.419477
            ],
            [
              80.170059,
              27.417867
            ],
            [
              80.168573,
              27.417613
            ],
            [
              80.165947,
              27.419353
            ],
            [
              80.168674,
              27.420252
            ],
            [
              80.169452,
              27.421353
            ],
            [
              80.166573,
              27.421594
            ],
            [
              80.163573,
              27.419722
            ],
            [
              80.161573,
              27.421572
            ],
            [
              80.161321,
              27.420353
            ],
            [
              80.163127,
              27.418353
            ],
            [
              80.160198,
              27.415727
            ],
            [
              80.159573,
              27.41397
            ],
            [
              80.158954,
              27.415734
            ],
            [
              80.156573,
              27.415893
            ],
            [
              80.155573,
              27.416862
            ],
            [
              80.153573,
              27.416802
            ],
            [
              80.153143,
              27.417353
            ],
            [
              80.154899,
              27.419026
            ],
            [
              80.156158,
              27.422768
            ],
            [
              80.157573,
              27.423094
            ],
            [
              80.158573,
              27.422178
            ],
            [
              80.159635,
              27.422291
            ],
            [
              80.157847,
              27.424353
            ],
            [
              80.158705,
              27.425485
            ],
            [
              80.157573,
              27.425567
            ],
            [
              80.155331,
              27.423594
            ],
            [
              80.153909,
              27.420017
            ],
            [
              80.152232,
              27.419693
            ],
            [
              80.151852,
              27.417074
            ],
            [
              80.150573,
              27.416956
            ],
            [
              80.149573,
              27.417963
            ],
            [
              80.148573,
              27.416977
            ],
            [
              80.148041,
              27.417353
            ],
            [
              80.148159,
              27.421353
            ],
            [
              80.147177,
              27.422353
            ],
            [
              80.14721,
              27.424353
            ],
            [
              80.14898,
              27.424946
            ],
            [
              80.149297,
              27.427629
            ],
            [
              80.150573,
              27.428829
            ],
            [
              80.152327,
              27.426106
            ],
            [
              80.153931,
              27.426353
            ],
            [
              80.153853,
              27.428633
            ],
            [
              80.150269,
              27.430049
            ],
            [
              80.150209,
              27.432716
            ],
            [
              80.152022,
              27.432802
            ],
            [
              80.15346,
              27.43124
            ],
            [
              80.155442,
              27.431221
            ],
            [
              80.155979,
              27.430353
            ],
            [
              80.155612,
              27.431392
            ],
            [
              80.153945,
              27.431725
            ],
            [
              80.1529,
              27.433353
            ],
            [
              80.154778,
              27.436148
            ],
            [
              80.156076,
              27.436353
            ],
            [
              80.154573,
              27.436455
            ],
            [
              80.154255,
              27.435671
            ],
            [
              80.15241,
              27.435515
            ],
            [
              80.151573,
              27.433727
            ],
            [
              80.150194,
              27.433974
            ],
            [
              80.149573,
              27.440841
            ],
            [
              80.149081,
              27.437845
            ],
            [
              80.145172,
              27.437353
            ],
            [
              80.145198,
              27.433353
            ],
            [
              80.145945,
              27.431981
            ],
            [
              80.144188,
              27.431967
            ],
            [
              80.142915,
              27.433353
            ],
            [
              80.143789,
              27.434353
            ],
            [
              80.143573,
              27.437394
            ],
            [
              80.143384,
              27.436542
            ],
            [
              80.14245,
              27.436353
            ],
            [
              80.142037,
              27.433889
            ],
            [
              80.139573,
              27.43353
            ],
            [
              80.139412,
              27.432513
            ],
            [
              80.138525,
              27.432353
            ],
            [
              80.138573,
              27.431747
            ],
            [
              80.139573,
              27.43204
            ],
            [
              80.140573,
              27.433107
            ],
            [
              80.143242,
              27.431021
            ],
            [
              80.144921,
              27.430701
            ],
            [
              80.143942,
              27.429353
            ],
            [
              80.145004,
              27.427353
            ],
            [
              80.143946,
              27.426353
            ],
            [
              80.143788,
              27.424138
            ],
            [
              80.138573,
              27.424052
            ],
            [
              80.139011,
              27.42579
            ],
            [
              80.136344,
              27.426124
            ],
            [
              80.133969,
              27.428749
            ],
            [
              80.131573,
              27.428922
            ],
            [
              80.130573,
              27.429888
            ],
            [
              80.128573,
              27.42978
            ],
            [
              80.128079,
              27.429353
            ],
            [
              80.129225,
              27.428004
            ],
            [
              80.132842,
              27.427621
            ],
            [
              80.136782,
              27.423561
            ],
            [
              80.135126,
              27.4228
            ],
            [
              80.133855,
              27.420353
            ],
            [
              80.134808,
              27.417353
            ],
            [
              80.133573,
              27.416123
            ],
            [
              80.132418,
              27.416198
            ],
            [
              80.131304,
              27.417353
            ],
            [
              80.13229,
              27.418353
            ],
            [
              80.132048,
              27.419827
            ],
            [
              80.130573,
              27.421071
            ],
            [
              80.128396,
              27.421176
            ],
            [
              80.127573,
              27.424049
            ],
            [
              80.126105,
              27.423821
            ],
            [
              80.124394,
              27.420173
            ],
            [
              80.122212,
              27.422353
            ],
            [
              80.122229,
              27.425353
            ],
            [
              80.121237,
              27.426353
            ],
            [
              80.121215,
              27.432353
            ],
            [
              80.120392,
              27.433353
            ],
            [
              80.120096,
              27.438353
            ],
            [
              80.11907,
              27.439353
            ],
            [
              80.119573,
              27.440141
            ],
            [
              80.120573,
              27.440141
            ],
            [
              80.121617,
              27.439309
            ],
            [
              80.121862,
              27.442063
            ],
            [
              80.123461,
              27.442353
            ],
            [
              80.121878,
              27.442657
            ],
            [
              80.121573,
              27.444703
            ],
            [
              80.121218,
              27.442708
            ],
            [
              80.120082,
              27.442862
            ],
            [
              80.118787,
              27.444353
            ],
            [
              80.118573,
              27.447066
            ]
          ]
        ],
        "type": "Polygon"
      },
      "type": "Feature"
    }
  ]
}