{
  "type": "FeatureCollection",
  "metadata": {
    "provider_name": "Grameen Kulfi",
    "center_lat": 15.591675,
    "center_lon": 73.811473,
    "mode": "motorcycle",
    "total_zones": 4,
    "distance_zones": [
      3,
      4,
      5,
      6
    ],
    "generated_at": "2025-12-26T08:51:36.969016Z"
  },
  "features": [
    {
      "properties": {
        "fill-opacity": 0.33,
        "fillColor": "#bf4040",
        "opacity": 0.33,
        "fill": "#bf4040",
        "fillOpacity": 0.33,
        "color": "#bf4040",
        "contour": 3.0,
        "metric": "distance",
        "provider_name": "Grameen Kulfi",
        "zone_type": "distance",
        "distance_km": 3,
        "mode": "motorcycle",
        "center_lat": 15.591675,
        "center_lon": 73.811473,
        "label": "3km"
      },
      "geometry": {
        "coordinates": [
          [
            [
              73.813473,
              15.613684
            ],
            [
              73.813283,
              15.612864
            ],
            [
              73.811057,
              15.612675
            ],
            [
              73.812273,
              15.612475
            ],
            [
              73.812296,
              15.611675
            ],
            [
              73.809263,
              15.608675
            ],
            [
              73.81007,
              15.604675
            ],
            [
              73.807018,
              15.603675
            ],
            [
              73.808803,
              15.603005
            ],
            [
              73.808744,
              15.601403
            ],
            [
              73.806035,
              15.602675
            ],
            [
              73.806122,
              15.605025
            ],
            [
              73.808838,
              15.605675
            ],
            [
              73.807076,
              15.607278
            ],
            [
              73.806707,
              15.608909
            ],
            [
              73.804473,
              15.609894
            ],
            [
              73.803915,
              15.608232
            ],
            [
              73.801473,
              15.607021
            ],
            [
              73.799473,
              15.60887
            ],
            [
              73.797473,
              15.608939
            ],
            [
              73.797387,
              15.608675
            ],
            [
              73.799113,
              15.608315
            ],
            [
              73.800904,
              15.606106
            ],
            [
              73.801833,
              15.602314
            ],
            [
              73.800194,
              15.601953
            ],
            [
              73.797473,
              15.599074
            ],
            [
              73.796684,
              15.599675
            ],
            [
              73.797602,
              15.600804
            ],
            [
              73.795473,
              15.601512
            ],
            [
              73.794473,
              15.599983
            ],
            [
              73.793769,
              15.601378
            ],
            [
              73.795026,
              15.601675
            ],
            [
              73.793615,
              15.602675
            ],
            [
              73.792596,
              15.602551
            ],
            [
              73.791679,
              15.601675
            ],
            [
              73.793169,
              15.601371
            ],
            [
              73.792926,
              15.597222
            ],
            [
              73.788585,
              15.596787
            ],
            [
              73.788156,
              15.597675
            ],
            [
              73.788132,
              15.596675
            ],
            [
              73.792473,
              15.596343
            ],
            [
              73.793215,
              15.595417
            ],
            [
              73.794843,
              15.595045
            ],
            [
              73.795473,
              15.593275
            ],
            [
              73.796473,
              15.594271
            ],
            [
              73.797214,
              15.592416
            ],
            [
              73.798886,
              15.591675
            ],
            [
              73.794473,
              15.589115
            ],
            [
              73.791473,
              15.588989
            ],
            [
              73.790473,
              15.587907
            ],
            [
              73.789425,
              15.588722
            ],
            [
              73.788473,
              15.588391
            ],
            [
              73.787994,
              15.586675
            ],
            [
              73.790225,
              15.586427
            ],
            [
              73.790444,
              15.585646
            ],
            [
              73.792387,
              15.585589
            ],
            [
              73.792678,
              15.58488
            ],
            [
              73.794473,
              15.584893
            ],
            [
              73.797473,
              15.58816
            ],
            [
              73.798798,
              15.588
            ],
            [
              73.79992,
              15.586675
            ],
            [
              73.798793,
              15.584354
            ],
            [
              73.796473,
              15.584113
            ],
            [
              73.795473,
              15.582893
            ],
            [
              73.793473,
              15.583977
            ],
            [
              73.793124,
              15.582023
            ],
            [
              73.792151,
              15.580996
            ],
            [
              73.790309,
              15.580675
            ],
            [
              73.792157,
              15.580359
            ],
            [
              73.793038,
              15.57824
            ],
            [
              73.795473,
              15.578344
            ],
            [
              73.796116,
              15.577675
            ],
            [
              73.795015,
              15.576132
            ],
            [
              73.79318,
              15.575967
            ],
            [
              73.793418,
              15.573675
            ],
            [
              73.794822,
              15.575325
            ],
            [
              73.80005,
              15.576252
            ],
            [
              73.799953,
              15.574675
            ],
            [
              73.802124,
              15.574326
            ],
            [
              73.803966,
              15.572168
            ],
            [
              73.804143,
              15.571004
            ],
            [
              73.803327,
              15.570529
            ],
            [
              73.804473,
              15.569289
            ],
            [
              73.804763,
              15.572675
            ],
            [
              73.80591,
              15.573112
            ],
            [
              73.805786,
              15.569675
            ],
            [
              73.807296,
              15.569498
            ],
            [
              73.807473,
              15.568141
            ],
            [
              73.808145,
              15.569675
            ],
            [
              73.806765,
              15.569967
            ],
            [
              73.807018,
              15.572129
            ],
            [
              73.808656,
              15.572491
            ],
            [
              73.809473,
              15.573461
            ],
            [
              73.811853,
              15.573675
            ],
            [
              73.811473,
              15.57432
            ],
            [
              73.81137,
              15.573778
            ],
            [
              73.808831,
              15.574033
            ],
            [
              73.808314,
              15.574833
            ],
            [
              73.815105,
              15.581042
            ],
            [
              73.816473,
              15.581343
            ],
            [
              73.817061,
              15.580675
            ],
            [
              73.816145,
              15.579675
            ],
            [
              73.816428,
              15.57663
            ],
            [
              73.819473,
              15.578471
            ],
            [
              73.821473,
              15.578368
            ],
            [
              73.822309,
              15.577675
            ],
            [
              73.822283,
              15.576864
            ],
            [
              73.821517,
              15.576675
            ],
            [
              73.824188,
              15.57639
            ],
            [
              73.824473,
              15.575328
            ],
            [
              73.825491,
              15.575656
            ],
            [
              73.825473,
              15.576765
            ],
            [
              73.82822,
              15.576422
            ],
            [
              73.828542,
              15.575605
            ],
            [
              73.831636,
              15.578675
            ],
            [
              73.831811,
              15.580336
            ],
            [
              73.833466,
              15.580675
            ],
            [
              73.831694,
              15.581896
            ],
            [
              73.831525,
              15.583727
            ],
            [
              73.829473,
              15.583859
            ],
            [
              73.828473,
              15.582974
            ],
            [
              73.825473,
              15.583165
            ],
            [
              73.822082,
              15.586675
            ],
            [
              73.827773,
              15.589374
            ],
            [
              73.828084,
              15.591063
            ],
            [
              73.83,
              15.593148
            ],
            [
              73.832691,
              15.594675
            ],
            [
              73.832473,
              15.595516
            ],
            [
              73.831099,
              15.594048
            ],
            [
              73.82926,
              15.593887
            ],
            [
              73.82479,
              15.589357
            ],
            [
              73.823043,
              15.589245
            ],
            [
              73.826253,
              15.593675
            ],
            [
              73.825911,
              15.594675
            ],
            [
              73.826833,
              15.597675
            ],
            [
              73.828604,
              15.598675
            ],
            [
              73.826933,
              15.599135
            ],
            [
              73.827026,
              15.600121
            ],
            [
              73.829616,
              15.600531
            ],
            [
              73.829473,
              15.602807
            ],
            [
              73.827961,
              15.601186
            ],
            [
              73.826841,
              15.601675
            ],
            [
              73.827731,
              15.602416
            ],
            [
              73.828444,
              15.606646
            ],
            [
              73.825473,
              15.607052
            ],
            [
              73.82483,
              15.607675
            ],
            [
              73.825108,
              15.609675
            ],
            [
              73.823473,
              15.610459
            ],
            [
              73.823183,
              15.608964
            ],
            [
              73.821469,
              15.608679
            ],
            [
              73.820919,
              15.607228
            ],
            [
              73.816995,
              15.604197
            ],
            [
              73.817132,
              15.605015
            ],
            [
              73.817956,
              15.605191
            ],
            [
              73.817754,
              15.608956
            ],
            [
              73.816473,
              15.610969
            ],
            [
              73.815512,
              15.610675
            ],
            [
              73.815892,
              15.609255
            ],
            [
              73.815009,
              15.609211
            ],
            [
              73.814646,
              15.610501
            ],
            [
              73.815313,
              15.610675
            ],
            [
              73.813826,
              15.611028
            ],
            [
              73.813677,
              15.61247
            ],
            [
              73.814275,
              15.612675
            ],
            [
              73.813473,
              15.613684
            ]
          ]
        ],
        "type": "Polygon"
      },
      "type": "Feature"
    },
    {
      "properties": {
        "fill-opacity": 0.33,
        "fillColor": "#bf4040",
        "opacity": 0.33,
        "fill": "#bf4040",
        "fillOpacity": 0.33,
        "color": "#bf4040",
        "contour": 4.0,
        "metric": "distance",
        "provider_name": "Grameen Kulfi",
        "zone_type": "distance",
        "distance_km": 4,
        "mode": "motorcycle",
        "center_lat": 15.591675,
        "center_lon": 73.811473,
        "label": "4km"
      },
      "geometry": {
        "coordinates": [
          [
            [
              73.812473,
              15.622432
            ],
            [
              73.812904,
              15.617243
            ],
            [
              73.811908,
              15.61711
            ],
            [
              73.811063,
              15.618675
            ],
            [
              73.808652,
              15.617675
            ],
            [
              73.81013,
              15.616332
            ],
            [
              73.810016,
              15.615131
            ],
            [
              73.808707,
              15.614909
            ],
            [
              73.808473,
              15.616135
            ],
            [
              73.805473,
              15.61296
            ],
            [
              73.802267,
              15.61388
            ],
            [
              73.803473,
              15.611584
            ],
            [
              73.804473,
              15.612463
            ],
            [
              73.806185,
              15.611387
            ],
            [
              73.807473,
              15.612297
            ],
            [
              73.809473,
              15.611237
            ],
            [
              73.810473,
              15.612193
            ],
            [
              73.811787,
              15.611989
            ],
            [
              73.808914,
              15.608675
            ],
            [
              73.809874,
              15.606675
            ],
            [
              73.809847,
              15.604675
            ],
            [
              73.806826,
              15.603675
            ],
            [
              73.808693,
              15.602895
            ],
            [
              73.808665,
              15.601482
            ],
            [
              73.806168,
              15.602675
            ],
            [
              73.806243,
              15.604904
            ],
            [
              73.809084,
              15.605675
            ],
            [
              73.807224,
              15.607426
            ],
            [
              73.806877,
              15.609079
            ],
            [
              73.804473,
              15.610236
            ],
            [
              73.803738,
              15.608409
            ],
            [
              73.801473,
              15.607279
            ],
            [
              73.799838,
              15.60904
            ],
            [
              73.798145,
              15.609347
            ],
            [
              73.792573,
              15.614775
            ],
            [
              73.7916,
              15.614802
            ],
            [
              73.791426,
              15.615722
            ],
            [
              73.791431,
              15.614633
            ],
            [
              73.795843,
              15.610045
            ],
            [
              73.795998,
              15.608675
            ],
            [
              73.795194,
              15.607396
            ],
            [
              73.798776,
              15.607978
            ],
            [
              73.800735,
              15.605937
            ],
            [
              73.800839,
              15.603675
            ],
            [
              73.801707,
              15.60244
            ],
            [
              73.799182,
              15.601384
            ],
            [
              73.798852,
              15.602675
            ],
            [
              73.799473,
              15.603998
            ],
            [
              73.797473,
              15.603095
            ],
            [
              73.794473,
              15.604117
            ],
            [
              73.792473,
              15.603169
            ],
            [
              73.791745,
              15.604947
            ],
            [
              73.790473,
              15.605055
            ],
            [
              73.790056,
              15.602675
            ],
            [
              73.788864,
              15.601283
            ],
            [
              73.786473,
              15.600971
            ],
            [
              73.783473,
              15.601639
            ],
            [
              73.782944,
              15.598203
            ],
            [
              73.78028,
              15.597867
            ],
            [
              73.779245,
              15.596675
            ],
            [
              73.781473,
              15.596471
            ],
            [
              73.782473,
              15.597387
            ],
            [
              73.783473,
              15.596336
            ],
            [
              73.792473,
              15.596075
            ],
            [
              73.794711,
              15.594913
            ],
            [
              73.795056,
              15.593258
            ],
            [
              73.796473,
              15.594048
            ],
            [
              73.797059,
              15.592261
            ],
            [
              73.798768,
              15.591675
            ],
            [
              73.794473,
              15.589316
            ],
            [
              73.791473,
              15.589268
            ],
            [
              73.790473,
              15.58824
            ],
            [
              73.78893,
              15.589675
            ],
            [
              73.789882,
              15.590675
            ],
            [
              73.789473,
              15.591084
            ],
            [
              73.785217,
              15.59093
            ],
            [
              73.783473,
              15.588914
            ],
            [
              73.782384,
              15.589763
            ],
            [
              73.780725,
              15.588675
            ],
            [
              73.782473,
              15.588521
            ],
            [
              73.783172,
              15.587675
            ],
            [
              73.781473,
              15.585908
            ],
            [
              73.780781,
              15.585983
            ],
            [
              73.780473,
              15.587517
            ],
            [
              73.779473,
              15.583648
            ],
            [
              73.780473,
              15.583574
            ],
            [
              73.780798,
              15.585349
            ],
            [
              73.782473,
              15.585397
            ],
            [
              73.783473,
              15.586323
            ],
            [
              73.789473,
              15.58615
            ],
            [
              73.792964,
              15.583675
            ],
            [
              73.792779,
              15.582368
            ],
            [
              73.791473,
              15.581204
            ],
            [
              73.789473,
              15.58115
            ],
            [
              73.788473,
              15.582108
            ],
            [
              73.782739,
              15.581941
            ],
            [
              73.782473,
              15.582778
            ],
            [
              73.78117,
              15.582675
            ],
            [
              73.781595,
              15.581675
            ],
            [
              73.783141,
              15.581343
            ],
            [
              73.78323,
              15.579675
            ],
            [
              73.785473,
              15.579126
            ],
            [
              73.786473,
              15.581301
            ],
            [
              73.788473,
              15.580232
            ],
            [
              73.791954,
              15.579675
            ],
            [
              73.788473,
              15.577962
            ],
            [
              73.787473,
              15.578464
            ],
            [
              73.787166,
              15.576981
            ],
            [
              73.785473,
              15.576905
            ],
            [
              73.785473,
              15.576519
            ],
            [
              73.785977,
              15.575675
            ],
            [
              73.788336,
              15.574675
            ],
            [
              73.787333,
              15.573675
            ],
            [
              73.787278,
              15.571869
            ],
            [
              73.785894,
              15.571675
            ],
            [
              73.785468,
              15.570679
            ],
            [
              73.788019,
              15.570221
            ],
            [
              73.788159,
              15.568988
            ],
            [
              73.786479,
              15.568675
            ],
            [
              73.786789,
              15.567991
            ],
            [
              73.788527,
              15.567729
            ],
            [
              73.790473,
              15.565871
            ],
            [
              73.791473,
              15.566222
            ],
            [
              73.79192,
              15.568227
            ],
            [
              73.793678,
              15.569675
            ],
            [
              73.792796,
              15.570675
            ],
            [
              73.793473,
              15.57126
            ],
            [
              73.794473,
              15.570322
            ],
            [
              73.795473,
              15.571309
            ],
            [
              73.796934,
              15.571136
            ],
            [
              73.797473,
              15.568096
            ],
            [
              73.799466,
              15.568675
            ],
            [
              73.799521,
              15.570723
            ],
            [
              73.798473,
              15.571852
            ],
            [
              73.796057,
              15.572259
            ],
            [
              73.794925,
              15.573675
            ],
            [
              73.795005,
              15.574675
            ],
            [
              73.797473,
              15.575121
            ],
            [
              73.798473,
              15.574195
            ],
            [
              73.801473,
              15.574136
            ],
            [
              73.803907,
              15.571675
            ],
            [
              73.802187,
              15.56996
            ],
            [
              73.802079,
              15.568281
            ],
            [
              73.803832,
              15.568034
            ],
            [
              73.803733,
              15.565935
            ],
            [
              73.806473,
              15.566426
            ],
            [
              73.807145,
              15.565675
            ],
            [
              73.805473,
              15.56481
            ],
            [
              73.804473,
              15.565453
            ],
            [
              73.803134,
              15.562675
            ],
            [
              73.805473,
              15.561476
            ],
            [
              73.805856,
              15.563291
            ],
            [
              73.808473,
              15.564307
            ],
            [
              73.810227,
              15.563429
            ],
            [
              73.810335,
              15.561675
            ],
            [
              73.811489,
              15.560658
            ],
            [
              73.812099,
              15.560675
            ],
            [
              73.81149,
              15.560692
            ],
            [
              73.811547,
              15.562749
            ],
            [
              73.809828,
              15.564675
            ],
            [
              73.811473,
              15.566411
            ],
            [
              73.813399,
              15.565675
            ],
            [
              73.813601,
              15.567546
            ],
            [
              73.814473,
              15.56781
            ],
            [
              73.810877,
              15.568079
            ],
            [
              73.810626,
              15.569521
            ],
            [
              73.811458,
              15.569675
            ],
            [
              73.810545,
              15.569747
            ],
            [
              73.808473,
              15.568116
            ],
            [
              73.807984,
              15.568675
            ],
            [
              73.808963,
              15.569675
            ],
            [
              73.807166,
              15.570368
            ],
            [
              73.807202,
              15.571945
            ],
            [
              73.809473,
              15.573115
            ],
            [
              73.811473,
              15.573162
            ],
            [
              73.812473,
              15.572221
            ],
            [
              73.8149,
              15.572102
            ],
            [
              73.815473,
              15.571178
            ],
            [
              73.816473,
              15.572406
            ],
            [
              73.819862,
              15.572675
            ],
            [
              73.81869,
              15.572892
            ],
            [
              73.818473,
              15.573809
            ],
            [
              73.814473,
              15.573934
            ],
            [
              73.813473,
              15.573101
            ],
            [
              73.812928,
              15.575675
            ],
            [
              73.815473,
              15.577395
            ],
            [
              73.816473,
              15.576157
            ],
            [
              73.819473,
              15.578118
            ],
            [
              73.821473,
              15.578084
            ],
            [
              73.821928,
              15.577675
            ],
            [
              73.820822,
              15.576326
            ],
            [
              73.818473,
              15.576062
            ],
            [
              73.818214,
              15.575416
            ],
            [
              73.821473,
              15.575206
            ],
            [
              73.823473,
              15.576136
            ],
            [
              73.824473,
              15.574203
            ],
            [
              73.826144,
              15.576003
            ],
            [
              73.827473,
              15.576128
            ],
            [
              73.829128,
              15.574675
            ],
            [
              73.829277,
              15.573479
            ],
            [
              73.83115,
              15.572352
            ],
            [
              73.831405,
              15.570742
            ],
            [
              73.830799,
              15.570675
            ],
            [
              73.831613,
              15.570535
            ],
            [
              73.831619,
              15.572675
            ],
            [
              73.830014,
              15.574216
            ],
            [
              73.830051,
              15.575096
            ],
            [
              73.830905,
              15.575107
            ],
            [
              73.831164,
              15.574366
            ],
            [
              73.834512,
              15.574635
            ],
            [
              73.834876,
              15.576272
            ],
            [
              73.835713,
              15.576675
            ],
            [
              73.835753,
              15.577955
            ],
            [
              73.834868,
              15.578675
            ],
            [
              73.835473,
              15.57927
            ],
            [
              73.836969,
              15.578171
            ],
            [
              73.837455,
              15.575675
            ],
            [
              73.83808,
              15.575675
            ],
            [
              73.83751,
              15.575712
            ],
            [
              73.837834,
              15.577313
            ],
            [
              73.839795,
              15.577675
            ],
            [
              73.839231,
              15.578916
            ],
            [
              73.841325,
              15.579527
            ],
            [
              73.841572,
              15.578575
            ],
            [
              73.841473,
              15.580671
            ],
            [
              73.841328,
              15.579819
            ],
            [
              73.839721,
              15.580675
            ],
            [
              73.840473,
              15.58149
            ],
            [
              73.841268,
              15.58147
            ],
            [
              73.841473,
              15.580677
            ],
            [
              73.842199,
              15.582675
            ],
            [
              73.838149,
              15.580998
            ],
            [
              73.837058,
              15.58126
            ],
            [
              73.836473,
              15.582971
            ],
            [
              73.835869,
              15.581278
            ],
            [
              73.833473,
              15.581174
            ],
            [
              73.831473,
              15.584195
            ],
            [
              73.829473,
              15.584225
            ],
            [
              73.828473,
              15.583263
            ],
            [
              73.825473,
              15.583337
            ],
            [
              73.822281,
              15.586483
            ],
            [
              73.827903,
              15.589244
            ],
            [
              73.828227,
              15.59092
            ],
            [
              73.832473,
              15.59416
            ],
            [
              73.834876,
              15.594078
            ],
            [
              73.838164,
              15.591366
            ],
            [
              73.838473,
              15.589908
            ],
            [
              73.839273,
              15.590675
            ],
            [
              73.839154,
              15.591675
            ],
            [
              73.837873,
              15.592075
            ],
            [
              73.837725,
              15.593675
            ],
            [
              73.839229,
              15.594431
            ],
            [
              73.839473,
              15.593204
            ],
            [
              73.840571,
              15.594773
            ],
            [
              73.839473,
              15.595991
            ],
            [
              73.834242,
              15.595444
            ],
            [
              73.834008,
              15.597675
            ],
            [
              73.834975,
              15.600172
            ],
            [
              73.837029,
              15.600675
            ],
            [
              73.836416,
              15.602618
            ],
            [
              73.835547,
              15.602749
            ],
            [
              73.831794,
              15.595353
            ],
            [
              73.827996,
              15.593198
            ],
            [
              73.828062,
              15.594085
            ],
            [
              73.828968,
              15.594179
            ],
            [
              73.827937,
              15.596675
            ],
            [
              73.829699,
              15.598448
            ],
            [
              73.830317,
              15.600675
            ],
            [
              73.830678,
              15.605675
            ],
            [
              73.829796,
              15.606675
            ],
            [
              73.8298,
              15.609347
            ],
            [
              73.831444,
              15.609703
            ],
            [
              73.832518,
              15.611629
            ],
            [
              73.832493,
              15.612695
            ],
            [
              73.830473,
              15.612881
            ],
            [
              73.829739,
              15.613675
            ],
            [
              73.830681,
              15.615466
            ],
            [
              73.831472,
              15.615675
            ],
            [
              73.830473,
              15.61637
            ],
            [
              73.830166,
              15.614981
            ],
            [
              73.827473,
              15.613953
            ],
            [
              73.825859,
              15.615061
            ],
            [
              73.825473,
              15.616721
            ],
            [
              73.823454,
              15.615657
            ],
            [
              73.822473,
              15.619475
            ],
            [
              73.82234,
              15.618807
            ],
            [
              73.819473,
              15.617435
            ],
            [
              73.819832,
              15.618675
            ],
            [
              73.818746,
              15.618948
            ],
            [
              73.818126,
              15.618021
            ],
            [
              73.815473,
              15.61895
            ],
            [
              73.814473,
              15.617944
            ],
            [
              73.812473,
              15.622432
            ]
          ]
        ],
        "type": "Polygon"
      },
      "type": "Feature"
    },
    {
      "properties": {
        "fill-opacity": 0.33,
        "fillColor": "#bf4040",
        "opacity": 0.33,
        "fill": "#bf4040",
        "fillOpacity": 0.33,
        "color": "#bf4040",
        "contour": 5.0,
        "metric": "distance",
        "provider_name": "Grameen Kulfi",
        "zone_type": "distance",
        "distance_km": 5,
        "mode": "motorcycle",
        "center_lat": 15.591675,
        "center_lon": 73.811473,
        "label": "5km"
      },
      "geometry": {
        "coordinates": [
          [
            [
              73.814473,
              15.629733
            ],
            [
              73.812473,
              15.630169
            ],
            [
              73.812368,
              15.629675
            ],
            [
              73.813139,
              15.629341
            ],
            [
              73.812909,
              15.628238
            ],
            [
              73.811473,
              15.627004
            ],
            [
              73.810634,
              15.627836
            ],
            [
              73.809358,
              15.62779
            ],
            [
              73.809415,
              15.626675
            ],
            [
              73.808473,
              15.625898
            ],
            [
              73.806675,
              15.625877
            ],
            [
              73.806473,
              15.627365
            ],
            [
              73.805357,
              15.624675
            ],
            [
              73.808024,
              15.624226
            ],
            [
              73.808473,
              15.622522
            ],
            [
              73.811823,
              15.622025
            ],
            [
              73.811944,
              15.619203
            ],
            [
              73.810473,
              15.619151
            ],
            [
              73.809473,
              15.618197
            ],
            [
              73.804473,
              15.618021
            ],
            [
              73.802473,
              15.61889
            ],
            [
              73.803193,
              15.617675
            ],
            [
              73.801473,
              15.6169
            ],
            [
              73.800808,
              15.61701
            ],
            [
              73.800484,
              15.618686
            ],
            [
              73.799263,
              15.618675
            ],
            [
              73.800275,
              15.616477
            ],
            [
              73.803473,
              15.616326
            ],
            [
              73.804473,
              15.615264
            ],
            [
              73.806813,
              15.615015
            ],
            [
              73.805473,
              15.613258
            ],
            [
              73.804169,
              15.613371
            ],
            [
              73.802473,
              15.615163
            ],
            [
              73.800086,
              15.615288
            ],
            [
              73.798715,
              15.616917
            ],
            [
              73.797473,
              15.616001
            ],
            [
              73.794473,
              15.615986
            ],
            [
              73.792473,
              15.618048
            ],
            [
              73.791473,
              15.617113
            ],
            [
              73.788473,
              15.617065
            ],
            [
              73.786473,
              15.615973
            ],
            [
              73.785704,
              15.616675
            ],
            [
              73.785473,
              15.61948
            ],
            [
              73.78502,
              15.616127
            ],
            [
              73.782324,
              15.615675
            ],
            [
              73.784183,
              15.615385
            ],
            [
              73.784473,
              15.614654
            ],
            [
              73.784809,
              15.615338
            ],
            [
              73.786473,
              15.615376
            ],
            [
              73.787473,
              15.61438
            ],
            [
              73.789473,
              15.615262
            ],
            [
              73.790806,
              15.615008
            ],
            [
              73.795711,
              15.609913
            ],
            [
              73.795051,
              15.607253
            ],
            [
              73.799775,
              15.607977
            ],
            [
              73.800741,
              15.603675
            ],
            [
              73.801646,
              15.602501
            ],
            [
              73.799473,
              15.601415
            ],
            [
              73.79909,
              15.602675
            ],
            [
              73.800069,
              15.603675
            ],
            [
              73.799473,
              15.604271
            ],
            [
              73.797473,
              15.603307
            ],
            [
              73.794473,
              15.604317
            ],
            [
              73.792473,
              15.603339
            ],
            [
              73.791891,
              15.605093
            ],
            [
              73.790473,
              15.605292
            ],
            [
              73.789841,
              15.602675
            ],
            [
              73.788719,
              15.601428
            ],
            [
              73.786473,
              15.601262
            ],
            [
              73.783473,
              15.604111
            ],
            [
              73.782473,
              15.603102
            ],
            [
              73.780241,
              15.602906
            ],
            [
              73.778473,
              15.600061
            ],
            [
              73.773473,
              15.599856
            ],
            [
              73.772997,
              15.598675
            ],
            [
              73.774473,
              15.596978
            ],
            [
              73.776473,
              15.598406
            ],
            [
              73.778027,
              15.597675
            ],
            [
              73.776864,
              15.595284
            ],
            [
              73.775295,
              15.594852
            ],
            [
              73.774949,
              15.593199
            ],
            [
              73.771788,
              15.591675
            ],
            [
              73.774143,
              15.591345
            ],
            [
              73.774473,
              15.590584
            ],
            [
              73.774827,
              15.59132
            ],
            [
              73.776653,
              15.591495
            ],
            [
              73.778087,
              15.59406
            ],
            [
              73.782473,
              15.597091
            ],
            [
              73.783473,
              15.596073
            ],
            [
              73.792473,
              15.595961
            ],
            [
              73.794648,
              15.59485
            ],
            [
              73.794988,
              15.59319
            ],
            [
              73.796473,
              15.593947
            ],
            [
              73.796989,
              15.592191
            ],
            [
              73.798631,
              15.591833
            ],
            [
              73.794473,
              15.589411
            ],
            [
              73.791473,
              15.589385
            ],
            [
              73.790473,
              15.588372
            ],
            [
              73.789121,
              15.589675
            ],
            [
              73.790101,
              15.590675
            ],
            [
              73.789473,
              15.591303
            ],
            [
              73.784473,
              15.591173
            ],
            [
              73.783756,
              15.589391
            ],
            [
              73.782473,
              15.590199
            ],
            [
              73.781143,
              15.590004
            ],
            [
              73.776936,
              15.585211
            ],
            [
              73.77529,
              15.584857
            ],
            [
              73.777971,
              15.580173
            ],
            [
              73.778682,
              15.576675
            ],
            [
              73.780227,
              15.576429
            ],
            [
              73.780473,
              15.574913
            ],
            [
              73.780989,
              15.577158
            ],
            [
              73.784473,
              15.577205
            ],
            [
              73.784966,
              15.576675
            ],
            [
              73.785044,
              15.574675
            ],
            [
              73.783473,
              15.57211
            ],
            [
              73.781473,
              15.574517
            ],
            [
              73.778473,
              15.573892
            ],
            [
              73.778473,
              15.573161
            ],
            [
              73.780473,
              15.573432
            ],
            [
              73.781894,
              15.572096
            ],
            [
              73.782163,
              15.569675
            ],
            [
              73.780473,
              15.567909
            ],
            [
              73.778473,
              15.569331
            ],
            [
              73.778364,
              15.568566
            ],
            [
              73.778726,
              15.567675
            ],
            [
              73.781059,
              15.567261
            ],
            [
              73.781328,
              15.565819
            ],
            [
              73.780751,
              15.565675
            ],
            [
              73.781473,
              15.564125
            ],
            [
              73.781649,
              15.565498
            ],
            [
              73.783161,
              15.564675
            ],
            [
              73.780449,
              15.562698
            ],
            [
              73.780957,
              15.561159
            ],
            [
              73.784473,
              15.56212
            ],
            [
              73.785473,
              15.560542
            ],
            [
              73.785676,
              15.562675
            ],
            [
              73.784954,
              15.563156
            ],
            [
              73.784834,
              15.564675
            ],
            [
              73.786759,
              15.565388
            ],
            [
              73.787473,
              15.567168
            ],
            [
              73.790005,
              15.564675
            ],
            [
              73.790076,
              15.562675
            ],
            [
              73.789143,
              15.561675
            ],
            [
              73.79017,
              15.560675
            ],
            [
              73.790095,
              15.559052
            ],
            [
              73.789316,
              15.558675
            ],
            [
              73.789473,
              15.556739
            ],
            [
              73.789772,
              15.558375
            ],
            [
              73.790648,
              15.558675
            ],
            [
              73.791124,
              15.565023
            ],
            [
              73.792473,
              15.564249
            ],
            [
              73.795473,
              15.564369
            ],
            [
              73.796293,
              15.563675
            ],
            [
              73.796691,
              15.559675
            ],
            [
              73.801908,
              15.559109
            ],
            [
              73.801958,
              15.558189
            ],
            [
              73.800344,
              15.557675
            ],
            [
              73.802012,
              15.557214
            ],
            [
              73.801935,
              15.554675
            ],
            [
              73.802473,
              15.554289
            ],
            [
              73.803596,
              15.555551
            ],
            [
              73.805126,
              15.555328
            ],
            [
              73.805473,
              15.553404
            ],
            [
              73.806473,
              15.55264
            ],
            [
              73.806785,
              15.554362
            ],
            [
              73.808321,
              15.554523
            ],
            [
              73.808473,
              15.55369
            ],
            [
              73.80906,
              15.554675
            ],
            [
              73.807695,
              15.554897
            ],
            [
              73.806974,
              15.556176
            ],
            [
              73.806883,
              15.559675
            ],
            [
              73.805949,
              15.560675
            ],
            [
              73.806004,
              15.562675
            ],
            [
              73.807473,
              15.564072
            ],
            [
              73.808737,
              15.563939
            ],
            [
              73.810827,
              15.562029
            ],
            [
              73.810968,
              15.560675
            ],
            [
              73.812836,
              15.559038
            ],
            [
              73.813225,
              15.557427
            ],
            [
              73.815887,
              15.55526
            ],
            [
              73.815892,
              15.556675
            ],
            [
              73.814072,
              15.558274
            ],
            [
              73.813763,
              15.559965
            ],
            [
              73.812095,
              15.561297
            ],
            [
              73.811814,
              15.563016
            ],
            [
              73.810081,
              15.564675
            ],
            [
              73.811473,
              15.566099
            ],
            [
              73.8138,
              15.564347
            ],
            [
              73.814151,
              15.566996
            ],
            [
              73.815903,
              15.568675
            ],
            [
              73.814872,
              15.569675
            ],
            [
              73.816203,
              15.571944
            ],
            [
              73.820473,
              15.572192
            ],
            [
              73.821473,
              15.573224
            ],
            [
              73.822473,
              15.572284
            ],
            [
              73.826253,
              15.575895
            ],
            [
              73.827685,
              15.575887
            ],
            [
              73.829877,
              15.574079
            ],
            [
              73.829911,
              15.572675
            ],
            [
              73.830933,
              15.571675
            ],
            [
              73.829983,
              15.570675
            ],
            [
              73.830063,
              15.569675
            ],
            [
              73.832064,
              15.567675
            ],
            [
              73.830955,
              15.566192
            ],
            [
              73.829302,
              15.565675
            ],
            [
              73.830061,
              15.565263
            ],
            [
              73.830216,
              15.563931
            ],
            [
              73.828763,
              15.563675
            ],
            [
              73.829473,
              15.562814
            ],
            [
              73.830473,
              15.56283
            ],
            [
              73.833834,
              15.567675
            ],
            [
              73.831062,
              15.574085
            ],
            [
              73.834816,
              15.574331
            ],
            [
              73.836052,
              15.578095
            ],
            [
              73.836911,
              15.577675
            ],
            [
              73.837136,
              15.575338
            ],
            [
              73.838473,
              15.574201
            ],
            [
              73.83897,
              15.575675
            ],
            [
              73.838,
              15.576675
            ],
            [
              73.838473,
              15.577135
            ],
            [
              73.840473,
              15.576242
            ],
            [
              73.843724,
              15.576423
            ],
            [
              73.845763,
              15.579675
            ],
            [
              73.844705,
              15.581907
            ],
            [
              73.843111,
              15.582313
            ],
            [
              73.843103,
              15.584044
            ],
            [
              73.846473,
              15.586426
            ],
            [
              73.847473,
              15.585568
            ],
            [
              73.849167,
              15.585675
            ],
            [
              73.848427,
              15.586675
            ],
            [
              73.845473,
              15.586968
            ],
            [
              73.843206,
              15.585941
            ],
            [
              73.841808,
              15.583339
            ],
            [
              73.838755,
              15.581392
            ],
            [
              73.837217,
              15.581419
            ],
            [
              73.836473,
              15.583261
            ],
            [
              73.835721,
              15.581426
            ],
            [
              73.833473,
              15.581341
            ],
            [
              73.831473,
              15.584351
            ],
            [
              73.829473,
              15.584365
            ],
            [
              73.828473,
              15.583383
            ],
            [
              73.825473,
              15.583422
            ],
            [
              73.822324,
              15.586526
            ],
            [
              73.827965,
              15.589182
            ],
            [
              73.828293,
              15.590854
            ],
            [
              73.830277,
              15.59287
            ],
            [
              73.832473,
              15.594001
            ],
            [
              73.834473,
              15.594038
            ],
            [
              73.837948,
              15.590675
            ],
            [
              73.835696,
              15.588675
            ],
            [
              73.837062,
              15.587675
            ],
            [
              73.836931,
              15.586217
            ],
            [
              73.834724,
              15.585926
            ],
            [
              73.834473,
              15.587174
            ],
            [
              73.83435,
              15.585675
            ],
            [
              73.837473,
              15.585379
            ],
            [
              73.840015,
              15.588132
            ],
            [
              73.842573,
              15.588574
            ],
            [
              73.843037,
              15.59111
            ],
            [
              73.844749,
              15.591675
            ],
            [
              73.845036,
              15.594112
            ],
            [
              73.848236,
              15.594438
            ],
            [
              73.848587,
              15.593675
            ],
            [
              73.849578,
              15.594675
            ],
            [
              73.848653,
              15.596675
            ],
            [
              73.847473,
              15.596578
            ],
            [
              73.847085,
              15.595062
            ],
            [
              73.844473,
              15.595037
            ],
            [
              73.843668,
              15.59687
            ],
            [
              73.842016,
              15.597218
            ],
            [
              73.843875,
              15.600272
            ],
            [
              73.84528,
              15.600482
            ],
            [
              73.846014,
              15.599675
            ],
            [
              73.845752,
              15.601675
            ],
            [
              73.845283,
              15.600864
            ],
            [
              73.843769,
              15.600971
            ],
            [
              73.842196,
              15.602675
            ],
            [
              73.840473,
              15.602834
            ],
            [
              73.840045,
              15.602102
            ],
            [
              73.838473,
              15.601836
            ],
            [
              73.836473,
              15.604159
            ],
            [
              73.835132,
              15.603015
            ],
            [
              73.831689,
              15.595458
            ],
            [
              73.830473,
              15.594376
            ],
            [
              73.829138,
              15.59434
            ],
            [
              73.828097,
              15.595299
            ],
            [
              73.828233,
              15.596914
            ],
            [
              73.829874,
              15.598273
            ],
            [
              73.830907,
              15.600675
            ],
            [
              73.83103,
              15.605675
            ],
            [
              73.830069,
              15.606675
            ],
            [
              73.830173,
              15.608974
            ],
            [
              73.832473,
              15.609197
            ],
            [
              73.834895,
              15.608097
            ],
            [
              73.835035,
              15.604675
            ],
            [
              73.835931,
              15.604216
            ],
            [
              73.835797,
              15.607675
            ],
            [
              73.836786,
              15.608675
            ],
            [
              73.836574,
              15.611776
            ],
            [
              73.835473,
              15.610057
            ],
            [
              73.833126,
              15.611328
            ],
            [
              73.832811,
              15.613013
            ],
            [
              73.830473,
              15.613232
            ],
            [
              73.830178,
              15.613969
            ],
            [
              73.832773,
              15.615374
            ],
            [
              73.832171,
              15.616675
            ],
            [
              73.833473,
              15.617951
            ],
            [
              73.837116,
              15.618318
            ],
            [
              73.837473,
              15.616944
            ],
            [
              73.838648,
              15.618499
            ],
            [
              73.839639,
              15.618675
            ],
            [
              73.836409,
              15.621611
            ],
            [
              73.833913,
              15.622234
            ],
            [
              73.831848,
              15.618299
            ],
            [
              73.830113,
              15.617315
            ],
            [
              73.828861,
              15.618675
            ],
            [
              73.8306,
              15.619547
            ],
            [
              73.831006,
              15.620675
            ],
            [
              73.829473,
              15.61993
            ],
            [
              73.827936,
              15.620138
            ],
            [
              73.823862,
              15.622675
            ],
            [
              73.824735,
              15.623675
            ],
            [
              73.825473,
              15.627869
            ],
            [
              73.824807,
              15.62734
            ],
            [
              73.823107,
              15.627675
            ],
            [
              73.822966,
              15.625181
            ],
            [
              73.821293,
              15.624675
            ],
            [
              73.823129,
              15.623675
            ],
            [
              73.822229,
              15.622675
            ],
            [
              73.821473,
              15.619162
            ],
            [
              73.820709,
              15.621911
            ],
            [
              73.818473,
              15.622927
            ],
            [
              73.815473,
              15.622037
            ],
            [
              73.814074,
              15.623276
            ],
            [
              73.812777,
              15.626675
            ],
            [
              73.81568,
              15.628675
            ],
            [
              73.815366,
              15.629675
            ],
            [
              73.814473,
              15.629733
            ]
          ]
        ],
        "type": "Polygon"
      },
      "type": "Feature"
    },
    {
      "properties": {
        "fill-opacity": 0.33,
        "fillColor": "#bf4040",
        "opacity": 0.33,
        "fill": "#bf4040",
        "fillOpacity": 0.33,
        "color": "#bf4040",
        "contour": 6.0,
        "metric": "distance",
        "provider_name": "Grameen Kulfi",
        "zone_type": "distance",
        "distance_km": 6,
        "mode": "motorcycle",
        "center_lat": 15.591675,
        "center_lon": 73.811473,
        "label": "6km"
      },
      "geometry": {
        "coordinates": [
          [
            [
              73.816473,
              15.638975
            ],
            [
              73.816274,
              15.637873
            ],
            [
              73.814343,
              15.637675
            ],
            [
              73.815304,
              15.637506
            ],
            [
              73.81621,
              15.635675
            ],
            [
              73.815914,
              15.634233
            ],
            [
              73.814089,
              15.632675
            ],
            [
              73.814993,
              15.630675
            ],
            [
              73.814473,
              15.63019
            ],
            [
              73.813144,
              15.630346
            ],
            [
              73.811921,
              15.631675
            ],
            [
              73.811845,
              15.633675
            ],
            [
              73.810743,
              15.635404
            ],
            [
              73.811576,
              15.636778
            ],
            [
              73.810228,
              15.636919
            ],
            [
              73.809473,
              15.634946
            ],
            [
              73.807473,
              15.636927
            ],
            [
              73.807301,
              15.635846
            ],
            [
              73.806547,
              15.635675
            ],
            [
              73.808177,
              15.635379
            ],
            [
              73.808337,
              15.634539
            ],
            [
              73.810884,
              15.633086
            ],
            [
              73.810845,
              15.631302
            ],
            [
              73.809221,
              15.630926
            ],
            [
              73.808111,
              15.629313
            ],
            [
              73.810858,
              15.63006
            ],
            [
              73.811747,
              15.6274
            ],
            [
              73.809473,
              15.628222
            ],
            [
              73.80877,
              15.626377
            ],
            [
              73.807473,
              15.626227
            ],
            [
              73.80699,
              15.626675
            ],
            [
              73.807934,
              15.627675
            ],
            [
              73.807885,
              15.629087
            ],
            [
              73.805309,
              15.627511
            ],
            [
              73.802473,
              15.628412
            ],
            [
              73.801927,
              15.62622
            ],
            [
              73.800878,
              15.625675
            ],
            [
              73.800698,
              15.624675
            ],
            [
              73.802473,
              15.623337
            ],
            [
              73.803473,
              15.624232
            ],
            [
              73.807473,
              15.624128
            ],
            [
              73.808112,
              15.622314
            ],
            [
              73.811473,
              15.622053
            ],
            [
              73.811793,
              15.619354
            ],
            [
              73.810473,
              15.619331
            ],
            [
              73.809473,
              15.618351
            ],
            [
              73.804473,
              15.618279
            ],
            [
              73.802473,
              15.619235
            ],
            [
              73.801912,
              15.618675
            ],
            [
              73.802891,
              15.617675
            ],
            [
              73.801473,
              15.617238
            ],
            [
              73.800809,
              15.619011
            ],
            [
              73.79893,
              15.619675
            ],
            [
              73.798591,
              15.623556
            ],
            [
              73.79935,
              15.623675
            ],
            [
              73.796632,
              15.623834
            ],
            [
              73.796506,
              15.624708
            ],
            [
              73.795473,
              15.624902
            ],
            [
              73.794318,
              15.62383
            ],
            [
              73.794051,
              15.622096
            ],
            [
              73.792636,
              15.621838
            ],
            [
              73.792473,
              15.62232
            ],
            [
              73.791432,
              15.621675
            ],
            [
              73.792317,
              15.621519
            ],
            [
              73.792473,
              15.620571
            ],
            [
              73.794473,
              15.62143
            ],
            [
              73.79687,
              15.620072
            ],
            [
              73.798925,
              15.617222
            ],
            [
              73.797473,
              15.616272
            ],
            [
              73.794473,
              15.616267
            ],
            [
              73.792473,
              15.618289
            ],
            [
              73.791473,
              15.617315
            ],
            [
              73.788473,
              15.617296
            ],
            [
              73.786473,
              15.616262
            ],
            [
              73.786138,
              15.619009
            ],
            [
              73.789175,
              15.621675
            ],
            [
              73.787062,
              15.622264
            ],
            [
              73.786473,
              15.623942
            ],
            [
              73.785287,
              15.62386
            ],
            [
              73.784473,
              15.622034
            ],
            [
              73.782976,
              15.622178
            ],
            [
              73.782473,
              15.624704
            ],
            [
              73.781473,
              15.623023
            ],
            [
              73.779538,
              15.622675
            ],
            [
              73.780473,
              15.620656
            ],
            [
              73.780664,
              15.621483
            ],
            [
              73.782473,
              15.62142
            ],
            [
              73.783473,
              15.620448
            ],
            [
              73.784473,
              15.621316
            ],
            [
              73.78601,
              15.620675
            ],
            [
              73.784978,
              15.619675
            ],
            [
              73.784764,
              15.616383
            ],
            [
              73.781473,
              15.616144
            ],
            [
              73.781016,
              15.615218
            ],
            [
              73.783473,
              15.615144
            ],
            [
              73.784473,
              15.614169
            ],
            [
              73.785473,
              15.615102
            ],
            [
              73.787473,
              15.614088
            ],
            [
              73.790695,
              15.614897
            ],
            [
              73.795648,
              15.60985
            ],
            [
              73.794985,
              15.607187
            ],
            [
              73.796473,
              15.606936
            ],
            [
              73.797473,
              15.607924
            ],
            [
              73.798631,
              15.607833
            ],
            [
              73.800619,
              15.605821
            ],
            [
              73.800684,
              15.603675
            ],
            [
              73.80161,
              15.602537
            ],
            [
              73.799897,
              15.602251
            ],
            [
              73.799247,
              15.601449
            ],
            [
              73.799191,
              15.602675
            ],
            [
              73.800185,
              15.603675
            ],
            [
              73.799473,
              15.604387
            ],
            [
              73.797473,
              15.603406
            ],
            [
              73.794473,
              15.604411
            ],
            [
              73.792473,
              15.603423
            ],
            [
              73.791959,
              15.605161
            ],
            [
              73.790473,
              15.605398
            ],
            [
              73.789749,
              15.604675
            ],
            [
              73.78974,
              15.602675
            ],
            [
              73.788473,
              15.6014
            ],
            [
              73.786262,
              15.601464
            ],
            [
              73.783473,
              15.604314
            ],
            [
              73.782473,
              15.60331
            ],
            [
              73.780069,
              15.603078
            ],
            [
              73.778473,
              15.600294
            ],
            [
              73.774473,
              15.600204
            ],
            [
              73.773473,
              15.601156
            ],
            [
              73.771473,
              15.600119
            ],
            [
              73.769473,
              15.601916
            ],
            [
              73.768473,
              15.600915
            ],
            [
              73.767346,
              15.601801
            ],
            [
              73.764101,
              15.600675
            ],
            [
              73.766473,
              15.597728
            ],
            [
              73.766693,
              15.598454
            ],
            [
              73.769473,
              15.598326
            ],
            [
              73.770473,
              15.597308
            ],
            [
              73.771932,
              15.597134
            ],
            [
              73.772041,
              15.593243
            ],
            [
              73.772952,
              15.593196
            ],
            [
              73.773043,
              15.597104
            ],
            [
              73.774473,
              15.596184
            ],
            [
              73.776178,
              15.597969
            ],
            [
              73.777829,
              15.597675
            ],
            [
              73.776719,
              15.595428
            ],
            [
              73.775088,
              15.595059
            ],
            [
              73.77475,
              15.593397
            ],
            [
              73.772985,
              15.593162
            ],
            [
              73.772473,
              15.592193
            ],
            [
              73.771914,
              15.593116
            ],
            [
              73.769473,
              15.593054
            ],
            [
              73.767473,
              15.591009
            ],
            [
              73.763422,
              15.590725
            ],
            [
              73.763971,
              15.588675
            ],
            [
              73.766473,
              15.587466
            ],
            [
              73.768473,
              15.589307
            ],
            [
              73.77086,
              15.589062
            ],
            [
              73.772257,
              15.586459
            ],
            [
              73.775752,
              15.583954
            ],
            [
              73.777876,
              15.579675
            ],
            [
              73.778025,
              15.571675
            ],
            [
              73.777055,
              15.570675
            ],
            [
              73.777954,
              15.568675
            ],
            [
              73.776878,
              15.566269
            ],
            [
              73.774375,
              15.563772
            ],
            [
              73.774349,
              15.562798
            ],
            [
              73.773239,
              15.562675
            ],
            [
              73.774524,
              15.562623
            ],
            [
              73.777473,
              15.565287
            ],
            [
              73.780473,
              15.565183
            ],
            [
              73.780985,
              15.563675
            ],
            [
              73.779153,
              15.561994
            ],
            [
              73.778473,
              15.560085
            ],
            [
              73.777473,
              15.561965
            ],
            [
              73.77686,
              15.561675
            ],
            [
              73.776906,
              15.560241
            ],
            [
              73.775473,
              15.56054
            ],
            [
              73.77366,
              15.559675
            ],
            [
              73.773532,
              15.558675
            ],
            [
              73.774748,
              15.557675
            ],
            [
              73.773618,
              15.556675
            ],
            [
              73.774284,
              15.556486
            ],
            [
              73.774473,
              15.555297
            ],
            [
              73.775473,
              15.55579
            ],
            [
              73.777473,
              15.555166
            ],
            [
              73.777509,
              15.555711
            ],
            [
              73.776645,
              15.555847
            ],
            [
              73.776638,
              15.556675
            ],
            [
              73.778473,
              15.557349
            ],
            [
              73.779242,
              15.556675
            ],
            [
              73.779237,
              15.554675
            ],
            [
              73.781473,
              15.554118
            ],
            [
              73.782443,
              15.554675
            ],
            [
              73.782633,
              15.556675
            ],
            [
              73.784745,
              15.557402
            ],
            [
              73.784894,
              15.558096
            ],
            [
              73.782023,
              15.558225
            ],
            [
              73.782473,
              15.561177
            ],
            [
              73.784826,
              15.560028
            ],
            [
              73.785042,
              15.558244
            ],
            [
              73.785864,
              15.558066
            ],
            [
              73.786694,
              15.556453
            ],
            [
              73.786889,
              15.558675
            ],
            [
              73.785948,
              15.559675
            ],
            [
              73.786029,
              15.562675
            ],
            [
              73.785083,
              15.564675
            ],
            [
              73.787473,
              15.567005
            ],
            [
              73.78982,
              15.564675
            ],
            [
              73.789849,
              15.562675
            ],
            [
              73.788874,
              15.561675
            ],
            [
              73.789883,
              15.560675
            ],
            [
              73.78893,
              15.558675
            ],
            [
              73.789084,
              15.553675
            ],
            [
              73.788473,
              15.552995
            ],
            [
              73.785473,
              15.552765
            ],
            [
              73.784947,
              15.551675
            ],
            [
              73.785473,
              15.551062
            ],
            [
              73.785672,
              15.552475
            ],
            [
              73.787025,
              15.552227
            ],
            [
              73.787193,
              15.550954
            ],
            [
              73.786045,
              15.550675
            ],
            [
              73.786978,
              15.549675
            ],
            [
              73.789205,
              15.549407
            ],
            [
              73.789473,
              15.54787
            ],
            [
              73.791262,
              15.549675
            ],
            [
              73.789742,
              15.549944
            ],
            [
              73.789638,
              15.550675
            ],
            [
              73.789997,
              15.557675
            ],
            [
              73.791021,
              15.558675
            ],
            [
              73.791125,
              15.564675
            ],
            [
              73.795473,
              15.564084
            ],
            [
              73.796143,
              15.559345
            ],
            [
              73.800473,
              15.559072
            ],
            [
              73.800873,
              15.558675
            ],
            [
              73.800116,
              15.557318
            ],
            [
              73.801918,
              15.556675
            ],
            [
              73.801797,
              15.55535
            ],
            [
              73.799046,
              15.554675
            ],
            [
              73.80181,
              15.554012
            ],
            [
              73.801941,
              15.551206
            ],
            [
              73.798944,
              15.550675
            ],
            [
              73.802003,
              15.550205
            ],
            [
              73.802473,
              15.547189
            ],
            [
              73.802987,
              15.55016
            ],
            [
              73.805861,
              15.550063
            ],
            [
              73.805969,
              15.547178
            ],
            [
              73.80439,
              15.546757
            ],
            [
              73.804119,
              15.545675
            ],
            [
              73.805473,
              15.544584
            ],
            [
              73.808534,
              15.545613
            ],
            [
              73.806801,
              15.546003
            ],
            [
              73.806916,
              15.550675
            ],
            [
              73.809473,
              15.552605
            ],
            [
              73.812473,
              15.549937
            ],
            [
              73.813569,
              15.550578
            ],
            [
              73.815933,
              15.550134
            ],
            [
              73.816858,
              15.547675
            ],
            [
              73.815831,
              15.546675
            ],
            [
              73.818473,
              15.544294
            ],
            [
              73.820473,
              15.545583
            ],
            [
              73.819998,
              15.546675
            ],
            [
              73.821473,
              15.547522
            ],
            [
              73.822186,
              15.548962
            ],
            [
              73.824473,
              15.549217
            ],
            [
              73.826168,
              15.550675
            ],
            [
              73.823817,
              15.551019
            ],
            [
              73.823473,
              15.553518
            ],
            [
              73.823037,
              15.55211
            ],
            [
              73.820069,
              15.552271
            ],
            [
              73.820937,
              15.555211
            ],
            [
              73.822641,
              15.555506
            ],
            [
              73.822473,
              15.556746
            ],
            [
              73.822345,
              15.555803
            ],
            [
              73.820314,
              15.555833
            ],
            [
              73.819928,
              15.554219
            ],
            [
              73.818129,
              15.553331
            ],
            [
              73.816825,
              15.555675
            ],
            [
              73.816719,
              15.557675
            ],
            [
              73.815856,
              15.558058
            ],
            [
              73.815473,
              15.56042
            ],
            [
              73.815313,
              15.558675
            ],
            [
              73.814473,
              15.55829
            ],
            [
              73.812323,
              15.562675
            ],
            [
              73.810279,
              15.564481
            ],
            [
              73.811473,
              15.565972
            ],
            [
              73.813031,
              15.564233
            ],
            [
              73.813914,
              15.564233
            ],
            [
              73.814255,
              15.566892
            ],
            [
              73.81611,
              15.568675
            ],
            [
              73.815097,
              15.569675
            ],
            [
              73.816281,
              15.571866
            ],
            [
              73.820473,
              15.572016
            ],
            [
              73.821473,
              15.573029
            ],
            [
              73.822473,
              15.572053
            ],
            [
              73.826473,
              15.57592
            ],
            [
              73.828651,
              15.574853
            ],
            [
              73.829777,
              15.572675
            ],
            [
              73.829844,
              15.569675
            ],
            [
              73.831732,
              15.567415
            ],
            [
              73.829108,
              15.566039
            ],
            [
              73.82897,
              15.565178
            ],
            [
              73.827473,
              15.565101
            ],
            [
              73.824473,
              15.563015
            ],
            [
              73.822473,
              15.564772
            ],
            [
              73.820997,
              15.564675
            ],
            [
              73.822273,
              15.564475
            ],
            [
              73.821393,
              15.561595
            ],
            [
              73.822326,
              15.561527
            ],
            [
              73.822473,
              15.560682
            ],
            [
              73.822899,
              15.562249
            ],
            [
              73.823925,
              15.562127
            ],
            [
              73.825248,
              15.55945
            ],
            [
              73.826915,
              15.559117
            ],
            [
              73.827347,
              15.556549
            ],
            [
              73.829473,
              15.555573
            ],
            [
              73.829668,
              15.55648
            ],
            [
              73.830612,
              15.556675
            ],
            [
              73.831135,
              15.563012
            ],
            [
              73.835473,
              15.563427
            ],
            [
              73.837419,
              15.565675
            ],
            [
              73.836473,
              15.566236
            ],
            [
              73.836098,
              15.565049
            ],
            [
              73.834473,
              15.564967
            ],
            [
              73.833473,
              15.564053
            ],
            [
              73.832133,
              15.564335
            ],
            [
              73.834064,
              15.568675
            ],
            [
              73.832246,
              15.570448
            ],
            [
              73.83118,
              15.573967
            ],
            [
              73.834922,
              15.574226
            ],
            [
              73.836176,
              15.577971
            ],
            [
              73.836777,
              15.577675
            ],
            [
              73.837027,
              15.575229
            ],
            [
              73.838473,
              15.574019
            ],
            [
              73.839138,
              15.575675
            ],
            [
              73.838473,
              15.57699
            ],
            [
              73.840473,
              15.576037
            ],
            [
              73.843883,
              15.576264
            ],
            [
              73.846057,
              15.579675
            ],
            [
              73.844876,
              15.582078
            ],
            [
              73.843117,
              15.582319
            ],
            [
              73.843129,
              15.583675
            ],
            [
              73.846473,
              15.586104
            ],
            [
              73.848807,
              15.585009
            ],
            [
              73.850189,
              15.583391
            ],
            [
              73.85189,
              15.583092
            ],
            [
              73.853307,
              15.581509
            ],
            [
              73.855156,
              15.581358
            ],
            [
              73.855473,
              15.580621
            ],
            [
              73.856736,
              15.580675
            ],
            [
              73.855592,
              15.580794
            ],
            [
              73.855581,
              15.581783
            ],
            [
              73.853982,
              15.582184
            ],
            [
              73.852756,
              15.584675
            ],
            [
              73.854473,
              15.585432
            ],
            [
              73.855473,
              15.584566
            ],
            [
              73.856701,
              15.584675
            ],
            [
              73.857341,
              15.586675
            ],
            [
              73.855011,
              15.588136
            ],
            [
              73.855099,
              15.586048
            ],
            [
              73.851473,
              15.586079
            ],
            [
              73.850867,
              15.586675
            ],
            [
              73.851005,
              15.589142
            ],
            [
              73.854941,
              15.588206
            ],
            [
              73.855722,
              15.590425
            ],
            [
              73.857894,
              15.591253
            ],
            [
              73.856518,
              15.59472
            ],
            [
              73.854473,
              15.594896
            ],
            [
              73.853804,
              15.595675
            ],
            [
              73.85373,
              15.597675
            ],
            [
              73.855517,
              15.59863
            ],
            [
              73.855473,
              15.599996
            ],
            [
              73.855323,
              15.598825
            ],
            [
              73.854473,
              15.598848
            ],
            [
              73.85368,
              15.599882
            ],
            [
              73.851014,
              15.600216
            ],
            [
              73.85079,
              15.601357
            ],
            [
              73.85151,
              15.601712
            ],
            [
              73.848473,
              15.602075
            ],
            [
              73.845473,
              15.602184
            ],
            [
              73.844473,
              15.601219
            ],
            [
              73.842473,
              15.603167
            ],
            [
              73.840473,
              15.603218
            ],
            [
              73.838473,
              15.602218
            ],
            [
              73.836113,
              15.604675
            ],
            [
              73.836069,
              15.607675
            ],
            [
              73.837074,
              15.609675
            ],
            [
              73.837014,
              15.611675
            ],
            [
              73.835954,
              15.613675
            ],
            [
              73.837781,
              15.615366
            ],
            [
              73.838139,
              15.617008
            ],
            [
              73.839824,
              15.618026
            ],
            [
              73.840341,
              15.614543
            ],
            [
              73.841473,
              15.614423
            ],
            [
              73.842473,
              15.615385
            ],
            [
              73.844473,
              15.614399
            ],
            [
              73.844912,
              15.616114
            ],
            [
              73.843473,
              15.616266
            ],
            [
              73.842057,
              15.617259
            ],
            [
              73.842087,
              15.61806
            ],
            [
              73.842893,
              15.618095
            ],
            [
              73.843473,
              15.616978
            ],
            [
              73.844473,
              15.617918
            ],
            [
              73.845473,
              15.616809
            ],
            [
              73.846473,
              15.617109
            ],
            [
              73.8468,
              15.618347
            ],
            [
              73.848017,
              15.618675
            ],
            [
              73.847966,
              15.620168
            ],
            [
              73.845473,
              15.620832
            ],
            [
              73.844473,
              15.61995
            ],
            [
              73.843473,
              15.620953
            ],
            [
              73.841082,
              15.621284
            ],
            [
              73.839068,
              15.62327
            ],
            [
              73.840835,
              15.626312
            ],
            [
              73.84262,
              15.626675
            ],
            [
              73.841789,
              15.627675
            ],
            [
              73.839513,
              15.627675
            ],
            [
              73.840313,
              15.627515
            ],
            [
              73.840275,
              15.626675
            ],
            [
              73.838473,
              15.625015
            ],
            [
              73.83692,
              15.626122
            ],
            [
              73.836535,
              15.627737
            ],
            [
              73.834848,
              15.62805
            ],
            [
              73.834473,
              15.630152
            ],
            [
              73.832473,
              15.627963
            ],
            [
              73.831473,
              15.628705
            ],
            [
              73.830473,
              15.627816
            ],
            [
              73.829473,
              15.629953
            ],
            [
              73.827093,
              15.629295
            ],
            [
              73.830262,
              15.634675
            ],
            [
              73.829681,
              15.635675
            ],
            [
              73.829158,
              15.633989
            ],
            [
              73.827969,
              15.633178
            ],
            [
              73.825816,
              15.633018
            ],
            [
              73.825473,
              15.634675
            ],
            [
              73.823953,
              15.632675
            ],
            [
              73.825227,
              15.631675
            ],
            [
              73.823177,
              15.63097
            ],
            [
              73.823982,
              15.628184
            ],
            [
              73.824967,
              15.627675
            ],
            [
              73.824156,
              15.627358
            ],
            [
              73.823965,
              15.628167
            ],
            [
              73.821212,
              15.629414
            ],
            [
              73.820974,
              15.630675
            ],
            [
              73.818065,
              15.631267
            ],
            [
              73.818028,
              15.632119
            ],
            [
              73.819625,
              15.633827
            ],
            [
              73.818473,
              15.633934
            ],
            [
              73.816896,
              15.632251
            ],
            [
              73.816085,
              15.632287
            ],
            [
              73.816052,
              15.633095
            ],
            [
              73.816806,
              15.633342
            ],
            [
              73.816846,
              15.636301
            ],
            [
              73.817524,
              15.636675
            ],
            [
              73.816473,
              15.638975
            ]
          ]
        ],
        "type": "Polygon"
      },
      "type": "Feature"
    }
  ]
}