{
  "type": "FeatureCollection",
  "metadata": {
    "provider_name": "Domino's Pizza",
    "center_lat": 22.555882,
    "center_lon": 75.760031,
    "mode": "motorcycle",
    "total_zones": 4,
    "distance_zones": [
      3,
      4,
      5,
      6
    ],
    "generated_at": "2025-12-28T17:44:43.845503Z"
  },
  "features": [
    {
      "properties": {
        "fill-opacity": 0.33,
        "fillColor": "#bf4040",
        "opacity": 0.33,
        "fill": "#bf4040",
        "fillOpacity": 0.33,
        "color": "#bf4040",
        "contour": 3.0,
        "metric": "distance",
        "provider_name": "Domino's Pizza",
        "zone_type": "distance",
        "distance_km": 3,
        "mode": "motorcycle",
        "center_lat": 22.555882,
        "center_lon": 75.760031,
        "label": "3km"
      },
      "geometry": {
        "coordinates": [
          [
            [
              75.765031,
              22.57996
            ],
            [
              75.764001,
              22.579882
            ],
            [
              75.764864,
              22.579715
            ],
            [
              75.764638,
              22.574882
            ],
            [
              75.764031,
              22.574275
            ],
            [
              75.763401,
              22.574882
            ],
            [
              75.763133,
              22.578984
            ],
            [
              75.762328,
              22.579179
            ],
            [
              75.762031,
              22.580795
            ],
            [
              75.761637,
              22.574882
            ],
            [
              75.760627,
              22.573882
            ],
            [
              75.760361,
              22.571551
            ],
            [
              75.759031,
              22.570384
            ],
            [
              75.757655,
              22.570506
            ],
            [
              75.75733,
              22.571882
            ],
            [
              75.758891,
              22.572882
            ],
            [
              75.759031,
              22.574125
            ],
            [
              75.757031,
              22.575133
            ],
            [
              75.755871,
              22.574041
            ],
            [
              75.755625,
              22.572287
            ],
            [
              75.754151,
              22.572002
            ],
            [
              75.753255,
              22.572882
            ],
            [
              75.753152,
              22.57476
            ],
            [
              75.753758,
              22.574882
            ],
            [
              75.752991,
              22.574921
            ],
            [
              75.752641,
              22.573271
            ],
            [
              75.751861,
              22.572882
            ],
            [
              75.752746,
              22.571882
            ],
            [
              75.752463,
              22.570449
            ],
            [
              75.750031,
              22.570217
            ],
            [
              75.747031,
              22.568306
            ],
            [
              75.746289,
              22.568882
            ],
            [
              75.746031,
              22.571054
            ],
            [
              75.744904,
              22.571008
            ],
            [
              75.744031,
              22.569225
            ],
            [
              75.743031,
              22.570189
            ],
            [
              75.740031,
              22.570059
            ],
            [
              75.739965,
              22.569882
            ],
            [
              75.74083,
              22.569681
            ],
            [
              75.740856,
              22.565882
            ],
            [
              75.74275,
              22.565601
            ],
            [
              75.742994,
              22.562845
            ],
            [
              75.744824,
              22.561882
            ],
            [
              75.741785,
              22.560127
            ],
            [
              75.742564,
              22.558882
            ],
            [
              75.74139,
              22.557522
            ],
            [
              75.739031,
              22.557243
            ],
            [
              75.738031,
              22.558127
            ],
            [
              75.737479,
              22.556433
            ],
            [
              75.733031,
              22.555902
            ],
            [
              75.732845,
              22.554882
            ],
            [
              75.734031,
              22.554348
            ],
            [
              75.734271,
              22.555641
            ],
            [
              75.735031,
              22.555704
            ],
            [
              75.742031,
              22.555424
            ],
            [
              75.743031,
              22.552143
            ],
            [
              75.743657,
              22.554255
            ],
            [
              75.745423,
              22.554882
            ],
            [
              75.744729,
              22.557183
            ],
            [
              75.748281,
              22.557132
            ],
            [
              75.748643,
              22.554494
            ],
            [
              75.750363,
              22.554214
            ],
            [
              75.749497,
              22.551882
            ],
            [
              75.750409,
              22.550882
            ],
            [
              75.75031,
              22.549602
            ],
            [
              75.749031,
              22.548445
            ],
            [
              75.746567,
              22.548345
            ],
            [
              75.746031,
              22.547373
            ],
            [
              75.745464,
              22.547882
            ],
            [
              75.746469,
              22.548443
            ],
            [
              75.746382,
              22.549882
            ],
            [
              75.747288,
              22.550882
            ],
            [
              75.746031,
              22.551295
            ],
            [
              75.744031,
              22.547307
            ],
            [
              75.74321,
              22.547882
            ],
            [
              75.743031,
              22.54989
            ],
            [
              75.742494,
              22.546418
            ],
            [
              75.74087,
              22.546042
            ],
            [
              75.739718,
              22.544194
            ],
            [
              75.738411,
              22.543882
            ],
            [
              75.738253,
              22.542882
            ],
            [
              75.739026,
              22.541877
            ],
            [
              75.740392,
              22.542243
            ],
            [
              75.742031,
              22.54106
            ],
            [
              75.742236,
              22.542882
            ],
            [
              75.744655,
              22.546257
            ],
            [
              75.748333,
              22.546184
            ],
            [
              75.748365,
              22.544547
            ],
            [
              75.745764,
              22.544148
            ],
            [
              75.745466,
              22.542446
            ],
            [
              75.743844,
              22.540882
            ],
            [
              75.743948,
              22.539799
            ],
            [
              75.746157,
              22.538882
            ],
            [
              75.746277,
              22.537635
            ],
            [
              75.744818,
              22.536882
            ],
            [
              75.745772,
              22.536623
            ],
            [
              75.745957,
              22.534882
            ],
            [
              75.746074,
              22.534882
            ],
            [
              75.746656,
              22.535257
            ],
            [
              75.747031,
              22.535303
            ],
            [
              75.748082,
              22.534882
            ],
            [
              75.748502,
              22.535882
            ],
            [
              75.74735,
              22.536201
            ],
            [
              75.747544,
              22.537368
            ],
            [
              75.749753,
              22.539159
            ],
            [
              75.751363,
              22.539214
            ],
            [
              75.752031,
              22.536638
            ],
            [
              75.757031,
              22.535707
            ],
            [
              75.75955,
              22.534401
            ],
            [
              75.759652,
              22.53326
            ],
            [
              75.757759,
              22.532882
            ],
            [
              75.759031,
              22.531223
            ],
            [
              75.760833,
              22.531882
            ],
            [
              75.7602,
              22.532051
            ],
            [
              75.760553,
              22.534359
            ],
            [
              75.761587,
              22.534438
            ],
            [
              75.762031,
              22.532982
            ],
            [
              75.763031,
              22.533014
            ],
            [
              75.764908,
              22.535004
            ],
            [
              75.766475,
              22.535437
            ],
            [
              75.766871,
              22.535882
            ],
            [
              75.765423,
              22.536274
            ],
            [
              75.765637,
              22.537275
            ],
            [
              75.768171,
              22.537741
            ],
            [
              75.770273,
              22.539639
            ],
            [
              75.771031,
              22.541416
            ],
            [
              75.772653,
              22.539882
            ],
            [
              75.772776,
              22.538136
            ],
            [
              75.771695,
              22.537546
            ],
            [
              75.774031,
              22.536987
            ],
            [
              75.776399,
              22.537513
            ],
            [
              75.778395,
              22.542517
            ],
            [
              75.77933,
              22.542882
            ],
            [
              75.780422,
              22.54749
            ],
            [
              75.781198,
              22.547715
            ],
            [
              75.781031,
              22.549825
            ],
            [
              75.780678,
              22.548234
            ],
            [
              75.779031,
              22.548171
            ],
            [
              75.776506,
              22.550882
            ],
            [
              75.777031,
              22.552377
            ],
            [
              75.779323,
              22.55159
            ],
            [
              75.778697,
              22.555216
            ],
            [
              75.781462,
              22.555313
            ],
            [
              75.782031,
              22.552394
            ],
            [
              75.78704,
              22.553882
            ],
            [
              75.785964,
              22.555882
            ],
            [
              75.782575,
              22.556426
            ],
            [
              75.78234,
              22.558573
            ],
            [
              75.783061,
              22.558851
            ],
            [
              75.783031,
              22.559474
            ],
            [
              75.782934,
              22.558979
            ],
            [
              75.781218,
              22.559069
            ],
            [
              75.781031,
              22.560282
            ],
            [
              75.780939,
              22.558882
            ],
            [
              75.781708,
              22.558559
            ],
            [
              75.781484,
              22.557428
            ],
            [
              75.780031,
              22.55732
            ],
            [
              75.778031,
              22.558359
            ],
            [
              75.776711,
              22.557562
            ],
            [
              75.776495,
              22.559882
            ],
            [
              75.777412,
              22.561882
            ],
            [
              75.775374,
              22.565882
            ],
            [
              75.777177,
              22.567028
            ],
            [
              75.77155,
              22.566362
            ],
            [
              75.77139,
              22.565523
            ],
            [
              75.770556,
              22.565407
            ],
            [
              75.773278,
              22.570882
            ],
            [
              75.773554,
              22.573358
            ],
            [
              75.776616,
              22.573882
            ],
            [
              75.77521,
              22.574061
            ],
            [
              75.775173,
              22.575739
            ],
            [
              75.776031,
              22.576036
            ],
            [
              75.773713,
              22.575882
            ],
            [
              75.773556,
              22.574356
            ],
            [
              75.771031,
              22.572195
            ],
            [
              75.769031,
              22.572306
            ],
            [
              75.768211,
              22.575882
            ],
            [
              75.769033,
              22.576884
            ],
            [
              75.767341,
              22.577192
            ],
            [
              75.767031,
              22.57882
            ],
            [
              75.766796,
              22.575882
            ],
            [
              75.76561,
              22.575461
            ],
            [
              75.765787,
              22.578882
            ],
            [
              75.765031,
              22.57996
            ]
          ]
        ],
        "type": "Polygon"
      },
      "type": "Feature"
    },
    {
      "properties": {
        "fill-opacity": 0.33,
        "fillColor": "#bf4040",
        "opacity": 0.33,
        "fill": "#bf4040",
        "fillOpacity": 0.33,
        "color": "#bf4040",
        "contour": 4.0,
        "metric": "distance",
        "provider_name": "Domino's Pizza",
        "zone_type": "distance",
        "distance_km": 4,
        "mode": "motorcycle",
        "center_lat": 22.555882,
        "center_lon": 75.760031,
        "label": "4km"
      },
      "geometry": {
        "coordinates": [
          [
            [
              75.764031,
              22.589461
            ],
            [
              75.76386,
              22.588052
            ],
            [
              75.762886,
              22.587882
            ],
            [
              75.762485,
              22.585427
            ],
            [
              75.760031,
              22.585129
            ],
            [
              75.758816,
              22.583882
            ],
            [
              75.760496,
              22.583347
            ],
            [
              75.761562,
              22.581882
            ],
            [
              75.761408,
              22.574882
            ],
            [
              75.760404,
              22.573882
            ],
            [
              75.760251,
              22.571661
            ],
            [
              75.759031,
              22.570549
            ],
            [
              75.757795,
              22.570646
            ],
            [
              75.757619,
              22.571882
            ],
            [
              75.759362,
              22.572551
            ],
            [
              75.759339,
              22.57519
            ],
            [
              75.758031,
              22.576353
            ],
            [
              75.756031,
              22.576352
            ],
            [
              75.754679,
              22.57553
            ],
            [
              75.755341,
              22.578882
            ],
            [
              75.754031,
              22.580135
            ],
            [
              75.752739,
              22.579882
            ],
            [
              75.752645,
              22.576882
            ],
            [
              75.753568,
              22.575882
            ],
            [
              75.751484,
              22.572882
            ],
            [
              75.752448,
              22.571882
            ],
            [
              75.752293,
              22.570619
            ],
            [
              75.750031,
              22.570482
            ],
            [
              75.747031,
              22.568516
            ],
            [
              75.746395,
              22.571246
            ],
            [
              75.744155,
              22.571882
            ],
            [
              75.743162,
              22.573013
            ],
            [
              75.742632,
              22.57128
            ],
            [
              75.741031,
              22.571137
            ],
            [
              75.739031,
              22.572303
            ],
            [
              75.734547,
              22.572398
            ],
            [
              75.734241,
              22.573671
            ],
            [
              75.734909,
              22.573882
            ],
            [
              75.734214,
              22.574882
            ],
            [
              75.732031,
              22.573062
            ],
            [
              75.731106,
              22.572957
            ],
            [
              75.731031,
              22.573615
            ],
            [
              75.730982,
              22.572833
            ],
            [
              75.733556,
              22.572407
            ],
            [
              75.733704,
              22.570208
            ],
            [
              75.73297,
              22.569882
            ],
            [
              75.733749,
              22.5696
            ],
            [
              75.73469,
              22.564541
            ],
            [
              75.736031,
              22.565581
            ],
            [
              75.742031,
              22.565357
            ],
            [
              75.742688,
              22.562539
            ],
            [
              75.744473,
              22.561882
            ],
            [
              75.741622,
              22.56029
            ],
            [
              75.742382,
              22.558882
            ],
            [
              75.741031,
              22.557529
            ],
            [
              75.739031,
              22.557492
            ],
            [
              75.738031,
              22.558451
            ],
            [
              75.737031,
              22.556471
            ],
            [
              75.733031,
              22.556387
            ],
            [
              75.729031,
              22.554245
            ],
            [
              75.727031,
              22.555099
            ],
            [
              75.725771,
              22.552141
            ],
            [
              75.724031,
              22.551882
            ],
            [
              75.726031,
              22.551758
            ],
            [
              75.726407,
              22.552505
            ],
            [
              75.728031,
              22.552614
            ],
            [
              75.729031,
              22.550639
            ],
            [
              75.729602,
              22.55331
            ],
            [
              75.731031,
              22.554438
            ],
            [
              75.733031,
              22.554376
            ],
            [
              75.733396,
              22.553516
            ],
            [
              75.731761,
              22.553151
            ],
            [
              75.731667,
              22.551518
            ],
            [
              75.733031,
              22.550126
            ],
            [
              75.735031,
              22.550391
            ],
            [
              75.736209,
              22.550703
            ],
            [
              75.736327,
              22.551882
            ],
            [
              75.734644,
              22.553495
            ],
            [
              75.734719,
              22.555193
            ],
            [
              75.74226,
              22.555111
            ],
            [
              75.742366,
              22.552547
            ],
            [
              75.741476,
              22.551436
            ],
            [
              75.739877,
              22.551035
            ],
            [
              75.738323,
              22.548882
            ],
            [
              75.741031,
              22.548715
            ],
            [
              75.742031,
              22.550546
            ],
            [
              75.742304,
              22.546608
            ],
            [
              75.740652,
              22.546261
            ],
            [
              75.739031,
              22.544403
            ],
            [
              75.738031,
              22.545336
            ],
            [
              75.736031,
              22.545238
            ],
            [
              75.735031,
              22.546188
            ],
            [
              75.733435,
              22.546286
            ],
            [
              75.733031,
              22.548293
            ],
            [
              75.730794,
              22.546118
            ],
            [
              75.731833,
              22.545684
            ],
            [
              75.732159,
              22.543882
            ],
            [
              75.732847,
              22.543698
            ],
            [
              75.732772,
              22.54114
            ],
            [
              75.73203,
              22.540881
            ],
            [
              75.733742,
              22.539882
            ],
            [
              75.731622,
              22.538882
            ],
            [
              75.731829,
              22.537084
            ],
            [
              75.730604,
              22.536882
            ],
            [
              75.732031,
              22.535931
            ],
            [
              75.735031,
              22.536307
            ],
            [
              75.735551,
              22.538361
            ],
            [
              75.737293,
              22.538882
            ],
            [
              75.736423,
              22.539882
            ],
            [
              75.737031,
              22.540435
            ],
            [
              75.739485,
              22.538336
            ],
            [
              75.740147,
              22.536765
            ],
            [
              75.742484,
              22.539882
            ],
            [
              75.742588,
              22.542882
            ],
            [
              75.743775,
              22.545137
            ],
            [
              75.745031,
              22.54623
            ],
            [
              75.748238,
              22.546089
            ],
            [
              75.748253,
              22.544659
            ],
            [
              75.745614,
              22.544298
            ],
            [
              75.745294,
              22.542618
            ],
            [
              75.743479,
              22.540882
            ],
            [
              75.743675,
              22.539526
            ],
            [
              75.745342,
              22.539193
            ],
            [
              75.745575,
              22.537882
            ],
            [
              75.743558,
              22.536882
            ],
            [
              75.745501,
              22.535882
            ],
            [
              75.741826,
              22.533086
            ],
            [
              75.74273,
              22.530882
            ],
            [
              75.740993,
              22.529919
            ],
            [
              75.741004,
              22.528882
            ],
            [
              75.743031,
              22.528739
            ],
            [
              75.744031,
              22.529643
            ],
            [
              75.745031,
              22.528784
            ],
            [
              75.747031,
              22.528735
            ],
            [
              75.747427,
              22.529485
            ],
            [
              75.749031,
              22.529383
            ],
            [
              75.749551,
              22.531361
            ],
            [
              75.750939,
              22.53179
            ],
            [
              75.75148,
              22.527882
            ],
            [
              75.750202,
              22.526882
            ],
            [
              75.750334,
              22.526185
            ],
            [
              75.751031,
              22.525928
            ],
            [
              75.752419,
              22.527494
            ],
            [
              75.754031,
              22.527648
            ],
            [
              75.755031,
              22.52855
            ],
            [
              75.756496,
              22.528347
            ],
            [
              75.757748,
              22.525882
            ],
            [
              75.756767,
              22.524882
            ],
            [
              75.757031,
              22.522395
            ],
            [
              75.759031,
              22.523944
            ],
            [
              75.764052,
              22.52586
            ],
            [
              75.76426,
              22.526652
            ],
            [
              75.766031,
              22.52645
            ],
            [
              75.768076,
              22.527836
            ],
            [
              75.768213,
              22.529699
            ],
            [
              75.769867,
              22.529882
            ],
            [
              75.769221,
              22.530882
            ],
            [
              75.769768,
              22.531144
            ],
            [
              75.771031,
              22.530215
            ],
            [
              75.775093,
              22.531819
            ],
            [
              75.775068,
              22.532845
            ],
            [
              75.780623,
              22.532882
            ],
            [
              75.779347,
              22.533198
            ],
            [
              75.780031,
              22.534597
            ],
            [
              75.78173,
              22.534581
            ],
            [
              75.782031,
              22.533519
            ],
            [
              75.783031,
              22.533863
            ],
            [
              75.782454,
              22.534882
            ],
            [
              75.780515,
              22.535366
            ],
            [
              75.780202,
              22.538053
            ],
            [
              75.778651,
              22.538502
            ],
            [
              75.77754,
              22.539882
            ],
            [
              75.779328,
              22.540584
            ],
            [
              75.778571,
              22.541882
            ],
            [
              75.780276,
              22.542636
            ],
            [
              75.779583,
              22.543882
            ],
            [
              75.780031,
              22.544429
            ],
            [
              75.782031,
              22.542552
            ],
            [
              75.786858,
              22.541054
            ],
            [
              75.786806,
              22.541882
            ],
            [
              75.784455,
              22.542306
            ],
            [
              75.784302,
              22.543882
            ],
            [
              75.786031,
              22.545493
            ],
            [
              75.787234,
              22.544678
            ],
            [
              75.78726,
              22.546111
            ],
            [
              75.785031,
              22.54631
            ],
            [
              75.784031,
              22.547344
            ],
            [
              75.781579,
              22.547882
            ],
            [
              75.782697,
              22.552215
            ],
            [
              75.7864,
              22.552251
            ],
            [
              75.788031,
              22.547722
            ],
            [
              75.789836,
              22.548687
            ],
            [
              75.790804,
              22.548655
            ],
            [
              75.791031,
              22.547684
            ],
            [
              75.792113,
              22.547882
            ],
            [
              75.791151,
              22.549002
            ],
            [
              75.78951,
              22.549361
            ],
            [
              75.787619,
              22.55147
            ],
            [
              75.788031,
              22.55341
            ],
            [
              75.790031,
              22.55251
            ],
            [
              75.793633,
              22.552484
            ],
            [
              75.794031,
              22.550723
            ],
            [
              75.796379,
              22.551882
            ],
            [
              75.794343,
              22.552194
            ],
            [
              75.794031,
              22.553072
            ],
            [
              75.791031,
              22.553242
            ],
            [
              75.790031,
              22.554284
            ],
            [
              75.788031,
              22.554353
            ],
            [
              75.78572,
              22.555571
            ],
            [
              75.785539,
              22.556373
            ],
            [
              75.789031,
              22.556491
            ],
            [
              75.791228,
              22.557684
            ],
            [
              75.791031,
              22.558177
            ],
            [
              75.786031,
              22.557367
            ],
            [
              75.785522,
              22.55639
            ],
            [
              75.78262,
              22.556882
            ],
            [
              75.782725,
              22.558188
            ],
            [
              75.784485,
              22.559882
            ],
            [
              75.783031,
              22.560373
            ],
            [
              75.782031,
              22.559424
            ],
            [
              75.781541,
              22.559882
            ],
            [
              75.785172,
              22.56374
            ],
            [
              75.785226,
              22.564882
            ],
            [
              75.783376,
              22.566227
            ],
            [
              75.783031,
              22.56816
            ],
            [
              75.779538,
              22.569389
            ],
            [
              75.778446,
              22.571882
            ],
            [
              75.778637,
              22.573275
            ],
            [
              75.780298,
              22.573882
            ],
            [
              75.779606,
              22.575306
            ],
            [
              75.781961,
              22.574882
            ],
            [
              75.782366,
              22.577546
            ],
            [
              75.7821,
              22.578882
            ],
            [
              75.779031,
              22.579136
            ],
            [
              75.778367,
              22.579882
            ],
            [
              75.779031,
              22.58169
            ],
            [
              75.780945,
              22.581796
            ],
            [
              75.781031,
              22.581091
            ],
            [
              75.781031,
              22.582395
            ],
            [
              75.780031,
              22.584227
            ],
            [
              75.777382,
              22.583882
            ],
            [
              75.777472,
              22.58044
            ],
            [
              75.774835,
              22.580077
            ],
            [
              75.773466,
              22.577446
            ],
            [
              75.771762,
              22.57715
            ],
            [
              75.773319,
              22.574593
            ],
            [
              75.771031,
              22.572474
            ],
            [
              75.769031,
              22.572516
            ],
            [
              75.76858,
              22.575882
            ],
            [
              75.769365,
              22.577216
            ],
            [
              75.767721,
              22.577572
            ],
            [
              75.767363,
              22.579214
            ],
            [
              75.766031,
              22.579365
            ],
            [
              75.765031,
              22.580402
            ],
            [
              75.763692,
              22.58022
            ],
            [
              75.763513,
              22.5794
            ],
            [
              75.762554,
              22.579882
            ],
            [
              75.763031,
              22.582474
            ],
            [
              75.764031,
              22.58155
            ],
            [
              75.769082,
              22.581882
            ],
            [
              75.765031,
              22.582201
            ],
            [
              75.762638,
              22.583489
            ],
            [
              75.763334,
              22.587578
            ],
            [
              75.764848,
              22.587882
            ],
            [
              75.764175,
              22.588026
            ],
            [
              75.764031,
              22.589461
            ]
          ]
        ],
        "type": "Polygon"
      },
      "type": "Feature"
    },
    {
      "properties": {
        "fill-opacity": 0.33,
        "fillColor": "#bf4040",
        "opacity": 0.33,
        "fill": "#bf4040",
        "fillOpacity": 0.33,
        "color": "#bf4040",
        "contour": 5.0,
        "metric": "distance",
        "provider_name": "Domino's Pizza",
        "zone_type": "distance",
        "distance_km": 5,
        "mode": "motorcycle",
        "center_lat": 22.555882,
        "center_lon": 75.760031,
        "label": "5km"
      },
      "geometry": {
        "coordinates": [
          [
            [
              75.762031,
              22.596364
            ],
            [
              75.761672,
              22.591882
            ],
            [
              75.7634,
              22.590251
            ],
            [
              75.763516,
              22.588882
            ],
            [
              75.762492,
              22.587882
            ],
            [
              75.762301,
              22.585611
            ],
            [
              75.760031,
              22.585452
            ],
            [
              75.75847,
              22.583882
            ],
            [
              75.761378,
              22.581882
            ],
            [
              75.761305,
              22.574882
            ],
            [
              75.760302,
              22.573882
            ],
            [
              75.760196,
              22.571716
            ],
            [
              75.759031,
              22.570632
            ],
            [
              75.757854,
              22.570705
            ],
            [
              75.757827,
              22.572085
            ],
            [
              75.759696,
              22.572882
            ],
            [
              75.759681,
              22.574882
            ],
            [
              75.758031,
              22.576536
            ],
            [
              75.756031,
              22.576535
            ],
            [
              75.754801,
              22.575652
            ],
            [
              75.755623,
              22.578882
            ],
            [
              75.754031,
              22.580454
            ],
            [
              75.752445,
              22.579882
            ],
            [
              75.752411,
              22.576882
            ],
            [
              75.75338,
              22.575882
            ],
            [
              75.751343,
              22.572882
            ],
            [
              75.752325,
              22.571882
            ],
            [
              75.752219,
              22.570693
            ],
            [
              75.750031,
              22.570596
            ],
            [
              75.747031,
              22.568614
            ],
            [
              75.746719,
              22.570882
            ],
            [
              75.745487,
              22.571882
            ],
            [
              75.746621,
              22.573292
            ],
            [
              75.748133,
              22.573779
            ],
            [
              75.748465,
              22.575447
            ],
            [
              75.750126,
              22.575882
            ],
            [
              75.749341,
              22.576192
            ],
            [
              75.748938,
              22.578975
            ],
            [
              75.748031,
              22.578759
            ],
            [
              75.747031,
              22.577136
            ],
            [
              75.745192,
              22.579043
            ],
            [
              75.744031,
              22.579107
            ],
            [
              75.743031,
              22.576276
            ],
            [
              75.742031,
              22.578048
            ],
            [
              75.741031,
              22.577131
            ],
            [
              75.739031,
              22.578538
            ],
            [
              75.738031,
              22.578222
            ],
            [
              75.738937,
              22.576788
            ],
            [
              75.740521,
              22.576372
            ],
            [
              75.740031,
              22.575216
            ],
            [
              75.734031,
              22.575387
            ],
            [
              75.732031,
              22.574187
            ],
            [
              75.730031,
              22.57436
            ],
            [
              75.729031,
              22.575305
            ],
            [
              75.72687,
              22.575042
            ],
            [
              75.728585,
              22.573882
            ],
            [
              75.727672,
              22.572882
            ],
            [
              75.727505,
              22.570407
            ],
            [
              75.724002,
              22.570882
            ],
            [
              75.725576,
              22.567882
            ],
            [
              75.727743,
              22.567594
            ],
            [
              75.727409,
              22.565882
            ],
            [
              75.732031,
              22.565528
            ],
            [
              75.733031,
              22.5635
            ],
            [
              75.735291,
              22.563621
            ],
            [
              75.736031,
              22.565293
            ],
            [
              75.742031,
              22.565204
            ],
            [
              75.742582,
              22.562433
            ],
            [
              75.744337,
              22.561882
            ],
            [
              75.74155,
              22.560362
            ],
            [
              75.742291,
              22.558882
            ],
            [
              75.741031,
              22.557621
            ],
            [
              75.739031,
              22.557601
            ],
            [
              75.738031,
              22.558581
            ],
            [
              75.737031,
              22.55659
            ],
            [
              75.733031,
              22.556551
            ],
            [
              75.729031,
              22.554493
            ],
            [
              75.727031,
              22.555443
            ],
            [
              75.725031,
              22.552408
            ],
            [
              75.724516,
              22.552882
            ],
            [
              75.725526,
              22.553386
            ],
            [
              75.725303,
              22.555154
            ],
            [
              75.723031,
              22.553293
            ],
            [
              75.722031,
              22.554225
            ],
            [
              75.721414,
              22.552498
            ],
            [
              75.718812,
              22.5511
            ],
            [
              75.718617,
              22.549882
            ],
            [
              75.721923,
              22.548882
            ],
            [
              75.721414,
              22.547882
            ],
            [
              75.723657,
              22.547508
            ],
            [
              75.726511,
              22.544362
            ],
            [
              75.727031,
              22.542696
            ],
            [
              75.728031,
              22.544518
            ],
            [
              75.729031,
              22.543536
            ],
            [
              75.732348,
              22.543199
            ],
            [
              75.732476,
              22.541882
            ],
            [
              75.73153,
              22.540882
            ],
            [
              75.733322,
              22.540173
            ],
            [
              75.733312,
              22.5396
            ],
            [
              75.731031,
              22.539369
            ],
            [
              75.730291,
              22.541142
            ],
            [
              75.729031,
              22.541124
            ],
            [
              75.728437,
              22.538475
            ],
            [
              75.727462,
              22.537451
            ],
            [
              75.724093,
              22.535882
            ],
            [
              75.723711,
              22.534201
            ],
            [
              75.722031,
              22.534198
            ],
            [
              75.722031,
              22.533249
            ],
            [
              75.722068,
              22.533845
            ],
            [
              75.723714,
              22.533565
            ],
            [
              75.724031,
              22.53244
            ],
            [
              75.725829,
              22.53168
            ],
            [
              75.726031,
              22.530338
            ],
            [
              75.729031,
              22.529231
            ],
            [
              75.730604,
              22.533308
            ],
            [
              75.732688,
              22.535225
            ],
            [
              75.734031,
              22.534419
            ],
            [
              75.73533,
              22.534582
            ],
            [
              75.735752,
              22.53816
            ],
            [
              75.738031,
              22.539255
            ],
            [
              75.739301,
              22.538152
            ],
            [
              75.739665,
              22.536516
            ],
            [
              75.740396,
              22.536516
            ],
            [
              75.742677,
              22.539882
            ],
            [
              75.742724,
              22.542882
            ],
            [
              75.743846,
              22.545066
            ],
            [
              75.745031,
              22.54614
            ],
            [
              75.748189,
              22.54604
            ],
            [
              75.748197,
              22.544715
            ],
            [
              75.745546,
              22.544366
            ],
            [
              75.745219,
              22.542693
            ],
            [
              75.74334,
              22.540882
            ],
            [
              75.743576,
              22.539427
            ],
            [
              75.745243,
              22.539094
            ],
            [
              75.745383,
              22.537882
            ],
            [
              75.743376,
              22.536882
            ],
            [
              75.745351,
              22.535882
            ],
            [
              75.741637,
              22.533275
            ],
            [
              75.742442,
              22.530882
            ],
            [
              75.740516,
              22.529882
            ],
            [
              75.741031,
              22.528375
            ],
            [
              75.743031,
              22.528343
            ],
            [
              75.744031,
              22.529314
            ],
            [
              75.746877,
              22.527882
            ],
            [
              75.746479,
              22.523433
            ],
            [
              75.744874,
              22.523038
            ],
            [
              75.7439,
              22.521012
            ],
            [
              75.742704,
              22.520882
            ],
            [
              75.744031,
              22.520823
            ],
            [
              75.74553,
              22.522382
            ],
            [
              75.746553,
              22.522404
            ],
            [
              75.748031,
              22.519546
            ],
            [
              75.749348,
              22.520199
            ],
            [
              75.749717,
              22.518568
            ],
            [
              75.75106,
              22.517852
            ],
            [
              75.751655,
              22.517882
            ],
            [
              75.750284,
              22.519135
            ],
            [
              75.75048,
              22.520432
            ],
            [
              75.75215,
              22.520762
            ],
            [
              75.752223,
              22.521689
            ],
            [
              75.753031,
              22.521875
            ],
            [
              75.755031,
              22.52146
            ],
            [
              75.755709,
              22.51756
            ],
            [
              75.758031,
              22.517593
            ],
            [
              75.759031,
              22.516745
            ],
            [
              75.761102,
              22.516882
            ],
            [
              75.760231,
              22.517082
            ],
            [
              75.760162,
              22.517882
            ],
            [
              75.763185,
              22.520727
            ],
            [
              75.76239,
              22.521882
            ],
            [
              75.763031,
              22.522485
            ],
            [
              75.765957,
              22.519808
            ],
            [
              75.767086,
              22.519826
            ],
            [
              75.7671,
              22.520951
            ],
            [
              75.765493,
              22.521344
            ],
            [
              75.763629,
              22.52348
            ],
            [
              75.763503,
              22.524882
            ],
            [
              75.765356,
              22.526207
            ],
            [
              75.765621,
              22.523882
            ],
            [
              75.766304,
              22.523608
            ],
            [
              75.768713,
              22.529199
            ],
            [
              75.770603,
              22.528882
            ],
            [
              75.770745,
              22.525882
            ],
            [
              75.769827,
              22.524882
            ],
            [
              75.770031,
              22.522374
            ],
            [
              75.770268,
              22.523644
            ],
            [
              75.77143,
              22.524482
            ],
            [
              75.77447,
              22.523882
            ],
            [
              75.774031,
              22.52538
            ],
            [
              75.773031,
              22.525031
            ],
            [
              75.771565,
              22.526416
            ],
            [
              75.771658,
              22.529254
            ],
            [
              75.774031,
              22.529591
            ],
            [
              75.775031,
              22.528706
            ],
            [
              75.77768,
              22.528882
            ],
            [
              75.775391,
              22.529242
            ],
            [
              75.775172,
              22.530023
            ],
            [
              75.773633,
              22.530484
            ],
            [
              75.77373,
              22.531182
            ],
            [
              75.776031,
              22.532384
            ],
            [
              75.783031,
              22.5324
            ],
            [
              75.783681,
              22.529882
            ],
            [
              75.784731,
              22.528882
            ],
            [
              75.784838,
              22.526074
            ],
            [
              75.784031,
              22.525436
            ],
            [
              75.785031,
              22.525325
            ],
            [
              75.787212,
              22.526882
            ],
            [
              75.785378,
              22.527229
            ],
            [
              75.785368,
              22.529882
            ],
            [
              75.784433,
              22.530882
            ],
            [
              75.78544,
              22.531882
            ],
            [
              75.784465,
              22.533882
            ],
            [
              75.786244,
              22.535668
            ],
            [
              75.786579,
              22.537334
            ],
            [
              75.788031,
              22.538461
            ],
            [
              75.789449,
              22.5383
            ],
            [
              75.790762,
              22.536882
            ],
            [
              75.791031,
              22.533847
            ],
            [
              75.791507,
              22.536405
            ],
            [
              75.7927,
              22.536551
            ],
            [
              75.793031,
              22.535782
            ],
            [
              75.794643,
              22.535882
            ],
            [
              75.793241,
              22.536092
            ],
            [
              75.793138,
              22.536989
            ],
            [
              75.791542,
              22.537393
            ],
            [
              75.790393,
              22.538882
            ],
            [
              75.790571,
              22.540341
            ],
            [
              75.792973,
              22.542882
            ],
            [
              75.791941,
              22.542971
            ],
            [
              75.790512,
              22.5414
            ],
            [
              75.788031,
              22.540336
            ],
            [
              75.787359,
              22.54221
            ],
            [
              75.784737,
              22.542588
            ],
            [
              75.784746,
              22.544166
            ],
            [
              75.786031,
              22.545261
            ],
            [
              75.787424,
              22.544488
            ],
            [
              75.787634,
              22.545882
            ],
            [
              75.785031,
              22.546518
            ],
            [
              75.784031,
              22.547532
            ],
            [
              75.781713,
              22.547564
            ],
            [
              75.782808,
              22.552104
            ],
            [
              75.786268,
              22.552119
            ],
            [
              75.787668,
              22.547519
            ],
            [
              75.790031,
              22.54833
            ],
            [
              75.790515,
              22.547882
            ],
            [
              75.789773,
              22.546624
            ],
            [
              75.793031,
              22.546416
            ],
            [
              75.796031,
              22.545091
            ],
            [
              75.79806,
              22.545852
            ],
            [
              75.798404,
              22.547508
            ],
            [
              75.799791,
              22.547642
            ],
            [
              75.799995,
              22.546846
            ],
            [
              75.801039,
              22.546873
            ],
            [
              75.800771,
              22.547882
            ],
            [
              75.799468,
              22.548319
            ],
            [
              75.799374,
              22.549882
            ],
            [
              75.801349,
              22.550563
            ],
            [
              75.80039,
              22.551882
            ],
            [
              75.803071,
              22.554882
            ],
            [
              75.803031,
              22.556259
            ],
            [
              75.79946,
              22.552452
            ],
            [
              75.795031,
              22.552417
            ],
            [
              75.794031,
              22.553434
            ],
            [
              75.791031,
              22.553492
            ],
            [
              75.790031,
              22.554508
            ],
            [
              75.788031,
              22.554536
            ],
            [
              75.78681,
              22.555661
            ],
            [
              75.791422,
              22.55749
            ],
            [
              75.791031,
              22.558468
            ],
            [
              75.786031,
              22.557542
            ],
            [
              75.785031,
              22.556562
            ],
            [
              75.782838,
              22.556689
            ],
            [
              75.782821,
              22.558091
            ],
            [
              75.784677,
              22.559882
            ],
            [
              75.78268,
              22.560882
            ],
            [
              75.78559,
              22.563882
            ],
            [
              75.785478,
              22.565329
            ],
            [
              75.784571,
              22.565422
            ],
            [
              75.783566,
              22.566882
            ],
            [
              75.783682,
              22.56823
            ],
            [
              75.785461,
              22.568312
            ],
            [
              75.785754,
              22.565605
            ],
            [
              75.786845,
              22.565696
            ],
            [
              75.786988,
              22.564839
            ],
            [
              75.787659,
              22.564882
            ],
            [
              75.787089,
              22.56594
            ],
            [
              75.786341,
              22.566192
            ],
            [
              75.786596,
              22.569316
            ],
            [
              75.791531,
              22.569882
            ],
            [
              75.789031,
              22.571027
            ],
            [
              75.788031,
              22.570149
            ],
            [
              75.784031,
              22.570301
            ],
            [
              75.783031,
              22.569356
            ],
            [
              75.780031,
              22.569441
            ],
            [
              75.778662,
              22.571882
            ],
            [
              75.779031,
              22.57329
            ],
            [
              75.781031,
              22.57333
            ],
            [
              75.782031,
              22.574385
            ],
            [
              75.783352,
              22.57456
            ],
            [
              75.78254,
              22.575882
            ],
            [
              75.784031,
              22.577444
            ],
            [
              75.785492,
              22.577343
            ],
            [
              75.786031,
              22.574809
            ],
            [
              75.786432,
              22.57648
            ],
            [
              75.788212,
              22.576882
            ],
            [
              75.788254,
              22.578105
            ],
            [
              75.785779,
              22.57863
            ],
            [
              75.786341,
              22.580192
            ],
            [
              75.783031,
              22.580221
            ],
            [
              75.782031,
              22.579384
            ],
            [
              75.781498,
              22.579882
            ],
            [
              75.781687,
              22.582225
            ],
            [
              75.78298,
              22.582831
            ],
            [
              75.787031,
              22.581886
            ],
            [
              75.787117,
              22.584795
            ],
            [
              75.787847,
              22.584882
            ],
            [
              75.7854,
              22.585251
            ],
            [
              75.784442,
              22.587293
            ],
            [
              75.784398,
              22.588515
            ],
            [
              75.785125,
              22.588882
            ],
            [
              75.784706,
              22.591882
            ],
            [
              75.781031,
              22.590963
            ],
            [
              75.780031,
              22.590064
            ],
            [
              75.778112,
              22.589963
            ],
            [
              75.778031,
              22.590521
            ],
            [
              75.777702,
              22.589882
            ],
            [
              75.778781,
              22.589632
            ],
            [
              75.778802,
              22.586882
            ],
            [
              75.77962,
              22.585882
            ],
            [
              75.77657,
              22.584882
            ],
            [
              75.777438,
              22.580882
            ],
            [
              75.77464,
              22.580272
            ],
            [
              75.773294,
              22.577618
            ],
            [
              75.771613,
              22.577299
            ],
            [
              75.773232,
              22.57468
            ],
            [
              75.771031,
              22.572592
            ],
            [
              75.769031,
              22.572614
            ],
            [
              75.76872,
              22.575882
            ],
            [
              75.769475,
              22.577326
            ],
            [
              75.767819,
              22.57767
            ],
            [
              75.767474,
              22.579325
            ],
            [
              75.765031,
              22.580557
            ],
            [
              75.763584,
              22.580328
            ],
            [
              75.763356,
              22.579556
            ],
            [
              75.762708,
              22.579882
            ],
            [
              75.763031,
              22.582254
            ],
            [
              75.764031,
              22.581282
            ],
            [
              75.769031,
              22.581368
            ],
            [
              75.769544,
              22.581882
            ],
            [
              75.765031,
              22.582476
            ],
            [
              75.76265,
              22.583882
            ],
            [
              75.763625,
              22.584882
            ],
            [
              75.763726,
              22.587186
            ],
            [
              75.766031,
              22.587416
            ],
            [
              75.767031,
              22.586476
            ],
            [
              75.768287,
              22.587626
            ],
            [
              75.768403,
              22.588882
            ],
            [
              75.764704,
              22.588555
            ],
            [
              75.765031,
              22.589468
            ],
            [
              75.7663,
              22.589612
            ],
            [
              75.766424,
              22.590882
            ],
            [
              75.76252,
              22.593371
            ],
            [
              75.762031,
              22.596364
            ]
          ]
        ],
        "type": "Polygon"
      },
      "type": "Feature"
    },
    {
      "properties": {
        "fill-opacity": 0.33,
        "fillColor": "#bf4040",
        "opacity": 0.33,
        "fill": "#bf4040",
        "fillOpacity": 0.33,
        "color": "#bf4040",
        "contour": 6.0,
        "metric": "distance",
        "provider_name": "Domino's Pizza",
        "zone_type": "distance",
        "distance_km": 6,
        "mode": "motorcycle",
        "center_lat": 22.555882,
        "center_lon": 75.760031,
        "label": "6km"
      },
      "geometry": {
        "coordinates": [
          [
            [
              75.790031,
              22.599138
            ],
            [
              75.789031,
              22.599685
            ],
            [
              75.787704,
              22.598208
            ],
            [
              75.785029,
              22.597883
            ],
            [
              75.786749,
              22.5976
            ],
            [
              75.786452,
              22.59546
            ],
            [
              75.7856,
              22.595451
            ],
            [
              75.784031,
              22.597087
            ],
            [
              75.783483,
              22.59543
            ],
            [
              75.781953,
              22.59496
            ],
            [
              75.780031,
              22.595113
            ],
            [
              75.778549,
              22.5964
            ],
            [
              75.778031,
              22.599842
            ],
            [
              75.777516,
              22.596396
            ],
            [
              75.773562,
              22.595882
            ],
            [
              75.777491,
              22.595342
            ],
            [
              75.777398,
              22.592515
            ],
            [
              75.775031,
              22.592268
            ],
            [
              75.772031,
              22.59406
            ],
            [
              75.769556,
              22.593882
            ],
            [
              75.771688,
              22.593539
            ],
            [
              75.771899,
              22.59275
            ],
            [
              75.773688,
              22.591882
            ],
            [
              75.772502,
              22.59041
            ],
            [
              75.770309,
              22.589882
            ],
            [
              75.770457,
              22.588882
            ],
            [
              75.771631,
              22.588482
            ],
            [
              75.772031,
              22.586503
            ],
            [
              75.775174,
              22.586738
            ],
            [
              75.776237,
              22.587882
            ],
            [
              75.774573,
              22.588424
            ],
            [
              75.774622,
              22.58929
            ],
            [
              75.777031,
              22.589403
            ],
            [
              75.779401,
              22.585882
            ],
            [
              75.776381,
              22.584882
            ],
            [
              75.77722,
              22.580692
            ],
            [
              75.774559,
              22.580353
            ],
            [
              75.773219,
              22.577693
            ],
            [
              75.771545,
              22.577367
            ],
            [
              75.771545,
              22.576396
            ],
            [
              75.773267,
              22.574882
            ],
            [
              75.771031,
              22.572657
            ],
            [
              75.768815,
              22.572882
            ],
            [
              75.768794,
              22.575882
            ],
            [
              75.769781,
              22.576882
            ],
            [
              75.76787,
              22.577721
            ],
            [
              75.76753,
              22.579381
            ],
            [
              75.765031,
              22.580637
            ],
            [
              75.762787,
              22.579882
            ],
            [
              75.763031,
              22.582153
            ],
            [
              75.764031,
              22.581168
            ],
            [
              75.769031,
              22.581209
            ],
            [
              75.769703,
              22.581882
            ],
            [
              75.769031,
              22.582554
            ],
            [
              75.765031,
              22.582593
            ],
            [
              75.76285,
              22.583701
            ],
            [
              75.763742,
              22.584882
            ],
            [
              75.763821,
              22.587091
            ],
            [
              75.766031,
              22.58723
            ],
            [
              75.767031,
              22.586254
            ],
            [
              75.768443,
              22.587469
            ],
            [
              75.768645,
              22.588882
            ],
            [
              75.768031,
              22.589496
            ],
            [
              75.767031,
              22.588523
            ],
            [
              75.764812,
              22.588663
            ],
            [
              75.766653,
              22.590882
            ],
            [
              75.765447,
              22.592298
            ],
            [
              75.762744,
              22.593595
            ],
            [
              75.762484,
              22.597882
            ],
            [
              75.760031,
              22.59927
            ],
            [
              75.759459,
              22.596453
            ],
            [
              75.757809,
              22.594882
            ],
            [
              75.759228,
              22.594684
            ],
            [
              75.760645,
              22.597267
            ],
            [
              75.761389,
              22.59724
            ],
            [
              75.761421,
              22.591882
            ],
            [
              75.763268,
              22.590119
            ],
            [
              75.763357,
              22.588882
            ],
            [
              75.762346,
              22.587882
            ],
            [
              75.762223,
              22.585689
            ],
            [
              75.760031,
              22.585581
            ],
            [
              75.758336,
              22.583882
            ],
            [
              75.761288,
              22.581882
            ],
            [
              75.761246,
              22.574882
            ],
            [
              75.760244,
              22.573882
            ],
            [
              75.760163,
              22.571749
            ],
            [
              75.759031,
              22.570682
            ],
            [
              75.757893,
              22.570743
            ],
            [
              75.757805,
              22.571882
            ],
            [
              75.75978,
              22.572882
            ],
            [
              75.759524,
              22.575375
            ],
            [
              75.758031,
              22.576625
            ],
            [
              75.756031,
              22.576624
            ],
            [
              75.75486,
              22.575711
            ],
            [
              75.755741,
              22.578882
            ],
            [
              75.754498,
              22.580349
            ],
            [
              75.753031,
              22.580588
            ],
            [
              75.752324,
              22.579882
            ],
            [
              75.752306,
              22.576882
            ],
            [
              75.753289,
              22.575882
            ],
            [
              75.751268,
              22.572882
            ],
            [
              75.752258,
              22.571882
            ],
            [
              75.752177,
              22.570735
            ],
            [
              75.750031,
              22.57066
            ],
            [
              75.746885,
              22.568736
            ],
            [
              75.746793,
              22.570882
            ],
            [
              75.745791,
              22.572121
            ],
            [
              75.748392,
              22.57352
            ],
            [
              75.748736,
              22.575176
            ],
            [
              75.750556,
              22.575882
            ],
            [
              75.748518,
              22.579882
            ],
            [
              75.74865,
              22.581263
            ],
            [
              75.750031,
              22.582541
            ],
            [
              75.754851,
              22.582882
            ],
            [
              75.754178,
              22.583029
            ],
            [
              75.754031,
              22.584653
            ],
            [
              75.753917,
              22.583995
            ],
            [
              75.753031,
              22.583965
            ],
            [
              75.750031,
              22.586077
            ],
            [
              75.74843,
              22.582482
            ],
            [
              75.747627,
              22.582478
            ],
            [
              75.745031,
              22.58769
            ],
            [
              75.744884,
              22.585882
            ],
            [
              75.745664,
              22.585515
            ],
            [
              75.745735,
              22.583882
            ],
            [
              75.747574,
              22.580882
            ],
            [
              75.747031,
              22.577455
            ],
            [
              75.745031,
              22.57945
            ],
            [
              75.743655,
              22.579257
            ],
            [
              75.743031,
              22.576504
            ],
            [
              75.742031,
              22.578427
            ],
            [
              75.741031,
              22.577453
            ],
            [
              75.739724,
              22.577575
            ],
            [
              75.740328,
              22.580179
            ],
            [
              75.739031,
              22.580326
            ],
            [
              75.738031,
              22.579369
            ],
            [
              75.737469,
              22.579882
            ],
            [
              75.738031,
              22.584092
            ],
            [
              75.73683,
              22.583082
            ],
            [
              75.736444,
              22.581468
            ],
            [
              75.735031,
              22.581228
            ],
            [
              75.732055,
              22.583906
            ],
            [
              75.730947,
              22.583882
            ],
            [
              75.731947,
              22.583798
            ],
            [
              75.731931,
              22.582782
            ],
            [
              75.733833,
              22.580684
            ],
            [
              75.736593,
              22.579882
            ],
            [
              75.736031,
              22.578335
            ],
            [
              75.730908,
              22.578004
            ],
            [
              75.731863,
              22.576714
            ],
            [
              75.738031,
              22.577375
            ],
            [
              75.740313,
              22.576164
            ],
            [
              75.740031,
              22.575482
            ],
            [
              75.734031,
              22.575551
            ],
            [
              75.733031,
              22.57456
            ],
            [
              75.730031,
              22.574539
            ],
            [
              75.729031,
              22.575516
            ],
            [
              75.727031,
              22.575169
            ],
            [
              75.726031,
              22.576472
            ],
            [
              75.725031,
              22.576148
            ],
            [
              75.724031,
              22.577123
            ],
            [
              75.722031,
              22.577116
            ],
            [
              75.721031,
              22.578351
            ],
            [
              75.716264,
              22.579115
            ],
            [
              75.716101,
              22.579952
            ],
            [
              75.714123,
              22.579974
            ],
            [
              75.714042,
              22.580893
            ],
            [
              75.713155,
              22.580882
            ],
            [
              75.713103,
              22.579882
            ],
            [
              75.715031,
              22.579686
            ],
            [
              75.716031,
              22.57862
            ],
            [
              75.718031,
              22.578515
            ],
            [
              75.720713,
              22.576564
            ],
            [
              75.723031,
              22.57635
            ],
            [
              75.726031,
              22.574287
            ],
            [
              75.728274,
              22.574125
            ],
            [
              75.727421,
              22.572882
            ],
            [
              75.727308,
              22.570604
            ],
            [
              75.726031,
              22.57142
            ],
            [
              75.722557,
              22.570882
            ],
            [
              75.72273,
              22.569581
            ],
            [
              75.724707,
              22.567558
            ],
            [
              75.727341,
              22.567192
            ],
            [
              75.726711,
              22.565562
            ],
            [
              75.732031,
              22.565274
            ],
            [
              75.733031,
              22.563264
            ],
            [
              75.735445,
              22.563467
            ],
            [
              75.736031,
              22.565173
            ],
            [
              75.742031,
              22.565125
            ],
            [
              75.742523,
              22.562374
            ],
            [
              75.744265,
              22.561882
            ],
            [
              75.741467,
              22.560445
            ],
            [
              75.741467,
              22.559318
            ],
            [
              75.742236,
              22.558882
            ],
            [
              75.741031,
              22.557675
            ],
            [
              75.739031,
              22.557663
            ],
            [
              75.738031,
              22.55865
            ],
            [
              75.737031,
              22.556656
            ],
            [
              75.733031,
              22.556633
            ],
            [
              75.729031,
              22.554602
            ],
            [
              75.727031,
              22.555576
            ],
            [
              75.726031,
              22.553571
            ],
            [
              75.725031,
              22.55551
            ],
            [
              75.723031,
              22.553511
            ],
            [
              75.721628,
              22.554284
            ],
            [
              75.721274,
              22.552638
            ],
            [
              75.719621,
              22.552291
            ],
            [
              75.718031,
              22.550221
            ],
            [
              75.716924,
              22.549988
            ],
            [
              75.71781,
              22.546661
            ],
            [
              75.719031,
              22.546199
            ],
            [
              75.720031,
              22.548422
            ],
            [
              75.722667,
              22.546518
            ],
            [
              75.724321,
              22.546172
            ],
            [
              75.727031,
              22.542331
            ],
            [
              75.728031,
              22.544271
            ],
            [
              75.729031,
              22.543277
            ],
            [
              75.732031,
              22.543217
            ],
            [
              75.732339,
              22.541882
            ],
            [
              75.731364,
              22.540882
            ],
            [
              75.733324,
              22.539882
            ],
            [
              75.731031,
              22.539542
            ],
            [
              75.730445,
              22.541296
            ],
            [
              75.729031,
              22.54145
            ],
            [
              75.728283,
              22.538629
            ],
            [
              75.725031,
              22.536451
            ],
            [
              75.723657,
              22.537508
            ],
            [
              75.723254,
              22.540105
            ],
            [
              75.721502,
              22.541353
            ],
            [
              75.7211,
              22.542951
            ],
            [
              75.720098,
              22.542949
            ],
            [
              75.720031,
              22.543928
            ],
            [
              75.720009,
              22.54286
            ],
            [
              75.720811,
              22.542662
            ],
            [
              75.720884,
              22.540735
            ],
            [
              75.722639,
              22.538882
            ],
            [
              75.722588,
              22.536439
            ],
            [
              75.723388,
              22.536239
            ],
            [
              75.723514,
              22.534882
            ],
            [
              75.722704,
              22.534555
            ],
            [
              75.722031,
              22.536343
            ],
            [
              75.720585,
              22.534882
            ],
            [
              75.721369,
              22.533544
            ],
            [
              75.720031,
              22.533325
            ],
            [
              75.719216,
              22.536067
            ],
            [
              75.71743,
              22.536281
            ],
            [
              75.715962,
              22.537882
            ],
            [
              75.715929,
              22.536882
            ],
            [
              75.716897,
              22.535748
            ],
            [
              75.718499,
              22.53535
            ],
            [
              75.718623,
              22.532882
            ],
            [
              75.718031,
              22.532243
            ],
            [
              75.716031,
              22.532155
            ],
            [
              75.715031,
              22.531091
            ],
            [
              75.712625,
              22.530882
            ],
            [
              75.713277,
              22.530128
            ],
            [
              75.714031,
              22.529779
            ],
            [
              75.714291,
              22.530621
            ],
            [
              75.715618,
              22.530469
            ],
            [
              75.715731,
              22.529181
            ],
            [
              75.714729,
              22.528882
            ],
            [
              75.716031,
              22.528721
            ],
            [
              75.717556,
              22.530356
            ],
            [
              75.720031,
              22.530532
            ],
            [
              75.722996,
              22.527847
            ],
            [
              75.724071,
              22.527841
            ],
            [
              75.724229,
              22.527882
            ],
            [
              75.723141,
              22.527992
            ],
            [
              75.723112,
              22.528963
            ],
            [
              75.721325,
              22.530882
            ],
            [
              75.723031,
              22.531407
            ],
            [
              75.724489,
              22.530423
            ],
            [
              75.725031,
              22.531374
            ],
            [
              75.725517,
              22.530882
            ],
            [
              75.724571,
              22.530341
            ],
            [
              75.724721,
              22.529572
            ],
            [
              75.728357,
              22.529208
            ],
            [
              75.728448,
              22.525882
            ],
            [
              75.729031,
              22.525392
            ],
            [
              75.730352,
              22.526203
            ],
            [
              75.730582,
              22.524882
            ],
            [
              75.731304,
              22.524608
            ],
            [
              75.731752,
              22.52616
            ],
            [
              75.734031,
              22.526623
            ],
            [
              75.735223,
              22.527882
            ],
            [
              75.731031,
              22.527276
            ],
            [
              75.729675,
              22.528526
            ],
            [
              75.729584,
              22.530882
            ],
            [
              75.73077,
              22.533142
            ],
            [
              75.733031,
              22.535217
            ],
            [
              75.734031,
              22.534231
            ],
            [
              75.735461,
              22.534452
            ],
            [
              75.73572,
              22.537882
            ],
            [
              75.737499,
              22.538414
            ],
            [
              75.737746,
              22.539166
            ],
            [
              75.739223,
              22.538074
            ],
            [
              75.739571,
              22.536422
            ],
            [
              75.74049,
              22.536422
            ],
            [
              75.742769,
              22.539882
            ],
            [
              75.742796,
              22.542882
            ],
            [
              75.74357,
              22.543342
            ],
            [
              75.743886,
              22.545026
            ],
            [
              75.745031,
              22.546087
            ],
            [
              75.748031,
              22.546074
            ],
            [
              75.748164,
              22.544748
            ],
            [
              75.745459,
              22.544453
            ],
            [
              75.745178,
              22.542734
            ],
            [
              75.743503,
              22.541409
            ],
            [
              75.743514,
              22.539365
            ],
            [
              75.745192,
              22.539043
            ],
            [
              75.745291,
              22.537882
            ],
            [
              75.743287,
              22.536882
            ],
            [
              75.745273,
              22.535882
            ],
            [
              75.741557,
              22.533355
            ],
            [
              75.742322,
              22.530882
            ],
            [
              75.740357,
              22.529882
            ],
            [
              75.741031,
              22.528212
            ],
            [
              75.743031,
              22.528197
            ],
            [
              75.744031,
              22.529183
            ],
            [
              75.746268,
              22.528119
            ],
            [
              75.746303,
              22.523609
            ],
            [
              75.744653,
              22.523259
            ],
            [
              75.743031,
              22.521397
            ],
            [
              75.741031,
              22.524205
            ],
            [
              75.737291,
              22.524142
            ],
            [
              75.737031,
              22.524961
            ],
            [
              75.735783,
              22.524882
            ],
            [
              75.736872,
              22.524723
            ],
            [
              75.737031,
              22.523758
            ],
            [
              75.740031,
              22.523571
            ],
            [
              75.741431,
              22.522282
            ],
            [
              75.741549,
              22.520882
            ],
            [
              75.739768,
              22.519144
            ],
            [
              75.739674,
              22.517525
            ],
            [
              75.741031,
              22.518459
            ],
            [
              75.742439,
              22.51729
            ],
            [
              75.742941,
              22.512882
            ],
            [
              75.743905,
              22.512756
            ],
            [
              75.744031,
              22.51203
            ],
            [
              75.744075,
              22.512926
            ],
            [
              75.743224,
              22.513075
            ],
            [
              75.743425,
              22.517882
            ],
            [
              75.742504,
              22.519882
            ],
            [
              75.743561,
              22.521351
            ],
            [
              75.745031,
              22.521326
            ],
            [
              75.746031,
              22.522291
            ],
            [
              75.747758,
              22.518609
            ],
            [
              75.749396,
              22.517247
            ],
            [
              75.749756,
              22.515607
            ],
            [
              75.751031,
              22.517377
            ],
            [
              75.752031,
              22.516415
            ],
            [
              75.754447,
              22.516298
            ],
            [
              75.754638,
              22.514274
            ],
            [
              75.753178,
              22.513882
            ],
            [
              75.754842,
              22.512693
            ],
            [
              75.755031,
              22.51169
            ],
            [
              75.755222,
              22.51269
            ],
            [
              75.75605,
              22.512882
            ],
            [
              75.755917,
              22.513995
            ],
            [
              75.759031,
              22.514825
            ],
            [
              75.759141,
              22.515771
            ],
            [
              75.763243,
              22.516669
            ],
            [
              75.764582,
              22.51833
            ],
            [
              75.767031,
              22.51936
            ],
            [
              75.769705,
              22.518556
            ],
            [
              75.771013,
              22.515864
            ],
            [
              75.772751,
              22.515602
            ],
            [
              75.773031,
              22.514194
            ],
            [
              75.773292,
              22.51562
            ],
            [
              75.774414,
              22.515882
            ],
            [
              75.773332,
              22.516183
            ],
            [
              75.773242,
              22.516882
            ],
            [
              75.774233,
              22.517882
            ],
            [
              75.772372,
              22.518882
            ],
            [
              75.77525,
              22.519882
            ],
            [
              75.772592,
              22.520443
            ],
            [
              75.77229,
              22.521882
            ],
            [
              75.774031,
              22.523372
            ],
            [
              75.776686,
              22.523882
            ],
            [
              75.776262,
              22.527113
            ],
            [
              75.775031,
              22.524369
            ],
            [
              75.774352,
              22.526203
            ],
            [
              75.773031,
              22.525422
            ],
            [
              75.771755,
              22.526606
            ],
            [
              75.772031,
              22.529246
            ],
            [
              75.774031,
              22.529296
            ],
            [
              75.775031,
              22.528333
            ],
            [
              75.777031,
              22.528364
            ],
            [
              75.781475,
              22.526326
            ],
            [
              75.781638,
              22.525274
            ],
            [
              75.780975,
              22.524937
            ],
            [
              75.780662,
              22.523882
            ],
            [
              75.781031,
              22.523316
            ],
            [
              75.781216,
              22.524696
            ],
            [
              75.783425,
              22.524276
            ],
            [
              75.783412,
              22.5235
            ],
            [
              75.782135,
              22.522882
            ],
            [
              75.782903,
              22.517882
            ],
            [
              75.783833,
              22.517684
            ],
            [
              75.784031,
              22.516873
            ],
            [
              75.784136,
              22.517882
            ],
            [
              75.783234,
              22.518882
            ],
            [
              75.78363,
              22.522282
            ],
            [
              75.787031,
              22.523527
            ],
            [
              75.787876,
              22.521727
            ],
            [
              75.791031,
              22.520958
            ],
            [
              75.791719,
              22.521882
            ],
            [
              75.791031,
              22.522453
            ],
            [
              75.788532,
              22.522383
            ],
            [
              75.787501,
              22.524882
            ],
            [
              75.788474,
              22.527882
            ],
            [
              75.788031,
              22.528325
            ],
            [
              75.787031,
              22.527387
            ],
            [
              75.785729,
              22.52758
            ],
            [
              75.785632,
              22.529882
            ],
            [
              75.784656,
              22.530882
            ],
            [
              75.785659,
              22.531882
            ],
            [
              75.783697,
              22.533882
            ],
            [
              75.786427,
              22.535485
            ],
            [
              75.786761,
              22.537151
            ],
            [
              75.789031,
              22.538254
            ],
            [
              75.790304,
              22.537155
            ],
            [
              75.790558,
              22.532882
            ],
            [
              75.792031,
              22.530478
            ],
            [
              75.793403,
              22.530882
            ],
            [
              75.791539,
              22.533882
            ],
            [
              75.791742,
              22.53617
            ],
            [
              75.795399,
              22.53425
            ],
            [
              75.795649,
              22.532882
            ],
            [
              75.794719,
              22.531882
            ],
            [
              75.795031,
              22.527822
            ],
            [
              75.796627,
              22.533285
            ],
            [
              75.799508,
              22.533359
            ],
            [
              75.80066,
              22.532511
            ],
            [
              75.801031,
              22.530911
            ],
            [
              75.801371,
              22.532541
            ],
            [
              75.802935,
              22.532786
            ],
            [
              75.803031,
              22.532302
            ],
            [
              75.803109,
              22.532803
            ],
            [
              75.802268,
              22.533119
            ],
            [
              75.802031,
              22.534606
            ],
            [
              75.801751,
              22.533161
            ],
            [
              75.800504,
              22.533355
            ],
            [
              75.799031,
              22.536149
            ],
            [
              75.798031,
              22.535203
            ],
            [
              75.797031,
              22.535303
            ],
            [
              75.796298,
              22.537149
            ],
            [
              75.794031,
              22.536402
            ],
            [
              75.790765,
              22.538616
            ],
            [
              75.790756,
              22.540156
            ],
            [
              75.793511,
              22.543362
            ],
            [
              75.791673,
              22.543239
            ],
            [
              75.79031,
              22.541602
            ],
            [
              75.788031,
              22.540528
            ],
            [
              75.787473,
              22.542324
            ],
            [
              75.784827,
              22.542678
            ],
            [
              75.784831,
              22.544081
            ],
            [
              75.786031,
              22.545157
            ],
            [
              75.787503,
              22.544409
            ],
            [
              75.787747,
              22.545882
            ],
            [
              75.787031,
              22.546598
            ],
            [
              75.785031,
              22.546615
            ],
            [
              75.784031,
              22.547623
            ],
            [
              75.781869,
              22.54772
            ],
            [
              75.782864,
              22.552048
            ],
            [
              75.786206,
              22.552057
            ],
            [
              75.787573,
              22.547424
            ],
            [
              75.790031,
              22.548191
            ],
            [
              75.789617,
              22.546468
            ],
            [
              75.793031,
              22.54623
            ],
            [
              75.794031,
              22.545255
            ],
            [
              75.795316,
              22.545167
            ],
            [
              75.795408,
              22.544504
            ],
            [
              75.793724,
              22.544188
            ],
            [
              75.793553,
              22.543404
            ],
            [
              75.797435,
              22.543286
            ],
            [
              75.798031,
              22.5397
            ],
            [
              75.799031,
              22.542562
            ],
            [
              75.800542,
              22.542393
            ],
            [
              75.802031,
              22.540828
            ],
            [
              75.803386,
              22.540882
            ],
            [
              75.802151,
              22.541002
            ],
            [
              75.801186,
              22.543037
            ],
            [
              75.797478,
              22.544882
            ],
            [
              75.798732,
              22.54718
            ],
            [
              75.800031,
              22.546368
            ],
            [
              75.801534,
              22.546882
            ],
            [
              75.801357,
              22.548208
            ],
            [
              75.799738,
              22.548589
            ],
            [
              75.800031,
              22.550266
            ],
            [
              75.801031,
              22.549301
            ],
            [
              75.804031,
              22.549344
            ],
            [
              75.806694,
              22.547882
            ],
            [
              75.805241,
              22.543092
            ],
            [
              75.806031,
              22.543037
            ],
            [
              75.806239,
              22.544882
            ],
            [
              75.808031,
              22.54749
            ],
            [
              75.812673,
              22.547524
            ],
            [
              75.813031,
              22.54563
            ],
            [
              75.813278,
              22.546634
            ],
            [
              75.815145,
              22.546882
            ],
            [
              75.814189,
              22.54704
            ],
            [
              75.814031,
              22.548706
            ],
            [
              75.813897,
              22.548015
            ],
            [
              75.810031,
              22.548229
            ],
            [
              75.809031,
              22.549273
            ],
            [
              75.806031,
              22.549374
            ],
            [
              75.805031,
              22.550395
            ],
            [
              75.802031,
              22.550457
            ],
            [
              75.80064,
              22.551882
            ],
            [
              75.805621,
              22.558291
            ],
            [
              75.807234,
              22.558678
            ],
            [
              75.808434,
              22.560478
            ],
            [
              75.810073,
              22.560839
            ],
            [
              75.810245,
              22.561882
            ],
            [
              75.80918,
              22.562031
            ],
            [
              75.809031,
              22.562753
            ],
            [
              75.808724,
              22.561188
            ],
            [
              75.807542,
              22.56037
            ],
            [
              75.803968,
              22.559944
            ],
            [
              75.804655,
              22.558882
            ],
            [
              75.803031,
              22.557363
            ],
            [
              75.802469,
              22.557882
            ],
            [
              75.803051,
              22.558902
            ],
            [
              75.802367,
              22.559218
            ],
            [
              75.798877,
              22.559035
            ],
            [
              75.798913,
              22.557764
            ],
            [
              75.800031,
              22.558605
            ],
            [
              75.800633,
              22.557882
            ],
            [
              75.800399,
              22.556513
            ],
            [
              75.798602,
              22.554882
            ],
            [
              75.800462,
              22.553882
            ],
            [
              75.799031,
              22.552499
            ],
            [
              75.795031,
              22.552564
            ],
            [
              75.794031,
              22.553572
            ],
            [
              75.791031,
              22.553601
            ],
            [
              75.790031,
              22.554609
            ],
            [
              75.788031,
              22.554625
            ],
            [
              75.78587,
              22.555721
            ],
            [
              75.789031,
              22.556156
            ],
            [
              75.791502,
              22.55741
            ],
            [
              75.791031,
              22.558589
            ],
            [
              75.786031,
              22.557628
            ],
            [
              75.785278,
              22.556634
            ],
            [
              75.782805,
              22.556882
            ],
            [
              75.782871,
              22.558041
            ],
            [
              75.78477,
              22.559882
            ],
            [
              75.782771,
              22.560882
            ],
            [
              75.785493,
              22.563419
            ],
            [
              75.785662,
              22.56525
            ],
            [
              75.792031,
              22.561578
            ],
            [
              75.794777,
              22.561628
            ],
            [
              75.794967,
              22.560818
            ],
            [
              75.796244,
              22.560882
            ],
            [
              75.795213,
              22.561064
            ],
            [
              75.795148,
              22.561882
            ],
            [
              75.79527,
              22.562642
            ],
            [
              75.796525,
              22.562882
            ],
            [
              75.791031,
              22.563257
            ],
            [
              75.788677,
              22.564528
            ],
            [
              75.786594,
              22.566882
            ],
            [
              75.786768,
              22.569145
            ],
            [
              75.793031,
              22.569419
            ],
            [
              75.795031,
              22.568527
            ],
            [
              75.796031,
              22.569535
            ],
            [
              75.80115,
              22.569882
            ],
            [
              75.79463,
              22.570481
            ],
            [
              75.793031,
              22.574417
            ],
            [
              75.792411,
              22.572882
            ],
            [
              75.793651,
              22.570882
            ],
            [
              75.793031,
              22.570344
            ],
            [
              75.791031,
              22.570395
            ],
            [
              75.789031,
              22.571421
            ],
            [
              75.788031,
              22.570459
            ],
            [
              75.784031,
              22.570514
            ],
            [
              75.783031,
              22.569537
            ],
            [
              75.780031,
              22.569576
            ],
            [
              75.778761,
              22.571882
            ],
            [
              75.77885,
              22.573062
            ],
            [
              75.780499,
              22.573413
            ],
            [
              75.780726,
              22.574186
            ],
            [
              75.78347,
              22.574442
            ],
            [
              75.782701,
              22.575882
            ],
            [
              75.784031,
              22.577242
            ],
            [
              75.785303,
              22.577154
            ],
            [
              75.786031,
              22.574363
            ],
            [
              75.786733,
              22.576179
            ],
            [
              75.789031,
              22.576675
            ],
            [
              75.789967,
              22.574818
            ],
            [
              75.791031,
              22.574691
            ],
            [
              75.791228,
              22.574882
            ],
            [
              75.790225,
              22.575076
            ],
            [
              75.790583,
              22.578329
            ],
            [
              75.794009,
              22.578882
            ],
            [
              75.793149,
              22.579882
            ],
            [
              75.793183,
              22.580729
            ],
            [
              75.794065,
              22.580882
            ],
            [
              75.792387,
              22.582238
            ],
            [
              75.792576,
              22.584336
            ],
            [
              75.797031,
              22.584759
            ],
            [
              75.797021,
              22.584891
            ],
            [
              75.79625,
              22.585101
            ],
            [
              75.796031,
              22.586932
            ],
            [
              75.79576,
              22.585152
            ],
            [
              75.794512,
              22.585363
            ],
            [
              75.794181,
              22.588032
            ],
            [
              75.793232,
              22.588083
            ],
            [
              75.793031,
              22.589353
            ],
            [
              75.792932,
              22.587882
            ],
            [
              75.793796,
              22.586882
            ],
            [
              75.793031,
              22.58619
            ],
            [
              75.788031,
              22.587317
            ],
            [
              75.786031,
              22.585404
            ],
            [
              75.784734,
              22.587585
            ],
            [
              75.784568,
              22.589345
            ],
            [
              75.787031,
              22.591461
            ],
            [
              75.790031,
              22.591613
            ],
            [
              75.791031,
              22.590697
            ],
            [
              75.793031,
              22.590383
            ],
            [
              75.793067,
              22.590918
            ],
            [
              75.792276,
              22.591127
            ],
            [
              75.792101,
              22.592952
            ],
            [
              75.791115,
              22.593966
            ],
            [
              75.78833,
              22.594882
            ],
            [
              75.789225,
              22.595882
            ],
            [
              75.788468,
              22.597444
            ],
            [
              75.789703,
              22.597882
            ],
            [
              75.790031,
              22.599138
            ]
          ]
        ],
        "type": "Polygon"
      },
      "type": "Feature"
    }
  ]
}