{
  "type": "FeatureCollection",
  "metadata": {
    "provider_name": "KGN Xprs",
    "center_lat": 18.75507167,
    "center_lon": 73.85587011,
    "mode": "motorcycle",
    "total_zones": 4,
    "distance_zones": [
      3,
      4,
      5,
      6
    ],
    "generated_at": "2025-12-24T08:47:33.488777Z"
  },
  "features": [
    {
      "properties": {
        "fill-opacity": 0.33,
        "fillColor": "#bf4040",
        "opacity": 0.33,
        "fill": "#bf4040",
        "fillOpacity": 0.33,
        "color": "#bf4040",
        "contour": 3.0,
        "metric": "distance",
        "provider_name": "KGN Xprs",
        "zone_type": "distance",
        "distance_km": 3,
        "mode": "motorcycle",
        "center_lat": 18.75507167,
        "center_lon": 73.85587011,
        "label": "3km"
      },
      "geometry": {
        "coordinates": [
          [
            [
              73.86087,
              18.77645
            ],
            [
              73.861587,
              18.773071
            ],
            [
              73.860546,
              18.772071
            ],
            [
              73.862398,
              18.769071
            ],
            [
              73.861454,
              18.768071
            ],
            [
              73.86087,
              18.764687
            ],
            [
              73.86042,
              18.767071
            ],
            [
              73.85887,
              18.769538
            ],
            [
              73.85787,
              18.768569
            ],
            [
              73.85687,
              18.769504
            ],
            [
              73.856216,
              18.767725
            ],
            [
              73.854508,
              18.76771
            ],
            [
              73.854209,
              18.770071
            ],
            [
              73.855144,
              18.771071
            ],
            [
              73.85487,
              18.7723
            ],
            [
              73.85287,
              18.769413
            ],
            [
              73.851043,
              18.771071
            ],
            [
              73.85087,
              18.772935
            ],
            [
              73.849612,
              18.772071
            ],
            [
              73.849483,
              18.770458
            ],
            [
              73.848109,
              18.770311
            ],
            [
              73.84787,
              18.771424
            ],
            [
              73.84687,
              18.770225
            ],
            [
              73.848781,
              18.767071
            ],
            [
              73.849266,
              18.768674
            ],
            [
              73.85087,
              18.76875
            ],
            [
              73.85162,
              18.767821
            ],
            [
              73.855203,
              18.766404
            ],
            [
              73.856325,
              18.765071
            ],
            [
              73.855393,
              18.764071
            ],
            [
              73.855557,
              18.762759
            ],
            [
              73.85787,
              18.764499
            ],
            [
              73.860121,
              18.763322
            ],
            [
              73.85687,
              18.758748
            ],
            [
              73.85587,
              18.759734
            ],
            [
              73.85387,
              18.759722
            ],
            [
              73.852063,
              18.757878
            ],
            [
              73.848661,
              18.756862
            ],
            [
              73.848535,
              18.758071
            ],
            [
              73.850409,
              18.761071
            ],
            [
              73.850412,
              18.763071
            ],
            [
              73.84687,
              18.763703
            ],
            [
              73.845117,
              18.758824
            ],
            [
              73.843468,
              18.758669
            ],
            [
              73.84325,
              18.759452
            ],
            [
              73.84187,
              18.759648
            ],
            [
              73.84087,
              18.758658
            ],
            [
              73.83787,
              18.758598
            ],
            [
              73.837202,
              18.762071
            ],
            [
              73.838102,
              18.763071
            ],
            [
              73.835893,
              18.765095
            ],
            [
              73.835683,
              18.764258
            ],
            [
              73.83387,
              18.763978
            ],
            [
              73.83346,
              18.762481
            ],
            [
              73.832097,
              18.762299
            ],
            [
              73.83187,
              18.763467
            ],
            [
              73.831667,
              18.762274
            ],
            [
              73.829447,
              18.762071
            ],
            [
              73.832362,
              18.760563
            ],
            [
              73.832324,
              18.759617
            ],
            [
              73.827942,
              18.759144
            ],
            [
              73.827788,
              18.760071
            ],
            [
              73.827847,
              18.759049
            ],
            [
              73.828654,
              18.758855
            ],
            [
              73.82887,
              18.757363
            ],
            [
              73.830284,
              18.758657
            ],
            [
              73.83187,
              18.758764
            ],
            [
              73.832733,
              18.755935
            ],
            [
              73.83387,
              18.756718
            ],
            [
              73.836241,
              18.756443
            ],
            [
              73.836327,
              18.754614
            ],
            [
              73.833719,
              18.753071
            ],
            [
              73.834677,
              18.752071
            ],
            [
              73.834674,
              18.751267
            ],
            [
              73.833894,
              18.751071
            ],
            [
              73.834843,
              18.751044
            ],
            [
              73.834876,
              18.750071
            ],
            [
              73.83587,
              18.749419
            ],
            [
              73.83987,
              18.749618
            ],
            [
              73.84087,
              18.747546
            ],
            [
              73.84387,
              18.747482
            ],
            [
              73.84487,
              18.748461
            ],
            [
              73.845477,
              18.746678
            ],
            [
              73.84687,
              18.745501
            ],
            [
              73.848608,
              18.748333
            ],
            [
              73.851201,
              18.748403
            ],
            [
              73.851614,
              18.747071
            ],
            [
              73.850721,
              18.746071
            ],
            [
              73.85087,
              18.744154
            ],
            [
              73.852397,
              18.747544
            ],
            [
              73.85587,
              18.748664
            ],
            [
              73.85687,
              18.746791
            ],
            [
              73.85887,
              18.747971
            ],
            [
              73.859172,
              18.744769
            ],
            [
              73.85787,
              18.743448
            ],
            [
              73.856627,
              18.743314
            ],
            [
              73.856277,
              18.741663
            ],
            [
              73.853104,
              18.742306
            ],
            [
              73.852783,
              18.743071
            ],
            [
              73.85287,
              18.741828
            ],
            [
              73.85427,
              18.741071
            ],
            [
              73.853444,
              18.738071
            ],
            [
              73.854165,
              18.736071
            ],
            [
              73.856088,
              18.736853
            ],
            [
              73.856435,
              18.739506
            ],
            [
              73.857439,
              18.739071
            ],
            [
              73.857385,
              18.737071
            ],
            [
              73.856563,
              18.736378
            ],
            [
              73.856748,
              18.732193
            ],
            [
              73.856229,
              18.732071
            ],
            [
              73.85687,
              18.731761
            ],
            [
              73.857087,
              18.734071
            ],
            [
              73.85787,
              18.734808
            ],
            [
              73.85887,
              18.732855
            ],
            [
              73.860071,
              18.733071
            ],
            [
              73.859202,
              18.735404
            ],
            [
              73.858201,
              18.736071
            ],
            [
              73.858458,
              18.737482
            ],
            [
              73.860292,
              18.737493
            ],
            [
              73.85987,
              18.735565
            ],
            [
              73.86087,
              18.735554
            ],
            [
              73.86187,
              18.736789
            ],
            [
              73.86282,
              18.735021
            ],
            [
              73.863744,
              18.735071
            ],
            [
              73.862967,
              18.735169
            ],
            [
              73.863394,
              18.738547
            ],
            [
              73.864461,
              18.738663
            ],
            [
              73.86487,
              18.736782
            ],
            [
              73.86687,
              18.738488
            ],
            [
              73.86687,
              18.739693
            ],
            [
              73.86487,
              18.741129
            ],
            [
              73.86447,
              18.739471
            ],
            [
              73.86287,
              18.739393
            ],
            [
              73.862172,
              18.740071
            ],
            [
              73.862383,
              18.742071
            ],
            [
              73.86387,
              18.743549
            ],
            [
              73.86687,
              18.742363
            ],
            [
              73.867552,
              18.746389
            ],
            [
              73.868351,
              18.746071
            ],
            [
              73.86867,
              18.741872
            ],
            [
              73.870298,
              18.741499
            ],
            [
              73.871593,
              18.740071
            ],
            [
              73.871576,
              18.738365
            ],
            [
              73.870285,
              18.738071
            ],
            [
              73.87162,
              18.737821
            ],
            [
              73.87187,
              18.736619
            ],
            [
              73.874019,
              18.738071
            ],
            [
              73.872179,
              18.738381
            ],
            [
              73.87208,
              18.739071
            ],
            [
              73.872413,
              18.741528
            ],
            [
              73.874091,
              18.741071
            ],
            [
              73.873412,
              18.745529
            ],
            [
              73.87487,
              18.745709
            ],
            [
              73.87587,
              18.744793
            ],
            [
              73.87787,
              18.744614
            ],
            [
              73.87887,
              18.746354
            ],
            [
              73.87987,
              18.744725
            ],
            [
              73.882374,
              18.746071
            ],
            [
              73.880176,
              18.750071
            ],
            [
              73.878259,
              18.75046
            ],
            [
              73.87787,
              18.752799
            ],
            [
              73.87687,
              18.753987
            ],
            [
              73.87587,
              18.753162
            ],
            [
              73.87479,
              18.754151
            ],
            [
              73.874593,
              18.752071
            ],
            [
              73.873415,
              18.751617
            ],
            [
              73.871168,
              18.753369
            ],
            [
              73.870212,
              18.757414
            ],
            [
              73.86887,
              18.756624
            ],
            [
              73.8676,
              18.757801
            ],
            [
              73.868444,
              18.759071
            ],
            [
              73.8673,
              18.760071
            ],
            [
              73.869123,
              18.760818
            ],
            [
              73.869464,
              18.763477
            ],
            [
              73.87087,
              18.763741
            ],
            [
              73.87187,
              18.762853
            ],
            [
              73.87525,
              18.763071
            ],
            [
              73.873244,
              18.763446
            ],
            [
              73.873062,
              18.764071
            ],
            [
              73.873172,
              18.764769
            ],
            [
              73.8748,
              18.765071
            ],
            [
              73.86887,
              18.765463
            ],
            [
              73.86749,
              18.764691
            ],
            [
              73.866359,
              18.768561
            ],
            [
              73.86487,
              18.769554
            ],
            [
              73.86353,
              18.768731
            ],
            [
              73.862206,
              18.772071
            ],
            [
              73.863921,
              18.773071
            ],
            [
              73.863602,
              18.774071
            ],
            [
              73.86087,
              18.77645
            ]
          ]
        ],
        "type": "Polygon"
      },
      "type": "Feature"
    },
    {
      "properties": {
        "fill-opacity": 0.33,
        "fillColor": "#bf4040",
        "opacity": 0.33,
        "fill": "#bf4040",
        "fillOpacity": 0.33,
        "color": "#bf4040",
        "contour": 4.0,
        "metric": "distance",
        "provider_name": "KGN Xprs",
        "zone_type": "distance",
        "distance_km": 4,
        "mode": "motorcycle",
        "center_lat": 18.75507167,
        "center_lon": 73.85587011,
        "label": "4km"
      },
      "geometry": {
        "coordinates": [
          [
            [
              73.87287,
              18.784129
            ],
            [
              73.87187,
              18.784375
            ],
            [
              73.871947,
              18.783994
            ],
            [
              73.872743,
              18.783945
            ],
            [
              73.872505,
              18.782436
            ],
            [
              73.870256,
              18.782071
            ],
            [
              73.871136,
              18.780071
            ],
            [
              73.870241,
              18.7777
            ],
            [
              73.86787,
              18.777422
            ],
            [
              73.86687,
              18.778315
            ],
            [
              73.86378,
              18.77816
            ],
            [
              73.86387,
              18.777999
            ],
            [
              73.86587,
              18.777843
            ],
            [
              73.86666,
              18.776862
            ],
            [
              73.869368,
              18.776071
            ],
            [
              73.866159,
              18.768782
            ],
            [
              73.86487,
              18.76973
            ],
            [
              73.863645,
              18.768846
            ],
            [
              73.862492,
              18.771071
            ],
            [
              73.862585,
              18.772356
            ],
            [
              73.865284,
              18.773071
            ],
            [
              73.864165,
              18.775367
            ],
            [
              73.86138,
              18.776071
            ],
            [
              73.861479,
              18.778462
            ],
            [
              73.863161,
              18.77878
            ],
            [
              73.863091,
              18.779292
            ],
            [
              73.860463,
              18.779071
            ],
            [
              73.860353,
              18.775071
            ],
            [
              73.861287,
              18.773071
            ],
            [
              73.860273,
              18.772071
            ],
            [
              73.862215,
              18.769071
            ],
            [
              73.86087,
              18.764794
            ],
            [
              73.859305,
              18.769506
            ],
            [
              73.85787,
              18.768737
            ],
            [
              73.85687,
              18.769709
            ],
            [
              73.856098,
              18.767843
            ],
            [
              73.854635,
              18.767837
            ],
            [
              73.855246,
              18.772448
            ],
            [
              73.85348,
              18.771461
            ],
            [
              73.852601,
              18.769803
            ],
            [
              73.851417,
              18.771071
            ],
            [
              73.851129,
              18.77633
            ],
            [
              73.850481,
              18.776071
            ],
            [
              73.850219,
              18.773722
            ],
            [
              73.849508,
              18.773709
            ],
            [
              73.847412,
              18.775614
            ],
            [
              73.847018,
              18.778071
            ],
            [
              73.845946,
              18.778148
            ],
            [
              73.84587,
              18.779454
            ],
            [
              73.845279,
              18.773662
            ],
            [
              73.8424,
              18.773602
            ],
            [
              73.841281,
              18.774482
            ],
            [
              73.840897,
              18.776098
            ],
            [
              73.839507,
              18.776071
            ],
            [
              73.83987,
              18.771586
            ],
            [
              73.84087,
              18.770695
            ],
            [
              73.84187,
              18.770989
            ],
            [
              73.843033,
              18.767234
            ],
            [
              73.843922,
              18.767019
            ],
            [
              73.845487,
              18.770454
            ],
            [
              73.846369,
              18.770071
            ],
            [
              73.845458,
              18.768071
            ],
            [
              73.846158,
              18.761071
            ],
            [
              73.84505,
              18.758891
            ],
            [
              73.843583,
              18.758784
            ],
            [
              73.843336,
              18.759538
            ],
            [
              73.84187,
              18.759774
            ],
            [
              73.84087,
              18.758779
            ],
            [
              73.837648,
              18.75885
            ],
            [
              73.837469,
              18.762071
            ],
            [
              73.838436,
              18.763071
            ],
            [
              73.837357,
              18.765071
            ],
            [
              73.838264,
              18.767071
            ],
            [
              73.83687,
              18.767491
            ],
            [
              73.83487,
              18.764587
            ],
            [
              73.83387,
              18.767446
            ],
            [
              73.83187,
              18.76736
            ],
            [
              73.83087,
              18.766436
            ],
            [
              73.82987,
              18.767347
            ],
            [
              73.827481,
              18.766682
            ],
            [
              73.82587,
              18.76747
            ],
            [
              73.8249,
              18.766071
            ],
            [
              73.825601,
              18.765803
            ],
            [
              73.82539,
              18.76455
            ],
            [
              73.824103,
              18.764071
            ],
            [
              73.825541,
              18.763071
            ],
            [
              73.824599,
              18.762342
            ],
            [
              73.824282,
              18.760659
            ],
            [
              73.823065,
              18.761071
            ],
            [
              73.822917,
              18.763024
            ],
            [
              73.82368,
              18.763071
            ],
            [
              73.822696,
              18.763071
            ],
            [
              73.820542,
              18.759399
            ],
            [
              73.818512,
              18.759071
            ],
            [
              73.821408,
              18.75861
            ],
            [
              73.821947,
              18.755994
            ],
            [
              73.82238,
              18.758561
            ],
            [
              73.82387,
              18.759704
            ],
            [
              73.825251,
              18.759453
            ],
            [
              73.825421,
              18.755519
            ],
            [
              73.823365,
              18.755071
            ],
            [
              73.826058,
              18.754883
            ],
            [
              73.826294,
              18.759071
            ],
            [
              73.82687,
              18.759592
            ],
            [
              73.828355,
              18.758071
            ],
            [
              73.827432,
              18.756071
            ],
            [
              73.828514,
              18.754715
            ],
            [
              73.829302,
              18.755071
            ],
            [
              73.829549,
              18.757392
            ],
            [
              73.83087,
              18.758495
            ],
            [
              73.832136,
              18.758338
            ],
            [
              73.83287,
              18.755514
            ],
            [
              73.83387,
              18.756464
            ],
            [
              73.836108,
              18.75631
            ],
            [
              73.836141,
              18.7548
            ],
            [
              73.833329,
              18.753071
            ],
            [
              73.834316,
              18.752071
            ],
            [
              73.83387,
              18.751571
            ],
            [
              73.83187,
              18.751506
            ],
            [
              73.83087,
              18.752446
            ],
            [
              73.829418,
              18.751619
            ],
            [
              73.829018,
              18.75322
            ],
            [
              73.82809,
              18.753292
            ],
            [
              73.827879,
              18.754081
            ],
            [
              73.82687,
              18.753133
            ],
            [
              73.82878,
              18.750982
            ],
            [
              73.83459,
              18.750791
            ],
            [
              73.835662,
              18.749071
            ],
            [
              73.834564,
              18.746071
            ],
            [
              73.83487,
              18.742196
            ],
            [
              73.835026,
              18.742915
            ],
            [
              73.836685,
              18.743256
            ],
            [
              73.83657,
              18.749371
            ],
            [
              73.83987,
              18.749425
            ],
            [
              73.84087,
              18.747393
            ],
            [
              73.84387,
              18.747362
            ],
            [
              73.84487,
              18.748352
            ],
            [
              73.845397,
              18.746599
            ],
            [
              73.84687,
              18.745372
            ],
            [
              73.848681,
              18.748259
            ],
            [
              73.851091,
              18.748293
            ],
            [
              73.851296,
              18.747071
            ],
            [
              73.850202,
              18.744739
            ],
            [
              73.847688,
              18.742071
            ],
            [
              73.847818,
              18.73802
            ],
            [
              73.848166,
              18.741071
            ],
            [
              73.84887,
              18.741703
            ],
            [
              73.850092,
              18.740849
            ],
            [
              73.85033,
              18.743071
            ],
            [
              73.85363,
              18.748311
            ],
            [
              73.856126,
              18.748327
            ],
            [
              73.85687,
              18.74649
            ],
            [
              73.85887,
              18.747545
            ],
            [
              73.859078,
              18.744863
            ],
            [
              73.85787,
              18.743687
            ],
            [
              73.856462,
              18.743479
            ],
            [
              73.856123,
              18.741818
            ],
            [
              73.85287,
              18.743594
            ],
            [
              73.852487,
              18.741071
            ],
            [
              73.851532,
              18.740071
            ],
            [
              73.852106,
              18.732071
            ],
            [
              73.854555,
              18.730071
            ],
            [
              73.85287,
              18.729351
            ],
            [
              73.85187,
              18.730569
            ],
            [
              73.84927,
              18.730071
            ],
            [
              73.85427,
              18.728471
            ],
            [
              73.85365,
              18.724852
            ],
            [
              73.855873,
              18.725068
            ],
            [
              73.85987,
              18.727324
            ],
            [
              73.860375,
              18.726071
            ],
            [
              73.86187,
              18.725298
            ],
            [
              73.860197,
              18.729071
            ],
            [
              73.862155,
              18.730071
            ],
            [
              73.862067,
              18.731269
            ],
            [
              73.861096,
              18.732071
            ],
            [
              73.86187,
              18.732651
            ],
            [
              73.862944,
              18.731997
            ],
            [
              73.86351,
              18.734431
            ],
            [
              73.865187,
              18.734754
            ],
            [
              73.86587,
              18.735618
            ],
            [
              73.86887,
              18.735749
            ],
            [
              73.87087,
              18.737555
            ],
            [
              73.872421,
              18.735071
            ],
            [
              73.87162,
              18.731071
            ],
            [
              73.872923,
              18.729018
            ],
            [
              73.874057,
              18.730071
            ],
            [
              73.873187,
              18.732071
            ],
            [
              73.873487,
              18.734454
            ],
            [
              73.87487,
              18.735697
            ],
            [
              73.87587,
              18.734796
            ],
            [
              73.878066,
              18.735071
            ],
            [
              73.874689,
              18.737071
            ],
            [
              73.878942,
              18.739999
            ],
            [
              73.879154,
              18.742071
            ],
            [
              73.88087,
              18.744585
            ],
            [
              73.881433,
              18.744071
            ],
            [
              73.881694,
              18.739071
            ],
            [
              73.88168,
              18.738261
            ],
            [
              73.880948,
              18.738071
            ],
            [
              73.88187,
              18.737133
            ],
            [
              73.882157,
              18.738784
            ],
            [
              73.883344,
              18.739071
            ],
            [
              73.882207,
              18.739409
            ],
            [
              73.882417,
              18.741523
            ],
            [
              73.884043,
              18.741898
            ],
            [
              73.88543,
              18.743511
            ],
            [
              73.888555,
              18.742756
            ],
            [
              73.88887,
              18.741293
            ],
            [
              73.891214,
              18.743071
            ],
            [
              73.88987,
              18.744395
            ],
            [
              73.886431,
              18.744633
            ],
            [
              73.886469,
              18.746472
            ],
            [
              73.888096,
              18.748071
            ],
            [
              73.88687,
              18.749982
            ],
            [
              73.886413,
              18.747528
            ],
            [
              73.883506,
              18.747707
            ],
            [
              73.883177,
              18.752071
            ],
            [
              73.882209,
              18.753071
            ],
            [
              73.882032,
              18.755233
            ],
            [
              73.880518,
              18.753071
            ],
            [
              73.880221,
              18.75072
            ],
            [
              73.878568,
              18.75077
            ],
            [
              73.878389,
              18.752071
            ],
            [
              73.879342,
              18.753071
            ],
            [
              73.879291,
              18.755071
            ],
            [
              73.880887,
              18.759089
            ],
            [
              73.87787,
              18.758393
            ],
            [
              73.876612,
              18.757329
            ],
            [
              73.876373,
              18.754071
            ],
            [
              73.87587,
              18.753595
            ],
            [
              73.874515,
              18.754426
            ],
            [
              73.87387,
              18.751681
            ],
            [
              73.870623,
              18.754825
            ],
            [
              73.870318,
              18.75752
            ],
            [
              73.86887,
              18.756762
            ],
            [
              73.867587,
              18.758071
            ],
            [
              73.868571,
              18.759071
            ],
            [
              73.867507,
              18.760071
            ],
            [
              73.869281,
              18.76066
            ],
            [
              73.86987,
              18.763455
            ],
            [
              73.87187,
              18.76251
            ],
            [
              73.87687,
              18.76263
            ],
            [
              73.87787,
              18.761715
            ],
            [
              73.87887,
              18.763687
            ],
            [
              73.882534,
              18.763735
            ],
            [
              73.88287,
              18.762473
            ],
            [
              73.884409,
              18.763071
            ],
            [
              73.88387,
              18.764136
            ],
            [
              73.87887,
              18.764456
            ],
            [
              73.878254,
              18.765071
            ],
            [
              73.878421,
              18.76652
            ],
            [
              73.880099,
              18.768071
            ],
            [
              73.880178,
              18.769763
            ],
            [
              73.88187,
              18.770042
            ],
            [
              73.88187,
              18.770138
            ],
            [
              73.881667,
              18.770869
            ],
            [
              73.881051,
              18.771252
            ],
            [
              73.880664,
              18.770277
            ],
            [
              73.87987,
              18.770216
            ],
            [
              73.878137,
              18.770339
            ],
            [
              73.87787,
              18.771118
            ],
            [
              73.87743,
              18.769511
            ],
            [
              73.875773,
              18.769168
            ],
            [
              73.877535,
              18.768071
            ],
            [
              73.875591,
              18.76735
            ],
            [
              73.875391,
              18.765592
            ],
            [
              73.876454,
              18.765071
            ],
            [
              73.875213,
              18.763728
            ],
            [
              73.873423,
              18.764071
            ],
            [
              73.87535,
              18.764591
            ],
            [
              73.875351,
              18.765553
            ],
            [
              73.86887,
              18.765693
            ],
            [
              73.86787,
              18.764714
            ],
            [
              73.867477,
              18.765071
            ],
            [
              73.866523,
              18.767071
            ],
            [
              73.86687,
              18.768025
            ],
            [
              73.867753,
              18.768187
            ],
            [
              73.86787,
              18.769214
            ],
            [
              73.86887,
              18.769676
            ],
            [
              73.86987,
              18.769129
            ],
            [
              73.871004,
              18.770071
            ],
            [
              73.869211,
              18.770413
            ],
            [
              73.869575,
              18.773366
            ],
            [
              73.87487,
              18.771879
            ],
            [
              73.875034,
              18.774071
            ],
            [
              73.876149,
              18.775071
            ],
            [
              73.876013,
              18.776215
            ],
            [
              73.87387,
              18.77545
            ],
            [
              73.873121,
              18.777322
            ],
            [
              73.871301,
              18.778071
            ],
            [
              73.873187,
              18.782071
            ],
            [
              73.87287,
              18.784129
            ]
          ]
        ],
        "type": "Polygon"
      },
      "type": "Feature"
    },
    {
      "properties": {
        "fill-opacity": 0.33,
        "fillColor": "#bf4040",
        "opacity": 0.33,
        "fill": "#bf4040",
        "fillOpacity": 0.33,
        "color": "#bf4040",
        "contour": 5.0,
        "metric": "distance",
        "provider_name": "KGN Xprs",
        "zone_type": "distance",
        "distance_km": 5,
        "mode": "motorcycle",
        "center_lat": 18.75507167,
        "center_lon": 73.85587011,
        "label": "5km"
      },
      "geometry": {
        "coordinates": [
          [
            [
              73.87887,
              18.788149
            ],
            [
              73.876702,
              18.788239
            ],
            [
              73.875276,
              18.785665
            ],
            [
              73.87287,
              18.784586
            ],
            [
              73.870385,
              18.786556
            ],
            [
              73.870565,
              18.784767
            ],
            [
              73.872329,
              18.783071
            ],
            [
              73.87187,
              18.782612
            ],
            [
              73.86887,
              18.782521
            ],
            [
              73.867646,
              18.784295
            ],
            [
              73.867447,
              18.782071
            ],
            [
              73.869224,
              18.781425
            ],
            [
              73.870192,
              18.779394
            ],
            [
              73.86987,
              18.777709
            ],
            [
              73.86787,
              18.777678
            ],
            [
              73.86687,
              18.778641
            ],
            [
              73.863432,
              18.778634
            ],
            [
              73.86287,
              18.779671
            ],
            [
              73.860486,
              18.779455
            ],
            [
              73.860198,
              18.776071
            ],
            [
              73.861191,
              18.775393
            ],
            [
              73.861164,
              18.773071
            ],
            [
              73.860157,
              18.772071
            ],
            [
              73.862126,
              18.769071
            ],
            [
              73.86087,
              18.764854
            ],
            [
              73.860633,
              18.767071
            ],
            [
              73.85887,
              18.769813
            ],
            [
              73.85787,
              18.768821
            ],
            [
              73.85687,
              18.769806
            ],
            [
              73.85604,
              18.767901
            ],
            [
              73.854696,
              18.767898
            ],
            [
              73.855334,
              18.772536
            ],
            [
              73.853399,
              18.771542
            ],
            [
              73.85287,
              18.769787
            ],
            [
              73.851669,
              18.77087
            ],
            [
              73.851283,
              18.776485
            ],
            [
              73.850456,
              18.776485
            ],
            [
              73.85022,
              18.774071
            ],
            [
              73.849635,
              18.773837
            ],
            [
              73.847597,
              18.775798
            ],
            [
              73.84741,
              18.778071
            ],
            [
              73.846405,
              18.778607
            ],
            [
              73.846719,
              18.780071
            ],
            [
              73.84587,
              18.780889
            ],
            [
              73.84387,
              18.781083
            ],
            [
              73.84287,
              18.782201
            ],
            [
              73.84248,
              18.780461
            ],
            [
              73.841353,
              18.779587
            ],
            [
              73.83687,
              18.779215
            ],
            [
              73.835341,
              18.779542
            ],
            [
              73.833745,
              18.781196
            ],
            [
              73.833083,
              18.781071
            ],
            [
              73.833714,
              18.780916
            ],
            [
              73.833618,
              18.779071
            ],
            [
              73.832626,
              18.777827
            ],
            [
              73.83587,
              18.777708
            ],
            [
              73.836458,
              18.777071
            ],
            [
              73.835635,
              18.775837
            ],
            [
              73.83687,
              18.775709
            ],
            [
              73.83787,
              18.776625
            ],
            [
              73.839348,
              18.775071
            ],
            [
              73.839206,
              18.773735
            ],
            [
              73.837435,
              18.772071
            ],
            [
              73.838467,
              18.770071
            ],
            [
              73.838355,
              18.767586
            ],
            [
              73.836448,
              18.767493
            ],
            [
              73.836097,
              18.765844
            ],
            [
              73.83487,
              18.764745
            ],
            [
              73.83387,
              18.767687
            ],
            [
              73.83187,
              18.767655
            ],
            [
              73.83087,
              18.766683
            ],
            [
              73.82987,
              18.767651
            ],
            [
              73.827517,
              18.767718
            ],
            [
              73.827493,
              18.768448
            ],
            [
              73.82923,
              18.769071
            ],
            [
              73.827484,
              18.769685
            ],
            [
              73.82745,
              18.770491
            ],
            [
              73.830722,
              18.770923
            ],
            [
              73.830888,
              18.770071
            ],
            [
              73.830932,
              18.771134
            ],
            [
              73.830059,
              18.772071
            ],
            [
              73.83107,
              18.773071
            ],
            [
              73.82987,
              18.775274
            ],
            [
              73.827658,
              18.773283
            ],
            [
              73.827314,
              18.771627
            ],
            [
              73.823765,
              18.772176
            ],
            [
              73.824266,
              18.770675
            ],
            [
              73.822596,
              18.770345
            ],
            [
              73.820354,
              18.767587
            ],
            [
              73.819237,
              18.767439
            ],
            [
              73.81887,
              18.768624
            ],
            [
              73.81697,
              18.768071
            ],
            [
              73.8186,
              18.767802
            ],
            [
              73.818753,
              18.766954
            ],
            [
              73.820564,
              18.766071
            ],
            [
              73.817398,
              18.765071
            ],
            [
              73.817349,
              18.760592
            ],
            [
              73.814722,
              18.760219
            ],
            [
              73.81547,
              18.759071
            ],
            [
              73.814301,
              18.75764
            ],
            [
              73.81187,
              18.756269
            ],
            [
              73.810797,
              18.757144
            ],
            [
              73.80975,
              18.756071
            ],
            [
              73.81156,
              18.755761
            ],
            [
              73.81287,
              18.753981
            ],
            [
              73.813386,
              18.756555
            ],
            [
              73.81587,
              18.757652
            ],
            [
              73.81787,
              18.757612
            ],
            [
              73.81887,
              18.758562
            ],
            [
              73.82087,
              18.758519
            ],
            [
              73.821528,
              18.75573
            ],
            [
              73.82287,
              18.754585
            ],
            [
              73.826346,
              18.754548
            ],
            [
              73.826535,
              18.752737
            ],
            [
              73.828631,
              18.750833
            ],
            [
              73.834358,
              18.75056
            ],
            [
              73.835403,
              18.748071
            ],
            [
              73.834417,
              18.747071
            ],
            [
              73.83442,
              18.743071
            ],
            [
              73.83344,
              18.742071
            ],
            [
              73.83387,
              18.740637
            ],
            [
              73.835544,
              18.742397
            ],
            [
              73.838316,
              18.743071
            ],
            [
              73.836478,
              18.747071
            ],
            [
              73.836663,
              18.749278
            ],
            [
              73.83987,
              18.749332
            ],
            [
              73.840357,
              18.747558
            ],
            [
              73.84487,
              18.747297
            ],
            [
              73.84687,
              18.745302
            ],
            [
              73.84909,
              18.749291
            ],
            [
              73.849315,
              18.748517
            ],
            [
              73.851036,
              18.748237
            ],
            [
              73.851169,
              18.747071
            ],
            [
              73.850092,
              18.744849
            ],
            [
              73.847307,
              18.742071
            ],
            [
              73.84787,
              18.737386
            ],
            [
              73.848644,
              18.738071
            ],
            [
              73.848457,
              18.741071
            ],
            [
              73.84887,
              18.741459
            ],
            [
              73.850358,
              18.740582
            ],
            [
              73.850505,
              18.742071
            ],
            [
              73.852547,
              18.745071
            ],
            [
              73.852674,
              18.747267
            ],
            [
              73.85487,
              18.748343
            ],
            [
              73.856055,
              18.748256
            ],
            [
              73.85687,
              18.746366
            ],
            [
              73.85887,
              18.747393
            ],
            [
              73.859028,
              18.744913
            ],
            [
              73.85787,
              18.743794
            ],
            [
              73.85639,
              18.743551
            ],
            [
              73.856053,
              18.741888
            ],
            [
              73.852418,
              18.743522
            ],
            [
              73.852251,
              18.741071
            ],
            [
              73.851022,
              18.740071
            ],
            [
              73.85075,
              18.737071
            ],
            [
              73.848304,
              18.733637
            ],
            [
              73.845478,
              18.73368
            ],
            [
              73.844242,
              18.734444
            ],
            [
              73.844022,
              18.736071
            ],
            [
              73.84287,
              18.736209
            ],
            [
              73.843102,
              18.734071
            ],
            [
              73.8463,
              18.731502
            ],
            [
              73.846451,
              18.730071
            ],
            [
              73.84587,
              18.729416
            ],
            [
              73.843712,
              18.729229
            ],
            [
              73.843517,
              18.728424
            ],
            [
              73.84187,
              18.728406
            ],
            [
              73.841846,
              18.728048
            ],
            [
              73.842658,
              18.72786
            ],
            [
              73.84287,
              18.726551
            ],
            [
              73.84387,
              18.726312
            ],
            [
              73.84404,
              18.728071
            ],
            [
              73.84487,
              18.728776
            ],
            [
              73.847268,
              18.728469
            ],
            [
              73.848191,
              18.72675
            ],
            [
              73.848489,
              18.728452
            ],
            [
              73.84987,
              18.729559
            ],
            [
              73.852816,
              18.728018
            ],
            [
              73.852473,
              18.726468
            ],
            [
              73.84987,
              18.72698
            ],
            [
              73.84876,
              18.72618
            ],
            [
              73.850479,
              18.72568
            ],
            [
              73.850295,
              18.723646
            ],
            [
              73.84887,
              18.724337
            ],
            [
              73.845787,
              18.724071
            ],
            [
              73.84887,
              18.72182
            ],
            [
              73.84987,
              18.722724
            ],
            [
              73.851414,
              18.722071
            ],
            [
              73.848555,
              18.717071
            ],
            [
              73.84887,
              18.715356
            ],
            [
              73.850396,
              18.718545
            ],
            [
              73.851993,
              18.718948
            ],
            [
              73.851466,
              18.720475
            ],
            [
              73.854067,
              18.720873
            ],
            [
              73.852325,
              18.722071
            ],
            [
              73.854252,
              18.722689
            ],
            [
              73.85487,
              18.724545
            ],
            [
              73.855472,
              18.722469
            ],
            [
              73.85487,
              18.722071
            ],
            [
              73.856468,
              18.72167
            ],
            [
              73.85687,
              18.720872
            ],
            [
              73.85887,
              18.721927
            ],
            [
              73.86187,
              18.721735
            ],
            [
              73.862528,
              18.721071
            ],
            [
              73.860765,
              18.720175
            ],
            [
              73.86087,
              18.718846
            ],
            [
              73.861841,
              18.718042
            ],
            [
              73.862014,
              18.718927
            ],
            [
              73.864561,
              18.718762
            ],
            [
              73.86487,
              18.717448
            ],
            [
              73.865032,
              18.719071
            ],
            [
              73.864275,
              18.719477
            ],
            [
              73.864367,
              18.720574
            ],
            [
              73.867565,
              18.721071
            ],
            [
              73.863428,
              18.72163
            ],
            [
              73.863306,
              18.724071
            ],
            [
              73.860606,
              18.729335
            ],
            [
              73.862259,
              18.729682
            ],
            [
              73.863227,
              18.730714
            ],
            [
              73.863636,
              18.734305
            ],
            [
              73.86587,
              18.735425
            ],
            [
              73.86887,
              18.735475
            ],
            [
              73.87087,
              18.737397
            ],
            [
              73.872211,
              18.736071
            ],
            [
              73.872255,
              18.733071
            ],
            [
              73.871298,
              18.731071
            ],
            [
              73.872522,
              18.728724
            ],
            [
              73.873217,
              18.728724
            ],
            [
              73.874421,
              18.730071
            ],
            [
              73.873464,
              18.732071
            ],
            [
              73.8735,
              18.734071
            ],
            [
              73.87487,
              18.735456
            ],
            [
              73.87587,
              18.734491
            ],
            [
              73.878239,
              18.734702
            ],
            [
              73.878239,
              18.735441
            ],
            [
              73.876464,
              18.736071
            ],
            [
              73.876583,
              18.738358
            ],
            [
              73.879222,
              18.739719
            ],
            [
              73.879452,
              18.742071
            ],
            [
              73.8803,
              18.742641
            ],
            [
              73.880645,
              18.744296
            ],
            [
              73.88123,
              18.744071
            ],
            [
              73.881322,
              18.739071
            ],
            [
              73.880372,
              18.738071
            ],
            [
              73.88087,
              18.735612
            ],
            [
              73.882181,
              18.73576
            ],
            [
              73.88287,
              18.738559
            ],
            [
              73.88387,
              18.7376
            ],
            [
              73.885174,
              18.737767
            ],
            [
              73.884193,
              18.739395
            ],
            [
              73.882566,
              18.739768
            ],
            [
              73.882459,
              18.741071
            ],
            [
              73.884253,
              18.741688
            ],
            [
              73.88587,
              18.743469
            ],
            [
              73.888349,
              18.742071
            ],
            [
              73.887405,
              18.741071
            ],
            [
              73.887568,
              18.739769
            ],
            [
              73.88987,
              18.738689
            ],
            [
              73.89341,
              18.738611
            ],
            [
              73.89387,
              18.736415
            ],
            [
              73.894446,
              18.741495
            ],
            [
              73.89787,
              18.741849
            ],
            [
              73.898987,
              18.740954
            ],
            [
              73.900531,
              18.742071
            ],
            [
              73.897791,
              18.745071
            ],
            [
              73.89387,
              18.74543
            ],
            [
              73.893281,
              18.74466
            ],
            [
              73.89187,
              18.744519
            ],
            [
              73.88987,
              18.745552
            ],
            [
              73.88887,
              18.744623
            ],
            [
              73.886605,
              18.744807
            ],
            [
              73.887489,
              18.746451
            ],
            [
              73.891145,
              18.747796
            ],
            [
              73.892373,
              18.750568
            ],
            [
              73.894911,
              18.75103
            ],
            [
              73.89487,
              18.751856
            ],
            [
              73.894744,
              18.751197
            ],
            [
              73.89187,
              18.751326
            ],
            [
              73.88987,
              18.750451
            ],
            [
              73.888735,
              18.753206
            ],
            [
              73.888437,
              18.749639
            ],
            [
              73.889451,
              18.749071
            ],
            [
              73.88887,
              18.748555
            ],
            [
              73.886322,
              18.751071
            ],
            [
              73.887268,
              18.752071
            ],
            [
              73.88687,
              18.754403
            ],
            [
              73.885452,
              18.752071
            ],
            [
              73.886321,
              18.748071
            ],
            [
              73.88387,
              18.747709
            ],
            [
              73.883461,
              18.752071
            ],
            [
              73.882472,
              18.753071
            ],
            [
              73.88187,
              18.75564
            ],
            [
              73.8801,
              18.750841
            ],
            [
              73.878662,
              18.750864
            ],
            [
              73.879503,
              18.755071
            ],
            [
              73.881383,
              18.758071
            ],
            [
              73.88087,
              18.759578
            ],
            [
              73.87787,
              18.758667
            ],
            [
              73.876457,
              18.757484
            ],
            [
              73.876204,
              18.754071
            ],
            [
              73.874416,
              18.754525
            ],
            [
              73.87387,
              18.75179
            ],
            [
              73.87069,
              18.754891
            ],
            [
              73.870377,
              18.757578
            ],
            [
              73.86887,
              18.756835
            ],
            [
              73.867649,
              18.758071
            ],
            [
              73.86864,
              18.759071
            ],
            [
              73.867603,
              18.760071
            ],
            [
              73.869352,
              18.760589
            ],
            [
              73.86987,
              18.763349
            ],
            [
              73.87187,
              18.763367
            ],
            [
              73.87287,
              18.762376
            ],
            [
              73.87687,
              18.76243
            ],
            [
              73.87787,
              18.761463
            ],
            [
              73.87887,
              18.763452
            ],
            [
              73.88187,
              18.763506
            ],
            [
              73.882572,
              18.760774
            ],
            [
              73.883167,
              18.760774
            ],
            [
              73.88387,
              18.76256
            ],
            [
              73.885232,
              18.762433
            ],
            [
              73.88587,
              18.760701
            ],
            [
              73.88787,
              18.760765
            ],
            [
              73.88887,
              18.761745
            ],
            [
              73.890463,
              18.760665
            ],
            [
              73.89087,
              18.758754
            ],
            [
              73.891219,
              18.760722
            ],
            [
              73.893368,
              18.761071
            ],
            [
              73.89087,
              18.761279
            ],
            [
              73.88987,
              18.762343
            ],
            [
              73.88487,
              18.763561
            ],
            [
              73.88387,
              18.764588
            ],
            [
              73.878489,
              18.765071
            ],
            [
              73.878601,
              18.766339
            ],
            [
              73.880573,
              18.768368
            ],
            [
              73.883178,
              18.768763
            ],
            [
              73.882517,
              18.771424
            ],
            [
              73.88387,
              18.771673
            ],
            [
              73.88487,
              18.77077
            ],
            [
              73.886073,
              18.771868
            ],
            [
              73.885421,
              18.77352
            ],
            [
              73.887094,
              18.774071
            ],
            [
              73.88587,
              18.776254
            ],
            [
              73.884319,
              18.774621
            ],
            [
              73.882612,
              18.774329
            ],
            [
              73.882237,
              18.772704
            ],
            [
              73.880582,
              18.773359
            ],
            [
              73.879441,
              18.772071
            ],
            [
              73.880186,
              18.770755
            ],
            [
              73.877528,
              18.771412
            ],
            [
              73.877164,
              18.769777
            ],
            [
              73.875331,
              18.769071
            ],
            [
              73.877269,
              18.768071
            ],
            [
              73.875448,
              18.767493
            ],
            [
              73.875099,
              18.765842
            ],
            [
              73.872619,
              18.765821
            ],
            [
              73.872102,
              18.767303
            ],
            [
              73.870486,
              18.767688
            ],
            [
              73.871519,
              18.769422
            ],
            [
              73.87311,
              18.769831
            ],
            [
              73.873331,
              18.771533
            ],
            [
              73.87087,
              18.771506
            ],
            [
              73.86987,
              18.770604
            ],
            [
              73.869665,
              18.773276
            ],
            [
              73.87487,
              18.771518
            ],
            [
              73.875414,
              18.774071
            ],
            [
              73.876451,
              18.775071
            ],
            [
              73.876243,
              18.776445
            ],
            [
              73.87387,
              18.775688
            ],
            [
              73.87328,
              18.777482
            ],
            [
              73.872118,
              18.778071
            ],
            [
              73.872592,
              18.780349
            ],
            [
              73.877593,
              18.783071
            ],
            [
              73.876868,
              18.784073
            ],
            [
              73.875483,
              18.782458
            ],
            [
              73.87387,
              18.782378
            ],
            [
              73.873542,
              18.783399
            ],
            [
              73.87524,
              18.783701
            ],
            [
              73.876417,
              18.786523
            ],
            [
              73.87787,
              18.787908
            ],
            [
              73.879627,
              18.788071
            ],
            [
              73.87887,
              18.788149
            ]
          ]
        ],
        "type": "Polygon"
      },
      "type": "Feature"
    },
    {
      "properties": {
        "fill-opacity": 0.33,
        "fillColor": "#bf4040",
        "opacity": 0.33,
        "fill": "#bf4040",
        "fillOpacity": 0.33,
        "color": "#bf4040",
        "contour": 6.0,
        "metric": "distance",
        "provider_name": "KGN Xprs",
        "zone_type": "distance",
        "distance_km": 6,
        "mode": "motorcycle",
        "center_lat": 18.75507167,
        "center_lon": 73.85587011,
        "label": "6km"
      },
      "geometry": {
        "coordinates": [
          [
            [
              73.86987,
              18.800689
            ],
            [
              73.86887,
              18.799824
            ],
            [
              73.868353,
              18.797588
            ],
            [
              73.865781,
              18.79816
            ],
            [
              73.86758,
              18.796071
            ],
            [
              73.866601,
              18.79534
            ],
            [
              73.86624,
              18.7937
            ],
            [
              73.86487,
              18.793461
            ],
            [
              73.861729,
              18.795212
            ],
            [
              73.861662,
              18.794071
            ],
            [
              73.862601,
              18.793071
            ],
            [
              73.861541,
              18.7914
            ],
            [
              73.860129,
              18.791071
            ],
            [
              73.86152,
              18.790722
            ],
            [
              73.861679,
              18.78888
            ],
            [
              73.863498,
              18.788071
            ],
            [
              73.861729,
              18.787212
            ],
            [
              73.862496,
              18.785445
            ],
            [
              73.86083,
              18.785111
            ],
            [
              73.860793,
              18.784071
            ],
            [
              73.860886,
              18.784088
            ],
            [
              73.860995,
              18.784946
            ],
            [
              73.862983,
              18.784958
            ],
            [
              73.864465,
              18.788476
            ],
            [
              73.86687,
              18.790562
            ],
            [
              73.867493,
              18.788695
            ],
            [
              73.870159,
              18.786361
            ],
            [
              73.870438,
              18.784639
            ],
            [
              73.872185,
              18.783071
            ],
            [
              73.86887,
              18.782716
            ],
            [
              73.86827,
              18.784472
            ],
            [
              73.867269,
              18.784071
            ],
            [
              73.867236,
              18.782071
            ],
            [
              73.869101,
              18.781302
            ],
            [
              73.870144,
              18.779071
            ],
            [
              73.86987,
              18.777805
            ],
            [
              73.86787,
              18.777789
            ],
            [
              73.86687,
              18.77877
            ],
            [
              73.863565,
              18.778767
            ],
            [
              73.86287,
              18.779785
            ],
            [
              73.860371,
              18.779569
            ],
            [
              73.860117,
              18.776071
            ],
            [
              73.861113,
              18.775315
            ],
            [
              73.861097,
              18.773071
            ],
            [
              73.860093,
              18.772071
            ],
            [
              73.862074,
              18.769071
            ],
            [
              73.860989,
              18.764952
            ],
            [
              73.859459,
              18.769661
            ],
            [
              73.85828,
              18.769661
            ],
            [
              73.85787,
              18.768871
            ],
            [
              73.85745,
              18.769651
            ],
            [
              73.856289,
              18.769651
            ],
            [
              73.856005,
              18.767936
            ],
            [
              73.854732,
              18.767934
            ],
            [
              73.855404,
              18.772606
            ],
            [
              73.854335,
              18.772606
            ],
            [
              73.853324,
              18.771617
            ],
            [
              73.85287,
              18.76985
            ],
            [
              73.851715,
              18.770917
            ],
            [
              73.851353,
              18.776554
            ],
            [
              73.850386,
              18.776554
            ],
            [
              73.849696,
              18.773898
            ],
            [
              73.847575,
              18.776071
            ],
            [
              73.847555,
              18.778071
            ],
            [
              73.846435,
              18.779071
            ],
            [
              73.847151,
              18.780352
            ],
            [
              73.845155,
              18.783357
            ],
            [
              73.84387,
              18.782523
            ],
            [
              73.84287,
              18.783432
            ],
            [
              73.841539,
              18.783402
            ],
            [
              73.842329,
              18.781071
            ],
            [
              73.84115,
              18.779791
            ],
            [
              73.83687,
              18.77961
            ],
            [
              73.83558,
              18.779781
            ],
            [
              73.832454,
              18.783487
            ],
            [
              73.831448,
              18.780071
            ],
            [
              73.83187,
              18.779649
            ],
            [
              73.83287,
              18.780577
            ],
            [
              73.833298,
              18.779071
            ],
            [
              73.831261,
              18.77768
            ],
            [
              73.827313,
              18.778514
            ],
            [
              73.82587,
              18.779827
            ],
            [
              73.82487,
              18.779612
            ],
            [
              73.825046,
              18.778071
            ],
            [
              73.82887,
              18.777738
            ],
            [
              73.82949,
              18.777071
            ],
            [
              73.827262,
              18.774679
            ],
            [
              73.825605,
              18.774336
            ],
            [
              73.82287,
              18.771356
            ],
            [
              73.81987,
              18.770495
            ],
            [
              73.81887,
              18.769538
            ],
            [
              73.818243,
              18.772071
            ],
            [
              73.819186,
              18.773071
            ],
            [
              73.819044,
              18.774246
            ],
            [
              73.815756,
              18.774071
            ],
            [
              73.815609,
              18.772071
            ],
            [
              73.814647,
              18.771294
            ],
            [
              73.813529,
              18.768071
            ],
            [
              73.816437,
              18.766071
            ],
            [
              73.815373,
              18.764071
            ],
            [
              73.81587,
              18.763591
            ],
            [
              73.816441,
              18.7645
            ],
            [
              73.817186,
              18.764388
            ],
            [
              73.817173,
              18.761071
            ],
            [
              73.81443,
              18.760511
            ],
            [
              73.815245,
              18.759071
            ],
            [
              73.814132,
              18.757809
            ],
            [
              73.81187,
              18.756626
            ],
            [
              73.810252,
              18.758071
            ],
            [
              73.811133,
              18.759071
            ],
            [
              73.81015,
              18.760071
            ],
            [
              73.811055,
              18.761071
            ],
            [
              73.810946,
              18.762995
            ],
            [
              73.811474,
              18.763071
            ],
            [
              73.81087,
              18.763415
            ],
            [
              73.810515,
              18.761426
            ],
            [
              73.80787,
              18.761204
            ],
            [
              73.807408,
              18.759532
            ],
            [
              73.804771,
              18.759071
            ],
            [
              73.806445,
              18.758646
            ],
            [
              73.806546,
              18.757071
            ],
            [
              73.807458,
              18.756071
            ],
            [
              73.805734,
              18.755207
            ],
            [
              73.805095,
              18.751071
            ],
            [
              73.80587,
              18.749604
            ],
            [
              73.806431,
              18.75351
            ],
            [
              73.80987,
              18.752688
            ],
            [
              73.81087,
              18.754566
            ],
            [
              73.81187,
              18.751681
            ],
            [
              73.81387,
              18.753648
            ],
            [
              73.81587,
              18.753872
            ],
            [
              73.818729,
              18.752931
            ],
            [
              73.81887,
              18.752263
            ],
            [
              73.818982,
              18.754184
            ],
            [
              73.81387,
              18.754494
            ],
            [
              73.813402,
              18.755071
            ],
            [
              73.813589,
              18.756352
            ],
            [
              73.81587,
              18.757439
            ],
            [
              73.81787,
              18.757422
            ],
            [
              73.81887,
              18.7584
            ],
            [
              73.821072,
              18.758274
            ],
            [
              73.821198,
              18.756071
            ],
            [
              73.822429,
              18.754631
            ],
            [
              73.826192,
              18.754394
            ],
            [
              73.826425,
              18.752626
            ],
            [
              73.828524,
              18.750726
            ],
            [
              73.834271,
              18.750472
            ],
            [
              73.835122,
              18.748071
            ],
            [
              73.83412,
              18.747071
            ],
            [
              73.834011,
              18.743071
            ],
            [
              73.832992,
              18.742071
            ],
            [
              73.833129,
              18.740331
            ],
            [
              73.83387,
              18.740143
            ],
            [
              73.834755,
              18.740186
            ],
            [
              73.83587,
              18.742398
            ],
            [
              73.838788,
              18.742153
            ],
            [
              73.836588,
              18.747071
            ],
            [
              73.836712,
              18.749229
            ],
            [
              73.83987,
              18.749278
            ],
            [
              73.840261,
              18.747463
            ],
            [
              73.84487,
              18.747255
            ],
            [
              73.84687,
              18.745259
            ],
            [
              73.848505,
              18.747436
            ],
            [
              73.848752,
              18.749189
            ],
            [
              73.849234,
              18.748436
            ],
            [
              73.851003,
              18.748204
            ],
            [
              73.850037,
              18.744904
            ],
            [
              73.847921,
              18.743019
            ],
            [
              73.84695,
              18.742991
            ],
            [
              73.84687,
              18.739312
            ],
            [
              73.845171,
              18.740071
            ],
            [
              73.84631,
              18.741071
            ],
            [
              73.846311,
              18.742071
            ],
            [
              73.846,
              18.743071
            ],
            [
              73.844996,
              18.743197
            ],
            [
              73.843088,
              18.743071
            ],
            [
              73.843919,
              18.742121
            ],
            [
              73.843505,
              18.740071
            ],
            [
              73.84187,
              18.738184
            ],
            [
              73.840126,
              18.739071
            ],
            [
              73.840444,
              18.742071
            ],
            [
              73.83987,
              18.742725
            ],
            [
              73.839149,
              18.742071
            ],
            [
              73.839699,
              18.7419
            ],
            [
              73.839433,
              18.740507
            ],
            [
              73.835386,
              18.740071
            ],
            [
              73.836324,
              18.737071
            ],
            [
              73.835861,
              18.736071
            ],
            [
              73.837567,
              18.735768
            ],
            [
              73.837587,
              18.732354
            ],
            [
              73.836595,
              18.732071
            ],
            [
              73.837844,
              18.732046
            ],
            [
              73.837295,
              18.730071
            ],
            [
              73.83787,
              18.729312
            ],
            [
              73.838013,
              18.729928
            ],
            [
              73.83987,
              18.729827
            ],
            [
              73.842355,
              18.727071
            ],
            [
              73.841823,
              18.718071
            ],
            [
              73.841581,
              18.71736
            ],
            [
              73.839844,
              18.717097
            ],
            [
              73.841538,
              18.71674
            ],
            [
              73.841652,
              18.715289
            ],
            [
              73.841089,
              18.715071
            ],
            [
              73.84187,
              18.713853
            ],
            [
              73.842262,
              18.715679
            ],
            [
              73.84287,
              18.715801
            ],
            [
              73.846914,
              18.714115
            ],
            [
              73.847313,
              18.712628
            ],
            [
              73.845789,
              18.711071
            ],
            [
              73.84787,
              18.710854
            ],
            [
              73.848597,
              18.710071
            ],
            [
              73.848705,
              18.708235
            ],
            [
              73.847774,
              18.708071
            ],
            [
              73.84787,
              18.706583
            ],
            [
              73.848103,
              18.707838
            ],
            [
              73.84966,
              18.707861
            ],
            [
              73.850248,
              18.707071
            ],
            [
              73.851754,
              18.708071
            ],
            [
              73.851106,
              18.710071
            ],
            [
              73.852419,
              18.712071
            ],
            [
              73.85087,
              18.712199
            ],
            [
              73.84987,
              18.711317
            ],
            [
              73.848294,
              18.713071
            ],
            [
              73.850257,
              18.714071
            ],
            [
              73.849393,
              18.716071
            ],
            [
              73.850593,
              18.718348
            ],
            [
              73.852237,
              18.718704
            ],
            [
              73.851618,
              18.720323
            ],
            [
              73.85387,
              18.720484
            ],
            [
              73.854417,
              18.721524
            ],
            [
              73.85587,
              18.721534
            ],
            [
              73.85687,
              18.720516
            ],
            [
              73.85887,
              18.721532
            ],
            [
              73.862131,
              18.721332
            ],
            [
              73.86187,
              18.720636
            ],
            [
              73.860508,
              18.720433
            ],
            [
              73.860386,
              18.718071
            ],
            [
              73.859425,
              18.717071
            ],
            [
              73.86087,
              18.716618
            ],
            [
              73.862551,
              18.71839
            ],
            [
              73.864176,
              18.718378
            ],
            [
              73.865414,
              18.716071
            ],
            [
              73.865605,
              18.712071
            ],
            [
              73.864311,
              18.711071
            ],
            [
              73.864256,
              18.710071
            ],
            [
              73.86487,
              18.70903
            ],
            [
              73.866025,
              18.708915
            ],
            [
              73.866191,
              18.713071
            ],
            [
              73.867249,
              18.715071
            ],
            [
              73.864584,
              18.720357
            ],
            [
              73.86787,
              18.72058
            ],
            [
              73.86887,
              18.719635
            ],
            [
              73.872214,
              18.720071
            ],
            [
              73.86987,
              18.720498
            ],
            [
              73.86887,
              18.721532
            ],
            [
              73.863604,
              18.721806
            ],
            [
              73.863509,
              18.724071
            ],
            [
              73.860583,
              18.729071
            ],
            [
              73.863325,
              18.730616
            ],
            [
              73.863697,
              18.734244
            ],
            [
              73.86587,
              18.735332
            ],
            [
              73.86887,
              18.735359
            ],
            [
              73.87087,
              18.737317
            ],
            [
              73.872124,
              18.736071
            ],
            [
              73.872148,
              18.733071
            ],
            [
              73.87117,
              18.731071
            ],
            [
              73.872419,
              18.728621
            ],
            [
              73.87332,
              18.728621
            ],
            [
              73.87456,
              18.730071
            ],
            [
              73.873581,
              18.732071
            ],
            [
              73.8736,
              18.734071
            ],
            [
              73.87487,
              18.735349
            ],
            [
              73.87587,
              18.734367
            ],
            [
              73.878331,
              18.73461
            ],
            [
              73.878331,
              18.735532
            ],
            [
              73.876674,
              18.735875
            ],
            [
              73.876607,
              18.738071
            ],
            [
              73.879323,
              18.739618
            ],
            [
              73.880702,
              18.744239
            ],
            [
              73.881181,
              18.739071
            ],
            [
              73.880204,
              18.738071
            ],
            [
              73.880213,
              18.736415
            ],
            [
              73.88087,
              18.735422
            ],
            [
              73.882305,
              18.735636
            ],
            [
              73.88287,
              18.738399
            ],
            [
              73.88387,
              18.737417
            ],
            [
              73.885301,
              18.737639
            ],
            [
              73.88431,
              18.739511
            ],
            [
              73.882661,
              18.739863
            ],
            [
              73.882579,
              18.741071
            ],
            [
              73.884337,
              18.741604
            ],
            [
              73.88587,
              18.743356
            ],
            [
              73.888194,
              18.742071
            ],
            [
              73.887219,
              18.741071
            ],
            [
              73.88787,
              18.739092
            ],
            [
              73.88887,
              18.73943
            ],
            [
              73.88987,
              18.738453
            ],
            [
              73.89316,
              18.738361
            ],
            [
              73.89287,
              18.736516
            ],
            [
              73.889385,
              18.736586
            ],
            [
              73.88787,
              18.738781
            ],
            [
              73.887542,
              18.737398
            ],
            [
              73.886771,
              18.737071
            ],
            [
              73.88687,
              18.736045
            ],
            [
              73.887079,
              18.736862
            ],
            [
              73.88787,
              18.736867
            ],
            [
              73.890302,
              18.735504
            ],
            [
              73.88987,
              18.734369
            ],
            [
              73.886829,
              18.734112
            ],
            [
              73.888475,
              18.733676
            ],
            [
              73.88887,
              18.732883
            ],
            [
              73.892264,
              18.734466
            ],
            [
              73.891707,
              18.729071
            ],
            [
              73.892216,
              18.730725
            ],
            [
              73.893072,
              18.731071
            ],
            [
              73.893185,
              18.733071
            ],
            [
              73.894494,
              18.734447
            ],
            [
              73.89587,
              18.733705
            ],
            [
              73.898186,
              18.733755
            ],
            [
              73.894531,
              18.737733
            ],
            [
              73.894611,
              18.74133
            ],
            [
              73.89787,
              18.741509
            ],
            [
              73.89887,
              18.740538
            ],
            [
              73.90387,
              18.740682
            ],
            [
              73.904691,
              18.738893
            ],
            [
              73.907674,
              18.738875
            ],
            [
              73.90787,
              18.738017
            ],
            [
              73.909093,
              18.739071
            ],
            [
              73.90887,
              18.740815
            ],
            [
              73.907842,
              18.741071
            ],
            [
              73.90787,
              18.742601
            ],
            [
              73.904411,
              18.742613
            ],
            [
              73.904045,
              18.746071
            ],
            [
              73.902947,
              18.748149
            ],
            [
              73.90087,
              18.749273
            ],
            [
              73.900322,
              18.747619
            ],
            [
              73.898616,
              18.747325
            ],
            [
              73.89787,
              18.745568
            ],
            [
              73.89387,
              18.74568
            ],
            [
              73.89187,
              18.744716
            ],
            [
              73.88987,
              18.745729
            ],
            [
              73.88887,
              18.744762
            ],
            [
              73.88668,
              18.744882
            ],
            [
              73.887628,
              18.746313
            ],
            [
              73.89129,
              18.747651
            ],
            [
              73.892585,
              18.750356
            ],
            [
              73.895214,
              18.750727
            ],
            [
              73.896358,
              18.752071
            ],
            [
              73.896474,
              18.753467
            ],
            [
              73.899128,
              18.753812
            ],
            [
              73.898113,
              18.755071
            ],
            [
              73.89787,
              18.757922
            ],
            [
              73.897626,
              18.755071
            ],
            [
              73.89687,
              18.75442
            ],
            [
              73.895711,
              18.75723
            ],
            [
              73.895457,
              18.754071
            ],
            [
              73.894191,
              18.75175
            ],
            [
              73.88987,
              18.750689
            ],
            [
              73.889426,
              18.753071
            ],
            [
              73.888499,
              18.753442
            ],
            [
              73.888225,
              18.749716
            ],
            [
              73.886516,
              18.751071
            ],
            [
              73.887486,
              18.753071
            ],
            [
              73.887269,
              18.754471
            ],
            [
              73.88647,
              18.754471
            ],
            [
              73.885238,
              18.752071
            ],
            [
              73.886181,
              18.748071
            ],
            [
              73.88487,
              18.747778
            ],
            [
              73.883609,
              18.748071
            ],
            [
              73.883579,
              18.752071
            ],
            [
              73.882585,
              18.753071
            ],
            [
              73.882336,
              18.755537
            ],
            [
              73.881171,
              18.755071
            ],
            [
              73.881154,
              18.753071
            ],
            [
              73.880041,
              18.7509
            ],
            [
              73.878631,
              18.751071
            ],
            [
              73.879613,
              18.753071
            ],
            [
              73.879601,
              18.755071
            ],
            [
              73.881542,
              18.758071
            ],
            [
              73.881316,
              18.759518
            ],
            [
              73.87987,
              18.759752
            ],
            [
              73.876387,
              18.757554
            ],
            [
              73.87612,
              18.754071
            ],
            [
              73.874353,
              18.754588
            ],
            [
              73.87387,
              18.751852
            ],
            [
              73.870728,
              18.75493
            ],
            [
              73.870474,
              18.757676
            ],
            [
              73.869265,
              18.757676
            ],
            [
              73.86887,
              18.75688
            ],
            [
              73.867748,
              18.75795
            ],
            [
              73.868683,
              18.759071
            ],
            [
              73.867659,
              18.760071
            ],
            [
              73.869436,
              18.760505
            ],
            [
              73.86987,
              18.763288
            ],
            [
              73.87187,
              18.762305
            ],
            [
              73.87687,
              18.762335
            ],
            [
              73.87787,
              18.761353
            ],
            [
              73.87887,
              18.763347
            ],
            [
              73.88187,
              18.763374
            ],
            [
              73.88287,
              18.760428
            ],
            [
              73.88387,
              18.762399
            ],
            [
              73.885104,
              18.762306
            ],
            [
              73.88587,
              18.760458
            ],
            [
              73.88787,
              18.760481
            ],
            [
              73.88887,
              18.761474
            ],
            [
              73.890334,
              18.760071
            ],
            [
              73.889404,
              18.758071
            ],
            [
              73.88987,
              18.757605
            ],
            [
              73.893168,
              18.757773
            ],
            [
              73.89387,
              18.760585
            ],
            [
              73.89526,
              18.760461
            ],
            [
              73.89587,
              18.75876
            ],
            [
              73.89787,
              18.759991
            ],
            [
              73.899696,
              18.759897
            ],
            [
              73.89987,
              18.759177
            ],
            [
              73.90017,
              18.760771
            ],
            [
              73.901026,
              18.761227
            ],
            [
              73.900856,
              18.762071
            ],
            [
              73.899126,
              18.763071
            ],
            [
              73.899848,
              18.765071
            ],
            [
              73.896755,
              18.765186
            ],
            [
              73.896538,
              18.763071
            ],
            [
              73.89487,
              18.761527
            ],
            [
              73.893531,
              18.761733
            ],
            [
              73.89287,
              18.763514
            ],
            [
              73.892198,
              18.761743
            ],
            [
              73.89087,
              18.761629
            ],
            [
              73.88987,
              18.76265
            ],
            [
              73.88487,
              18.763733
            ],
            [
              73.88387,
              18.764745
            ],
            [
              73.878688,
              18.764889
            ],
            [
              73.878678,
              18.766263
            ],
            [
              73.880664,
              18.768277
            ],
            [
              73.883303,
              18.768638
            ],
            [
              73.882639,
              18.771302
            ],
            [
              73.88387,
              18.771447
            ],
            [
              73.88487,
              18.770483
            ],
            [
              73.886263,
              18.771678
            ],
            [
              73.885601,
              18.773339
            ],
            [
              73.887433,
              18.774071
            ],
            [
              73.88587,
              18.776622
            ],
            [
              73.884138,
              18.774803
            ],
            [
              73.882456,
              18.774484
            ],
            [
              73.882107,
              18.772834
            ],
            [
              73.880445,
              18.773496
            ],
            [
              73.879233,
              18.772071
            ],
            [
              73.880084,
              18.770857
            ],
            [
              73.877422,
              18.771519
            ],
            [
              73.877074,
              18.769867
            ],
            [
              73.875185,
              18.769071
            ],
            [
              73.877155,
              18.768071
            ],
            [
              73.875382,
              18.767559
            ],
            [
              73.87504,
              18.765901
            ],
            [
              73.872688,
              18.765889
            ],
            [
              73.872273,
              18.767475
            ],
            [
              73.870626,
              18.767828
            ],
            [
              73.87164,
              18.769301
            ],
            [
              73.873276,
              18.769665
            ],
            [
              73.873525,
              18.771416
            ],
            [
              73.87533,
              18.77161
            ],
            [
              73.875557,
              18.774071
            ],
            [
              73.876574,
              18.775071
            ],
            [
              73.87587,
              18.776766
            ],
            [
              73.87487,
              18.775785
            ],
            [
              73.873688,
              18.77589
            ],
            [
              73.873351,
              18.777553
            ],
            [
              73.87244,
              18.778071
            ],
            [
              73.872673,
              18.780267
            ],
            [
              73.87687,
              18.782552
            ],
            [
              73.878192,
              18.781749
            ],
            [
              73.879335,
              18.783071
            ],
            [
              73.878511,
              18.78443
            ],
            [
              73.882044,
              18.784897
            ],
            [
              73.881187,
              18.786071
            ],
            [
              73.881344,
              18.787597
            ],
            [
              73.883625,
              18.788071
            ],
            [
              73.87687,
              18.788643
            ],
            [
              73.875476,
              18.787465
            ],
            [
              73.875122,
              18.785819
            ],
            [
              73.872648,
              18.784849
            ],
            [
              73.868427,
              18.790071
            ],
            [
              73.868315,
              18.794071
            ],
            [
              73.869242,
              18.795071
            ],
            [
              73.869241,
              18.7977
            ],
            [
              73.870374,
              18.799071
            ],
            [
              73.86987,
              18.800689
            ]
          ]
        ],
        "type": "Polygon"
      },
      "type": "Feature"
    }
  ]
}