{
  "type": "FeatureCollection",
  "metadata": {
    "provider_name": "Gypsy A Moto Pub",
    "center_lat": 18.4989782,
    "center_lon": 73.7114592,
    "mode": "motorcycle",
    "total_zones": 4,
    "distance_zones": [
      3,
      4,
      5,
      6
    ],
    "generated_at": "2025-12-28T06:01:34.219074Z"
  },
  "features": [
    {
      "properties": {
        "fill-opacity": 0.33,
        "fillColor": "#bf4040",
        "opacity": 0.33,
        "fill": "#bf4040",
        "fillOpacity": 0.33,
        "color": "#bf4040",
        "contour": 3.0,
        "metric": "distance",
        "provider_name": "Gypsy A Moto Pub",
        "zone_type": "distance",
        "distance_km": 3,
        "mode": "motorcycle",
        "center_lat": 18.4989782,
        "center_lon": 73.7114592,
        "label": "3km"
      },
      "geometry": {
        "coordinates": [
          [
            [
              73.695459,
              18.516819
            ],
            [
              73.695032,
              18.514404
            ],
            [
              73.692416,
              18.513978
            ],
            [
              73.694157,
              18.512978
            ],
            [
              73.692917,
              18.510519
            ],
            [
              73.690779,
              18.510298
            ],
            [
              73.690459,
              18.511817
            ],
            [
              73.688694,
              18.509978
            ],
            [
              73.69088,
              18.508557
            ],
            [
              73.694459,
              18.510594
            ],
            [
              73.694943,
              18.508493
            ],
            [
              73.693004,
              18.507978
            ],
            [
              73.695459,
              18.507691
            ],
            [
              73.698211,
              18.505978
            ],
            [
              73.697774,
              18.504662
            ],
            [
              73.696459,
              18.504467
            ],
            [
              73.694712,
              18.506231
            ],
            [
              73.693459,
              18.506324
            ],
            [
              73.694125,
              18.504978
            ],
            [
              73.692254,
              18.503773
            ],
            [
              73.696459,
              18.503489
            ],
            [
              73.699818,
              18.500618
            ],
            [
              73.700082,
              18.502354
            ],
            [
              73.701925,
              18.502511
            ],
            [
              73.701722,
              18.503241
            ],
            [
              73.7001,
              18.503619
            ],
            [
              73.700155,
              18.504281
            ],
            [
              73.702459,
              18.505365
            ],
            [
              73.703693,
              18.505212
            ],
            [
              73.703741,
              18.502696
            ],
            [
              73.701978,
              18.502458
            ],
            [
              73.702874,
              18.500978
            ],
            [
              73.702459,
              18.50013
            ],
            [
              73.700143,
              18.499978
            ],
            [
              73.701459,
              18.497848
            ],
            [
              73.703748,
              18.498267
            ],
            [
              73.70415,
              18.494669
            ],
            [
              73.706459,
              18.494522
            ],
            [
              73.708459,
              18.495598
            ],
            [
              73.708761,
              18.493978
            ],
            [
              73.707459,
              18.492639
            ],
            [
              73.704459,
              18.492578
            ],
            [
              73.70308,
              18.493356
            ],
            [
              73.703074,
              18.490593
            ],
            [
              73.704459,
              18.490396
            ],
            [
              73.705459,
              18.491361
            ],
            [
              73.705712,
              18.489724
            ],
            [
              73.702459,
              18.489519
            ],
            [
              73.700459,
              18.488467
            ],
            [
              73.697738,
              18.491978
            ],
            [
              73.697459,
              18.495248
            ],
            [
              73.697088,
              18.493349
            ],
            [
              73.695581,
              18.4931
            ],
            [
              73.695459,
              18.494255
            ],
            [
              73.695404,
              18.492978
            ],
            [
              73.697897,
              18.490416
            ],
            [
              73.698831,
              18.487606
            ],
            [
              73.697459,
              18.488343
            ],
            [
              73.696459,
              18.487321
            ],
            [
              73.694895,
              18.487414
            ],
            [
              73.694459,
              18.488779
            ],
            [
              73.694104,
              18.486332
            ],
            [
              73.691707,
              18.485978
            ],
            [
              73.694459,
              18.485817
            ],
            [
              73.695459,
              18.486686
            ],
            [
              73.697459,
              18.486593
            ],
            [
              73.698319,
              18.483838
            ],
            [
              73.699587,
              18.48385
            ],
            [
              73.698799,
              18.485978
            ],
            [
              73.700101,
              18.487335
            ],
            [
              73.702459,
              18.487455
            ],
            [
              73.703459,
              18.488415
            ],
            [
              73.706459,
              18.488359
            ],
            [
              73.707884,
              18.489553
            ],
            [
              73.710261,
              18.494176
            ],
            [
              73.711938,
              18.494498
            ],
            [
              73.712459,
              18.498232
            ],
            [
              73.715763,
              18.494978
            ],
            [
              73.713797,
              18.493978
            ],
            [
              73.714788,
              18.492978
            ],
            [
              73.713807,
              18.491978
            ],
            [
              73.713719,
              18.489717
            ],
            [
              73.708146,
              18.487291
            ],
            [
              73.706144,
              18.482978
            ],
            [
              73.706266,
              18.480978
            ],
            [
              73.707174,
              18.480693
            ],
            [
              73.707459,
              18.47884
            ],
            [
              73.707594,
              18.480978
            ],
            [
              73.706718,
              18.481978
            ],
            [
              73.708057,
              18.484379
            ],
            [
              73.709725,
              18.484711
            ],
            [
              73.709112,
              18.486325
            ],
            [
              73.711459,
              18.487419
            ],
            [
              73.715459,
              18.486513
            ],
            [
              73.716459,
              18.487456
            ],
            [
              73.717956,
              18.485978
            ],
            [
              73.716054,
              18.483978
            ],
            [
              73.715936,
              18.4815
            ],
            [
              73.714429,
              18.481007
            ],
            [
              73.713547,
              18.479066
            ],
            [
              73.717158,
              18.478677
            ],
            [
              73.717818,
              18.477618
            ],
            [
              73.717973,
              18.480463
            ],
            [
              73.720459,
              18.479787
            ],
            [
              73.721619,
              18.480978
            ],
            [
              73.721621,
              18.482815
            ],
            [
              73.722484,
              18.483003
            ],
            [
              73.721586,
              18.483105
            ],
            [
              73.720459,
              18.482192
            ],
            [
              73.719038,
              18.482557
            ],
            [
              73.718934,
              18.484978
            ],
            [
              73.719941,
              18.485978
            ],
            [
              73.717089,
              18.491978
            ],
            [
              73.719879,
              18.491557
            ],
            [
              73.720096,
              18.493978
            ],
            [
              73.717248,
              18.494767
            ],
            [
              73.71627,
              18.497166
            ],
            [
              73.719676,
              18.497195
            ],
            [
              73.720823,
              18.494978
            ],
            [
              73.721084,
              18.491603
            ],
            [
              73.725459,
              18.490046
            ],
            [
              73.725771,
              18.491665
            ],
            [
              73.727493,
              18.491978
            ],
            [
              73.725842,
              18.492361
            ],
            [
              73.725776,
              18.493978
            ],
            [
              73.724873,
              18.494978
            ],
            [
              73.727702,
              18.496734
            ],
            [
              73.728154,
              18.500283
            ],
            [
              73.728956,
              18.499978
            ],
            [
              73.729063,
              18.496978
            ],
            [
              73.730117,
              18.495978
            ],
            [
              73.729187,
              18.494978
            ],
            [
              73.730294,
              18.493142
            ],
            [
              73.729459,
              18.492941
            ],
            [
              73.730459,
              18.49253
            ],
            [
              73.730756,
              18.49368
            ],
            [
              73.733239,
              18.493978
            ],
            [
              73.731738,
              18.494257
            ],
            [
              73.729892,
              18.497978
            ],
            [
              73.730115,
              18.499322
            ],
            [
              73.732878,
              18.498397
            ],
            [
              73.733459,
              18.497358
            ],
            [
              73.735195,
              18.497241
            ],
            [
              73.737631,
              18.497978
            ],
            [
              73.737923,
              18.499442
            ],
            [
              73.737459,
              18.499853
            ],
            [
              73.7373,
              18.499137
            ],
            [
              73.734014,
              18.498533
            ],
            [
              73.732849,
              18.499978
            ],
            [
              73.732459,
              18.503173
            ],
            [
              73.729141,
              18.50166
            ],
            [
              73.728947,
              18.502978
            ],
            [
              73.729881,
              18.503978
            ],
            [
              73.727842,
              18.505978
            ],
            [
              73.727459,
              18.509831
            ],
            [
              73.725335,
              18.508101
            ],
            [
              73.72415,
              18.505978
            ],
            [
              73.7249,
              18.501978
            ],
            [
              73.723212,
              18.500731
            ],
            [
              73.723013,
              18.503978
            ],
            [
              73.720459,
              18.506474
            ],
            [
              73.717205,
              18.503724
            ],
            [
              73.715705,
              18.508224
            ],
            [
              73.712789,
              18.510308
            ],
            [
              73.712364,
              18.512072
            ],
            [
              73.711705,
              18.511978
            ],
            [
              73.711747,
              18.510978
            ],
            [
              73.71503,
              18.506978
            ],
            [
              73.715021,
              18.505978
            ],
            [
              73.713864,
              18.504978
            ],
            [
              73.71376,
              18.499978
            ],
            [
              73.712459,
              18.499724
            ],
            [
              73.711929,
              18.503448
            ],
            [
              73.710989,
              18.503448
            ],
            [
              73.710283,
              18.500802
            ],
            [
              73.707917,
              18.505436
            ],
            [
              73.702201,
              18.50772
            ],
            [
              73.699772,
              18.513291
            ],
            [
              73.695727,
              18.515246
            ],
            [
              73.695459,
              18.516819
            ]
          ]
        ],
        "type": "Polygon"
      },
      "type": "Feature"
    },
    {
      "properties": {
        "fill-opacity": 0.33,
        "fillColor": "#bf4040",
        "opacity": 0.33,
        "fill": "#bf4040",
        "fillOpacity": 0.33,
        "color": "#bf4040",
        "contour": 4.0,
        "metric": "distance",
        "provider_name": "Gypsy A Moto Pub",
        "zone_type": "distance",
        "distance_km": 4,
        "mode": "motorcycle",
        "center_lat": 18.4989782,
        "center_lon": 73.7114592,
        "label": "4km"
      },
      "geometry": {
        "coordinates": [
          [
            [
              73.697459,
              18.525268
            ],
            [
              73.697249,
              18.524187
            ],
            [
              73.696068,
              18.523369
            ],
            [
              73.693405,
              18.522978
            ],
            [
              73.695987,
              18.522506
            ],
            [
              73.696028,
              18.518978
            ],
            [
              73.694994,
              18.517978
            ],
            [
              73.694754,
              18.514683
            ],
            [
              73.691948,
              18.513978
            ],
            [
              73.69387,
              18.512978
            ],
            [
              73.69273,
              18.510706
            ],
            [
              73.690976,
              18.510978
            ],
            [
              73.689459,
              18.519135
            ],
            [
              73.687566,
              18.518978
            ],
            [
              73.689144,
              18.518663
            ],
            [
              73.6888,
              18.511637
            ],
            [
              73.686043,
              18.511562
            ],
            [
              73.684104,
              18.514332
            ],
            [
              73.681676,
              18.513978
            ],
            [
              73.680142,
              18.512294
            ],
            [
              73.683237,
              18.509756
            ],
            [
              73.685853,
              18.510372
            ],
            [
              73.686187,
              18.508706
            ],
            [
              73.690261,
              18.50578
            ],
            [
              73.690459,
              18.504707
            ],
            [
              73.691287,
              18.505978
            ],
            [
              73.68992,
              18.506439
            ],
            [
              73.690459,
              18.507502
            ],
            [
              73.695459,
              18.507394
            ],
            [
              73.697888,
              18.505978
            ],
            [
              73.697673,
              18.504764
            ],
            [
              73.696459,
              18.50464
            ],
            [
              73.69487,
              18.506389
            ],
            [
              73.693459,
              18.506582
            ],
            [
              73.692611,
              18.505978
            ],
            [
              73.693555,
              18.504881
            ],
            [
              73.691602,
              18.504834
            ],
            [
              73.691691,
              18.50321
            ],
            [
              73.693439,
              18.502958
            ],
            [
              73.693391,
              18.50191
            ],
            [
              73.696088,
              18.498978
            ],
            [
              73.695459,
              18.495457
            ],
            [
              73.694067,
              18.496586
            ],
            [
              73.693729,
              18.498978
            ],
            [
              73.692459,
              18.500307
            ],
            [
              73.691848,
              18.498978
            ],
            [
              73.692942,
              18.498461
            ],
            [
              73.692906,
              18.49653
            ],
            [
              73.691543,
              18.496062
            ],
            [
              73.691459,
              18.497328
            ],
            [
              73.691391,
              18.496046
            ],
            [
              73.69033,
              18.495107
            ],
            [
              73.692015,
              18.494534
            ],
            [
              73.69216,
              18.492978
            ],
            [
              73.693995,
              18.489978
            ],
            [
              73.693758,
              18.486679
            ],
            [
              73.691459,
              18.486471
            ],
            [
              73.690459,
              18.487407
            ],
            [
              73.689459,
              18.48641
            ],
            [
              73.683721,
              18.48624
            ],
            [
              73.683459,
              18.487753
            ],
            [
              73.683235,
              18.486201
            ],
            [
              73.682142,
              18.485978
            ],
            [
              73.682924,
              18.485443
            ],
            [
              73.689459,
              18.485546
            ],
            [
              73.690459,
              18.48455
            ],
            [
              73.691459,
              18.485485
            ],
            [
              73.694459,
              18.485434
            ],
            [
              73.695459,
              18.486392
            ],
            [
              73.697459,
              18.486359
            ],
            [
              73.698086,
              18.483605
            ],
            [
              73.699459,
              18.483425
            ],
            [
              73.700012,
              18.483978
            ],
            [
              73.699061,
              18.485978
            ],
            [
              73.700226,
              18.48721
            ],
            [
              73.702459,
              18.487301
            ],
            [
              73.703459,
              18.488282
            ],
            [
              73.706459,
              18.488254
            ],
            [
              73.707948,
              18.489488
            ],
            [
              73.710306,
              18.49413
            ],
            [
              73.71202,
              18.494417
            ],
            [
              73.712459,
              18.49818
            ],
            [
              73.715692,
              18.494978
            ],
            [
              73.713711,
              18.493978
            ],
            [
              73.714706,
              18.492978
            ],
            [
              73.713717,
              18.491978
            ],
            [
              73.713646,
              18.48979
            ],
            [
              73.708023,
              18.487413
            ],
            [
              73.705865,
              18.482978
            ],
            [
              73.705905,
              18.480978
            ],
            [
              73.706928,
              18.479978
            ],
            [
              73.707459,
              18.477509
            ],
            [
              73.707995,
              18.480978
            ],
            [
              73.707033,
              18.481978
            ],
            [
              73.708208,
              18.484228
            ],
            [
              73.709875,
              18.484561
            ],
            [
              73.70923,
              18.486206
            ],
            [
              73.711459,
              18.487284
            ],
            [
              73.713816,
              18.486335
            ],
            [
              73.715459,
              18.486326
            ],
            [
              73.716672,
              18.487191
            ],
            [
              73.717791,
              18.485978
            ],
            [
              73.715832,
              18.483978
            ],
            [
              73.715737,
              18.4817
            ],
            [
              73.71199,
              18.479978
            ],
            [
              73.71296,
              18.478978
            ],
            [
              73.712026,
              18.477545
            ],
            [
              73.713459,
              18.477517
            ],
            [
              73.714459,
              18.478472
            ],
            [
              73.716939,
              18.477978
            ],
            [
              73.713275,
              18.475161
            ],
            [
              73.713418,
              18.471978
            ],
            [
              73.714534,
              18.471903
            ],
            [
              73.713719,
              18.473978
            ],
            [
              73.715459,
              18.475579
            ],
            [
              73.718845,
              18.475364
            ],
            [
              73.720459,
              18.472711
            ],
            [
              73.720802,
              18.475321
            ],
            [
              73.718938,
              18.476978
            ],
            [
              73.719854,
              18.477373
            ],
            [
              73.722313,
              18.474832
            ],
            [
              73.723581,
              18.474855
            ],
            [
              73.722739,
              18.475978
            ],
            [
              73.723529,
              18.478048
            ],
            [
              73.721047,
              18.477566
            ],
            [
              73.720971,
              18.479978
            ],
            [
              73.722002,
              18.480978
            ],
            [
              73.723101,
              18.484336
            ],
            [
              73.725691,
              18.485746
            ],
            [
              73.726964,
              18.490473
            ],
            [
              73.728851,
              18.48937
            ],
            [
              73.730459,
              18.485978
            ],
            [
              73.731458,
              18.485979
            ],
            [
              73.733664,
              18.488772
            ],
            [
              73.734041,
              18.490396
            ],
            [
              73.736652,
              18.491978
            ],
            [
              73.736459,
              18.493198
            ],
            [
              73.734073,
              18.492592
            ],
            [
              73.733788,
              18.494307
            ],
            [
              73.732149,
              18.494668
            ],
            [
              73.73208,
              18.495357
            ],
            [
              73.736459,
              18.497462
            ],
            [
              73.737817,
              18.497336
            ],
            [
              73.739094,
              18.495978
            ],
            [
              73.738331,
              18.492978
            ],
            [
              73.739459,
              18.49163
            ],
            [
              73.739975,
              18.494462
            ],
            [
              73.74242,
              18.495978
            ],
            [
              73.740459,
              18.496156
            ],
            [
              73.739102,
              18.498335
            ],
            [
              73.740459,
              18.499558
            ],
            [
              73.741775,
              18.498661
            ],
            [
              73.742857,
              18.50058
            ],
            [
              73.74718,
              18.500978
            ],
            [
              73.746865,
              18.501978
            ],
            [
              73.739459,
              18.502405
            ],
            [
              73.738435,
              18.504978
            ],
            [
              73.736714,
              18.503978
            ],
            [
              73.737376,
              18.502978
            ],
            [
              73.736777,
              18.499659
            ],
            [
              73.734459,
              18.498566
            ],
            [
              73.73308,
              18.499978
            ],
            [
              73.732828,
              18.503347
            ],
            [
              73.731459,
              18.503514
            ],
            [
              73.729243,
              18.501762
            ],
            [
              73.72912,
              18.502978
            ],
            [
              73.730093,
              18.503978
            ],
            [
              73.728077,
              18.505978
            ],
            [
              73.727459,
              18.510466
            ],
            [
              73.725091,
              18.508345
            ],
            [
              73.723868,
              18.505978
            ],
            [
              73.724765,
              18.501978
            ],
            [
              73.723459,
              18.50071
            ],
            [
              73.72315,
              18.503978
            ],
            [
              73.720902,
              18.506421
            ],
            [
              73.720015,
              18.506421
            ],
            [
              73.717275,
              18.503794
            ],
            [
              73.716892,
              18.506411
            ],
            [
              73.712998,
              18.510978
            ],
            [
              73.714459,
              18.511538
            ],
            [
              73.715459,
              18.510629
            ],
            [
              73.718459,
              18.510809
            ],
            [
              73.71851,
              18.511927
            ],
            [
              73.71952,
              18.511978
            ],
            [
              73.718426,
              18.512011
            ],
            [
              73.718121,
              18.511316
            ],
            [
              73.716459,
              18.511276
            ],
            [
              73.714459,
              18.513408
            ],
            [
              73.713459,
              18.51245
            ],
            [
              73.711204,
              18.513233
            ],
            [
              73.710977,
              18.510978
            ],
            [
              73.71373,
              18.508249
            ],
            [
              73.714819,
              18.505978
            ],
            [
              73.713747,
              18.504978
            ],
            [
              73.71369,
              18.499978
            ],
            [
              73.712459,
              18.499775
            ],
            [
              73.712003,
              18.503522
            ],
            [
              73.710914,
              18.503522
            ],
            [
              73.71032,
              18.500839
            ],
            [
              73.707982,
              18.505501
            ],
            [
              73.702272,
              18.507791
            ],
            [
              73.699894,
              18.513413
            ],
            [
              73.69777,
              18.515289
            ],
            [
              73.696141,
              18.51566
            ],
            [
              73.696106,
              18.517331
            ],
            [
              73.697459,
              18.518684
            ],
            [
              73.699459,
              18.518766
            ],
            [
              73.69983,
              18.519607
            ],
            [
              73.701887,
              18.519978
            ],
            [
              73.699181,
              18.5207
            ],
            [
              73.699205,
              18.521978
            ],
            [
              73.697638,
              18.522978
            ],
            [
              73.697539,
              18.524898
            ],
            [
              73.698245,
              18.524978
            ],
            [
              73.697459,
              18.525268
            ]
          ]
        ],
        "type": "Polygon"
      },
      "type": "Feature"
    },
    {
      "properties": {
        "fill-opacity": 0.33,
        "fillColor": "#bf4040",
        "opacity": 0.33,
        "fill": "#bf4040",
        "fillOpacity": 0.33,
        "color": "#bf4040",
        "contour": 5.0,
        "metric": "distance",
        "provider_name": "Gypsy A Moto Pub",
        "zone_type": "distance",
        "distance_km": 5,
        "mode": "motorcycle",
        "center_lat": 18.4989782,
        "center_lon": 73.7114592,
        "label": "5km"
      },
      "geometry": {
        "coordinates": [
          [
            [
              73.703459,
              18.530796
            ],
            [
              73.702935,
              18.527501
            ],
            [
              73.702017,
              18.527536
            ],
            [
              73.701602,
              18.529121
            ],
            [
              73.700287,
              18.529149
            ],
            [
              73.700864,
              18.526572
            ],
            [
              73.698459,
              18.525475
            ],
            [
              73.697143,
              18.526294
            ],
            [
              73.696775,
              18.524662
            ],
            [
              73.695459,
              18.523529
            ],
            [
              73.691459,
              18.523417
            ],
            [
              73.690459,
              18.525273
            ],
            [
              73.689459,
              18.523338
            ],
            [
              73.688459,
              18.524246
            ],
            [
              73.686759,
              18.524278
            ],
            [
              73.686525,
              18.525044
            ],
            [
              73.685459,
              18.525614
            ],
            [
              73.685425,
              18.524944
            ],
            [
              73.686261,
              18.52478
            ],
            [
              73.686364,
              18.523883
            ],
            [
              73.688135,
              18.522978
            ],
            [
              73.68836,
              18.520076
            ],
            [
              73.687459,
              18.51995
            ],
            [
              73.685999,
              18.517978
            ],
            [
              73.687459,
              18.517487
            ],
            [
              73.688764,
              18.518283
            ],
            [
              73.688684,
              18.511752
            ],
            [
              73.686459,
              18.511609
            ],
            [
              73.685183,
              18.512702
            ],
            [
              73.684459,
              18.51729
            ],
            [
              73.683183,
              18.517253
            ],
            [
              73.681841,
              18.515595
            ],
            [
              73.681005,
              18.515524
            ],
            [
              73.680625,
              18.517812
            ],
            [
              73.681177,
              18.517978
            ],
            [
              73.680459,
              18.518814
            ],
            [
              73.678459,
              18.517199
            ],
            [
              73.674629,
              18.517148
            ],
            [
              73.673954,
              18.517978
            ],
            [
              73.673871,
              18.516978
            ],
            [
              73.675153,
              18.516672
            ],
            [
              73.676902,
              18.514421
            ],
            [
              73.676459,
              18.513359
            ],
            [
              73.671629,
              18.513148
            ],
            [
              73.671459,
              18.514324
            ],
            [
              73.670771,
              18.513978
            ],
            [
              73.671459,
              18.512452
            ],
            [
              73.67686,
              18.512379
            ],
            [
              73.677108,
              18.510978
            ],
            [
              73.676459,
              18.510182
            ],
            [
              73.675459,
              18.511041
            ],
            [
              73.674088,
              18.510978
            ],
            [
              73.675323,
              18.510842
            ],
            [
              73.67606,
              18.509579
            ],
            [
              73.67612,
              18.508316
            ],
            [
              73.67486,
              18.507978
            ],
            [
              73.675459,
              18.506459
            ],
            [
              73.676459,
              18.507047
            ],
            [
              73.676896,
              18.50854
            ],
            [
              73.678648,
              18.508978
            ],
            [
              73.677809,
              18.510978
            ],
            [
              73.678459,
              18.512524
            ],
            [
              73.679974,
              18.510978
            ],
            [
              73.680095,
              18.507978
            ],
            [
              73.679115,
              18.506634
            ],
            [
              73.680659,
              18.506777
            ],
            [
              73.681055,
              18.508381
            ],
            [
              73.685707,
              18.510226
            ],
            [
              73.68604,
              18.508559
            ],
            [
              73.689776,
              18.505295
            ],
            [
              73.691023,
              18.502978
            ],
            [
              73.691103,
              18.500978
            ],
            [
              73.691907,
              18.499978
            ],
            [
              73.691009,
              18.498978
            ],
            [
              73.690793,
              18.496643
            ],
            [
              73.689459,
              18.497429
            ],
            [
              73.688999,
              18.495978
            ],
            [
              73.69011,
              18.494629
            ],
            [
              73.69175,
              18.494269
            ],
            [
              73.693808,
              18.489978
            ],
            [
              73.693459,
              18.486664
            ],
            [
              73.691459,
              18.486641
            ],
            [
              73.690459,
              18.487614
            ],
            [
              73.689459,
              18.486616
            ],
            [
              73.684459,
              18.486529
            ],
            [
              73.683459,
              18.48944
            ],
            [
              73.682459,
              18.486487
            ],
            [
              73.679459,
              18.486397
            ],
            [
              73.678459,
              18.48731
            ],
            [
              73.676459,
              18.486256
            ],
            [
              73.675598,
              18.486978
            ],
            [
              73.675459,
              18.488444
            ],
            [
              73.67426,
              18.485177
            ],
            [
              73.672766,
              18.484978
            ],
            [
              73.674291,
              18.48481
            ],
            [
              73.674459,
              18.484033
            ],
            [
              73.674776,
              18.485661
            ],
            [
              73.675459,
              18.485763
            ],
            [
              73.681459,
              18.485498
            ],
            [
              73.682459,
              18.484489
            ],
            [
              73.684459,
              18.485426
            ],
            [
              73.689459,
              18.48534
            ],
            [
              73.690459,
              18.484342
            ],
            [
              73.691459,
              18.485314
            ],
            [
              73.694459,
              18.485291
            ],
            [
              73.695459,
              18.486271
            ],
            [
              73.697459,
              18.486254
            ],
            [
              73.697996,
              18.483515
            ],
            [
              73.699459,
              18.483287
            ],
            [
              73.70015,
              18.483978
            ],
            [
              73.699174,
              18.485978
            ],
            [
              73.700286,
              18.48715
            ],
            [
              73.702459,
              18.487222
            ],
            [
              73.703459,
              18.488211
            ],
            [
              73.706459,
              18.488194
            ],
            [
              73.708039,
              18.489398
            ],
            [
              73.708325,
              18.491112
            ],
            [
              73.710072,
              18.492364
            ],
            [
              73.710335,
              18.494102
            ],
            [
              73.712099,
              18.494338
            ],
            [
              73.712347,
              18.49809
            ],
            [
              73.715583,
              18.495102
            ],
            [
              73.713862,
              18.494574
            ],
            [
              73.713862,
              18.493381
            ],
            [
              73.714657,
              18.492978
            ],
            [
              73.713664,
              18.491978
            ],
            [
              73.713605,
              18.489831
            ],
            [
              73.707964,
              18.487473
            ],
            [
              73.706742,
              18.483694
            ],
            [
              73.705748,
              18.482978
            ],
            [
              73.706813,
              18.477624
            ],
            [
              73.705459,
              18.476573
            ],
            [
              73.703459,
              18.477486
            ],
            [
              73.702143,
              18.477293
            ],
            [
              73.70292,
              18.474978
            ],
            [
              73.701459,
              18.472443
            ],
            [
              73.697459,
              18.472236
            ],
            [
              73.696329,
              18.472978
            ],
            [
              73.696459,
              18.471788
            ],
            [
              73.702459,
              18.471477
            ],
            [
              73.704156,
              18.47328
            ],
            [
              73.705742,
              18.473261
            ],
            [
              73.706119,
              18.470638
            ],
            [
              73.708059,
              18.468978
            ],
            [
              73.705321,
              18.468115
            ],
            [
              73.705204,
              18.466233
            ],
            [
              73.704205,
              18.465978
            ],
            [
              73.704459,
              18.465227
            ],
            [
              73.704572,
              18.465864
            ],
            [
              73.705541,
              18.465896
            ],
            [
              73.705931,
              18.467505
            ],
            [
              73.708459,
              18.467621
            ],
            [
              73.709459,
              18.468599
            ],
            [
              73.711459,
              18.467754
            ],
            [
              73.715076,
              18.467978
            ],
            [
              73.711951,
              18.46847
            ],
            [
              73.711459,
              18.471123
            ],
            [
              73.709459,
              18.470392
            ],
            [
              73.707946,
              18.470978
            ],
            [
              73.709831,
              18.471606
            ],
            [
              73.709941,
              18.472495
            ],
            [
              73.709804,
              18.474323
            ],
            [
              73.708459,
              18.474521
            ],
            [
              73.708171,
              18.475266
            ],
            [
              73.711875,
              18.476562
            ],
            [
              73.712094,
              18.477342
            ],
            [
              73.713459,
              18.477328
            ],
            [
              73.714459,
              18.478309
            ],
            [
              73.716783,
              18.477978
            ],
            [
              73.713072,
              18.475364
            ],
            [
              73.713459,
              18.471467
            ],
            [
              73.714812,
              18.471625
            ],
            [
              73.715001,
              18.472978
            ],
            [
              73.714034,
              18.473978
            ],
            [
              73.715459,
              18.475353
            ],
            [
              73.718703,
              18.475222
            ],
            [
              73.720459,
              18.472401
            ],
            [
              73.721057,
              18.47538
            ],
            [
              73.722459,
              18.474416
            ],
            [
              73.723826,
              18.474611
            ],
            [
              73.72304,
              18.475978
            ],
            [
              73.723986,
              18.476978
            ],
            [
              73.723811,
              18.47833
            ],
            [
              73.722459,
              18.478517
            ],
            [
              73.721204,
              18.477723
            ],
            [
              73.721131,
              18.479978
            ],
            [
              73.723226,
              18.484211
            ],
            [
              73.725862,
              18.485574
            ],
            [
              73.727175,
              18.490262
            ],
            [
              73.728706,
              18.489225
            ],
            [
              73.729059,
              18.487578
            ],
            [
              73.730997,
              18.484978
            ],
            [
              73.730019,
              18.481418
            ],
            [
              73.729295,
              18.480978
            ],
            [
              73.729459,
              18.479137
            ],
            [
              73.730459,
              18.47856
            ],
            [
              73.730843,
              18.480593
            ],
            [
              73.731655,
              18.480978
            ],
            [
              73.730736,
              18.481978
            ],
            [
              73.731718,
              18.482719
            ],
            [
              73.732089,
              18.484348
            ],
            [
              73.736459,
              18.484704
            ],
            [
              73.736459,
              18.485252
            ],
            [
              73.733085,
              18.485604
            ],
            [
              73.73294,
              18.486978
            ],
            [
              73.734202,
              18.490235
            ],
            [
              73.736828,
              18.491609
            ],
            [
              73.737021,
              18.492978
            ],
            [
              73.735459,
              18.493554
            ],
            [
              73.734459,
              18.49258
            ],
            [
              73.733901,
              18.49442
            ],
            [
              73.732217,
              18.495219
            ],
            [
              73.736459,
              18.497304
            ],
            [
              73.737693,
              18.497212
            ],
            [
              73.738847,
              18.495978
            ],
            [
              73.737902,
              18.493978
            ],
            [
              73.737992,
              18.490978
            ],
            [
              73.73958,
              18.488856
            ],
            [
              73.740178,
              18.494258
            ],
            [
              73.741792,
              18.494645
            ],
            [
              73.743459,
              18.496508
            ],
            [
              73.744616,
              18.49482
            ],
            [
              73.745049,
              18.496387
            ],
            [
              73.746822,
              18.497978
            ],
            [
              73.745459,
              18.498366
            ],
            [
              73.744459,
              18.497414
            ],
            [
              73.743105,
              18.497624
            ],
            [
              73.74315,
              18.500287
            ],
            [
              73.747459,
              18.500486
            ],
            [
              73.750459,
              18.498639
            ],
            [
              73.751459,
              18.499664
            ],
            [
              73.752459,
              18.498807
            ],
            [
              73.754316,
              18.498835
            ],
            [
              73.754459,
              18.497764
            ],
            [
              73.756087,
              18.500606
            ],
            [
              73.755095,
              18.501342
            ],
            [
              73.754459,
              18.500694
            ],
            [
              73.754919,
              18.501978
            ],
            [
              73.753685,
              18.502204
            ],
            [
              73.753459,
              18.502926
            ],
            [
              73.753211,
              18.502226
            ],
            [
              73.751681,
              18.5022
            ],
            [
              73.751459,
              18.503713
            ],
            [
              73.751326,
              18.503111
            ],
            [
              73.749079,
              18.502598
            ],
            [
              73.74874,
              18.504978
            ],
            [
              73.750545,
              18.506064
            ],
            [
              73.747459,
              18.506271
            ],
            [
              73.746459,
              18.507188
            ],
            [
              73.746058,
              18.506378
            ],
            [
              73.744403,
              18.505978
            ],
            [
              73.745223,
              18.505742
            ],
            [
              73.745875,
              18.503561
            ],
            [
              73.744459,
              18.502497
            ],
            [
              73.74313,
              18.502649
            ],
            [
              73.74275,
              18.505978
            ],
            [
              73.74165,
              18.506978
            ],
            [
              73.741459,
              18.510495
            ],
            [
              73.740459,
              18.509414
            ],
            [
              73.737724,
              18.511243
            ],
            [
              73.737459,
              18.51259
            ],
            [
              73.736459,
              18.511439
            ],
            [
              73.737227,
              18.510746
            ],
            [
              73.737169,
              18.509268
            ],
            [
              73.735527,
              18.509046
            ],
            [
              73.735459,
              18.509525
            ],
            [
              73.735459,
              18.508727
            ],
            [
              73.735901,
              18.506978
            ],
            [
              73.738459,
              18.506657
            ],
            [
              73.738804,
              18.505632
            ],
            [
              73.735071,
              18.50559
            ],
            [
              73.734725,
              18.507244
            ],
            [
              73.732459,
              18.508206
            ],
            [
              73.730622,
              18.508141
            ],
            [
              73.730459,
              18.509478
            ],
            [
              73.730408,
              18.507927
            ],
            [
              73.731995,
              18.507514
            ],
            [
              73.734184,
              18.504703
            ],
            [
              73.736785,
              18.503304
            ],
            [
              73.736793,
              18.499978
            ],
            [
              73.735668,
              18.498769
            ],
            [
              73.734459,
              18.498686
            ],
            [
              73.733276,
              18.499795
            ],
            [
              73.73315,
              18.502978
            ],
            [
              73.732459,
              18.503669
            ],
            [
              73.731003,
              18.503433
            ],
            [
              73.729296,
              18.501815
            ],
            [
              73.729206,
              18.502978
            ],
            [
              73.730191,
              18.503978
            ],
            [
              73.72827,
              18.505789
            ],
            [
              73.728152,
              18.508978
            ],
            [
              73.727459,
              18.509671
            ],
            [
              73.724999,
              18.508438
            ],
            [
              73.723749,
              18.505978
            ],
            [
              73.724713,
              18.503978
            ],
            [
              73.724693,
              18.501978
            ],
            [
              73.723459,
              18.500766
            ],
            [
              73.722987,
              18.504506
            ],
            [
              73.720459,
              18.506727
            ],
            [
              73.717315,
              18.503834
            ],
            [
              73.716953,
              18.506472
            ],
            [
              73.713143,
              18.510978
            ],
            [
              73.714459,
              18.511337
            ],
            [
              73.715459,
              18.510372
            ],
            [
              73.718459,
              18.510432
            ],
            [
              73.719974,
              18.511978
            ],
            [
              73.718173,
              18.512264
            ],
            [
              73.716459,
              18.511565
            ],
            [
              73.714459,
              18.513615
            ],
            [
              73.713459,
              18.512632
            ],
            [
              73.711459,
              18.513541
            ],
            [
              73.7108,
              18.512978
            ],
            [
              73.71102,
              18.510539
            ],
            [
              73.713652,
              18.508171
            ],
            [
              73.714723,
              18.505978
            ],
            [
              73.713683,
              18.504978
            ],
            [
              73.713647,
              18.499978
            ],
            [
              73.712345,
              18.499864
            ],
            [
              73.712273,
              18.502978
            ],
            [
              73.711459,
              18.503792
            ],
            [
              73.71083,
              18.503607
            ],
            [
              73.710344,
              18.500863
            ],
            [
              73.709279,
              18.501978
            ],
            [
              73.709092,
              18.503611
            ],
            [
              73.708271,
              18.503978
            ],
            [
              73.708074,
              18.505593
            ],
            [
              73.702313,
              18.507832
            ],
            [
              73.699954,
              18.513473
            ],
            [
              73.697894,
              18.515413
            ],
            [
              73.696136,
              18.515978
            ],
            [
              73.696228,
              18.517209
            ],
            [
              73.697459,
              18.518392
            ],
            [
              73.702942,
              18.519978
            ],
            [
              73.701127,
              18.520646
            ],
            [
              73.699781,
              18.5223
            ],
            [
              73.698161,
              18.52268
            ],
            [
              73.698134,
              18.524303
            ],
            [
              73.701713,
              18.525723
            ],
            [
              73.702459,
              18.526649
            ],
            [
              73.703459,
              18.525743
            ],
            [
              73.705242,
              18.525761
            ],
            [
              73.705459,
              18.524317
            ],
            [
              73.706556,
              18.525978
            ],
            [
              73.706751,
              18.526978
            ],
            [
              73.705694,
              18.527213
            ],
            [
              73.705106,
              18.528978
            ],
            [
              73.703739,
              18.529258
            ],
            [
              73.703459,
              18.530796
            ]
          ]
        ],
        "type": "Polygon"
      },
      "type": "Feature"
    },
    {
      "properties": {
        "fill-opacity": 0.33,
        "fillColor": "#bf4040",
        "opacity": 0.33,
        "fill": "#bf4040",
        "fillOpacity": 0.33,
        "color": "#bf4040",
        "contour": 6.0,
        "metric": "distance",
        "provider_name": "Gypsy A Moto Pub",
        "zone_type": "distance",
        "distance_km": 6,
        "mode": "motorcycle",
        "center_lat": 18.4989782,
        "center_lon": 73.7114592,
        "label": "6km"
      },
      "geometry": {
        "coordinates": [
          [
            [
              73.708459,
              18.538044
            ],
            [
              73.708339,
              18.537098
            ],
            [
              73.706715,
              18.537234
            ],
            [
              73.706459,
              18.53796
            ],
            [
              73.704961,
              18.537475
            ],
            [
              73.704459,
              18.536978
            ],
            [
              73.705249,
              18.536768
            ],
            [
              73.705135,
              18.534978
            ],
            [
              73.704459,
              18.534359
            ],
            [
              73.703459,
              18.535272
            ],
            [
              73.701353,
              18.535084
            ],
            [
              73.702939,
              18.534458
            ],
            [
              73.704037,
              18.532978
            ],
            [
              73.703002,
              18.531978
            ],
            [
              73.702891,
              18.527978
            ],
            [
              73.702193,
              18.527712
            ],
            [
              73.701459,
              18.529538
            ],
            [
              73.700076,
              18.52936
            ],
            [
              73.69987,
              18.527978
            ],
            [
              73.700711,
              18.526726
            ],
            [
              73.698459,
              18.525643
            ],
            [
              73.697022,
              18.526415
            ],
            [
              73.696673,
              18.524763
            ],
            [
              73.695459,
              18.523668
            ],
            [
              73.691459,
              18.523619
            ],
            [
              73.690459,
              18.525564
            ],
            [
              73.689459,
              18.523587
            ],
            [
              73.687154,
              18.524673
            ],
            [
              73.685787,
              18.526306
            ],
            [
              73.684088,
              18.526607
            ],
            [
              73.683711,
              18.52823
            ],
            [
              73.681603,
              18.530122
            ],
            [
              73.679674,
              18.530193
            ],
            [
              73.679508,
              18.531027
            ],
            [
              73.678749,
              18.530978
            ],
            [
              73.679394,
              18.529913
            ],
            [
              73.680997,
              18.529516
            ],
            [
              73.681918,
              18.528437
            ],
            [
              73.682071,
              18.526978
            ],
            [
              73.68113,
              18.525978
            ],
            [
              73.682851,
              18.52537
            ],
            [
              73.683208,
              18.523727
            ],
            [
              73.684459,
              18.525507
            ],
            [
              73.6861,
              18.523619
            ],
            [
              73.687739,
              18.523258
            ],
            [
              73.687923,
              18.520978
            ],
            [
              73.685809,
              18.517978
            ],
            [
              73.687459,
              18.517315
            ],
            [
              73.688668,
              18.518187
            ],
            [
              73.688627,
              18.511809
            ],
            [
              73.686459,
              18.511708
            ],
            [
              73.685264,
              18.512783
            ],
            [
              73.685051,
              18.516978
            ],
            [
              73.682926,
              18.517978
            ],
            [
              73.684853,
              18.518978
            ],
            [
              73.681909,
              18.519978
            ],
            [
              73.68463,
              18.520807
            ],
            [
              73.684587,
              18.522106
            ],
            [
              73.681224,
              18.522212
            ],
            [
              73.678757,
              18.51768
            ],
            [
              73.675459,
              18.517522
            ],
            [
              73.672861,
              18.519978
            ],
            [
              73.67243,
              18.521006
            ],
            [
              73.673472,
              18.521991
            ],
            [
              73.671554,
              18.523073
            ],
            [
              73.670459,
              18.524964
            ],
            [
              73.669236,
              18.521978
            ],
            [
              73.672813,
              18.518332
            ],
            [
              73.672819,
              18.516617
            ],
            [
              73.671459,
              18.515456
            ],
            [
              73.670459,
              18.516398
            ],
            [
              73.668831,
              18.514606
            ],
            [
              73.667459,
              18.514373
            ],
            [
              73.666752,
              18.514978
            ],
            [
              73.667603,
              18.516978
            ],
            [
              73.666459,
              18.517987
            ],
            [
              73.665222,
              18.515215
            ],
            [
              73.663459,
              18.514167
            ],
            [
              73.662682,
              18.514201
            ],
            [
              73.662459,
              18.51523
            ],
            [
              73.661429,
              18.514007
            ],
            [
              73.663117,
              18.513636
            ],
            [
              73.663863,
              18.511382
            ],
            [
              73.664459,
              18.511368
            ],
            [
              73.664934,
              18.513503
            ],
            [
              73.669459,
              18.513508
            ],
            [
              73.669988,
              18.512978
            ],
            [
              73.669036,
              18.511978
            ],
            [
              73.670459,
              18.51053
            ],
            [
              73.672459,
              18.512433
            ],
            [
              73.676709,
              18.512228
            ],
            [
              73.676459,
              18.510534
            ],
            [
              73.675459,
              18.511494
            ],
            [
              73.672976,
              18.510978
            ],
            [
              73.674777,
              18.510296
            ],
            [
              73.675892,
              18.508978
            ],
            [
              73.675459,
              18.508501
            ],
            [
              73.670138,
              18.509299
            ],
            [
              73.667355,
              18.508081
            ],
            [
              73.667402,
              18.506921
            ],
            [
              73.668459,
              18.506679
            ],
            [
              73.669985,
              18.508452
            ],
            [
              73.671858,
              18.508377
            ],
            [
              73.672255,
              18.505978
            ],
            [
              73.671206,
              18.504978
            ],
            [
              73.672125,
              18.503978
            ],
            [
              73.671109,
              18.502327
            ],
            [
              73.669597,
              18.502116
            ],
            [
              73.669459,
              18.502648
            ],
            [
              73.669149,
              18.501668
            ],
            [
              73.672911,
              18.50243
            ],
            [
              73.672953,
              18.501483
            ],
            [
              73.670944,
              18.498978
            ],
            [
              73.672459,
              18.498431
            ],
            [
              73.675148,
              18.498978
            ],
            [
              73.673602,
              18.499121
            ],
            [
              73.674459,
              18.500784
            ],
            [
              73.67513,
              18.500649
            ],
            [
              73.675459,
              18.499054
            ],
            [
              73.675618,
              18.499819
            ],
            [
              73.677097,
              18.499978
            ],
            [
              73.676565,
              18.500978
            ],
            [
              73.677624,
              18.501978
            ],
            [
              73.677643,
              18.503978
            ],
            [
              73.680659,
              18.504778
            ],
            [
              73.679809,
              18.505978
            ],
            [
              73.680851,
              18.506585
            ],
            [
              73.681207,
              18.508229
            ],
            [
              73.685639,
              18.510158
            ],
            [
              73.685973,
              18.508492
            ],
            [
              73.689674,
              18.505193
            ],
            [
              73.690819,
              18.502978
            ],
            [
              73.690851,
              18.500978
            ],
            [
              73.691768,
              18.499978
            ],
            [
              73.690814,
              18.498978
            ],
            [
              73.690681,
              18.496755
            ],
            [
              73.689459,
              18.497624
            ],
            [
              73.688809,
              18.495978
            ],
            [
              73.690007,
              18.494526
            ],
            [
              73.691661,
              18.49418
            ],
            [
              73.693718,
              18.489978
            ],
            [
              73.693459,
              18.486739
            ],
            [
              73.691459,
              18.486726
            ],
            [
              73.690459,
              18.487711
            ],
            [
              73.689459,
              18.486712
            ],
            [
              73.684459,
              18.486668
            ],
            [
              73.683459,
              18.489628
            ],
            [
              73.682459,
              18.486648
            ],
            [
              73.679459,
              18.486611
            ],
            [
              73.678459,
              18.487577
            ],
            [
              73.676459,
              18.486558
            ],
            [
              73.675879,
              18.490978
            ],
            [
              73.677672,
              18.493978
            ],
            [
              73.676459,
              18.494224
            ],
            [
              73.675896,
              18.492541
            ],
            [
              73.674202,
              18.491234
            ],
            [
              73.673839,
              18.489597
            ],
            [
              73.671799,
              18.488978
            ],
            [
              73.674785,
              18.487304
            ],
            [
              73.673773,
              18.485664
            ],
            [
              73.672096,
              18.485615
            ],
            [
              73.671459,
              18.488578
            ],
            [
              73.670728,
              18.487978
            ],
            [
              73.670831,
              18.484606
            ],
            [
              73.66901,
              18.484529
            ],
            [
              73.668649,
              18.486788
            ],
            [
              73.669411,
              18.486978
            ],
            [
              73.668611,
              18.48713
            ],
            [
              73.667928,
              18.484509
            ],
            [
              73.665459,
              18.485037
            ],
            [
              73.665322,
              18.484115
            ],
            [
              73.664585,
              18.483978
            ],
            [
              73.664459,
              18.482312
            ],
            [
              73.664601,
              18.482836
            ],
            [
              73.66701,
              18.482529
            ],
            [
              73.667459,
              18.479762
            ],
            [
              73.669017,
              18.48342
            ],
            [
              73.670459,
              18.48355
            ],
            [
              73.671246,
              18.481765
            ],
            [
              73.673338,
              18.479857
            ],
            [
              73.674288,
              18.479807
            ],
            [
              73.674459,
              18.478477
            ],
            [
              73.674535,
              18.479978
            ],
            [
              73.672016,
              18.482535
            ],
            [
              73.671895,
              18.483978
            ],
            [
              73.673783,
              18.484302
            ],
            [
              73.674459,
              18.481542
            ],
            [
              73.675459,
              18.485418
            ],
            [
              73.681459,
              18.48532
            ],
            [
              73.682459,
              18.484316
            ],
            [
              73.684459,
              18.485287
            ],
            [
              73.689459,
              18.485244
            ],
            [
              73.690459,
              18.484245
            ],
            [
              73.691459,
              18.485229
            ],
            [
              73.694459,
              18.485216
            ],
            [
              73.695459,
              18.486204
            ],
            [
              73.697459,
              18.486194
            ],
            [
              73.697928,
              18.483447
            ],
            [
              73.699459,
              18.483214
            ],
            [
              73.700223,
              18.483978
            ],
            [
              73.699237,
              18.485978
            ],
            [
              73.700322,
              18.487115
            ],
            [
              73.703066,
              18.48737
            ],
            [
              73.703459,
              18.488167
            ],
            [
              73.707103,
              18.488333
            ],
            [
              73.708112,
              18.489325
            ],
            [
              73.708347,
              18.491089
            ],
            [
              73.710135,
              18.492302
            ],
            [
              73.710354,
              18.494082
            ],
            [
              73.712154,
              18.494283
            ],
            [
              73.712363,
              18.498074
            ],
            [
              73.715564,
              18.495083
            ],
            [
              73.713794,
              18.494642
            ],
            [
              73.713794,
              18.493313
            ],
            [
              73.714624,
              18.492978
            ],
            [
              73.713799,
              18.492637
            ],
            [
              73.713579,
              18.489858
            ],
            [
              73.707868,
              18.487568
            ],
            [
              73.706679,
              18.483757
            ],
            [
              73.705683,
              18.482978
            ],
            [
              73.70672,
              18.477716
            ],
            [
              73.705459,
              18.47669
            ],
            [
              73.703459,
              18.477648
            ],
            [
              73.702022,
              18.477414
            ],
            [
              73.702774,
              18.474978
            ],
            [
              73.701459,
              18.472629
            ],
            [
              73.697459,
              18.472552
            ],
            [
              73.696459,
              18.473513
            ],
            [
              73.695924,
              18.472978
            ],
            [
              73.696459,
              18.471425
            ],
            [
              73.702459,
              18.471311
            ],
            [
              73.704251,
              18.473186
            ],
            [
              73.705658,
              18.473177
            ],
            [
              73.706011,
              18.47053
            ],
            [
              73.707834,
              18.468978
            ],
            [
              73.706068,
              18.468369
            ],
            [
              73.704768,
              18.466668
            ],
            [
              73.702459,
              18.466418
            ],
            [
              73.700459,
              18.468295
            ],
            [
              73.698459,
              18.468192
            ],
            [
              73.698166,
              18.46727
            ],
            [
              73.696682,
              18.466978
            ],
            [
              73.698459,
              18.466838
            ],
            [
              73.699459,
              18.467701
            ],
            [
              73.701194,
              18.465713
            ],
            [
              73.703459,
              18.464502
            ],
            [
              73.705814,
              18.465623
            ],
            [
              73.706031,
              18.467405
            ],
            [
              73.708459,
              18.467369
            ],
            [
              73.709459,
              18.468361
            ],
            [
              73.711459,
              18.467415
            ],
            [
              73.715785,
              18.467652
            ],
            [
              73.715459,
              18.468467
            ],
            [
              73.712172,
              18.468691
            ],
            [
              73.711818,
              18.471337
            ],
            [
              73.710047,
              18.471566
            ],
            [
              73.709909,
              18.474428
            ],
            [
              73.708168,
              18.474978
            ],
            [
              73.711943,
              18.476493
            ],
            [
              73.712192,
              18.477245
            ],
            [
              73.713459,
              18.477237
            ],
            [
              73.714459,
              18.478226
            ],
            [
              73.716704,
              18.477978
            ],
            [
              73.712755,
              18.474978
            ],
            [
              73.712787,
              18.471978
            ],
            [
              73.713459,
              18.471306
            ],
            [
              73.714912,
              18.471524
            ],
            [
              73.715145,
              18.472978
            ],
            [
              73.71416,
              18.473978
            ],
            [
              73.715459,
              18.475251
            ],
            [
              73.718638,
              18.475157
            ],
            [
              73.720459,
              18.472275
            ],
            [
              73.721161,
              18.472978
            ],
            [
              73.721172,
              18.475264
            ],
            [
              73.722459,
              18.474283
            ],
            [
              73.723919,
              18.474518
            ],
            [
              73.723164,
              18.475978
            ],
            [
              73.724138,
              18.477978
            ],
            [
              73.722459,
              18.478662
            ],
            [
              73.721275,
              18.477794
            ],
            [
              73.721212,
              18.479978
            ],
            [
              73.72419,
              18.485246
            ],
            [
              73.725937,
              18.4855
            ],
            [
              73.727459,
              18.490231
            ],
            [
              73.728639,
              18.489158
            ],
            [
              73.730823,
              18.483978
            ],
            [
              73.72879,
              18.479647
            ],
            [
              73.727159,
              18.479277
            ],
            [
              73.725152,
              18.476978
            ],
            [
              73.726327,
              18.474846
            ],
            [
              73.727657,
              18.474779
            ],
            [
              73.728459,
              18.475856
            ],
            [
              73.729095,
              18.474978
            ],
            [
              73.728057,
              18.47338
            ],
            [
              73.726432,
              18.473004
            ],
            [
              73.726312,
              18.471978
            ],
            [
              73.727548,
              18.471889
            ],
            [
              73.727685,
              18.472752
            ],
            [
              73.72966,
              18.473777
            ],
            [
              73.730874,
              18.475978
            ],
            [
              73.730996,
              18.479978
            ],
            [
              73.732013,
              18.480978
            ],
            [
              73.731039,
              18.481978
            ],
            [
              73.732221,
              18.484216
            ],
            [
              73.736459,
              18.484398
            ],
            [
              73.736739,
              18.484978
            ],
            [
              73.736459,
              18.485557
            ],
            [
              73.733219,
              18.485738
            ],
            [
              73.733138,
              18.487657
            ],
            [
              73.734273,
              18.490163
            ],
            [
              73.73692,
              18.491517
            ],
            [
              73.737154,
              18.492978
            ],
            [
              73.735459,
              18.49368
            ],
            [
              73.734459,
              18.492693
            ],
            [
              73.733958,
              18.494477
            ],
            [
              73.732281,
              18.495155
            ],
            [
              73.736459,
              18.497224
            ],
            [
              73.737632,
              18.497151
            ],
            [
              73.738739,
              18.495978
            ],
            [
              73.737766,
              18.493978
            ],
            [
              73.737806,
              18.490978
            ],
            [
              73.739459,
              18.488626
            ],
            [
              73.740085,
              18.488978
            ],
            [
              73.740261,
              18.494175
            ],
            [
              73.741903,
              18.494534
            ],
            [
              73.743459,
              18.496324
            ],
            [
              73.744081,
              18.4946
            ],
            [
              73.744837,
              18.4946
            ],
            [
              73.745205,
              18.496232
            ],
            [
              73.746519,
              18.497038
            ],
            [
              73.747459,
              18.496692
            ],
            [
              73.747552,
              18.497885
            ],
            [
              73.749126,
              18.497645
            ],
            [
              73.751199,
              18.494718
            ],
            [
              73.754855,
              18.495374
            ],
            [
              73.754015,
              18.493421
            ],
            [
              73.752144,
              18.492978
            ],
            [
              73.752407,
              18.491926
            ],
            [
              73.75427,
              18.491789
            ],
            [
              73.754459,
              18.490895
            ],
            [
              73.754839,
              18.492598
            ],
            [
              73.756459,
              18.49303
            ],
            [
              73.756757,
              18.491276
            ],
            [
              73.758459,
              18.490906
            ],
            [
              73.758866,
              18.49357
            ],
            [
              73.760258,
              18.493777
            ],
            [
              73.760459,
              18.49313
            ],
            [
              73.760564,
              18.493978
            ],
            [
              73.758924,
              18.494443
            ],
            [
              73.758671,
              18.49619
            ],
            [
              73.756906,
              18.497978
            ],
            [
              73.756945,
              18.499978
            ],
            [
              73.758086,
              18.501351
            ],
            [
              73.759459,
              18.501596
            ],
            [
              73.760459,
              18.499988
            ],
            [
              73.762459,
              18.499663
            ],
            [
              73.763387,
              18.500978
            ],
            [
              73.763235,
              18.503202
            ],
            [
              73.764554,
              18.504073
            ],
            [
              73.764559,
              18.504978
            ],
            [
              73.763587,
              18.505106
            ],
            [
              73.763237,
              18.5042
            ],
            [
              73.759459,
              18.503311
            ],
            [
              73.758459,
              18.50522
            ],
            [
              73.757891,
              18.503545
            ],
            [
              73.757012,
              18.503531
            ],
            [
              73.756494,
              18.507013
            ],
            [
              73.755459,
              18.505143
            ],
            [
              73.753779,
              18.506978
            ],
            [
              73.753643,
              18.508978
            ],
            [
              73.752775,
              18.509294
            ],
            [
              73.752459,
              18.511033
            ],
            [
              73.752294,
              18.508978
            ],
            [
              73.753193,
              18.507978
            ],
            [
              73.752961,
              18.502978
            ],
            [
              73.752148,
              18.502667
            ],
            [
              73.75079,
              18.507978
            ],
            [
              73.749591,
              18.51011
            ],
            [
              73.748747,
              18.510266
            ],
            [
              73.748459,
              18.511956
            ],
            [
              73.748318,
              18.509978
            ],
            [
              73.750081,
              18.506978
            ],
            [
              73.747459,
              18.506564
            ],
            [
              73.746459,
              18.507537
            ],
            [
              73.744116,
              18.506321
            ],
            [
              73.745855,
              18.503978
            ],
            [
              73.744459,
              18.502653
            ],
            [
              73.742243,
              18.502762
            ],
            [
              73.743061,
              18.503978
            ],
            [
              73.743044,
              18.505978
            ],
            [
              73.742012,
              18.506978
            ],
            [
              73.74194,
              18.510978
            ],
            [
              73.744757,
              18.513978
            ],
            [
              73.742969,
              18.514488
            ],
            [
              73.743199,
              18.515978
            ],
            [
              73.742459,
              18.516117
            ],
            [
              73.742072,
              18.512978
            ],
            [
              73.739812,
              18.510625
            ],
            [
              73.738148,
              18.511667
            ],
            [
              73.737459,
              18.513466
            ],
            [
              73.736138,
              18.513298
            ],
            [
              73.735958,
              18.510479
            ],
            [
              73.734459,
              18.511424
            ],
            [
              73.733175,
              18.511262
            ],
            [
              73.733163,
              18.509682
            ],
            [
              73.73495,
              18.508978
            ],
            [
              73.734794,
              18.507643
            ],
            [
              73.731143,
              18.508662
            ],
            [
              73.731937,
              18.509978
            ],
            [
              73.731459,
              18.510456
            ],
            [
              73.729973,
              18.509978
            ],
            [
              73.730112,
              18.507631
            ],
            [
              73.731748,
              18.507267
            ],
            [
              73.734039,
              18.504558
            ],
            [
              73.736678,
              18.503197
            ],
            [
              73.736709,
              18.499978
            ],
            [
              73.735618,
              18.498819
            ],
            [
              73.734459,
              18.498752
            ],
            [
              73.733315,
              18.499834
            ],
            [
              73.732987,
              18.503506
            ],
            [
              73.731459,
              18.503737
            ],
            [
              73.729328,
              18.501847
            ],
            [
              73.729257,
              18.502978
            ],
            [
              73.730247,
              18.503978
            ],
            [
              73.728312,
              18.505831
            ],
            [
              73.728224,
              18.508978
            ],
            [
              73.727459,
              18.509743
            ],
            [
              73.725944,
              18.509492
            ],
            [
              73.723909,
              18.506528
            ],
            [
              73.724649,
              18.501978
            ],
            [
              73.723577,
              18.500859
            ],
            [
              73.723077,
              18.504596
            ],
            [
              73.721058,
              18.506577
            ],
            [
              73.71986,
              18.506577
            ],
            [
              73.71734,
              18.503859
            ],
            [
              73.717047,
              18.506566
            ],
            [
              73.715315,
              18.507834
            ],
            [
              73.715009,
              18.509528
            ],
            [
              73.713217,
              18.510978
            ],
            [
              73.718459,
              18.51029
            ],
            [
              73.720132,
              18.511978
            ],
            [
              73.718459,
              18.512582
            ],
            [
              73.716459,
              18.511686
            ],
            [
              73.714459,
              18.513712
            ],
            [
              73.713459,
              18.512721
            ],
            [
              73.712292,
              18.512811
            ],
            [
              73.711459,
              18.513833
            ],
            [
              73.710713,
              18.512978
            ],
            [
              73.710962,
              18.510481
            ],
            [
              73.713608,
              18.508127
            ],
            [
              73.713895,
              18.506414
            ],
            [
              73.714668,
              18.505978
            ],
            [
              73.713642,
              18.504978
            ],
            [
              73.713617,
              18.499978
            ],
            [
              73.71231,
              18.499978
            ],
            [
              73.712146,
              18.503665
            ],
            [
              73.710772,
              18.503665
            ],
            [
              73.710361,
              18.50088
            ],
            [
              73.709306,
              18.501978
            ],
            [
              73.709149,
              18.503668
            ],
            [
              73.7083,
              18.503978
            ],
            [
              73.708136,
              18.505655
            ],
            [
              73.702339,
              18.507858
            ],
            [
              73.700049,
              18.513568
            ],
            [
              73.697953,
              18.515472
            ],
            [
              73.696215,
              18.515978
            ],
            [
              73.696287,
              18.517149
            ],
            [
              73.697459,
              18.518271
            ],
            [
              73.699459,
              18.519286
            ],
            [
              73.702898,
              18.519538
            ],
            [
              73.702898,
              18.520417
            ],
            [
              73.701237,
              18.520756
            ],
            [
              73.699898,
              18.522417
            ],
            [
              73.698148,
              18.522978
            ],
            [
              73.69824,
              18.524196
            ],
            [
              73.702459,
              18.526379
            ],
            [
              73.70477,
              18.525289
            ],
            [
              73.705133,
              18.523652
            ],
            [
              73.706855,
              18.522374
            ],
            [
              73.70732,
              18.518839
            ],
            [
              73.709234,
              18.518753
            ],
            [
              73.70952,
              18.517916
            ],
            [
              73.71015,
              18.517978
            ],
            [
              73.709535,
              18.518054
            ],
            [
              73.709532,
              18.519051
            ],
            [
              73.70773,
              18.519978
            ],
            [
              73.708085,
              18.524351
            ],
            [
              73.709459,
              18.524586
            ],
            [
              73.712459,
              18.522774
            ],
            [
              73.714459,
              18.522872
            ],
            [
              73.714442,
              18.522994
            ],
            [
              73.713711,
              18.52323
            ],
            [
              73.713459,
              18.524104
            ],
            [
              73.711459,
              18.524274
            ],
            [
              73.710459,
              18.525325
            ],
            [
              73.707942,
              18.525978
            ],
            [
              73.710705,
              18.526731
            ],
            [
              73.713459,
              18.528804
            ],
            [
              73.715556,
              18.528978
            ],
            [
              73.714722,
              18.529978
            ],
            [
              73.712459,
              18.530469
            ],
            [
              73.711582,
              18.531978
            ],
            [
              73.710459,
              18.532359
            ],
            [
              73.709947,
              18.53049
            ],
            [
              73.707459,
              18.529381
            ],
            [
              73.70398,
              18.529978
            ],
            [
              73.704102,
              18.531335
            ],
            [
              73.705049,
              18.531568
            ],
            [
              73.705459,
              18.530959
            ],
            [
              73.705763,
              18.532673
            ],
            [
              73.706964,
              18.533473
            ],
            [
              73.710468,
              18.533978
            ],
            [
              73.707785,
              18.535304
            ],
            [
              73.707731,
              18.536705
            ],
            [
              73.708962,
              18.536978
            ],
            [
              73.708459,
              18.538044
            ]
          ]
        ],
        "type": "Polygon"
      },
      "type": "Feature"
    }
  ]
}