{
  "type": "FeatureCollection",
  "metadata": {
    "provider_name": "Domino's Pizza",
    "center_lat": 31.129725,
    "center_lon": 75.479819,
    "mode": "motorcycle",
    "total_zones": 4,
    "distance_zones": [
      3,
      4,
      5,
      6
    ],
    "generated_at": "2025-12-28T07:21:52.003489Z"
  },
  "features": [
    {
      "properties": {
        "fill-opacity": 0.33,
        "fillColor": "#bf4040",
        "opacity": 0.33,
        "fill": "#bf4040",
        "fillOpacity": 0.33,
        "color": "#bf4040",
        "contour": 3.0,
        "metric": "distance",
        "provider_name": "Domino's Pizza",
        "zone_type": "distance",
        "distance_km": 3,
        "mode": "motorcycle",
        "center_lat": 31.129725,
        "center_lon": 75.479819,
        "label": "3km"
      },
      "geometry": {
        "coordinates": [
          [
            [
              75.490819,
              31.154007
            ],
            [
              75.490536,
              31.152007
            ],
            [
              75.4896,
              31.151725
            ],
            [
              75.489207,
              31.148336
            ],
            [
              75.487819,
              31.147172
            ],
            [
              75.484545,
              31.146998
            ],
            [
              75.483819,
              31.14502
            ],
            [
              75.480819,
              31.144825
            ],
            [
              75.480709,
              31.143834
            ],
            [
              75.479819,
              31.143752
            ],
            [
              75.478819,
              31.14542
            ],
            [
              75.477819,
              31.145164
            ],
            [
              75.476819,
              31.146294
            ],
            [
              75.475819,
              31.145219
            ],
            [
              75.474819,
              31.146292
            ],
            [
              75.472551,
              31.145993
            ],
            [
              75.472548,
              31.145454
            ],
            [
              75.474188,
              31.145094
            ],
            [
              75.476183,
              31.138725
            ],
            [
              75.475168,
              31.137725
            ],
            [
              75.475023,
              31.13452
            ],
            [
              75.472379,
              31.134164
            ],
            [
              75.468819,
              31.131342
            ],
            [
              75.463118,
              31.133725
            ],
            [
              75.463358,
              31.138185
            ],
            [
              75.465943,
              31.139849
            ],
            [
              75.46411,
              31.141016
            ],
            [
              75.463819,
              31.142768
            ],
            [
              75.462181,
              31.135362
            ],
            [
              75.460431,
              31.135337
            ],
            [
              75.457978,
              31.137884
            ],
            [
              75.456606,
              31.137937
            ],
            [
              75.459544,
              31.13445
            ],
            [
              75.461177,
              31.134083
            ],
            [
              75.462819,
              31.13221
            ],
            [
              75.466214,
              31.130725
            ],
            [
              75.464446,
              31.130097
            ],
            [
              75.465244,
              31.127725
            ],
            [
              75.463155,
              31.125388
            ],
            [
              75.460819,
              31.124192
            ],
            [
              75.455819,
              31.124906
            ],
            [
              75.455506,
              31.124037
            ],
            [
              75.453517,
              31.123725
            ],
            [
              75.455819,
              31.122408
            ],
            [
              75.456819,
              31.124491
            ],
            [
              75.457819,
              31.123432
            ],
            [
              75.460819,
              31.123257
            ],
            [
              75.461178,
              31.122365
            ],
            [
              75.457819,
              31.12207
            ],
            [
              75.456819,
              31.121019
            ],
            [
              75.454819,
              31.121296
            ],
            [
              75.454597,
              31.119946
            ],
            [
              75.452792,
              31.119725
            ],
            [
              75.454819,
              31.119625
            ],
            [
              75.455182,
              31.120361
            ],
            [
              75.457819,
              31.120417
            ],
            [
              75.458819,
              31.121334
            ],
            [
              75.461819,
              31.121269
            ],
            [
              75.462819,
              31.122224
            ],
            [
              75.463819,
              31.121212
            ],
            [
              75.467819,
              31.124112
            ],
            [
              75.471068,
              31.122974
            ],
            [
              75.470819,
              31.122249
            ],
            [
              75.46751,
              31.122033
            ],
            [
              75.467819,
              31.121262
            ],
            [
              75.470137,
              31.121043
            ],
            [
              75.470144,
              31.120399
            ],
            [
              75.468198,
              31.118345
            ],
            [
              75.466571,
              31.117972
            ],
            [
              75.465297,
              31.116246
            ],
            [
              75.462476,
              31.115725
            ],
            [
              75.462443,
              31.114725
            ],
            [
              75.46614,
              31.114725
            ],
            [
              75.466086,
              31.115725
            ],
            [
              75.467406,
              31.117137
            ],
            [
              75.4691,
              31.117443
            ],
            [
              75.471291,
              31.119197
            ],
            [
              75.472273,
              31.117725
            ],
            [
              75.470644,
              31.116899
            ],
            [
              75.469167,
              31.113725
            ],
            [
              75.471225,
              31.113131
            ],
            [
              75.471525,
              31.110725
            ],
            [
              75.470819,
              31.10994
            ],
            [
              75.468713,
              31.109619
            ],
            [
              75.470439,
              31.109345
            ],
            [
              75.470819,
              31.107015
            ],
            [
              75.471103,
              31.10844
            ],
            [
              75.472764,
              31.10867
            ],
            [
              75.472819,
              31.107839
            ],
            [
              75.472863,
              31.10868
            ],
            [
              75.472163,
              31.111725
            ],
            [
              75.472819,
              31.112347
            ],
            [
              75.476819,
              31.112514
            ],
            [
              75.478819,
              31.11457
            ],
            [
              75.479819,
              31.112837
            ],
            [
              75.48051,
              31.113033
            ],
            [
              75.482443,
              31.1151
            ],
            [
              75.485741,
              31.113725
            ],
            [
              75.483135,
              31.116725
            ],
            [
              75.483441,
              31.118102
            ],
            [
              75.484819,
              31.119228
            ],
            [
              75.485563,
              31.117469
            ],
            [
              75.486819,
              31.118301
            ],
            [
              75.489284,
              31.11719
            ],
            [
              75.49179,
              31.114696
            ],
            [
              75.492636,
              31.114725
            ],
            [
              75.491907,
              31.114813
            ],
            [
              75.491894,
              31.1158
            ],
            [
              75.490106,
              31.117725
            ],
            [
              75.490819,
              31.122164
            ],
            [
              75.49314,
              31.122046
            ],
            [
              75.493819,
              31.120255
            ],
            [
              75.494491,
              31.122052
            ],
            [
              75.496819,
              31.122266
            ],
            [
              75.497819,
              31.1213
            ],
            [
              75.499819,
              31.121372
            ],
            [
              75.500819,
              31.120436
            ],
            [
              75.503585,
              31.120491
            ],
            [
              75.503819,
              31.119681
            ],
            [
              75.505231,
              31.119725
            ],
            [
              75.503913,
              31.119819
            ],
            [
              75.503895,
              31.120801
            ],
            [
              75.501819,
              31.120984
            ],
            [
              75.500819,
              31.122027
            ],
            [
              75.498429,
              31.122335
            ],
            [
              75.499819,
              31.124459
            ],
            [
              75.502863,
              31.12468
            ],
            [
              75.503013,
              31.126531
            ],
            [
              75.503679,
              31.126725
            ],
            [
              75.502819,
              31.127843
            ],
            [
              75.500363,
              31.128269
            ],
            [
              75.498285,
              31.130725
            ],
            [
              75.502135,
              31.131408
            ],
            [
              75.502819,
              31.132452
            ],
            [
              75.505819,
              31.132637
            ],
            [
              75.506252,
              31.133725
            ],
            [
              75.505811,
              31.133733
            ],
            [
              75.505643,
              31.1329
            ],
            [
              75.504212,
              31.133118
            ],
            [
              75.503819,
              31.135596
            ],
            [
              75.503366,
              31.133177
            ],
            [
              75.501819,
              31.133038
            ],
            [
              75.500819,
              31.132097
            ],
            [
              75.496819,
              31.132247
            ],
            [
              75.495819,
              31.133271
            ],
            [
              75.490819,
              31.13335
            ],
            [
              75.488474,
              31.134725
            ],
            [
              75.499819,
              31.135369
            ],
            [
              75.502273,
              31.137271
            ],
            [
              75.504033,
              31.13751
            ],
            [
              75.501819,
              31.137956
            ],
            [
              75.498819,
              31.136123
            ],
            [
              75.495819,
              31.136217
            ],
            [
              75.492819,
              31.138246
            ],
            [
              75.491819,
              31.137288
            ],
            [
              75.488544,
              31.13945
            ],
            [
              75.488819,
              31.140139
            ],
            [
              75.490819,
              31.139198
            ],
            [
              75.49329,
              31.139725
            ],
            [
              75.492819,
              31.141163
            ],
            [
              75.491819,
              31.140225
            ],
            [
              75.490819,
              31.141269
            ],
            [
              75.488545,
              31.141451
            ],
            [
              75.488379,
              31.143725
            ],
            [
              75.489487,
              31.145056
            ],
            [
              75.493269,
              31.145175
            ],
            [
              75.492819,
              31.142566
            ],
            [
              75.494048,
              31.143725
            ],
            [
              75.494355,
              31.146188
            ],
            [
              75.495281,
              31.147262
            ],
            [
              75.496894,
              31.147649
            ],
            [
              75.496992,
              31.148551
            ],
            [
              75.497983,
              31.148725
            ],
            [
              75.49673,
              31.148814
            ],
            [
              75.496574,
              31.147969
            ],
            [
              75.495237,
              31.148143
            ],
            [
              75.495054,
              31.149489
            ],
            [
              75.495864,
              31.149679
            ],
            [
              75.495819,
              31.150861
            ],
            [
              75.495724,
              31.149819
            ],
            [
              75.494742,
              31.149801
            ],
            [
              75.494343,
              31.1482
            ],
            [
              75.492235,
              31.146308
            ],
            [
              75.490456,
              31.146362
            ],
            [
              75.489978,
              31.150565
            ],
            [
              75.490922,
              31.151725
            ],
            [
              75.490819,
              31.154007
            ]
          ]
        ],
        "type": "Polygon"
      },
      "type": "Feature"
    },
    {
      "properties": {
        "fill-opacity": 0.33,
        "fillColor": "#bf4040",
        "opacity": 0.33,
        "fill": "#bf4040",
        "fillOpacity": 0.33,
        "color": "#bf4040",
        "contour": 4.0,
        "metric": "distance",
        "provider_name": "Domino's Pizza",
        "zone_type": "distance",
        "distance_km": 4,
        "mode": "motorcycle",
        "center_lat": 31.129725,
        "center_lon": 75.479819,
        "label": "4km"
      },
      "geometry": {
        "coordinates": [
          [
            [
              75.495819,
              31.162054
            ],
            [
              75.495689,
              31.160854
            ],
            [
              75.493671,
              31.159872
            ],
            [
              75.492211,
              31.156332
            ],
            [
              75.490499,
              31.155044
            ],
            [
              75.490285,
              31.152725
            ],
            [
              75.489257,
              31.151725
            ],
            [
              75.489205,
              31.148725
            ],
            [
              75.48783,
              31.147713
            ],
            [
              75.480454,
              31.14836
            ],
            [
              75.480056,
              31.151725
            ],
            [
              75.4809,
              31.152725
            ],
            [
              75.480819,
              31.154459
            ],
            [
              75.480642,
              31.152901
            ],
            [
              75.479652,
              31.152725
            ],
            [
              75.479197,
              31.148346
            ],
            [
              75.471839,
              31.146704
            ],
            [
              75.471637,
              31.143906
            ],
            [
              75.47074,
              31.143803
            ],
            [
              75.47029,
              31.141253
            ],
            [
              75.464819,
              31.141227
            ],
            [
              75.464258,
              31.144725
            ],
            [
              75.463396,
              31.145147
            ],
            [
              75.463251,
              31.139725
            ],
            [
              75.462227,
              31.138725
            ],
            [
              75.461819,
              31.135372
            ],
            [
              75.460573,
              31.135479
            ],
            [
              75.458819,
              31.137322
            ],
            [
              75.457397,
              31.137303
            ],
            [
              75.451368,
              31.143274
            ],
            [
              75.451231,
              31.144312
            ],
            [
              75.452819,
              31.145993
            ],
            [
              75.451759,
              31.145784
            ],
            [
              75.451544,
              31.144999
            ],
            [
              75.449819,
              31.144935
            ],
            [
              75.448819,
              31.145814
            ],
            [
              75.447898,
              31.145804
            ],
            [
              75.447819,
              31.146234
            ],
            [
              75.447791,
              31.145697
            ],
            [
              75.448634,
              31.14554
            ],
            [
              75.449575,
              31.143725
            ],
            [
              75.447819,
              31.141395
            ],
            [
              75.448864,
              31.141679
            ],
            [
              75.449109,
              31.142434
            ],
            [
              75.451251,
              31.142157
            ],
            [
              75.454479,
              31.138385
            ],
            [
              75.456269,
              31.138175
            ],
            [
              75.459399,
              31.134305
            ],
            [
              75.461052,
              31.133958
            ],
            [
              75.465017,
              31.130923
            ],
            [
              75.464125,
              31.129725
            ],
            [
              75.465117,
              31.127725
            ],
            [
              75.463042,
              31.125501
            ],
            [
              75.460819,
              31.124377
            ],
            [
              75.455819,
              31.125275
            ],
            [
              75.453586,
              31.123958
            ],
            [
              75.443149,
              31.123725
            ],
            [
              75.451819,
              31.123268
            ],
            [
              75.452819,
              31.119218
            ],
            [
              75.457819,
              31.120134
            ],
            [
              75.458819,
              31.121103
            ],
            [
              75.461819,
              31.121077
            ],
            [
              75.462819,
              31.122058
            ],
            [
              75.463819,
              31.121052
            ],
            [
              75.467819,
              31.124004
            ],
            [
              75.471,
              31.122906
            ],
            [
              75.470819,
              31.122402
            ],
            [
              75.467385,
              31.122158
            ],
            [
              75.467385,
              31.121291
            ],
            [
              75.470138,
              31.120725
            ],
            [
              75.464819,
              31.116297
            ],
            [
              75.457819,
              31.116025
            ],
            [
              75.456819,
              31.11695
            ],
            [
              75.453436,
              31.116725
            ],
            [
              75.461369,
              31.114725
            ],
            [
              75.460819,
              31.113108
            ],
            [
              75.458819,
              31.113946
            ],
            [
              75.456016,
              31.113725
            ],
            [
              75.456653,
              31.113559
            ],
            [
              75.456528,
              31.112015
            ],
            [
              75.454819,
              31.111707
            ],
            [
              75.456819,
              31.111573
            ],
            [
              75.457819,
              31.112486
            ],
            [
              75.462819,
              31.11231
            ],
            [
              75.463819,
              31.11418
            ],
            [
              75.466819,
              31.112537
            ],
            [
              75.468217,
              31.113123
            ],
            [
              75.467384,
              31.110725
            ],
            [
              75.468158,
              31.109386
            ],
            [
              75.464622,
              31.108725
            ],
            [
              75.466268,
              31.108174
            ],
            [
              75.466242,
              31.107301
            ],
            [
              75.460922,
              31.106828
            ],
            [
              75.460456,
              31.107725
            ],
            [
              75.460392,
              31.106725
            ],
            [
              75.461588,
              31.106494
            ],
            [
              75.461819,
              31.105497
            ],
            [
              75.462086,
              31.106457
            ],
            [
              75.46528,
              31.106186
            ],
            [
              75.4655,
              31.104043
            ],
            [
              75.464715,
              31.103725
            ],
            [
              75.464819,
              31.102469
            ],
            [
              75.46502,
              31.103523
            ],
            [
              75.466819,
              31.104483
            ],
            [
              75.469254,
              31.10316
            ],
            [
              75.469295,
              31.102248
            ],
            [
              75.467668,
              31.101725
            ],
            [
              75.46778,
              31.099725
            ],
            [
              75.469546,
              31.099452
            ],
            [
              75.469819,
              31.09806
            ],
            [
              75.470217,
              31.100326
            ],
            [
              75.472902,
              31.100725
            ],
            [
              75.473065,
              31.103971
            ],
            [
              75.47128,
              31.105725
            ],
            [
              75.471819,
              31.108192
            ],
            [
              75.474183,
              31.107089
            ],
            [
              75.474442,
              31.105725
            ],
            [
              75.473571,
              31.104477
            ],
            [
              75.474639,
              31.103545
            ],
            [
              75.475819,
              31.106315
            ],
            [
              75.477279,
              31.105185
            ],
            [
              75.477682,
              31.103588
            ],
            [
              75.479735,
              31.102641
            ],
            [
              75.479856,
              31.101687
            ],
            [
              75.479844,
              31.10275
            ],
            [
              75.478268,
              31.104174
            ],
            [
              75.478025,
              31.105931
            ],
            [
              75.475215,
              31.108725
            ],
            [
              75.475066,
              31.110972
            ],
            [
              75.472819,
              31.111145
            ],
            [
              75.472819,
              31.112108
            ],
            [
              75.476819,
              31.112166
            ],
            [
              75.478819,
              31.114183
            ],
            [
              75.479294,
              31.113725
            ],
            [
              75.478351,
              31.112725
            ],
            [
              75.480162,
              31.112068
            ],
            [
              75.480839,
              31.109745
            ],
            [
              75.481819,
              31.109206
            ],
            [
              75.484819,
              31.109435
            ],
            [
              75.484054,
              31.11096
            ],
            [
              75.482425,
              31.111331
            ],
            [
              75.481308,
              31.112725
            ],
            [
              75.482474,
              31.114069
            ],
            [
              75.483819,
              31.114171
            ],
            [
              75.487819,
              31.110326
            ],
            [
              75.491819,
              31.110507
            ],
            [
              75.492183,
              31.11136
            ],
            [
              75.494819,
              31.111757
            ],
            [
              75.493819,
              31.108603
            ],
            [
              75.495819,
              31.110463
            ],
            [
              75.496697,
              31.109725
            ],
            [
              75.496819,
              31.108108
            ],
            [
              75.497068,
              31.109475
            ],
            [
              75.498912,
              31.109631
            ],
            [
              75.498916,
              31.110822
            ],
            [
              75.497343,
              31.111249
            ],
            [
              75.497004,
              31.11391
            ],
            [
              75.494819,
              31.113141
            ],
            [
              75.490535,
              31.117441
            ],
            [
              75.490819,
              31.12203
            ],
            [
              75.493035,
              31.121941
            ],
            [
              75.493819,
              31.120071
            ],
            [
              75.494599,
              31.121944
            ],
            [
              75.496819,
              31.122076
            ],
            [
              75.497819,
              31.12109
            ],
            [
              75.499819,
              31.121118
            ],
            [
              75.503819,
              31.119213
            ],
            [
              75.506819,
              31.119265
            ],
            [
              75.507666,
              31.117572
            ],
            [
              75.509778,
              31.116725
            ],
            [
              75.509819,
              31.115612
            ],
            [
              75.50991,
              31.116633
            ],
            [
              75.511819,
              31.116573
            ],
            [
              75.512232,
              31.117311
            ],
            [
              75.513926,
              31.117617
            ],
            [
              75.511123,
              31.118725
            ],
            [
              75.511998,
              31.119725
            ],
            [
              75.511927,
              31.121616
            ],
            [
              75.512804,
              31.121725
            ],
            [
              75.511784,
              31.121759
            ],
            [
              75.51145,
              31.120093
            ],
            [
              75.509654,
              31.120889
            ],
            [
              75.508819,
              31.119111
            ],
            [
              75.507819,
              31.12015
            ],
            [
              75.504819,
              31.120236
            ],
            [
              75.503819,
              31.121255
            ],
            [
              75.498573,
              31.122479
            ],
            [
              75.499819,
              31.124148
            ],
            [
              75.503163,
              31.12438
            ],
            [
              75.504313,
              31.126725
            ],
            [
              75.502819,
              31.128256
            ],
            [
              75.500548,
              31.128454
            ],
            [
              75.498471,
              31.130725
            ],
            [
              75.500819,
              31.13111
            ],
            [
              75.501819,
              31.130143
            ],
            [
              75.507819,
              31.130252
            ],
            [
              75.508819,
              31.129284
            ],
            [
              75.512819,
              31.129424
            ],
            [
              75.513819,
              31.130482
            ],
            [
              75.516023,
              31.130725
            ],
            [
              75.512819,
              31.130997
            ],
            [
              75.511819,
              31.130063
            ],
            [
              75.509819,
              31.130138
            ],
            [
              75.508819,
              31.131173
            ],
            [
              75.502416,
              31.131725
            ],
            [
              75.505819,
              31.132202
            ],
            [
              75.506819,
              31.133229
            ],
            [
              75.508819,
              31.133281
            ],
            [
              75.509819,
              31.132372
            ],
            [
              75.511819,
              31.13439
            ],
            [
              75.516819,
              31.13444
            ],
            [
              75.516091,
              31.135725
            ],
            [
              75.515626,
              31.134917
            ],
            [
              75.513819,
              31.134953
            ],
            [
              75.512094,
              31.136
            ],
            [
              75.508419,
              31.135325
            ],
            [
              75.50714,
              31.136725
            ],
            [
              75.507936,
              31.138725
            ],
            [
              75.507054,
              31.139725
            ],
            [
              75.508852,
              31.140692
            ],
            [
              75.509116,
              31.141725
            ],
            [
              75.508761,
              31.141667
            ],
            [
              75.508711,
              31.140832
            ],
            [
              75.506819,
              31.140924
            ],
            [
              75.505819,
              31.140017
            ],
            [
              75.504242,
              31.141148
            ],
            [
              75.503819,
              31.142815
            ],
            [
              75.502778,
              31.142725
            ],
            [
              75.503628,
              31.142534
            ],
            [
              75.504247,
              31.139296
            ],
            [
              75.498819,
              31.136349
            ],
            [
              75.495819,
              31.136388
            ],
            [
              75.492819,
              31.138401
            ],
            [
              75.491819,
              31.137421
            ],
            [
              75.488526,
              31.139725
            ],
            [
              75.489819,
              31.140027
            ],
            [
              75.490819,
              31.139046
            ],
            [
              75.493255,
              31.139288
            ],
            [
              75.492819,
              31.141365
            ],
            [
              75.491819,
              31.140391
            ],
            [
              75.490819,
              31.141412
            ],
            [
              75.488625,
              31.141531
            ],
            [
              75.488609,
              31.143934
            ],
            [
              75.489819,
              31.14507
            ],
            [
              75.492819,
              31.145113
            ],
            [
              75.492275,
              31.142725
            ],
            [
              75.493181,
              31.142362
            ],
            [
              75.494383,
              31.143725
            ],
            [
              75.494545,
              31.145998
            ],
            [
              75.501087,
              31.149456
            ],
            [
              75.503996,
              31.153725
            ],
            [
              75.503819,
              31.155625
            ],
            [
              75.502585,
              31.155725
            ],
            [
              75.499819,
              31.153951
            ],
            [
              75.499,
              31.154906
            ],
            [
              75.496819,
              31.155067
            ],
            [
              75.495819,
              31.155987
            ],
            [
              75.494764,
              31.152779
            ],
            [
              75.493643,
              31.152725
            ],
            [
              75.494819,
              31.152701
            ],
            [
              75.49535,
              31.151725
            ],
            [
              75.494108,
              31.148435
            ],
            [
              75.492075,
              31.146468
            ],
            [
              75.490584,
              31.14649
            ],
            [
              75.490265,
              31.149725
            ],
            [
              75.491654,
              31.151725
            ],
            [
              75.491326,
              31.153725
            ],
            [
              75.493071,
              31.155472
            ],
            [
              75.495108,
              31.160435
            ],
            [
              75.495919,
              31.160725
            ],
            [
              75.495819,
              31.162054
            ]
          ]
        ],
        "type": "Polygon"
      },
      "type": "Feature"
    },
    {
      "properties": {
        "fill-opacity": 0.33,
        "fillColor": "#bf4040",
        "opacity": 0.33,
        "fill": "#bf4040",
        "fillOpacity": 0.33,
        "color": "#bf4040",
        "contour": 5.0,
        "metric": "distance",
        "provider_name": "Domino's Pizza",
        "zone_type": "distance",
        "distance_km": 5,
        "mode": "motorcycle",
        "center_lat": 31.129725,
        "center_lon": 75.479819,
        "label": "5km"
      },
      "geometry": {
        "coordinates": [
          [
            [
              75.497819,
              31.170613
            ],
            [
              75.497559,
              31.167725
            ],
            [
              75.495819,
              31.164168
            ],
            [
              75.49442,
              31.164326
            ],
            [
              75.491819,
              31.166961
            ],
            [
              75.490049,
              31.166955
            ],
            [
              75.489711,
              31.168725
            ],
            [
              75.489715,
              31.166725
            ],
            [
              75.491336,
              31.166242
            ],
            [
              75.491486,
              31.164725
            ],
            [
              75.490819,
              31.163967
            ],
            [
              75.488742,
              31.163648
            ],
            [
              75.49039,
              31.163296
            ],
            [
              75.490819,
              31.161581
            ],
            [
              75.491819,
              31.162382
            ],
            [
              75.49531,
              31.161725
            ],
            [
              75.493444,
              31.160099
            ],
            [
              75.492066,
              31.156478
            ],
            [
              75.490161,
              31.154725
            ],
            [
              75.488819,
              31.148457
            ],
            [
              75.48044,
              31.148725
            ],
            [
              75.480386,
              31.151725
            ],
            [
              75.48134,
              31.152725
            ],
            [
              75.4812,
              31.157725
            ],
            [
              75.482819,
              31.161808
            ],
            [
              75.48172,
              31.161823
            ],
            [
              75.481535,
              31.159725
            ],
            [
              75.480482,
              31.158725
            ],
            [
              75.479197,
              31.148725
            ],
            [
              75.475819,
              31.148173
            ],
            [
              75.474819,
              31.147305
            ],
            [
              75.472484,
              31.14739
            ],
            [
              75.472095,
              31.150001
            ],
            [
              75.468112,
              31.153018
            ],
            [
              75.467793,
              31.15475
            ],
            [
              75.46773,
              31.152636
            ],
            [
              75.471203,
              31.149109
            ],
            [
              75.471338,
              31.147725
            ],
            [
              75.468819,
              31.147157
            ],
            [
              75.467819,
              31.14811
            ],
            [
              75.465336,
              31.148242
            ],
            [
              75.464365,
              31.149725
            ],
            [
              75.464246,
              31.156725
            ],
            [
              75.463013,
              31.157725
            ],
            [
              75.462819,
              31.160148
            ],
            [
              75.462606,
              31.156725
            ],
            [
              75.463488,
              31.155725
            ],
            [
              75.463151,
              31.151392
            ],
            [
              75.460216,
              31.152725
            ],
            [
              75.461052,
              31.153725
            ],
            [
              75.460819,
              31.155848
            ],
            [
              75.46032,
              31.154223
            ],
            [
              75.458819,
              31.153091
            ],
            [
              75.455081,
              31.153987
            ],
            [
              75.454883,
              31.154789
            ],
            [
              75.453819,
              31.154998
            ],
            [
              75.453874,
              31.154669
            ],
            [
              75.454636,
              31.154542
            ],
            [
              75.45474,
              31.153646
            ],
            [
              75.456335,
              31.153241
            ],
            [
              75.457648,
              31.151725
            ],
            [
              75.450819,
              31.145278
            ],
            [
              75.449513,
              31.145419
            ],
            [
              75.446082,
              31.148988
            ],
            [
              75.443333,
              31.150239
            ],
            [
              75.442819,
              31.152849
            ],
            [
              75.442736,
              31.151807
            ],
            [
              75.440995,
              31.151901
            ],
            [
              75.440481,
              31.152725
            ],
            [
              75.440743,
              31.1508
            ],
            [
              75.440098,
              31.150725
            ],
            [
              75.441819,
              31.150555
            ],
            [
              75.443601,
              31.148507
            ],
            [
              75.445215,
              31.148121
            ],
            [
              75.449249,
              31.143725
            ],
            [
              75.443607,
              31.137936
            ],
            [
              75.44374,
              31.134646
            ],
            [
              75.444775,
              31.134725
            ],
            [
              75.44401,
              31.134916
            ],
            [
              75.444349,
              31.137194
            ],
            [
              75.449509,
              31.142034
            ],
            [
              75.450819,
              31.142131
            ],
            [
              75.456353,
              31.136259
            ],
            [
              75.458009,
              31.135915
            ],
            [
              75.459332,
              31.134238
            ],
            [
              75.460991,
              31.133897
            ],
            [
              75.462235,
              31.132141
            ],
            [
              75.463819,
              31.131964
            ],
            [
              75.464972,
              31.130878
            ],
            [
              75.464053,
              31.129725
            ],
            [
              75.465049,
              31.127725
            ],
            [
              75.460819,
              31.124467
            ],
            [
              75.455819,
              31.125414
            ],
            [
              75.454819,
              31.124403
            ],
            [
              75.452819,
              31.124126
            ],
            [
              75.442819,
              31.124068
            ],
            [
              75.441819,
              31.125169
            ],
            [
              75.440393,
              31.12515
            ],
            [
              75.433819,
              31.124825
            ],
            [
              75.433651,
              31.123892
            ],
            [
              75.432793,
              31.123725
            ],
            [
              75.433819,
              31.123647
            ],
            [
              75.43403,
              31.124513
            ],
            [
              75.434819,
              31.124562
            ],
            [
              75.440819,
              31.124289
            ],
            [
              75.441819,
              31.123256
            ],
            [
              75.451819,
              31.123077
            ],
            [
              75.452819,
              31.119055
            ],
            [
              75.457819,
              31.120015
            ],
            [
              75.458819,
              31.120999
            ],
            [
              75.461819,
              31.120985
            ],
            [
              75.462819,
              31.121974
            ],
            [
              75.463819,
              31.120971
            ],
            [
              75.467819,
              31.123943
            ],
            [
              75.470961,
              31.122867
            ],
            [
              75.467325,
              31.122218
            ],
            [
              75.467325,
              31.121231
            ],
            [
              75.470061,
              31.120725
            ],
            [
              75.464819,
              31.116427
            ],
            [
              75.457819,
              31.116313
            ],
            [
              75.456819,
              31.117288
            ],
            [
              75.449819,
              31.11712
            ],
            [
              75.448819,
              31.118065
            ],
            [
              75.443153,
              31.117725
            ],
            [
              75.447819,
              31.117409
            ],
            [
              75.448819,
              31.116372
            ],
            [
              75.455819,
              31.116172
            ],
            [
              75.456819,
              31.115156
            ],
            [
              75.461059,
              31.114965
            ],
            [
              75.460819,
              31.113343
            ],
            [
              75.458819,
              31.114287
            ],
            [
              75.455489,
              31.114054
            ],
            [
              75.456127,
              31.112416
            ],
            [
              75.454314,
              31.111725
            ],
            [
              75.455264,
              31.106279
            ],
            [
              75.452819,
              31.105934
            ],
            [
              75.452497,
              31.105046
            ],
            [
              75.450819,
              31.104893
            ],
            [
              75.450819,
              31.104135
            ],
            [
              75.454226,
              31.103725
            ],
            [
              75.454295,
              31.105248
            ],
            [
              75.456819,
              31.106324
            ],
            [
              75.460819,
              31.106212
            ],
            [
              75.461819,
              31.104242
            ],
            [
              75.462507,
              31.106036
            ],
            [
              75.465091,
              31.105997
            ],
            [
              75.464165,
              31.102378
            ],
            [
              75.461377,
              31.103283
            ],
            [
              75.461182,
              31.104088
            ],
            [
              75.459648,
              31.102895
            ],
            [
              75.464377,
              31.100725
            ],
            [
              75.461653,
              31.099891
            ],
            [
              75.460641,
              31.097902
            ],
            [
              75.459209,
              31.097725
            ],
            [
              75.4609,
              31.097643
            ],
            [
              75.461819,
              31.098525
            ],
            [
              75.462312,
              31.098218
            ],
            [
              75.461819,
              31.094892
            ],
            [
              75.46335,
              31.098193
            ],
            [
              75.465215,
              31.099725
            ],
            [
              75.465502,
              31.103041
            ],
            [
              75.466819,
              31.104156
            ],
            [
              75.469082,
              31.102988
            ],
            [
              75.468819,
              31.10229
            ],
            [
              75.467458,
              31.102085
            ],
            [
              75.467309,
              31.099725
            ],
            [
              75.469132,
              31.099038
            ],
            [
              75.469328,
              31.097725
            ],
            [
              75.467428,
              31.096725
            ],
            [
              75.4694,
              31.095725
            ],
            [
              75.468526,
              31.093725
            ],
            [
              75.469529,
              31.092725
            ],
            [
              75.469545,
              31.090998
            ],
            [
              75.46881,
              31.090725
            ],
            [
              75.470658,
              31.090564
            ],
            [
              75.470819,
              31.089223
            ],
            [
              75.470957,
              31.090586
            ],
            [
              75.472592,
              31.091725
            ],
            [
              75.470278,
              31.092184
            ],
            [
              75.470352,
              31.093192
            ],
            [
              75.472529,
              31.093435
            ],
            [
              75.473819,
              31.092262
            ],
            [
              75.474787,
              31.093725
            ],
            [
              75.470372,
              31.094278
            ],
            [
              75.470309,
              31.097725
            ],
            [
              75.472278,
              31.098725
            ],
            [
              75.470361,
              31.099725
            ],
            [
              75.473166,
              31.100377
            ],
            [
              75.473389,
              31.104154
            ],
            [
              75.475204,
              31.103339
            ],
            [
              75.475569,
              31.105974
            ],
            [
              75.477091,
              31.104997
            ],
            [
              75.477447,
              31.103353
            ],
            [
              75.479315,
              31.101725
            ],
            [
              75.476643,
              31.099549
            ],
            [
              75.478246,
              31.099152
            ],
            [
              75.480801,
              31.096707
            ],
            [
              75.481958,
              31.097725
            ],
            [
              75.481033,
              31.098725
            ],
            [
              75.481819,
              31.099322
            ],
            [
              75.484819,
              31.099426
            ],
            [
              75.487819,
              31.097032
            ],
            [
              75.487879,
              31.097664
            ],
            [
              75.485819,
              31.100376
            ],
            [
              75.482419,
              31.100325
            ],
            [
              75.482053,
              31.101959
            ],
            [
              75.480468,
              31.102374
            ],
            [
              75.478528,
              31.104434
            ],
            [
              75.478213,
              31.106119
            ],
            [
              75.475575,
              31.108481
            ],
            [
              75.475228,
              31.111134
            ],
            [
              75.472819,
              31.111358
            ],
            [
              75.472633,
              31.11191
            ],
            [
              75.476819,
              31.112031
            ],
            [
              75.478157,
              31.113063
            ],
            [
              75.478384,
              31.11229
            ],
            [
              75.480045,
              31.111951
            ],
            [
              75.48035,
              31.108725
            ],
            [
              75.483724,
              31.10263
            ],
            [
              75.484659,
              31.102565
            ],
            [
              75.484819,
              31.101331
            ],
            [
              75.484894,
              31.102725
            ],
            [
              75.484115,
              31.103021
            ],
            [
              75.482287,
              31.108725
            ],
            [
              75.485403,
              31.109725
            ],
            [
              75.481585,
              31.112491
            ],
            [
              75.482819,
              31.114075
            ],
            [
              75.484029,
              31.113935
            ],
            [
              75.487819,
              31.1101
            ],
            [
              75.491819,
              31.110164
            ],
            [
              75.492819,
              31.111186
            ],
            [
              75.494136,
              31.111042
            ],
            [
              75.493226,
              31.108317
            ],
            [
              75.491619,
              31.107725
            ],
            [
              75.492569,
              31.105974
            ],
            [
              75.491448,
              31.105725
            ],
            [
              75.494344,
              31.10525
            ],
            [
              75.494819,
              31.10219
            ],
            [
              75.495082,
              31.103461
            ],
            [
              75.497336,
              31.103725
            ],
            [
              75.496885,
              31.104791
            ],
            [
              75.495101,
              31.105725
            ],
            [
              75.497105,
              31.106438
            ],
            [
              75.497508,
              31.109035
            ],
            [
              75.499177,
              31.109366
            ],
            [
              75.499583,
              31.110725
            ],
            [
              75.497541,
              31.111447
            ],
            [
              75.497206,
              31.114112
            ],
            [
              75.494819,
              31.113356
            ],
            [
              75.490619,
              31.117525
            ],
            [
              75.490819,
              31.121958
            ],
            [
              75.492982,
              31.121888
            ],
            [
              75.493819,
              31.119982
            ],
            [
              75.494653,
              31.12189
            ],
            [
              75.495819,
              31.121977
            ],
            [
              75.496819,
              31.120992
            ],
            [
              75.499819,
              31.121007
            ],
            [
              75.503819,
              31.119053
            ],
            [
              75.507059,
              31.118965
            ],
            [
              75.507442,
              31.117348
            ],
            [
              75.509107,
              31.117013
            ],
            [
              75.509315,
              31.115725
            ],
            [
              75.507534,
              31.115009
            ],
            [
              75.507229,
              31.113314
            ],
            [
              75.505615,
              31.112928
            ],
            [
              75.505385,
              31.111158
            ],
            [
              75.503617,
              31.110725
            ],
            [
              75.505819,
              31.110494
            ],
            [
              75.506367,
              31.112176
            ],
            [
              75.509819,
              31.112394
            ],
            [
              75.510819,
              31.111495
            ],
            [
              75.51257,
              31.111476
            ],
            [
              75.512757,
              31.110663
            ],
            [
              75.513819,
              31.110561
            ],
            [
              75.513774,
              31.110769
            ],
            [
              75.512995,
              31.110901
            ],
            [
              75.512895,
              31.111801
            ],
            [
              75.509185,
              31.113725
            ],
            [
              75.510498,
              31.116045
            ],
            [
              75.512819,
              31.117172
            ],
            [
              75.514301,
              31.117207
            ],
            [
              75.5162,
              31.115106
            ],
            [
              75.51751,
              31.112725
            ],
            [
              75.517819,
              31.109145
            ],
            [
              75.519262,
              31.109281
            ],
            [
              75.520333,
              31.110725
            ],
            [
              75.518215,
              31.111121
            ],
            [
              75.518127,
              31.112725
            ],
            [
              75.519322,
              31.114221
            ],
            [
              75.523602,
              31.114508
            ],
            [
              75.523796,
              31.113702
            ],
            [
              75.525143,
              31.113725
            ],
            [
              75.523894,
              31.1138
            ],
            [
              75.523889,
              31.114795
            ],
            [
              75.521819,
              31.115944
            ],
            [
              75.518819,
              31.116112
            ],
            [
              75.517819,
              31.117142
            ],
            [
              75.514336,
              31.117242
            ],
            [
              75.514172,
              31.118078
            ],
            [
              75.511408,
              31.118725
            ],
            [
              75.514229,
              31.123725
            ],
            [
              75.514128,
              31.126725
            ],
            [
              75.515179,
              31.129364
            ],
            [
              75.516819,
              31.129461
            ],
            [
              75.517819,
              31.130441
            ],
            [
              75.519819,
              31.130557
            ],
            [
              75.520108,
              31.131435
            ],
            [
              75.521915,
              31.131725
            ],
            [
              75.519819,
              31.131873
            ],
            [
              75.519458,
              31.131085
            ],
            [
              75.516819,
              31.13106
            ],
            [
              75.516264,
              31.132725
            ],
            [
              75.517819,
              31.134243
            ],
            [
              75.520096,
              31.134447
            ],
            [
              75.522819,
              31.14135
            ],
            [
              75.521758,
              31.140785
            ],
            [
              75.521513,
              31.140031
            ],
            [
              75.519784,
              31.139759
            ],
            [
              75.519359,
              31.138184
            ],
            [
              75.516505,
              31.137038
            ],
            [
              75.514819,
              31.135274
            ],
            [
              75.511819,
              31.136308
            ],
            [
              75.508819,
              31.135342
            ],
            [
              75.507414,
              31.136725
            ],
            [
              75.50835,
              31.138725
            ],
            [
              75.507521,
              31.140022
            ],
            [
              75.511819,
              31.142296
            ],
            [
              75.514819,
              31.142416
            ],
            [
              75.516216,
              31.144328
            ],
            [
              75.518819,
              31.144858
            ],
            [
              75.515819,
              31.14491
            ],
            [
              75.513819,
              31.143071
            ],
            [
              75.510819,
              31.143162
            ],
            [
              75.505819,
              31.14031
            ],
            [
              75.504525,
              31.141431
            ],
            [
              75.504168,
              31.143074
            ],
            [
              75.502819,
              31.143235
            ],
            [
              75.502308,
              31.142725
            ],
            [
              75.50408,
              31.139464
            ],
            [
              75.498819,
              31.136452
            ],
            [
              75.495819,
              31.136473
            ],
            [
              75.492819,
              31.13848
            ],
            [
              75.491819,
              31.137492
            ],
            [
              75.488592,
              31.139725
            ],
            [
              75.489819,
              31.139957
            ],
            [
              75.490819,
              31.138968
            ],
            [
              75.493314,
              31.139229
            ],
            [
              75.493309,
              31.141215
            ],
            [
              75.491819,
              31.140475
            ],
            [
              75.490819,
              31.141486
            ],
            [
              75.488668,
              31.141574
            ],
            [
              75.488659,
              31.143884
            ],
            [
              75.489819,
              31.144981
            ],
            [
              75.492819,
              31.145004
            ],
            [
              75.492132,
              31.142725
            ],
            [
              75.493276,
              31.142267
            ],
            [
              75.494515,
              31.143725
            ],
            [
              75.494625,
              31.145918
            ],
            [
              75.501236,
              31.149307
            ],
            [
              75.503208,
              31.151335
            ],
            [
              75.504819,
              31.155252
            ],
            [
              75.506207,
              31.155113
            ],
            [
              75.507819,
              31.153405
            ],
            [
              75.511621,
              31.153527
            ],
            [
              75.512819,
              31.152709
            ],
            [
              75.512838,
              31.153744
            ],
            [
              75.508819,
              31.154031
            ],
            [
              75.507091,
              31.155997
            ],
            [
              75.505275,
              31.156725
            ],
            [
              75.507025,
              31.158518
            ],
            [
              75.5073,
              31.160244
            ],
            [
              75.508898,
              31.161725
            ],
            [
              75.508865,
              31.162771
            ],
            [
              75.50866,
              31.161883
            ],
            [
              75.506672,
              31.160871
            ],
            [
              75.506273,
              31.15927
            ],
            [
              75.503161,
              31.156383
            ],
            [
              75.501819,
              31.156543
            ],
            [
              75.500125,
              31.154418
            ],
            [
              75.498819,
              31.155304
            ],
            [
              75.496819,
              31.155328
            ],
            [
              75.495819,
              31.1563
            ],
            [
              75.494141,
              31.153403
            ],
            [
              75.491819,
              31.152161
            ],
            [
              75.491592,
              31.153951
            ],
            [
              75.493667,
              31.155725
            ],
            [
              75.495511,
              31.160032
            ],
            [
              75.497819,
              31.160452
            ],
            [
              75.499775,
              31.158681
            ],
            [
              75.500671,
              31.158725
            ],
            [
              75.498958,
              31.160864
            ],
            [
              75.497158,
              31.161725
            ],
            [
              75.498108,
              31.166725
            ],
            [
              75.497819,
              31.170613
            ]
          ]
        ],
        "type": "Polygon"
      },
      "type": "Feature"
    },
    {
      "properties": {
        "fill-opacity": 0.33,
        "fillColor": "#bf4040",
        "opacity": 0.33,
        "fill": "#bf4040",
        "fillOpacity": 0.33,
        "color": "#bf4040",
        "contour": 6.0,
        "metric": "distance",
        "provider_name": "Domino's Pizza",
        "zone_type": "distance",
        "distance_km": 6,
        "mode": "motorcycle",
        "center_lat": 31.129725,
        "center_lon": 75.479819,
        "label": "6km"
      },
      "geometry": {
        "coordinates": [
          [
            [
              75.500819,
              31.179142
            ],
            [
              75.500617,
              31.177926
            ],
            [
              75.499722,
              31.177821
            ],
            [
              75.498661,
              31.176882
            ],
            [
              75.497819,
              31.175074
            ],
            [
              75.496819,
              31.175947
            ],
            [
              75.493939,
              31.175845
            ],
            [
              75.493819,
              31.176491
            ],
            [
              75.493778,
              31.175684
            ],
            [
              75.496363,
              31.175269
            ],
            [
              75.497425,
              31.173725
            ],
            [
              75.497244,
              31.167725
            ],
            [
              75.496225,
              31.166725
            ],
            [
              75.495819,
              31.164367
            ],
            [
              75.494569,
              31.164475
            ],
            [
              75.492196,
              31.167102
            ],
            [
              75.490509,
              31.167415
            ],
            [
              75.490153,
              31.169059
            ],
            [
              75.488231,
              31.170725
            ],
            [
              75.487957,
              31.174863
            ],
            [
              75.484937,
              31.174725
            ],
            [
              75.487394,
              31.1743
            ],
            [
              75.48737,
              31.169725
            ],
            [
              75.489149,
              31.168055
            ],
            [
              75.489467,
              31.166373
            ],
            [
              75.491236,
              31.165725
            ],
            [
              75.491093,
              31.16445
            ],
            [
              75.488819,
              31.164255
            ],
            [
              75.488465,
              31.163371
            ],
            [
              75.490113,
              31.163019
            ],
            [
              75.490819,
              31.161186
            ],
            [
              75.491819,
              31.162121
            ],
            [
              75.495148,
              31.161725
            ],
            [
              75.493355,
              31.160188
            ],
            [
              75.491999,
              31.156544
            ],
            [
              75.490074,
              31.154725
            ],
            [
              75.488819,
              31.148514
            ],
            [
              75.480544,
              31.148725
            ],
            [
              75.481437,
              31.157725
            ],
            [
              75.48334,
              31.161725
            ],
            [
              75.481819,
              31.162265
            ],
            [
              75.481236,
              31.159725
            ],
            [
              75.480217,
              31.158725
            ],
            [
              75.480138,
              31.153405
            ],
            [
              75.479131,
              31.152725
            ],
            [
              75.478996,
              31.148547
            ],
            [
              75.472596,
              31.147502
            ],
            [
              75.472239,
              31.150145
            ],
            [
              75.468514,
              31.15342
            ],
            [
              75.467108,
              31.157014
            ],
            [
              75.465819,
              31.15812
            ],
            [
              75.463528,
              31.157434
            ],
            [
              75.463235,
              31.162725
            ],
            [
              75.462194,
              31.163725
            ],
            [
              75.46203,
              31.166725
            ],
            [
              75.461111,
              31.167017
            ],
            [
              75.460819,
              31.168887
            ],
            [
              75.460683,
              31.166725
            ],
            [
              75.461543,
              31.165725
            ],
            [
              75.461412,
              31.162725
            ],
            [
              75.462367,
              31.161725
            ],
            [
              75.462259,
              31.156725
            ],
            [
              75.46322,
              31.155725
            ],
            [
              75.46304,
              31.151503
            ],
            [
              75.460443,
              31.152725
            ],
            [
              75.461385,
              31.153725
            ],
            [
              75.461174,
              31.15608
            ],
            [
              75.460463,
              31.15608
            ],
            [
              75.45908,
              31.153463
            ],
            [
              75.457819,
              31.153319
            ],
            [
              75.455511,
              31.154417
            ],
            [
              75.452077,
              31.157983
            ],
            [
              75.449337,
              31.159243
            ],
            [
              75.448842,
              31.161748
            ],
            [
              75.448693,
              31.16085
            ],
            [
              75.446033,
              31.160725
            ],
            [
              75.447552,
              31.160458
            ],
            [
              75.449598,
              31.157504
            ],
            [
              75.45122,
              31.157126
            ],
            [
              75.454464,
              31.15337
            ],
            [
              75.456106,
              31.153012
            ],
            [
              75.457272,
              31.151725
            ],
            [
              75.450819,
              31.145416
            ],
            [
              75.449609,
              31.145515
            ],
            [
              75.446234,
              31.14914
            ],
            [
              75.444554,
              31.14946
            ],
            [
              75.443387,
              31.150725
            ],
            [
              75.444075,
              31.158725
            ],
            [
              75.445703,
              31.160725
            ],
            [
              75.443895,
              31.160801
            ],
            [
              75.443819,
              31.161411
            ],
            [
              75.443446,
              31.156725
            ],
            [
              75.442405,
              31.155725
            ],
            [
              75.441819,
              31.152265
            ],
            [
              75.433819,
              31.159542
            ],
            [
              75.433763,
              31.158669
            ],
            [
              75.440296,
              31.151725
            ],
            [
              75.433819,
              31.147955
            ],
            [
              75.43203,
              31.147936
            ],
            [
              75.431819,
              31.148829
            ],
            [
              75.43164,
              31.147903
            ],
            [
              75.430675,
              31.147725
            ],
            [
              75.430972,
              31.146878
            ],
            [
              75.432819,
              31.145891
            ],
            [
              75.433819,
              31.146541
            ],
            [
              75.435477,
              31.145725
            ],
            [
              75.43536,
              31.148183
            ],
            [
              75.439819,
              31.150228
            ],
            [
              75.441819,
              31.150178
            ],
            [
              75.44342,
              31.148326
            ],
            [
              75.445067,
              31.147973
            ],
            [
              75.44912,
              31.143725
            ],
            [
              75.443224,
              31.137725
            ],
            [
              75.443347,
              31.134253
            ],
            [
              75.444174,
              31.133369
            ],
            [
              75.442395,
              31.134301
            ],
            [
              75.441819,
              31.135987
            ],
            [
              75.441593,
              31.133499
            ],
            [
              75.442819,
              31.132318
            ],
            [
              75.44528,
              31.132725
            ],
            [
              75.444543,
              31.137
            ],
            [
              75.449607,
              31.141936
            ],
            [
              75.450819,
              31.142014
            ],
            [
              75.456282,
              31.136188
            ],
            [
              75.457966,
              31.135872
            ],
            [
              75.459244,
              31.13415
            ],
            [
              75.460956,
              31.133862
            ],
            [
              75.461425,
              31.132118
            ],
            [
              75.459766,
              31.131777
            ],
            [
              75.45912,
              31.130725
            ],
            [
              75.459855,
              31.130688
            ],
            [
              75.45999,
              31.131553
            ],
            [
              75.462556,
              31.131987
            ],
            [
              75.463819,
              31.131918
            ],
            [
              75.464943,
              31.130849
            ],
            [
              75.464009,
              31.129725
            ],
            [
              75.465006,
              31.127725
            ],
            [
              75.462952,
              31.125591
            ],
            [
              75.461235,
              31.125308
            ],
            [
              75.460819,
              31.12452
            ],
            [
              75.455819,
              31.125488
            ],
            [
              75.454819,
              31.124481
            ],
            [
              75.452819,
              31.124335
            ],
            [
              75.442819,
              31.124425
            ],
            [
              75.441819,
              31.125367
            ],
            [
              75.431819,
              31.124902
            ],
            [
              75.429123,
              31.125725
            ],
            [
              75.429009,
              31.128534
            ],
            [
              75.429765,
              31.128725
            ],
            [
              75.428819,
              31.129479
            ],
            [
              75.428254,
              31.125289
            ],
            [
              75.422374,
              31.124725
            ],
            [
              75.427266,
              31.124172
            ],
            [
              75.427763,
              31.119669
            ],
            [
              75.428819,
              31.124343
            ],
            [
              75.430819,
              31.123277
            ],
            [
              75.433819,
              31.123204
            ],
            [
              75.434819,
              31.12418
            ],
            [
              75.440819,
              31.124085
            ],
            [
              75.441819,
              31.123072
            ],
            [
              75.451819,
              31.122985
            ],
            [
              75.452067,
              31.119725
            ],
            [
              75.452819,
              31.118973
            ],
            [
              75.457819,
              31.11995
            ],
            [
              75.458819,
              31.12094
            ],
            [
              75.461819,
              31.120931
            ],
            [
              75.462819,
              31.121924
            ],
            [
              75.463215,
              31.121121
            ],
            [
              75.464423,
              31.121121
            ],
            [
              75.465692,
              31.122851
            ],
            [
              75.467448,
              31.123095
            ],
            [
              75.467819,
              31.123904
            ],
            [
              75.470936,
              31.122842
            ],
            [
              75.46723,
              31.122313
            ],
            [
              75.46723,
              31.121136
            ],
            [
              75.470013,
              31.120725
            ],
            [
              75.467958,
              31.118585
            ],
            [
              75.466254,
              31.118289
            ],
            [
              75.464819,
              31.116496
            ],
            [
              75.457819,
              31.116433
            ],
            [
              75.456819,
              31.117421
            ],
            [
              75.449819,
              31.117348
            ],
            [
              75.448819,
              31.118327
            ],
            [
              75.441547,
              31.117996
            ],
            [
              75.441819,
              31.115308
            ],
            [
              75.442819,
              31.117234
            ],
            [
              75.447819,
              31.117131
            ],
            [
              75.448819,
              31.116118
            ],
            [
              75.455819,
              31.116034
            ],
            [
              75.456819,
              31.115026
            ],
            [
              75.461081,
              31.114725
            ],
            [
              75.460819,
              31.113448
            ],
            [
              75.458819,
              31.11442
            ],
            [
              75.455376,
              31.114167
            ],
            [
              75.456029,
              31.112514
            ],
            [
              75.454373,
              31.11217
            ],
            [
              75.453819,
              31.111191
            ],
            [
              75.451556,
              31.110987
            ],
            [
              75.449264,
              31.108279
            ],
            [
              75.447727,
              31.107816
            ],
            [
              75.447721,
              31.106822
            ],
            [
              75.446415,
              31.106725
            ],
            [
              75.447819,
              31.106681
            ],
            [
              75.448171,
              31.107372
            ],
            [
              75.449232,
              31.107138
            ],
            [
              75.45031,
              31.104725
            ],
            [
              75.449181,
              31.103362
            ],
            [
              75.44842,
              31.103326
            ],
            [
              75.448009,
              31.104915
            ],
            [
              75.446819,
              31.10514
            ],
            [
              75.445309,
              31.103234
            ],
            [
              75.443553,
              31.10299
            ],
            [
              75.441748,
              31.101654
            ],
            [
              75.443819,
              31.098945
            ],
            [
              75.444749,
              31.099725
            ],
            [
              75.444005,
              31.099911
            ],
            [
              75.444271,
              31.101272
            ],
            [
              75.446819,
              31.101376
            ],
            [
              75.450819,
              31.10323
            ],
            [
              75.451441,
              31.101725
            ],
            [
              75.450525,
              31.100725
            ],
            [
              75.451819,
              31.100392
            ],
            [
              75.45246,
              31.103083
            ],
            [
              75.453819,
              31.103214
            ],
            [
              75.455202,
              31.102108
            ],
            [
              75.455543,
              31.100725
            ],
            [
              75.454573,
              31.09897
            ],
            [
              75.452892,
              31.098725
            ],
            [
              75.454819,
              31.098608
            ],
            [
              75.457021,
              31.100522
            ],
            [
              75.457225,
              31.102725
            ],
            [
              75.455462,
              31.103368
            ],
            [
              75.45453,
              31.105013
            ],
            [
              75.456819,
              31.106099
            ],
            [
              75.461035,
              31.105941
            ],
            [
              75.461192,
              31.104351
            ],
            [
              75.459436,
              31.103107
            ],
            [
              75.459436,
              31.102342
            ],
            [
              75.461819,
              31.102106
            ],
            [
              75.464177,
              31.100725
            ],
            [
              75.461438,
              31.100105
            ],
            [
              75.456544,
              31.095999
            ],
            [
              75.456423,
              31.095329
            ],
            [
              75.457819,
              31.095304
            ],
            [
              75.459481,
              31.097062
            ],
            [
              75.461286,
              31.097192
            ],
            [
              75.461292,
              31.095725
            ],
            [
              75.460331,
              31.094725
            ],
            [
              75.460316,
              31.091227
            ],
            [
              75.458216,
              31.090725
            ],
            [
              75.461819,
              31.090469
            ],
            [
              75.462819,
              31.088625
            ],
            [
              75.463819,
              31.088765
            ],
            [
              75.464819,
              31.090343
            ],
            [
              75.470136,
              31.090042
            ],
            [
              75.470205,
              31.087338
            ],
            [
              75.468329,
              31.087235
            ],
            [
              75.467845,
              31.088751
            ],
            [
              75.466749,
              31.088725
            ],
            [
              75.467732,
              31.088638
            ],
            [
              75.467685,
              31.087725
            ],
            [
              75.466023,
              31.086929
            ],
            [
              75.465819,
              31.087812
            ],
            [
              75.465672,
              31.085725
            ],
            [
              75.466577,
              31.085483
            ],
            [
              75.466779,
              31.083685
            ],
            [
              75.468583,
              31.083489
            ],
            [
              75.468819,
              31.082395
            ],
            [
              75.469088,
              31.085725
            ],
            [
              75.470222,
              31.086128
            ],
            [
              75.471497,
              31.084725
            ],
            [
              75.471819,
              31.080803
            ],
            [
              75.472819,
              31.080492
            ],
            [
              75.473,
              31.082725
            ],
            [
              75.472084,
              31.083725
            ],
            [
              75.473128,
              31.089034
            ],
            [
              75.472238,
              31.087305
            ],
            [
              75.471436,
              31.087342
            ],
            [
              75.471493,
              31.090051
            ],
            [
              75.472819,
              31.090247
            ],
            [
              75.473434,
              31.08934
            ],
            [
              75.480565,
              31.086725
            ],
            [
              75.479873,
              31.087779
            ],
            [
              75.478226,
              31.088132
            ],
            [
              75.476401,
              31.090307
            ],
            [
              75.475475,
              31.093068
            ],
            [
              75.481819,
              31.093511
            ],
            [
              75.482183,
              31.094361
            ],
            [
              75.484745,
              31.094725
            ],
            [
              75.481819,
              31.094902
            ],
            [
              75.480819,
              31.094002
            ],
            [
              75.476446,
              31.094352
            ],
            [
              75.476361,
              31.096182
            ],
            [
              75.478207,
              31.098113
            ],
            [
              75.474598,
              31.096945
            ],
            [
              75.475176,
              31.094367
            ],
            [
              75.470551,
              31.094457
            ],
            [
              75.470481,
              31.097725
            ],
            [
              75.472468,
              31.098725
            ],
            [
              75.470504,
              31.099725
            ],
            [
              75.47327,
              31.100274
            ],
            [
              75.473518,
              31.104025
            ],
            [
              75.475287,
              31.103256
            ],
            [
              75.475819,
              31.105995
            ],
            [
              75.47915,
              31.101725
            ],
            [
              75.478086,
              31.100457
            ],
            [
              75.476435,
              31.100108
            ],
            [
              75.476435,
              31.099341
            ],
            [
              75.478085,
              31.098991
            ],
            [
              75.480819,
              31.096218
            ],
            [
              75.48235,
              31.097725
            ],
            [
              75.481559,
              31.098984
            ],
            [
              75.485104,
              31.09901
            ],
            [
              75.487323,
              31.096725
            ],
            [
              75.48758,
              31.093486
            ],
            [
              75.491286,
              31.093192
            ],
            [
              75.49391,
              31.090633
            ],
            [
              75.494529,
              31.090725
            ],
            [
              75.493927,
              31.090833
            ],
            [
              75.493887,
              31.091793
            ],
            [
              75.49042,
              31.095326
            ],
            [
              75.490254,
              31.096725
            ],
            [
              75.491819,
              31.099429
            ],
            [
              75.501838,
              31.099705
            ],
            [
              75.495819,
              31.100103
            ],
            [
              75.495273,
              31.100725
            ],
            [
              75.495505,
              31.103038
            ],
            [
              75.501222,
              31.103725
            ],
            [
              75.500819,
              31.105098
            ],
            [
              75.499819,
              31.104156
            ],
            [
              75.497819,
              31.104211
            ],
            [
              75.495401,
              31.105725
            ],
            [
              75.497243,
              31.1063
            ],
            [
              75.497607,
              31.108936
            ],
            [
              75.499274,
              31.109269
            ],
            [
              75.499819,
              31.110337
            ],
            [
              75.505819,
              31.110159
            ],
            [
              75.507441,
              31.113102
            ],
            [
              75.512127,
              31.111033
            ],
            [
              75.516389,
              31.107725
            ],
            [
              75.514609,
              31.106725
            ],
            [
              75.514631,
              31.103913
            ],
            [
              75.513969,
              31.103725
            ],
            [
              75.514819,
              31.102105
            ],
            [
              75.516611,
              31.102725
            ],
            [
              75.515989,
              31.102895
            ],
            [
              75.516241,
              31.104302
            ],
            [
              75.522847,
              31.105697
            ],
            [
              75.519819,
              31.10598
            ],
            [
              75.519192,
              31.106725
            ],
            [
              75.521099,
              31.107444
            ],
            [
              75.522819,
              31.109498
            ],
            [
              75.523819,
              31.108791
            ],
            [
              75.524337,
              31.110206
            ],
            [
              75.526819,
              31.112302
            ],
            [
              75.528499,
              31.111725
            ],
            [
              75.527602,
              31.110725
            ],
            [
              75.527819,
              31.107723
            ],
            [
              75.527999,
              31.109725
            ],
            [
              75.529819,
              31.11238
            ],
            [
              75.530819,
              31.111459
            ],
            [
              75.533606,
              31.111512
            ],
            [
              75.533819,
              31.11065
            ],
            [
              75.534927,
              31.110725
            ],
            [
              75.533895,
              31.110801
            ],
            [
              75.533819,
              31.112723
            ],
            [
              75.533613,
              31.11193
            ],
            [
              75.531329,
              31.112235
            ],
            [
              75.532004,
              31.113725
            ],
            [
              75.530091,
              31.114725
            ],
            [
              75.530971,
              31.115725
            ],
            [
              75.530819,
              31.117866
            ],
            [
              75.530514,
              31.116029
            ],
            [
              75.527811,
              31.115725
            ],
            [
              75.529432,
              31.115338
            ],
            [
              75.529281,
              31.114262
            ],
            [
              75.524819,
              31.114227
            ],
            [
              75.521819,
              31.116286
            ],
            [
              75.518819,
              31.116345
            ],
            [
              75.517819,
              31.117356
            ],
            [
              75.514819,
              31.117393
            ],
            [
              75.513819,
              31.118405
            ],
            [
              75.511528,
              31.118725
            ],
            [
              75.513485,
              31.121725
            ],
            [
              75.513453,
              31.12409
            ],
            [
              75.514444,
              31.124725
            ],
            [
              75.515525,
              31.129018
            ],
            [
              75.517819,
              31.130142
            ],
            [
              75.519819,
              31.130179
            ],
            [
              75.520819,
              31.131197
            ],
            [
              75.524819,
              31.131302
            ],
            [
              75.527819,
              31.128517
            ],
            [
              75.531024,
              31.128519
            ],
            [
              75.530912,
              31.128818
            ],
            [
              75.528263,
              31.129169
            ],
            [
              75.525819,
              31.132108
            ],
            [
              75.519819,
              31.132265
            ],
            [
              75.518819,
              31.131292
            ],
            [
              75.516448,
              31.131725
            ],
            [
              75.517594,
              31.133949
            ],
            [
              75.519251,
              31.134292
            ],
            [
              75.521219,
              31.136324
            ],
            [
              75.522505,
              31.140038
            ],
            [
              75.524451,
              31.142092
            ],
            [
              75.526259,
              31.142165
            ],
            [
              75.525679,
              31.140725
            ],
            [
              75.526451,
              31.140358
            ],
            [
              75.526819,
              31.138446
            ],
            [
              75.527034,
              31.140725
            ],
            [
              75.528286,
              31.142257
            ],
            [
              75.529476,
              31.142382
            ],
            [
              75.529819,
              31.140276
            ],
            [
              75.530966,
              31.140725
            ],
            [
              75.530166,
              31.143377
            ],
            [
              75.53226,
              31.143725
            ],
            [
              75.53105,
              31.143956
            ],
            [
              75.530819,
              31.145285
            ],
            [
              75.525422,
              31.143328
            ],
            [
              75.525395,
              31.144148
            ],
            [
              75.527364,
              31.145725
            ],
            [
              75.527366,
              31.147725
            ],
            [
              75.52648,
              31.148725
            ],
            [
              75.522819,
              31.147455
            ],
            [
              75.521819,
              31.146138
            ],
            [
              75.518819,
              31.146212
            ],
            [
              75.517819,
              31.145252
            ],
            [
              75.515819,
              31.145276
            ],
            [
              75.514223,
              31.14332
            ],
            [
              75.510819,
              31.143364
            ],
            [
              75.505819,
              31.140432
            ],
            [
              75.504615,
              31.141521
            ],
            [
              75.50427,
              31.143176
            ],
            [
              75.502819,
              31.143396
            ],
            [
              75.502147,
              31.142725
            ],
            [
              75.504006,
              31.139537
            ],
            [
              75.498819,
              31.13651
            ],
            [
              75.495819,
              31.136523
            ],
            [
              75.492819,
              31.138528
            ],
            [
              75.491819,
              31.137536
            ],
            [
              75.488634,
              31.139725
            ],
            [
              75.489819,
              31.139913
            ],
            [
              75.490819,
              31.13892
            ],
            [
              75.49341,
              31.139133
            ],
            [
              75.4934,
              31.141306
            ],
            [
              75.492237,
              31.141306
            ],
            [
              75.491819,
              31.140525
            ],
            [
              75.490819,
              31.141532
            ],
            [
              75.487699,
              31.141605
            ],
            [
              75.48869,
              31.143853
            ],
            [
              75.489819,
              31.14493
            ],
            [
              75.492819,
              31.144943
            ],
            [
              75.492057,
              31.142725
            ],
            [
              75.493341,
              31.142202
            ],
            [
              75.494586,
              31.143725
            ],
            [
              75.494668,
              31.145875
            ],
            [
              75.501302,
              31.149241
            ],
            [
              75.50329,
              31.151254
            ],
            [
              75.504819,
              31.15507
            ],
            [
              75.506064,
              31.15497
            ],
            [
              75.507819,
              31.153129
            ],
            [
              75.511136,
              31.153042
            ],
            [
              75.512509,
              31.151415
            ],
            [
              75.514819,
              31.150354
            ],
            [
              75.516819,
              31.150401
            ],
            [
              75.517819,
              31.149486
            ],
            [
              75.51956,
              31.149466
            ],
            [
              75.519819,
              31.148688
            ],
            [
              75.521281,
              31.148725
            ],
            [
              75.519901,
              31.148807
            ],
            [
              75.519905,
              31.149811
            ],
            [
              75.517819,
              31.150994
            ],
            [
              75.515819,
              31.151084
            ],
            [
              75.513464,
              31.15237
            ],
            [
              75.513157,
              31.154063
            ],
            [
              75.508819,
              31.154315
            ],
            [
              75.507237,
              31.156143
            ],
            [
              75.505466,
              31.156725
            ],
            [
              75.507213,
              31.15833
            ],
            [
              75.507531,
              31.160012
            ],
            [
              75.512398,
              31.165145
            ],
            [
              75.513567,
              31.164725
            ],
            [
              75.513819,
              31.161651
            ],
            [
              75.513991,
              31.162552
            ],
            [
              75.514824,
              31.162725
            ],
            [
              75.514024,
              31.16293
            ],
            [
              75.514239,
              31.164304
            ],
            [
              75.515625,
              31.164531
            ],
            [
              75.51597,
              31.163573
            ],
            [
              75.515915,
              31.164725
            ],
            [
              75.515011,
              31.165725
            ],
            [
              75.515083,
              31.16746
            ],
            [
              75.516339,
              31.167725
            ],
            [
              75.515847,
              31.168725
            ],
            [
              75.514819,
              31.169053
            ],
            [
              75.512819,
              31.167015
            ],
            [
              75.51204,
              31.168503
            ],
            [
              75.513293,
              31.168725
            ],
            [
              75.511819,
              31.169732
            ],
            [
              75.511727,
              31.167816
            ],
            [
              75.510409,
              31.167134
            ],
            [
              75.509032,
              31.166938
            ],
            [
              75.508819,
              31.167801
            ],
            [
              75.507836,
              31.167725
            ],
            [
              75.508672,
              31.167578
            ],
            [
              75.508819,
              31.166202
            ],
            [
              75.510819,
              31.166485
            ],
            [
              75.511461,
              31.165725
            ],
            [
              75.506444,
              31.161099
            ],
            [
              75.506089,
              31.159454
            ],
            [
              75.502819,
              31.156394
            ],
            [
              75.499191,
              31.161097
            ],
            [
              75.497545,
              31.161451
            ],
            [
              75.49743,
              31.165725
            ],
            [
              75.498403,
              31.166725
            ],
            [
              75.498072,
              31.174472
            ],
            [
              75.49987,
              31.175673
            ],
            [
              75.499913,
              31.17763
            ],
            [
              75.50084,
              31.177703
            ],
            [
              75.500819,
              31.179142
            ]
          ]
        ],
        "type": "Polygon"
      },
      "type": "Feature"
    }
  ]
}