{
  "type": "FeatureCollection",
  "metadata": {
    "provider_name": "Domino's Pizza",
    "center_lat": 19.69646,
    "center_lon": 72.7697,
    "mode": "motorcycle",
    "total_zones": 4,
    "distance_zones": [
      3,
      4,
      5,
      6
    ],
    "generated_at": "2025-12-29T10:30:44.069197Z"
  },
  "features": [
    {
      "properties": {
        "fill-opacity": 0.33,
        "fillColor": "#bf4040",
        "opacity": 0.33,
        "fill": "#bf4040",
        "fillOpacity": 0.33,
        "color": "#bf4040",
        "contour": 3.0,
        "metric": "distance",
        "provider_name": "Domino's Pizza",
        "zone_type": "distance",
        "distance_km": 3,
        "mode": "motorcycle",
        "center_lat": 19.69646,
        "center_lon": 72.7697,
        "label": "3km"
      },
      "geometry": {
        "coordinates": [
          [
            [
              72.7637,
              19.722185
            ],
            [
              72.763151,
              19.721008
            ],
            [
              72.761749,
              19.72046
            ],
            [
              72.763377,
              19.720137
            ],
            [
              72.763473,
              19.71946
            ],
            [
              72.761516,
              19.71846
            ],
            [
              72.761519,
              19.71546
            ],
            [
              72.758455,
              19.71446
            ],
            [
              72.7607,
              19.713094
            ],
            [
              72.764034,
              19.712794
            ],
            [
              72.764001,
              19.711158
            ],
            [
              72.7597,
              19.710906
            ],
            [
              72.7557,
              19.713667
            ],
            [
              72.75364,
              19.71352
            ],
            [
              72.755302,
              19.713062
            ],
            [
              72.756488,
              19.71146
            ],
            [
              72.756121,
              19.70146
            ],
            [
              72.752179,
              19.70046
            ],
            [
              72.754002,
              19.699762
            ],
            [
              72.754003,
              19.698156
            ],
            [
              72.7457,
              19.697683
            ],
            [
              72.745302,
              19.696857
            ],
            [
              72.743,
              19.69646
            ],
            [
              72.7457,
              19.695331
            ],
            [
              72.7467,
              19.697175
            ],
            [
              72.7537,
              19.696927
            ],
            [
              72.7547,
              19.695931
            ],
            [
              72.755997,
              19.696757
            ],
            [
              72.756042,
              19.695117
            ],
            [
              72.752369,
              19.69446
            ],
            [
              72.753357,
              19.69346
            ],
            [
              72.754007,
              19.689152
            ],
            [
              72.7517,
              19.686916
            ],
            [
              72.7507,
              19.688784
            ],
            [
              72.749257,
              19.688017
            ],
            [
              72.749087,
              19.69146
            ],
            [
              72.7477,
              19.691502
            ],
            [
              72.746347,
              19.688812
            ],
            [
              72.74479,
              19.68855
            ],
            [
              72.7447,
              19.689024
            ],
            [
              72.744625,
              19.688534
            ],
            [
              72.749315,
              19.68646
            ],
            [
              72.748495,
              19.68446
            ],
            [
              72.748521,
              19.680638
            ],
            [
              72.7477,
              19.680009
            ],
            [
              72.7497,
              19.680079
            ],
            [
              72.749953,
              19.68246
            ],
            [
              72.7507,
              19.683143
            ],
            [
              72.752505,
              19.683265
            ],
            [
              72.7537,
              19.681561
            ],
            [
              72.75399,
              19.683169
            ],
            [
              72.7567,
              19.682969
            ],
            [
              72.756971,
              19.682188
            ],
            [
              72.756162,
              19.68146
            ],
            [
              72.75824,
              19.681
            ],
            [
              72.759394,
              19.67946
            ],
            [
              72.758547,
              19.678307
            ],
            [
              72.7617,
              19.679069
            ],
            [
              72.763114,
              19.677874
            ],
            [
              72.763197,
              19.675962
            ],
            [
              72.761922,
              19.675682
            ],
            [
              72.761648,
              19.67646
            ],
            [
              72.760534,
              19.67446
            ],
            [
              72.761759,
              19.6744
            ],
            [
              72.761941,
              19.675218
            ],
            [
              72.763266,
              19.675026
            ],
            [
              72.7637,
              19.672472
            ],
            [
              72.765366,
              19.67446
            ],
            [
              72.765057,
              19.676103
            ],
            [
              72.766492,
              19.676252
            ],
            [
              72.7667,
              19.675595
            ],
            [
              72.769356,
              19.678803
            ],
            [
              72.770425,
              19.677185
            ],
            [
              72.771928,
              19.677231
            ],
            [
              72.7727,
              19.678994
            ],
            [
              72.7747,
              19.677104
            ],
            [
              72.777187,
              19.676947
            ],
            [
              72.7777,
              19.673674
            ],
            [
              72.777949,
              19.67746
            ],
            [
              72.777051,
              19.67846
            ],
            [
              72.777145,
              19.68146
            ],
            [
              72.7762,
              19.68246
            ],
            [
              72.776245,
              19.68446
            ],
            [
              72.775285,
              19.68546
            ],
            [
              72.775364,
              19.69146
            ],
            [
              72.774492,
              19.692667
            ],
            [
              72.777956,
              19.694716
            ],
            [
              72.779124,
              19.69346
            ],
            [
              72.778361,
              19.692121
            ],
            [
              72.780007,
              19.691767
            ],
            [
              72.781214,
              19.69046
            ],
            [
              72.779456,
              19.688216
            ],
            [
              72.782326,
              19.68746
            ],
            [
              72.7817,
              19.686693
            ],
            [
              72.778976,
              19.68646
            ],
            [
              72.780414,
              19.686174
            ],
            [
              72.7807,
              19.684149
            ],
            [
              72.7817,
              19.683641
            ],
            [
              72.7827,
              19.683434
            ],
            [
              72.7837,
              19.684274
            ],
            [
              72.78466,
              19.68342
            ],
            [
              72.7857,
              19.683135
            ],
            [
              72.785615,
              19.683544
            ],
            [
              72.784832,
              19.683592
            ],
            [
              72.784107,
              19.684867
            ],
            [
              72.784226,
              19.686933
            ],
            [
              72.7877,
              19.687836
            ],
            [
              72.788719,
              19.68746
            ],
            [
              72.789815,
              19.689344
            ],
            [
              72.788863,
              19.69046
            ],
            [
              72.789736,
              19.691423
            ],
            [
              72.789979,
              19.69246
            ],
            [
              72.789626,
              19.692386
            ],
            [
              72.789577,
              19.691583
            ],
            [
              72.787943,
              19.691703
            ],
            [
              72.787806,
              19.694566
            ],
            [
              72.787022,
              19.69546
            ],
            [
              72.7877,
              19.696123
            ],
            [
              72.792526,
              19.69646
            ],
            [
              72.7847,
              19.696906
            ],
            [
              72.78237,
              19.69813
            ],
            [
              72.782021,
              19.699781
            ],
            [
              72.780355,
              19.700115
            ],
            [
              72.7797,
              19.70291
            ],
            [
              72.778118,
              19.69846
            ],
            [
              72.777438,
              19.698198
            ],
            [
              72.776257,
              19.70046
            ],
            [
              72.778158,
              19.702918
            ],
            [
              72.776398,
              19.703158
            ],
            [
              72.776434,
              19.704725
            ],
            [
              72.778001,
              19.704761
            ],
            [
              72.778233,
              19.702993
            ],
            [
              72.779172,
              19.702987
            ],
            [
              72.779394,
              19.705765
            ],
            [
              72.7817,
              19.705986
            ],
            [
              72.7827,
              19.707018
            ],
            [
              72.784753,
              19.70746
            ],
            [
              72.78096,
              19.71072
            ],
            [
              72.7797,
              19.713093
            ],
            [
              72.779467,
              19.71046
            ],
            [
              72.77809,
              19.708069
            ],
            [
              72.777336,
              19.708096
            ],
            [
              72.776947,
              19.710707
            ],
            [
              72.773315,
              19.711075
            ],
            [
              72.77186,
              19.71462
            ],
            [
              72.771067,
              19.714827
            ],
            [
              72.7707,
              19.716856
            ],
            [
              72.770528,
              19.71446
            ],
            [
              72.772298,
              19.71146
            ],
            [
              72.771083,
              19.709076
            ],
            [
              72.769433,
              19.709726
            ],
            [
              72.769962,
              19.707197
            ],
            [
              72.766446,
              19.708206
            ],
            [
              72.765266,
              19.71046
            ],
            [
              72.76519,
              19.71346
            ],
            [
              72.764159,
              19.71446
            ],
            [
              72.76593,
              19.715229
            ],
            [
              72.765937,
              19.71746
            ],
            [
              72.7647,
              19.716769
            ],
            [
              72.764047,
              19.71746
            ],
            [
              72.7637,
              19.722185
            ]
          ]
        ],
        "type": "Polygon"
      },
      "type": "Feature"
    },
    {
      "properties": {
        "fill-opacity": 0.33,
        "fillColor": "#bf4040",
        "opacity": 0.33,
        "fill": "#bf4040",
        "fillOpacity": 0.33,
        "color": "#bf4040",
        "contour": 4.0,
        "metric": "distance",
        "provider_name": "Domino's Pizza",
        "zone_type": "distance",
        "distance_km": 4,
        "mode": "motorcycle",
        "center_lat": 19.69646,
        "center_lon": 72.7697,
        "label": "4km"
      },
      "geometry": {
        "coordinates": [
          [
            [
              72.7627,
              19.731032
            ],
            [
              72.762145,
              19.72746
            ],
            [
              72.762361,
              19.725121
            ],
            [
              72.763273,
              19.72446
            ],
            [
              72.7627,
              19.723904
            ],
            [
              72.762003,
              19.724763
            ],
            [
              72.760211,
              19.724971
            ],
            [
              72.759848,
              19.72646
            ],
            [
              72.755824,
              19.726584
            ],
            [
              72.755399,
              19.72746
            ],
            [
              72.755661,
              19.726421
            ],
            [
              72.761367,
              19.720127
            ],
            [
              72.763136,
              19.71946
            ],
            [
              72.761149,
              19.71846
            ],
            [
              72.760955,
              19.714204
            ],
            [
              72.7587,
              19.715029
            ],
            [
              72.75832,
              19.71408
            ],
            [
              72.7597,
              19.712865
            ],
            [
              72.7637,
              19.7128
            ],
            [
              72.763907,
              19.711252
            ],
            [
              72.7597,
              19.711103
            ],
            [
              72.758095,
              19.712855
            ],
            [
              72.7557,
              19.714017
            ],
            [
              72.7537,
              19.713976
            ],
            [
              72.7487,
              19.716748
            ],
            [
              72.745992,
              19.716752
            ],
            [
              72.7457,
              19.717574
            ],
            [
              72.744274,
              19.71746
            ],
            [
              72.74548,
              19.71724
            ],
            [
              72.7457,
              19.716324
            ],
            [
              72.7477,
              19.716185
            ],
            [
              72.7527,
              19.71297
            ],
            [
              72.7547,
              19.712919
            ],
            [
              72.75614,
              19.71146
            ],
            [
              72.755996,
              19.70146
            ],
            [
              72.7527,
              19.701136
            ],
            [
              72.752023,
              19.70046
            ],
            [
              72.753907,
              19.699667
            ],
            [
              72.753907,
              19.698252
            ],
            [
              72.7457,
              19.698023
            ],
            [
              72.7437,
              19.696977
            ],
            [
              72.742115,
              19.69846
            ],
            [
              72.7427,
              19.701685
            ],
            [
              72.740128,
              19.699031
            ],
            [
              72.7377,
              19.697757
            ],
            [
              72.7357,
              19.699568
            ],
            [
              72.734232,
              19.69946
            ],
            [
              72.735478,
              19.699238
            ],
            [
              72.7367,
              19.697221
            ],
            [
              72.7417,
              19.696995
            ],
            [
              72.7447,
              19.69495
            ],
            [
              72.746056,
              19.695103
            ],
            [
              72.7467,
              19.696876
            ],
            [
              72.7537,
              19.696778
            ],
            [
              72.7547,
              19.69578
            ],
            [
              72.755905,
              19.696665
            ],
            [
              72.755926,
              19.695233
            ],
            [
              72.7527,
              19.695058
            ],
            [
              72.752101,
              19.69446
            ],
            [
              72.753096,
              19.69346
            ],
            [
              72.753909,
              19.68925
            ],
            [
              72.7517,
              19.687111
            ],
            [
              72.7507,
              19.689056
            ],
            [
              72.749434,
              19.688194
            ],
            [
              72.749237,
              19.69046
            ],
            [
              72.750182,
              19.69146
            ],
            [
              72.7497,
              19.691942
            ],
            [
              72.747359,
              19.6918
            ],
            [
              72.7457,
              19.688996
            ],
            [
              72.7447,
              19.68995
            ],
            [
              72.742316,
              19.690076
            ],
            [
              72.742954,
              19.69246
            ],
            [
              72.741197,
              19.692957
            ],
            [
              72.740994,
              19.694165
            ],
            [
              72.7417,
              19.694513
            ],
            [
              72.7407,
              19.694607
            ],
            [
              72.7397,
              19.693588
            ],
            [
              72.7387,
              19.693826
            ],
            [
              72.738673,
              19.693433
            ],
            [
              72.739441,
              19.693201
            ],
            [
              72.739291,
              19.691868
            ],
            [
              72.735069,
              19.69146
            ],
            [
              72.738203,
              19.690963
            ],
            [
              72.738274,
              19.689885
            ],
            [
              72.7367,
              19.687944
            ],
            [
              72.737752,
              19.688407
            ],
            [
              72.739211,
              19.689948
            ],
            [
              72.7407,
              19.690085
            ],
            [
              72.7417,
              19.689042
            ],
            [
              72.7437,
              19.688976
            ],
            [
              72.7467,
              19.686896
            ],
            [
              72.74908,
              19.68646
            ],
            [
              72.748143,
              19.68446
            ],
            [
              72.748015,
              19.681144
            ],
            [
              72.745274,
              19.67946
            ],
            [
              72.746088,
              19.678071
            ],
            [
              72.7437,
              19.6757
            ],
            [
              72.740686,
              19.67546
            ],
            [
              72.743286,
              19.675046
            ],
            [
              72.743606,
              19.672553
            ],
            [
              72.742891,
              19.67246
            ],
            [
              72.7437,
              19.672194
            ],
            [
              72.744067,
              19.674092
            ],
            [
              72.7457,
              19.674226
            ],
            [
              72.7467,
              19.675197
            ],
            [
              72.74775,
              19.673409
            ],
            [
              72.747819,
              19.675579
            ],
            [
              72.746061,
              19.67646
            ],
            [
              72.747999,
              19.67816
            ],
            [
              72.748371,
              19.679788
            ],
            [
              72.750067,
              19.678827
            ],
            [
              72.750452,
              19.677212
            ],
            [
              72.752177,
              19.676937
            ],
            [
              72.752318,
              19.675841
            ],
            [
              72.751614,
              19.675374
            ],
            [
              72.7537,
              19.675316
            ],
            [
              72.753821,
              19.67646
            ],
            [
              72.752968,
              19.67746
            ],
            [
              72.754329,
              19.67983
            ],
            [
              72.7557,
              19.681008
            ],
            [
              72.7577,
              19.680908
            ],
            [
              72.759109,
              19.67946
            ],
            [
              72.758323,
              19.678083
            ],
            [
              72.7597,
              19.67789
            ],
            [
              72.7617,
              19.678838
            ],
            [
              72.762955,
              19.677715
            ],
            [
              72.763108,
              19.67646
            ],
            [
              72.7627,
              19.676011
            ],
            [
              72.7617,
              19.676962
            ],
            [
              72.75845,
              19.676709
            ],
            [
              72.75926,
              19.67546
            ],
            [
              72.757429,
              19.67473
            ],
            [
              72.756376,
              19.67246
            ],
            [
              72.757915,
              19.672244
            ],
            [
              72.7587,
              19.674017
            ],
            [
              72.7607,
              19.672981
            ],
            [
              72.762994,
              19.674754
            ],
            [
              72.763168,
              19.67346
            ],
            [
              72.762056,
              19.672103
            ],
            [
              72.759336,
              19.67146
            ],
            [
              72.76109,
              19.67085
            ],
            [
              72.761499,
              19.668259
            ],
            [
              72.763196,
              19.668956
            ],
            [
              72.76437,
              19.66813
            ],
            [
              72.7647,
              19.666807
            ],
            [
              72.764812,
              19.668572
            ],
            [
              72.762268,
              19.670028
            ],
            [
              72.762324,
              19.670835
            ],
            [
              72.7647,
              19.67296
            ],
            [
              72.7667,
              19.673024
            ],
            [
              72.7677,
              19.672101
            ],
            [
              72.7687,
              19.672221
            ],
            [
              72.7697,
              19.671352
            ],
            [
              72.770622,
              19.671382
            ],
            [
              72.7707,
              19.67038
            ],
            [
              72.770724,
              19.671484
            ],
            [
              72.769932,
              19.671692
            ],
            [
              72.770118,
              19.673041
            ],
            [
              72.772543,
              19.673303
            ],
            [
              72.7727,
              19.672707
            ],
            [
              72.772778,
              19.67346
            ],
            [
              72.771115,
              19.673875
            ],
            [
              72.769969,
              19.67546
            ],
            [
              72.772102,
              19.677057
            ],
            [
              72.7727,
              19.678808
            ],
            [
              72.777155,
              19.67546
            ],
            [
              72.77704,
              19.674119
            ],
            [
              72.775424,
              19.673735
            ],
            [
              72.774476,
              19.672236
            ],
            [
              72.775927,
              19.672232
            ],
            [
              72.7767,
              19.673011
            ],
            [
              72.778235,
              19.67246
            ],
            [
              72.77823,
              19.668929
            ],
            [
              72.777501,
              19.667658
            ],
            [
              72.776408,
              19.66746
            ],
            [
              72.7777,
              19.667355
            ],
            [
              72.7787,
              19.668256
            ],
            [
              72.779479,
              19.66746
            ],
            [
              72.779665,
              19.665424
            ],
            [
              72.780196,
              19.66546
            ],
            [
              72.779164,
              19.67346
            ],
            [
              72.77729,
              19.67746
            ],
            [
              72.777343,
              19.68146
            ],
            [
              72.776366,
              19.68246
            ],
            [
              72.7757,
              19.686062
            ],
            [
              72.780011,
              19.685771
            ],
            [
              72.7807,
              19.682994
            ],
            [
              72.7827,
              19.682953
            ],
            [
              72.784008,
              19.683768
            ],
            [
              72.78813,
              19.67989
            ],
            [
              72.7895,
              19.67746
            ],
            [
              72.789491,
              19.676668
            ],
            [
              72.788184,
              19.67646
            ],
            [
              72.789531,
              19.676291
            ],
            [
              72.7897,
              19.675358
            ],
            [
              72.790714,
              19.675445
            ],
            [
              72.790741,
              19.676501
            ],
            [
              72.78991,
              19.67667
            ],
            [
              72.790117,
              19.678042
            ],
            [
              72.791756,
              19.678403
            ],
            [
              72.791817,
              19.679342
            ],
            [
              72.79247,
              19.67946
            ],
            [
              72.790175,
              19.679935
            ],
            [
              72.7897,
              19.682544
            ],
            [
              72.789191,
              19.680968
            ],
            [
              72.788289,
              19.681049
            ],
            [
              72.783435,
              19.686724
            ],
            [
              72.7887,
              19.686959
            ],
            [
              72.7907,
              19.685098
            ],
            [
              72.7927,
              19.685156
            ],
            [
              72.7957,
              19.683063
            ],
            [
              72.7967,
              19.68346
            ],
            [
              72.795802,
              19.683562
            ],
            [
              72.795872,
              19.686632
            ],
            [
              72.794076,
              19.68746
            ],
            [
              72.793909,
              19.691669
            ],
            [
              72.7917,
              19.692907
            ],
            [
              72.7897,
              19.692967
            ],
            [
              72.788386,
              19.692146
            ],
            [
              72.788038,
              19.694798
            ],
            [
              72.787296,
              19.69546
            ],
            [
              72.7927,
              19.696038
            ],
            [
              72.793019,
              19.696779
            ],
            [
              72.7847,
              19.697103
            ],
            [
              72.782479,
              19.698239
            ],
            [
              72.782139,
              19.699899
            ],
            [
              72.780315,
              19.70046
            ],
            [
              72.77939,
              19.70546
            ],
            [
              72.7817,
              19.705804
            ],
            [
              72.7827,
              19.706818
            ],
            [
              72.7857,
              19.706984
            ],
            [
              72.7867,
              19.708019
            ],
            [
              72.7897,
              19.708149
            ],
            [
              72.791657,
              19.706417
            ],
            [
              72.7927,
              19.706211
            ],
            [
              72.793072,
              19.70646
            ],
            [
              72.791837,
              19.706597
            ],
            [
              72.790938,
              19.70846
            ],
            [
              72.7917,
              19.709255
            ],
            [
              72.794034,
              19.70946
            ],
            [
              72.7897,
              19.709728
            ],
            [
              72.788285,
              19.709045
            ],
            [
              72.7877,
              19.714749
            ],
            [
              72.787096,
              19.709064
            ],
            [
              72.78534,
              19.7091
            ],
            [
              72.7847,
              19.710849
            ],
            [
              72.782385,
              19.710145
            ],
            [
              72.781217,
              19.71146
            ],
            [
              72.782176,
              19.71246
            ],
            [
              72.782115,
              19.71446
            ],
            [
              72.780316,
              19.715076
            ],
            [
              72.779899,
              19.717659
            ],
            [
              72.778114,
              19.717874
            ],
            [
              72.7777,
              19.719816
            ],
            [
              72.777373,
              19.717786
            ],
            [
              72.7747,
              19.71676
            ],
            [
              72.7727,
              19.717865
            ],
            [
              72.770378,
              19.717782
            ],
            [
              72.770153,
              19.71446
            ],
            [
              72.772074,
              19.71146
            ],
            [
              72.770943,
              19.709216
            ],
            [
              72.769283,
              19.709876
            ],
            [
              72.769067,
              19.70846
            ],
            [
              72.769888,
              19.707271
            ],
            [
              72.766516,
              19.708276
            ],
            [
              72.765397,
              19.71046
            ],
            [
              72.765362,
              19.71346
            ],
            [
              72.764349,
              19.71446
            ],
            [
              72.766102,
              19.715057
            ],
            [
              72.766267,
              19.71746
            ],
            [
              72.7657,
              19.718027
            ],
            [
              72.7647,
              19.717051
            ],
            [
              72.764305,
              19.71746
            ],
            [
              72.764087,
              19.72546
            ],
            [
              72.763042,
              19.72646
            ],
            [
              72.7627,
              19.731032
            ]
          ]
        ],
        "type": "Polygon"
      },
      "type": "Feature"
    },
    {
      "properties": {
        "fill-opacity": 0.33,
        "fillColor": "#bf4040",
        "opacity": 0.33,
        "fill": "#bf4040",
        "fillOpacity": 0.33,
        "color": "#bf4040",
        "contour": 5.0,
        "metric": "distance",
        "provider_name": "Domino's Pizza",
        "zone_type": "distance",
        "distance_km": 5,
        "mode": "motorcycle",
        "center_lat": 19.69646,
        "center_lon": 72.7697,
        "label": "5km"
      },
      "geometry": {
        "coordinates": [
          [
            [
              72.7607,
              19.739818
            ],
            [
              72.760533,
              19.738626
            ],
            [
              72.75943,
              19.73846
            ],
            [
              72.759655,
              19.737415
            ],
            [
              72.761432,
              19.73646
            ],
            [
              72.761309,
              19.73346
            ],
            [
              72.762245,
              19.73246
            ],
            [
              72.7617,
              19.727861
            ],
            [
              72.7597,
              19.726969
            ],
            [
              72.75638,
              19.72714
            ],
            [
              72.75225,
              19.73101
            ],
            [
              72.7527,
              19.732663
            ],
            [
              72.751541,
              19.732618
            ],
            [
              72.750272,
              19.730887
            ],
            [
              72.747878,
              19.73046
            ],
            [
              72.752133,
              19.729893
            ],
            [
              72.761256,
              19.720016
            ],
            [
              72.762908,
              19.719668
            ],
            [
              72.76101,
              19.71846
            ],
            [
              72.760884,
              19.714275
            ],
            [
              72.7597,
              19.715169
            ],
            [
              72.758,
              19.71446
            ],
            [
              72.7597,
              19.712748
            ],
            [
              72.763867,
              19.712627
            ],
            [
              72.763858,
              19.711301
            ],
            [
              72.7597,
              19.711197
            ],
            [
              72.758173,
              19.712933
            ],
            [
              72.7557,
              19.714153
            ],
            [
              72.7537,
              19.714134
            ],
            [
              72.7487,
              19.717044
            ],
            [
              72.7467,
              19.717019
            ],
            [
              72.7457,
              19.71799
            ],
            [
              72.741291,
              19.718051
            ],
            [
              72.737749,
              19.721509
            ],
            [
              72.736327,
              19.72146
            ],
            [
              72.73754,
              19.7213
            ],
            [
              72.737593,
              19.720353
            ],
            [
              72.740322,
              19.71746
            ],
            [
              72.739275,
              19.714884
            ],
            [
              72.737038,
              19.71446
            ],
            [
              72.737445,
              19.71346
            ],
            [
              72.737878,
              19.714281
            ],
            [
              72.7397,
              19.714275
            ],
            [
              72.740886,
              19.715273
            ],
            [
              72.741284,
              19.716875
            ],
            [
              72.7447,
              19.716948
            ],
            [
              72.7457,
              19.715923
            ],
            [
              72.7477,
              19.71588
            ],
            [
              72.750276,
              19.714036
            ],
            [
              72.7527,
              19.712798
            ],
            [
              72.7547,
              19.712774
            ],
            [
              72.7559,
              19.71166
            ],
            [
              72.755928,
              19.70146
            ],
            [
              72.752189,
              19.70097
            ],
            [
              72.752189,
              19.699949
            ],
            [
              72.753858,
              19.699618
            ],
            [
              72.7537,
              19.698218
            ],
            [
              72.7457,
              19.698155
            ],
            [
              72.7437,
              19.697134
            ],
            [
              72.742331,
              19.69846
            ],
            [
              72.743273,
              19.70046
            ],
            [
              72.743075,
              19.701835
            ],
            [
              72.7377,
              19.698047
            ],
            [
              72.735172,
              19.70046
            ],
            [
              72.7361,
              19.70146
            ],
            [
              72.734922,
              19.703682
            ],
            [
              72.734063,
              19.701096
            ],
            [
              72.7327,
              19.699915
            ],
            [
              72.729952,
              19.70246
            ],
            [
              72.7297,
              19.70531
            ],
            [
              72.729413,
              19.703746
            ],
            [
              72.727198,
              19.70346
            ],
            [
              72.726471,
              19.701688
            ],
            [
              72.724999,
              19.70146
            ],
            [
              72.7267,
              19.699692
            ],
            [
              72.726862,
              19.700297
            ],
            [
              72.7297,
              19.700123
            ],
            [
              72.731264,
              19.699024
            ],
            [
              72.735012,
              19.698772
            ],
            [
              72.736321,
              19.697081
            ],
            [
              72.738287,
              19.69646
            ],
            [
              72.738189,
              19.69346
            ],
            [
              72.739141,
              19.69246
            ],
            [
              72.7347,
              19.691949
            ],
            [
              72.7337,
              19.692903
            ],
            [
              72.732283,
              19.693043
            ],
            [
              72.7307,
              19.698281
            ],
            [
              72.73053,
              19.69546
            ],
            [
              72.731147,
              19.694012
            ],
            [
              72.726218,
              19.69346
            ],
            [
              72.727474,
              19.693234
            ],
            [
              72.7287,
              19.691113
            ],
            [
              72.73028,
              19.69104
            ],
            [
              72.731477,
              19.68946
            ],
            [
              72.730645,
              19.688405
            ],
            [
              72.731197,
              19.685962
            ],
            [
              72.72998,
              19.68574
            ],
            [
              72.7297,
              19.68675
            ],
            [
              72.729465,
              19.684694
            ],
            [
              72.72833,
              19.68446
            ],
            [
              72.7297,
              19.684337
            ],
            [
              72.7307,
              19.685239
            ],
            [
              72.733172,
              19.684932
            ],
            [
              72.733703,
              19.681456
            ],
            [
              72.733981,
              19.68546
            ],
            [
              72.735997,
              19.686162
            ],
            [
              72.738047,
              19.688113
            ],
            [
              72.738266,
              19.689893
            ],
            [
              72.7407,
              19.689844
            ],
            [
              72.7467,
              19.686763
            ],
            [
              72.748886,
              19.686646
            ],
            [
              72.747914,
              19.681245
            ],
            [
              72.745276,
              19.679883
            ],
            [
              72.746055,
              19.67846
            ],
            [
              72.743979,
              19.67618
            ],
            [
              72.7407,
              19.675963
            ],
            [
              72.7397,
              19.674934
            ],
            [
              72.7377,
              19.674865
            ],
            [
              72.736973,
              19.67546
            ],
            [
              72.736663,
              19.678496
            ],
            [
              72.736136,
              19.674023
            ],
            [
              72.734073,
              19.673833
            ],
            [
              72.7337,
              19.675338
            ],
            [
              72.733454,
              19.672705
            ],
            [
              72.731543,
              19.67246
            ],
            [
              72.734346,
              19.672106
            ],
            [
              72.734608,
              19.671368
            ],
            [
              72.735549,
              19.671309
            ],
            [
              72.7357,
              19.670099
            ],
            [
              72.735771,
              19.67146
            ],
            [
              72.734981,
              19.671741
            ],
            [
              72.73521,
              19.672949
            ],
            [
              72.7427,
              19.674913
            ],
            [
              72.743021,
              19.673138
            ],
            [
              72.7397,
              19.672856
            ],
            [
              72.739435,
              19.672195
            ],
            [
              72.742044,
              19.671804
            ],
            [
              72.742299,
              19.669059
            ],
            [
              72.742977,
              19.669182
            ],
            [
              72.7437,
              19.670993
            ],
            [
              72.745106,
              19.670866
            ],
            [
              72.745886,
              19.669273
            ],
            [
              72.746097,
              19.67146
            ],
            [
              72.744348,
              19.672108
            ],
            [
              72.744242,
              19.67346
            ],
            [
              72.7467,
              19.67391
            ],
            [
              72.748046,
              19.673113
            ],
            [
              72.748066,
              19.674826
            ],
            [
              72.74631,
              19.67646
            ],
            [
              72.7487,
              19.679783
            ],
            [
              72.749937,
              19.678697
            ],
            [
              72.75029,
              19.67705
            ],
            [
              72.751978,
              19.676738
            ],
            [
              72.751165,
              19.67546
            ],
            [
              72.7517,
              19.674925
            ],
            [
              72.753067,
              19.675092
            ],
            [
              72.754054,
              19.676105
            ],
            [
              72.753277,
              19.67746
            ],
            [
              72.7557,
              19.680814
            ],
            [
              72.7577,
              19.680769
            ],
            [
              72.758894,
              19.679655
            ],
            [
              72.758003,
              19.67846
            ],
            [
              72.7587,
              19.677763
            ],
            [
              72.761883,
              19.678643
            ],
            [
              72.76298,
              19.67746
            ],
            [
              72.762899,
              19.67626
            ],
            [
              72.7617,
              19.677127
            ],
            [
              72.758289,
              19.67687
            ],
            [
              72.759059,
              19.67546
            ],
            [
              72.757282,
              19.674878
            ],
            [
              72.756103,
              19.67246
            ],
            [
              72.757097,
              19.672062
            ],
            [
              72.7587,
              19.673817
            ],
            [
              72.7607,
              19.672802
            ],
            [
              72.762904,
              19.674664
            ],
            [
              72.763018,
              19.67346
            ],
            [
              72.761932,
              19.672227
            ],
            [
              72.759088,
              19.67146
            ],
            [
              72.760946,
              19.670706
            ],
            [
              72.761307,
              19.668067
            ],
            [
              72.7627,
              19.668872
            ],
            [
              72.764003,
              19.667763
            ],
            [
              72.764375,
              19.666135
            ],
            [
              72.767079,
              19.665839
            ],
            [
              72.768039,
              19.65946
            ],
            [
              72.768723,
              19.659436
            ],
            [
              72.769102,
              19.66046
            ],
            [
              72.767963,
              19.660723
            ],
            [
              72.768291,
              19.666868
            ],
            [
              72.772514,
              19.667274
            ],
            [
              72.7727,
              19.666359
            ],
            [
              72.772852,
              19.667307
            ],
            [
              72.773596,
              19.66746
            ],
            [
              72.772854,
              19.667614
            ],
            [
              72.772735,
              19.66946
            ],
            [
              72.772693,
              19.669453
            ],
            [
              72.772636,
              19.668524
            ],
            [
              72.771281,
              19.669041
            ],
            [
              72.771209,
              19.67146
            ],
            [
              72.770262,
              19.67246
            ],
            [
              72.7717,
              19.672915
            ],
            [
              72.7727,
              19.671967
            ],
            [
              72.773192,
              19.67246
            ],
            [
              72.773046,
              19.673806
            ],
            [
              72.771405,
              19.674165
            ],
            [
              72.770277,
              19.67546
            ],
            [
              72.772177,
              19.676982
            ],
            [
              72.772876,
              19.678636
            ],
            [
              72.774221,
              19.676981
            ],
            [
              72.775895,
              19.676655
            ],
            [
              72.777013,
              19.67546
            ],
            [
              72.776925,
              19.674234
            ],
            [
              72.775279,
              19.67388
            ],
            [
              72.774264,
              19.672024
            ],
            [
              72.7757,
              19.671684
            ],
            [
              72.7767,
              19.672815
            ],
            [
              72.778062,
              19.67146
            ],
            [
              72.778094,
              19.66946
            ],
            [
              72.777017,
              19.668142
            ],
            [
              72.773713,
              19.66746
            ],
            [
              72.7777,
              19.666932
            ],
            [
              72.778988,
              19.667748
            ],
            [
              72.779214,
              19.66446
            ],
            [
              72.781379,
              19.66046
            ],
            [
              72.7816,
              19.65746
            ],
            [
              72.782554,
              19.657314
            ],
            [
              72.7827,
              19.656464
            ],
            [
              72.782751,
              19.657511
            ],
            [
              72.781921,
              19.657681
            ],
            [
              72.782033,
              19.66146
            ],
            [
              72.780213,
              19.66546
            ],
            [
              72.780287,
              19.66946
            ],
            [
              72.778364,
              19.67346
            ],
            [
              72.778397,
              19.67646
            ],
            [
              72.777409,
              19.67746
            ],
            [
              72.777437,
              19.68146
            ],
            [
              72.77645,
              19.68246
            ],
            [
              72.776461,
              19.68446
            ],
            [
              72.775527,
              19.685632
            ],
            [
              72.7797,
              19.685784
            ],
            [
              72.780265,
              19.683025
            ],
            [
              72.7827,
              19.68279
            ],
            [
              72.7837,
              19.683769
            ],
            [
              72.787961,
              19.679721
            ],
            [
              72.789011,
              19.677148
            ],
            [
              72.783364,
              19.67546
            ],
            [
              72.7867,
              19.67503
            ],
            [
              72.7877,
              19.675973
            ],
            [
              72.789024,
              19.675784
            ],
            [
              72.790266,
              19.67346
            ],
            [
              72.790421,
              19.669738
            ],
            [
              72.789577,
              19.66846
            ],
            [
              72.790531,
              19.668291
            ],
            [
              72.7907,
              19.66728
            ],
            [
              72.790888,
              19.668271
            ],
            [
              72.7927,
              19.66928
            ],
            [
              72.793498,
              19.669258
            ],
            [
              72.7937,
              19.668434
            ],
            [
              72.794663,
              19.66846
            ],
            [
              72.793754,
              19.668514
            ],
            [
              72.793798,
              19.66946
            ],
            [
              72.792831,
              19.670591
            ],
            [
              72.791053,
              19.67146
            ],
            [
              72.792891,
              19.672268
            ],
            [
              72.793262,
              19.673897
            ],
            [
              72.798011,
              19.67446
            ],
            [
              72.79605,
              19.67481
            ],
            [
              72.7957,
              19.675608
            ],
            [
              72.7947,
              19.674731
            ],
            [
              72.7907,
              19.674902
            ],
            [
              72.790202,
              19.67546
            ],
            [
              72.791215,
              19.67646
            ],
            [
              72.790404,
              19.677755
            ],
            [
              72.7927,
              19.678965
            ],
            [
              72.7947,
              19.679029
            ],
            [
              72.7957,
              19.677163
            ],
            [
              72.7967,
              19.67815
            ],
            [
              72.79945,
              19.67821
            ],
            [
              72.799665,
              19.677425
            ],
            [
              72.8007,
              19.677452
            ],
            [
              72.8007,
              19.678482
            ],
            [
              72.796266,
              19.679026
            ],
            [
              72.796117,
              19.680877
            ],
            [
              72.7967,
              19.682002
            ],
            [
              72.7977,
              19.681062
            ],
            [
              72.7987,
              19.682082
            ],
            [
              72.800886,
              19.682273
            ],
            [
              72.800949,
              19.68346
            ],
            [
              72.7987,
              19.682837
            ],
            [
              72.797887,
              19.684647
            ],
            [
              72.796378,
              19.684138
            ],
            [
              72.796082,
              19.686842
            ],
            [
              72.794313,
              19.68746
            ],
            [
              72.794124,
              19.691884
            ],
            [
              72.7927,
              19.692085
            ],
            [
              72.7917,
              19.693104
            ],
            [
              72.7897,
              19.69313
            ],
            [
              72.788487,
              19.692247
            ],
            [
              72.788442,
              19.69446
            ],
            [
              72.787511,
              19.695648
            ],
            [
              72.793438,
              19.695721
            ],
            [
              72.793616,
              19.697376
            ],
            [
              72.7847,
              19.697197
            ],
            [
              72.782534,
              19.698294
            ],
            [
              72.782197,
              19.699957
            ],
            [
              72.780422,
              19.70046
            ],
            [
              72.77946,
              19.70546
            ],
            [
              72.7817,
              19.705716
            ],
            [
              72.7827,
              19.706723
            ],
            [
              72.7857,
              19.706804
            ],
            [
              72.7867,
              19.707818
            ],
            [
              72.789984,
              19.707744
            ],
            [
              72.792232,
              19.70546
            ],
            [
              72.792326,
              19.69846
            ],
            [
              72.7937,
              19.697929
            ],
            [
              72.793808,
              19.69846
            ],
            [
              72.792851,
              19.698611
            ],
            [
              72.793308,
              19.703851
            ],
            [
              72.798876,
              19.70446
            ],
            [
              72.7937,
              19.704867
            ],
            [
              72.793167,
              19.70546
            ],
            [
              72.794021,
              19.706781
            ],
            [
              72.792381,
              19.707141
            ],
            [
              72.79141,
              19.708749
            ],
            [
              72.79898,
              19.710179
            ],
            [
              72.7997,
              19.711186
            ],
            [
              72.800545,
              19.71046
            ],
            [
              72.80056,
              19.709599
            ],
            [
              72.799808,
              19.70946
            ],
            [
              72.800587,
              19.709347
            ],
            [
              72.801064,
              19.711096
            ],
            [
              72.803351,
              19.71146
            ],
            [
              72.801931,
              19.711691
            ],
            [
              72.8017,
              19.713703
            ],
            [
              72.800664,
              19.713496
            ],
            [
              72.800277,
              19.711882
            ],
            [
              72.7987,
              19.711761
            ],
            [
              72.7977,
              19.710833
            ],
            [
              72.7947,
              19.710933
            ],
            [
              72.7937,
              19.709969
            ],
            [
              72.7897,
              19.710037
            ],
            [
              72.788444,
              19.709204
            ],
            [
              72.788303,
              19.716856
            ],
            [
              72.793747,
              19.71746
            ],
            [
              72.792027,
              19.717787
            ],
            [
              72.7917,
              19.719417
            ],
            [
              72.791316,
              19.717843
            ],
            [
              72.788287,
              19.718047
            ],
            [
              72.788217,
              19.719942
            ],
            [
              72.791231,
              19.72046
            ],
            [
              72.788165,
              19.720925
            ],
            [
              72.787917,
              19.722242
            ],
            [
              72.789457,
              19.72246
            ],
            [
              72.787879,
              19.722639
            ],
            [
              72.7877,
              19.723482
            ],
            [
              72.787111,
              19.718049
            ],
            [
              72.7837,
              19.717678
            ],
            [
              72.7827,
              19.718583
            ],
            [
              72.781621,
              19.71846
            ],
            [
              72.7817,
              19.717197
            ],
            [
              72.786137,
              19.716897
            ],
            [
              72.786187,
              19.715972
            ],
            [
              72.783818,
              19.71546
            ],
            [
              72.7857,
              19.713336
            ],
            [
              72.786147,
              19.715012
            ],
            [
              72.787077,
              19.714837
            ],
            [
              72.787086,
              19.70946
            ],
            [
              72.785466,
              19.709226
            ],
            [
              72.7847,
              19.71108
            ],
            [
              72.782376,
              19.710136
            ],
            [
              72.781374,
              19.71146
            ],
            [
              72.782356,
              19.71246
            ],
            [
              72.782331,
              19.71446
            ],
            [
              72.779446,
              19.716206
            ],
            [
              72.780092,
              19.717852
            ],
            [
              72.778235,
              19.71846
            ],
            [
              72.777975,
              19.722735
            ],
            [
              72.776274,
              19.723034
            ],
            [
              72.7747,
              19.724745
            ],
            [
              72.771642,
              19.724517
            ],
            [
              72.771365,
              19.72446
            ],
            [
              72.7737,
              19.724253
            ],
            [
              72.775466,
              19.722226
            ],
            [
              72.777086,
              19.721846
            ],
            [
              72.777164,
              19.71846
            ],
            [
              72.7747,
              19.717048
            ],
            [
              72.7727,
              19.718087
            ],
            [
              72.77026,
              19.717899
            ],
            [
              72.770011,
              19.71446
            ],
            [
              72.771972,
              19.71146
            ],
            [
              72.770878,
              19.709281
            ],
            [
              72.769215,
              19.709944
            ],
            [
              72.768968,
              19.70846
            ],
            [
              72.769846,
              19.707313
            ],
            [
              72.766555,
              19.708315
            ],
            [
              72.76625,
              19.71001
            ],
            [
              72.765467,
              19.71046
            ],
            [
              72.765447,
              19.71346
            ],
            [
              72.76444,
              19.71446
            ],
            [
              72.766177,
              19.714982
            ],
            [
              72.766398,
              19.71746
            ],
            [
              72.7657,
              19.718158
            ],
            [
              72.764416,
              19.71746
            ],
            [
              72.76432,
              19.72546
            ],
            [
              72.763303,
              19.72646
            ],
            [
              72.7657,
              19.72827
            ],
            [
              72.7667,
              19.727419
            ],
            [
              72.767882,
              19.72746
            ],
            [
              72.766788,
              19.727548
            ],
            [
              72.7667,
              19.728591
            ],
            [
              72.763375,
              19.728135
            ],
            [
              72.763119,
              19.73346
            ],
            [
              72.76208,
              19.73446
            ],
            [
              72.761967,
              19.73646
            ],
            [
              72.7627,
              19.737311
            ],
            [
              72.764301,
              19.73746
            ],
            [
              72.762056,
              19.737816
            ],
            [
              72.760887,
              19.738647
            ],
            [
              72.7607,
              19.739818
            ]
          ]
        ],
        "type": "Polygon"
      },
      "type": "Feature"
    },
    {
      "properties": {
        "fill-opacity": 0.33,
        "fillColor": "#bf4040",
        "opacity": 0.33,
        "fill": "#bf4040",
        "fillOpacity": 0.33,
        "color": "#bf4040",
        "contour": 6.0,
        "metric": "distance",
        "provider_name": "Domino's Pizza",
        "zone_type": "distance",
        "distance_km": 6,
        "mode": "motorcycle",
        "center_lat": 19.69646,
        "center_lon": 72.7697,
        "label": "6km"
      },
      "geometry": {
        "coordinates": [
          [
            [
              72.7597,
              19.747564
            ],
            [
              72.7587,
              19.748111
            ],
            [
              72.758645,
              19.747405
            ],
            [
              72.759467,
              19.747227
            ],
            [
              72.759354,
              19.74346
            ],
            [
              72.760081,
              19.742078
            ],
            [
              72.7557,
              19.741711
            ],
            [
              72.7547,
              19.742625
            ],
            [
              72.752688,
              19.742448
            ],
            [
              72.754382,
              19.742142
            ],
            [
              72.7547,
              19.741275
            ],
            [
              72.760066,
              19.740826
            ],
            [
              72.760024,
              19.739135
            ],
            [
              72.75821,
              19.73846
            ],
            [
              72.761122,
              19.73646
            ],
            [
              72.761078,
              19.73346
            ],
            [
              72.762053,
              19.73246
            ],
            [
              72.7617,
              19.728085
            ],
            [
              72.760275,
              19.727884
            ],
            [
              72.760045,
              19.727114
            ],
            [
              72.7567,
              19.727144
            ],
            [
              72.752431,
              19.731191
            ],
            [
              72.753071,
              19.732831
            ],
            [
              72.7517,
              19.733027
            ],
            [
              72.749993,
              19.731166
            ],
            [
              72.7487,
              19.730981
            ],
            [
              72.746993,
              19.732753
            ],
            [
              72.74529,
              19.73305
            ],
            [
              72.741552,
              19.736607
            ],
            [
              72.7407,
              19.736302
            ],
            [
              72.740553,
              19.734606
            ],
            [
              72.73993,
              19.73446
            ],
            [
              72.7427,
              19.732226
            ],
            [
              72.742969,
              19.73319
            ],
            [
              72.7437,
              19.733149
            ],
            [
              72.746073,
              19.731833
            ],
            [
              72.7477,
              19.729965
            ],
            [
              72.751962,
              19.729722
            ],
            [
              72.7612,
              19.71996
            ],
            [
              72.762858,
              19.719618
            ],
            [
              72.760936,
              19.71846
            ],
            [
              72.760844,
              19.714315
            ],
            [
              72.7597,
              19.715234
            ],
            [
              72.757931,
              19.71446
            ],
            [
              72.7597,
              19.712684
            ],
            [
              72.763833,
              19.712593
            ],
            [
              72.763827,
              19.711332
            ],
            [
              72.7597,
              19.711251
            ],
            [
              72.758251,
              19.713011
            ],
            [
              72.756545,
              19.713305
            ],
            [
              72.7557,
              19.714225
            ],
            [
              72.7537,
              19.714214
            ],
            [
              72.7487,
              19.717166
            ],
            [
              72.7467,
              19.717154
            ],
            [
              72.7457,
              19.71814
            ],
            [
              72.741446,
              19.718206
            ],
            [
              72.738046,
              19.721806
            ],
            [
              72.736358,
              19.722118
            ],
            [
              72.731032,
              19.726792
            ],
            [
              72.7307,
              19.728057
            ],
            [
              72.729298,
              19.72746
            ],
            [
              72.730529,
              19.727289
            ],
            [
              72.730579,
              19.726339
            ],
            [
              72.735381,
              19.721141
            ],
            [
              72.737016,
              19.720776
            ],
            [
              72.740083,
              19.71746
            ],
            [
              72.740109,
              19.71605
            ],
            [
              72.738992,
              19.715167
            ],
            [
              72.7357,
              19.714917
            ],
            [
              72.7327,
              19.716786
            ],
            [
              72.7287,
              19.717992
            ],
            [
              72.728671,
              19.717431
            ],
            [
              72.732154,
              19.715914
            ],
            [
              72.732185,
              19.714974
            ],
            [
              72.730606,
              19.714366
            ],
            [
              72.734126,
              19.712886
            ],
            [
              72.735433,
              19.711193
            ],
            [
              72.738385,
              19.713774
            ],
            [
              72.740067,
              19.714092
            ],
            [
              72.74029,
              19.715869
            ],
            [
              72.7417,
              19.716828
            ],
            [
              72.7447,
              19.716788
            ],
            [
              72.7457,
              19.715776
            ],
            [
              72.7477,
              19.715756
            ],
            [
              72.755854,
              19.711614
            ],
            [
              72.755886,
              19.70146
            ],
            [
              72.7527,
              19.701263
            ],
            [
              72.751896,
              19.70046
            ],
            [
              72.752093,
              19.699853
            ],
            [
              72.753828,
              19.699588
            ],
            [
              72.753828,
              19.698332
            ],
            [
              72.7457,
              19.698226
            ],
            [
              72.7437,
              19.697214
            ],
            [
              72.74243,
              19.69846
            ],
            [
              72.743401,
              19.70046
            ],
            [
              72.7427,
              19.702156
            ],
            [
              72.739888,
              19.699271
            ],
            [
              72.7377,
              19.698167
            ],
            [
              72.735354,
              19.70046
            ],
            [
              72.736325,
              19.70146
            ],
            [
              72.7351,
              19.70386
            ],
            [
              72.734299,
              19.70386
            ],
            [
              72.734063,
              19.70146
            ],
            [
              72.7327,
              19.700107
            ],
            [
              72.730422,
              19.702182
            ],
            [
              72.730195,
              19.70546
            ],
            [
              72.729005,
              19.706765
            ],
            [
              72.728394,
              19.706765
            ],
            [
              72.728233,
              19.70546
            ],
            [
              72.729177,
              19.70446
            ],
            [
              72.7277,
              19.703973
            ],
            [
              72.726317,
              19.705077
            ],
            [
              72.725938,
              19.706698
            ],
            [
              72.723809,
              19.708569
            ],
            [
              72.7227,
              19.708604
            ],
            [
              72.725128,
              19.705888
            ],
            [
              72.726214,
              19.70346
            ],
            [
              72.726021,
              19.702138
            ],
            [
              72.7187,
              19.701709
            ],
            [
              72.717494,
              19.699665
            ],
            [
              72.716295,
              19.69946
            ],
            [
              72.7177,
              19.69936
            ],
            [
              72.7197,
              19.701153
            ],
            [
              72.7247,
              19.700968
            ],
            [
              72.726206,
              19.69946
            ],
            [
              72.725396,
              19.698156
            ],
            [
              72.727114,
              19.697046
            ],
            [
              72.728093,
              19.69746
            ],
            [
              72.727384,
              19.699775
            ],
            [
              72.7297,
              19.699858
            ],
            [
              72.730235,
              19.69946
            ],
            [
              72.730153,
              19.69546
            ],
            [
              72.731107,
              19.69446
            ],
            [
              72.7277,
              19.693995
            ],
            [
              72.7257,
              19.695868
            ],
            [
              72.7247,
              19.693915
            ],
            [
              72.716729,
              19.69246
            ],
            [
              72.722177,
              19.691937
            ],
            [
              72.723768,
              19.689528
            ],
            [
              72.7257,
              19.690049
            ],
            [
              72.7277,
              19.689016
            ],
            [
              72.7297,
              19.690924
            ],
            [
              72.731137,
              19.68946
            ],
            [
              72.729219,
              19.68746
            ],
            [
              72.729014,
              19.685145
            ],
            [
              72.727384,
              19.684775
            ],
            [
              72.724165,
              19.680994
            ],
            [
              72.7227,
              19.681339
            ],
            [
              72.720808,
              19.68046
            ],
            [
              72.72066,
              19.67942
            ],
            [
              72.7227,
              19.680243
            ],
            [
              72.7237,
              19.679284
            ],
            [
              72.7267,
              19.682025
            ],
            [
              72.728513,
              19.680273
            ],
            [
              72.729876,
              19.680283
            ],
            [
              72.728296,
              19.682056
            ],
            [
              72.728181,
              19.68346
            ],
            [
              72.7307,
              19.684898
            ],
            [
              72.732976,
              19.684736
            ],
            [
              72.733198,
              19.68146
            ],
            [
              72.734034,
              19.681125
            ],
            [
              72.734282,
              19.68546
            ],
            [
              72.736129,
              19.68603
            ],
            [
              72.73815,
              19.688009
            ],
            [
              72.738397,
              19.689762
            ],
            [
              72.7407,
              19.689737
            ],
            [
              72.7467,
              19.686693
            ],
            [
              72.748916,
              19.68646
            ],
            [
              72.747934,
              19.68446
            ],
            [
              72.747862,
              19.681297
            ],
            [
              72.745211,
              19.679948
            ],
            [
              72.745962,
              19.67846
            ],
            [
              72.743897,
              19.676263
            ],
            [
              72.7407,
              19.676128
            ],
            [
              72.7397,
              19.675115
            ],
            [
              72.7377,
              19.675087
            ],
            [
              72.737039,
              19.678799
            ],
            [
              72.7347,
              19.678925
            ],
            [
              72.734389,
              19.678149
            ],
            [
              72.736164,
              19.67746
            ],
            [
              72.735963,
              19.674196
            ],
            [
              72.7344,
              19.67416
            ],
            [
              72.732983,
              19.677743
            ],
            [
              72.7317,
              19.677867
            ],
            [
              72.731292,
              19.67746
            ],
            [
              72.733177,
              19.67446
            ],
            [
              72.733158,
              19.673001
            ],
            [
              72.7307,
              19.672936
            ],
            [
              72.730083,
              19.67346
            ],
            [
              72.7297,
              19.677606
            ],
            [
              72.729083,
              19.672076
            ],
            [
              72.722905,
              19.66946
            ],
            [
              72.7247,
              19.669298
            ],
            [
              72.725088,
              19.670071
            ],
            [
              72.7277,
              19.67014
            ],
            [
              72.7307,
              19.671983
            ],
            [
              72.7327,
              19.67193
            ],
            [
              72.7337,
              19.672907
            ],
            [
              72.7357,
              19.668014
            ],
            [
              72.736218,
              19.67146
            ],
            [
              72.735417,
              19.672742
            ],
            [
              72.7427,
              19.674771
            ],
            [
              72.742916,
              19.673243
            ],
            [
              72.7397,
              19.673083
            ],
            [
              72.739076,
              19.67246
            ],
            [
              72.741927,
              19.671687
            ],
            [
              72.742077,
              19.669082
            ],
            [
              72.741291,
              19.668868
            ],
            [
              72.740981,
              19.667178
            ],
            [
              72.73726,
              19.66302
            ],
            [
              72.739014,
              19.663145
            ],
            [
              72.7407,
              19.664909
            ],
            [
              72.7437,
              19.664982
            ],
            [
              72.745106,
              19.663866
            ],
            [
              72.7457,
              19.6622
            ],
            [
              72.7477,
              19.665189
            ],
            [
              72.750562,
              19.665322
            ],
            [
              72.750727,
              19.664432
            ],
            [
              72.750743,
              19.665503
            ],
            [
              72.7477,
              19.66573
            ],
            [
              72.7467,
              19.666796
            ],
            [
              72.7437,
              19.666888
            ],
            [
              72.7427,
              19.665959
            ],
            [
              72.742276,
              19.66646
            ],
            [
              72.742322,
              19.668837
            ],
            [
              72.743121,
              19.669039
            ],
            [
              72.743468,
              19.670691
            ],
            [
              72.744952,
              19.670712
            ],
            [
              72.7457,
              19.668878
            ],
            [
              72.746281,
              19.66946
            ],
            [
              72.746323,
              19.67146
            ],
            [
              72.744469,
              19.672229
            ],
            [
              72.744493,
              19.673666
            ],
            [
              72.7467,
              19.67377
            ],
            [
              72.7477,
              19.672784
            ],
            [
              72.748375,
              19.67346
            ],
            [
              72.748157,
              19.674917
            ],
            [
              72.746419,
              19.67646
            ],
            [
              72.747527,
              19.678632
            ],
            [
              72.748865,
              19.679625
            ],
            [
              72.750219,
              19.676979
            ],
            [
              72.751999,
              19.67646
            ],
            [
              72.751245,
              19.675005
            ],
            [
              72.7527,
              19.674769
            ],
            [
              72.754381,
              19.67646
            ],
            [
              72.753403,
              19.67746
            ],
            [
              72.754524,
              19.679635
            ],
            [
              72.7557,
              19.680721
            ],
            [
              72.7577,
              19.680696
            ],
            [
              72.758925,
              19.67946
            ],
            [
              72.758165,
              19.678994
            ],
            [
              72.758165,
              19.677925
            ],
            [
              72.7597,
              19.677691
            ],
            [
              72.7617,
              19.678675
            ],
            [
              72.762844,
              19.677604
            ],
            [
              72.762924,
              19.67646
            ],
            [
              72.7617,
              19.67721
            ],
            [
              72.758218,
              19.676941
            ],
            [
              72.758964,
              19.67546
            ],
            [
              72.757214,
              19.674945
            ],
            [
              72.755987,
              19.67246
            ],
            [
              72.7567,
              19.671747
            ],
            [
              72.7587,
              19.673723
            ],
            [
              72.7607,
              19.672715
            ],
            [
              72.762856,
              19.674616
            ],
            [
              72.762941,
              19.67346
            ],
            [
              72.761872,
              19.672287
            ],
            [
              72.7597,
              19.67218
            ],
            [
              72.75898,
              19.67146
            ],
            [
              72.760879,
              19.670639
            ],
            [
              72.761227,
              19.667987
            ],
            [
              72.7627,
              19.668751
            ],
            [
              72.763908,
              19.667668
            ],
            [
              72.764259,
              19.666019
            ],
            [
              72.766941,
              19.665701
            ],
            [
              72.767204,
              19.65946
            ],
            [
              72.766259,
              19.658019
            ],
            [
              72.76801,
              19.65815
            ],
            [
              72.771135,
              19.66146
            ],
            [
              72.7697,
              19.661903
            ],
            [
              72.76839,
              19.66115
            ],
            [
              72.768446,
              19.666713
            ],
            [
              72.7717,
              19.666911
            ],
            [
              72.7727,
              19.664987
            ],
            [
              72.7737,
              19.666962
            ],
            [
              72.7777,
              19.66678
            ],
            [
              72.778901,
              19.667661
            ],
            [
              72.779039,
              19.66446
            ],
            [
              72.781104,
              19.66046
            ],
            [
              72.7823,
              19.65346
            ],
            [
              72.783342,
              19.65246
            ],
            [
              72.783537,
              19.64946
            ],
            [
              72.784427,
              19.649187
            ],
            [
              72.7847,
              19.647709
            ],
            [
              72.784842,
              19.64946
            ],
            [
              72.783934,
              19.65046
            ],
            [
              72.784079,
              19.65346
            ],
            [
              72.783137,
              19.65446
            ],
            [
              72.783219,
              19.65746
            ],
            [
              72.782255,
              19.65846
            ],
            [
              72.782299,
              19.66146
            ],
            [
              72.780372,
              19.66546
            ],
            [
              72.7807,
              19.668412
            ],
            [
              72.782367,
              19.668127
            ],
            [
              72.7827,
              19.667246
            ],
            [
              72.7837,
              19.668182
            ],
            [
              72.790025,
              19.667785
            ],
            [
              72.788314,
              19.66446
            ],
            [
              72.788281,
              19.662878
            ],
            [
              72.787411,
              19.66246
            ],
            [
              72.7877,
              19.659087
            ],
            [
              72.788788,
              19.662371
            ],
            [
              72.789884,
              19.66246
            ],
            [
              72.788845,
              19.662605
            ],
            [
              72.790337,
              19.665822
            ],
            [
              72.792136,
              19.665896
            ],
            [
              72.792545,
              19.664305
            ],
            [
              72.793548,
              19.663308
            ],
            [
              72.794619,
              19.663379
            ],
            [
              72.794788,
              19.66246
            ],
            [
              72.795039,
              19.66346
            ],
            [
              72.793201,
              19.664961
            ],
            [
              72.792927,
              19.666687
            ],
            [
              72.791205,
              19.66746
            ],
            [
              72.7927,
              19.66891
            ],
            [
              72.795052,
              19.667812
            ],
            [
              72.798171,
              19.664931
            ],
            [
              72.798316,
              19.663843
            ],
            [
              72.7973,
              19.66246
            ],
            [
              72.797775,
              19.662385
            ],
            [
              72.797949,
              19.66321
            ],
            [
              72.800752,
              19.66346
            ],
            [
              72.799979,
              19.663739
            ],
            [
              72.799945,
              19.66546
            ],
            [
              72.798955,
              19.66646
            ],
            [
              72.799802,
              19.667562
            ],
            [
              72.7987,
              19.667684
            ],
            [
              72.7977,
              19.666818
            ],
            [
              72.793069,
              19.670829
            ],
            [
              72.791427,
              19.671187
            ],
            [
              72.7917,
              19.67188
            ],
            [
              72.793089,
              19.67207
            ],
            [
              72.793435,
              19.673724
            ],
            [
              72.7987,
              19.673984
            ],
            [
              72.7997,
              19.673034
            ],
            [
              72.8017,
              19.673144
            ],
            [
              72.803282,
              19.674877
            ],
            [
              72.805025,
              19.67546
            ],
            [
              72.801352,
              19.677112
            ],
            [
              72.8007,
              19.678965
            ],
            [
              72.796317,
              19.67946
            ],
            [
              72.796466,
              19.681693
            ],
            [
              72.7977,
              19.680835
            ],
            [
              72.7987,
              19.681843
            ],
            [
              72.8007,
              19.681878
            ],
            [
              72.801271,
              19.68346
            ],
            [
              72.8007,
              19.684031
            ],
            [
              72.7987,
              19.683076
            ],
            [
              72.7977,
              19.685041
            ],
            [
              72.796482,
              19.684242
            ],
            [
              72.796167,
              19.686927
            ],
            [
              72.794421,
              19.68746
            ],
            [
              72.794419,
              19.69146
            ],
            [
              72.793063,
              19.69446
            ],
            [
              72.7947,
              19.695056
            ],
            [
              72.7957,
              19.694122
            ],
            [
              72.79786,
              19.694299
            ],
            [
              72.797838,
              19.695598
            ],
            [
              72.7967,
              19.694759
            ],
            [
              72.794189,
              19.69746
            ],
            [
              72.7947,
              19.698073
            ],
            [
              72.7981,
              19.69846
            ],
            [
              72.7957,
              19.700189
            ],
            [
              72.793384,
              19.699144
            ],
            [
              72.793323,
              19.70346
            ],
            [
              72.797039,
              19.703799
            ],
            [
              72.797403,
              19.702756
            ],
            [
              72.79662,
              19.70246
            ],
            [
              72.7967,
              19.701039
            ],
            [
              72.796867,
              19.702292
            ],
            [
              72.797796,
              19.702363
            ],
            [
              72.798347,
              19.703812
            ],
            [
              72.800876,
              19.704283
            ],
            [
              72.802077,
              19.70646
            ],
            [
              72.800183,
              19.70846
            ],
            [
              72.8017,
              19.710924
            ],
            [
              72.807136,
              19.710896
            ],
            [
              72.808608,
              19.708368
            ],
            [
              72.810051,
              19.70746
            ],
            [
              72.809747,
              19.708507
            ],
            [
              72.808981,
              19.708741
            ],
            [
              72.808975,
              19.71046
            ],
            [
              72.807935,
              19.711695
            ],
            [
              72.802212,
              19.71246
            ],
            [
              72.804145,
              19.71346
            ],
            [
              72.803992,
              19.71646
            ],
            [
              72.802019,
              19.71846
            ],
            [
              72.802127,
              19.720032
            ],
            [
              72.802881,
              19.72046
            ],
            [
              72.8027,
              19.722469
            ],
            [
              72.802359,
              19.7208
            ],
            [
              72.8015,
              19.72046
            ],
            [
              72.80122,
              19.71446
            ],
            [
              72.799993,
              19.712166
            ],
            [
              72.7977,
              19.711074
            ],
            [
              72.7947,
              19.711115
            ],
            [
              72.7937,
              19.71013
            ],
            [
              72.7897,
              19.710163
            ],
            [
              72.788515,
              19.709275
            ],
            [
              72.788451,
              19.716708
            ],
            [
              72.794041,
              19.717118
            ],
            [
              72.794117,
              19.72046
            ],
            [
              72.788409,
              19.721169
            ],
            [
              72.7887,
              19.721939
            ],
            [
              72.791008,
              19.722151
            ],
            [
              72.792091,
              19.72346
            ],
            [
              72.791915,
              19.724675
            ],
            [
              72.7907,
              19.724888
            ],
            [
              72.789036,
              19.723123
            ],
            [
              72.7882,
              19.72346
            ],
            [
              72.788223,
              19.725936
            ],
            [
              72.789803,
              19.726356
            ],
            [
              72.789917,
              19.727242
            ],
            [
              72.790718,
              19.727478
            ],
            [
              72.789623,
              19.727536
            ],
            [
              72.789367,
              19.726792
            ],
            [
              72.7877,
              19.726758
            ],
            [
              72.7867,
              19.725818
            ],
            [
              72.784993,
              19.72746
            ],
            [
              72.7847,
              19.73071
            ],
            [
              72.7837,
              19.730914
            ],
            [
              72.785287,
              19.72446
            ],
            [
              72.787199,
              19.72346
            ],
            [
              72.787085,
              19.71846
            ],
            [
              72.7837,
              19.718021
            ],
            [
              72.7817,
              19.71898
            ],
            [
              72.781221,
              19.71646
            ],
            [
              72.7817,
              19.715981
            ],
            [
              72.7827,
              19.716921
            ],
            [
              72.785964,
              19.716724
            ],
            [
              72.7857,
              19.716019
            ],
            [
              72.783203,
              19.71546
            ],
            [
              72.7857,
              19.712927
            ],
            [
              72.786941,
              19.714701
            ],
            [
              72.786978,
              19.70946
            ],
            [
              72.785527,
              19.709287
            ],
            [
              72.7847,
              19.711185
            ],
            [
              72.782455,
              19.710215
            ],
            [
              72.781454,
              19.71146
            ],
            [
              72.782444,
              19.71246
            ],
            [
              72.78243,
              19.71446
            ],
            [
              72.779516,
              19.716276
            ],
            [
              72.780408,
              19.71746
            ],
            [
              72.778382,
              19.71846
            ],
            [
              72.77833,
              19.72246
            ],
            [
              72.77644,
              19.7232
            ],
            [
              72.776569,
              19.724329
            ],
            [
              72.775694,
              19.724454
            ],
            [
              72.775812,
              19.72546
            ],
            [
              72.774827,
              19.726587
            ],
            [
              72.7727,
              19.726774
            ],
            [
              72.7717,
              19.727823
            ],
            [
              72.7677,
              19.727963
            ],
            [
              72.7667,
              19.728995
            ],
            [
              72.7647,
              19.729023
            ],
            [
              72.763481,
              19.728241
            ],
            [
              72.763332,
              19.73346
            ],
            [
              72.762317,
              19.73446
            ],
            [
              72.762405,
              19.736754
            ],
            [
              72.7637,
              19.736944
            ],
            [
              72.765062,
              19.735822
            ],
            [
              72.767644,
              19.729404
            ],
            [
              72.768015,
              19.72946
            ],
            [
              72.767895,
              19.73146
            ],
            [
              72.767154,
              19.731914
            ],
            [
              72.766324,
              19.735835
            ],
            [
              72.7707,
              19.736214
            ],
            [
              72.7717,
              19.735328
            ],
            [
              72.773637,
              19.73546
            ],
            [
              72.771904,
              19.735664
            ],
            [
              72.7717,
              19.736636
            ],
            [
              72.7657,
              19.736918
            ],
            [
              72.7647,
              19.737948
            ],
            [
              72.762396,
              19.738156
            ],
            [
              72.761212,
              19.73946
            ],
            [
              72.761068,
              19.74346
            ],
            [
              72.760021,
              19.74446
            ],
            [
              72.7597,
              19.747564
            ]
          ]
        ],
        "type": "Polygon"
      },
      "type": "Feature"
    }
  ]
}