{
  "type": "FeatureCollection",
  "metadata": {
    "provider_name": "Domino's Pizza",
    "center_lat": 18.75423,
    "center_lon": 73.861992,
    "mode": "motorcycle",
    "total_zones": 4,
    "distance_zones": [
      3,
      4,
      5,
      6
    ],
    "generated_at": "2025-12-28T16:23:25.395360Z"
  },
  "features": [
    {
      "properties": {
        "fill-opacity": 0.33,
        "fillColor": "#bf4040",
        "opacity": 0.33,
        "fill": "#bf4040",
        "fillOpacity": 0.33,
        "color": "#bf4040",
        "contour": 3.0,
        "metric": "distance",
        "provider_name": "Domino's Pizza",
        "zone_type": "distance",
        "distance_km": 3,
        "mode": "motorcycle",
        "center_lat": 18.75423,
        "center_lon": 73.861992,
        "label": "3km"
      },
      "geometry": {
        "coordinates": [
          [
            [
              73.868992,
              18.774233
            ],
            [
              73.867457,
              18.770764
            ],
            [
              73.863992,
              18.768683
            ],
            [
              73.861213,
              18.77223
            ],
            [
              73.861281,
              18.77294
            ],
            [
              73.862351,
              18.77323
            ],
            [
              73.861992,
              18.774357
            ],
            [
              73.860992,
              18.774564
            ],
            [
              73.860753,
              18.77123
            ],
            [
              73.861655,
              18.77023
            ],
            [
              73.861653,
              18.76723
            ],
            [
              73.862458,
              18.76623
            ],
            [
              73.860992,
              18.76481
            ],
            [
              73.860321,
              18.767559
            ],
            [
              73.856992,
              18.769581
            ],
            [
              73.854581,
              18.767819
            ],
            [
              73.854202,
              18.77023
            ],
            [
              73.855063,
              18.77123
            ],
            [
              73.854992,
              18.772277
            ],
            [
              73.854842,
              18.771379
            ],
            [
              73.853901,
              18.77132
            ],
            [
              73.852992,
              18.769443
            ],
            [
              73.850992,
              18.770985
            ],
            [
              73.84921,
              18.770011
            ],
            [
              73.848992,
              18.768938
            ],
            [
              73.850612,
              18.76885
            ],
            [
              73.850846,
              18.768084
            ],
            [
              73.856336,
              18.765574
            ],
            [
              73.855726,
              18.762964
            ],
            [
              73.857992,
              18.764703
            ],
            [
              73.85928,
              18.763518
            ],
            [
              73.859365,
              18.76223
            ],
            [
              73.856992,
              18.758882
            ],
            [
              73.855992,
              18.759839
            ],
            [
              73.849992,
              18.756828
            ],
            [
              73.848704,
              18.756942
            ],
            [
              73.848511,
              18.75823
            ],
            [
              73.850233,
              18.76123
            ],
            [
              73.850225,
              18.76323
            ],
            [
              73.848992,
              18.763506
            ],
            [
              73.847992,
              18.762592
            ],
            [
              73.846992,
              18.763499
            ],
            [
              73.846577,
              18.759815
            ],
            [
              73.847501,
              18.75923
            ],
            [
              73.846992,
              18.758725
            ],
            [
              73.845992,
              18.759635
            ],
            [
              73.842992,
              18.757667
            ],
            [
              73.841992,
              18.759553
            ],
            [
              73.840992,
              18.757589
            ],
            [
              73.839992,
              18.758526
            ],
            [
              73.836018,
              18.758256
            ],
            [
              73.835992,
              18.758758
            ],
            [
              73.835882,
              18.75823
            ],
            [
              73.836992,
              18.756898
            ],
            [
              73.837217,
              18.758004
            ],
            [
              73.839467,
              18.757705
            ],
            [
              73.839613,
              18.756608
            ],
            [
              73.838197,
              18.75623
            ],
            [
              73.839992,
              18.756062
            ],
            [
              73.840992,
              18.75687
            ],
            [
              73.842572,
              18.75623
            ],
            [
              73.842657,
              18.75423
            ],
            [
              73.843661,
              18.75323
            ],
            [
              73.843713,
              18.75023
            ],
            [
              73.842992,
              18.749167
            ],
            [
              73.841203,
              18.749441
            ],
            [
              73.840939,
              18.75023
            ],
            [
              73.840992,
              18.748027
            ],
            [
              73.844992,
              18.747853
            ],
            [
              73.846992,
              18.745921
            ],
            [
              73.847582,
              18.747639
            ],
            [
              73.848992,
              18.748821
            ],
            [
              73.851992,
              18.748955
            ],
            [
              73.852765,
              18.748003
            ],
            [
              73.853992,
              18.747975
            ],
            [
              73.854992,
              18.749851
            ],
            [
              73.85646,
              18.748698
            ],
            [
              73.856992,
              18.74707
            ],
            [
              73.85889,
              18.74823
            ],
            [
              73.858468,
              18.74923
            ],
            [
              73.85924,
              18.749478
            ],
            [
              73.859397,
              18.74623
            ],
            [
              73.858342,
              18.743879
            ],
            [
              73.855992,
              18.742486
            ],
            [
              73.853452,
              18.74223
            ],
            [
              73.854502,
              18.74174
            ],
            [
              73.855055,
              18.737293
            ],
            [
              73.856015,
              18.737207
            ],
            [
              73.856188,
              18.73923
            ],
            [
              73.857447,
              18.739685
            ],
            [
              73.856992,
              18.733458
            ],
            [
              73.857302,
              18.734919
            ],
            [
              73.857992,
              18.735093
            ],
            [
              73.858772,
              18.73501
            ],
            [
              73.858992,
              18.733803
            ],
            [
              73.859184,
              18.73523
            ],
            [
              73.858235,
              18.73623
            ],
            [
              73.858992,
              18.737993
            ],
            [
              73.860739,
              18.73723
            ],
            [
              73.859848,
              18.736086
            ],
            [
              73.860992,
              18.735966
            ],
            [
              73.861992,
              18.737107
            ],
            [
              73.862816,
              18.737054
            ],
            [
              73.862992,
              18.736072
            ],
            [
              73.863362,
              18.738859
            ],
            [
              73.864918,
              18.739156
            ],
            [
              73.864992,
              18.738603
            ],
            [
              73.865163,
              18.739401
            ],
            [
              73.862992,
              18.73944
            ],
            [
              73.862164,
              18.74023
            ],
            [
              73.863992,
              18.743758
            ],
            [
              73.865294,
              18.743532
            ],
            [
              73.865992,
              18.741451
            ],
            [
              73.867372,
              18.741849
            ],
            [
              73.867536,
              18.743686
            ],
            [
              73.870277,
              18.743515
            ],
            [
              73.870301,
              18.74292
            ],
            [
              73.868508,
              18.74223
            ],
            [
              73.870313,
              18.741551
            ],
            [
              73.871387,
              18.738835
            ],
            [
              73.867528,
              18.73823
            ],
            [
              73.871404,
              18.737642
            ],
            [
              73.872731,
              18.73523
            ],
            [
              73.872992,
              18.732231
            ],
            [
              73.873424,
              18.734797
            ],
            [
              73.87538,
              18.73523
            ],
            [
              73.87578,
              18.73623
            ],
            [
              73.874497,
              18.736735
            ],
            [
              73.875248,
              18.738486
            ],
            [
              73.872437,
              18.73923
            ],
            [
              73.873675,
              18.74123
            ],
            [
              73.873667,
              18.745554
            ],
            [
              73.874992,
              18.745711
            ],
            [
              73.875992,
              18.744749
            ],
            [
              73.877402,
              18.74464
            ],
            [
              73.877779,
              18.743442
            ],
            [
              73.876958,
              18.743263
            ],
            [
              73.876992,
              18.74227
            ],
            [
              73.878735,
              18.74323
            ],
            [
              73.878187,
              18.743425
            ],
            [
              73.878547,
              18.744675
            ],
            [
              73.879435,
              18.744673
            ],
            [
              73.879092,
              18.74323
            ],
            [
              73.879674,
              18.742912
            ],
            [
              73.880549,
              18.744672
            ],
            [
              73.881469,
              18.744707
            ],
            [
              73.881992,
              18.741703
            ],
            [
              73.885165,
              18.744056
            ],
            [
              73.886554,
              18.74423
            ],
            [
              73.885992,
              18.746245
            ],
            [
              73.88348,
              18.747718
            ],
            [
              73.881771,
              18.753009
            ],
            [
              73.880969,
              18.75323
            ],
            [
              73.880434,
              18.749787
            ],
            [
              73.878599,
              18.750837
            ],
            [
              73.878307,
              18.75323
            ],
            [
              73.879669,
              18.75523
            ],
            [
              73.877992,
              18.757575
            ],
            [
              73.876924,
              18.757297
            ],
            [
              73.876451,
              18.75477
            ],
            [
              73.87473,
              18.754491
            ],
            [
              73.873992,
              18.75174
            ],
            [
              73.872642,
              18.75188
            ],
            [
              73.870644,
              18.753882
            ],
            [
              73.870399,
              18.757637
            ],
            [
              73.867764,
              18.757002
            ],
            [
              73.867622,
              18.75823
            ],
            [
              73.868599,
              18.75923
            ],
            [
              73.867508,
              18.76023
            ],
            [
              73.869312,
              18.760909
            ],
            [
              73.86965,
              18.763571
            ],
            [
              73.873992,
              18.762916
            ],
            [
              73.874992,
              18.762016
            ],
            [
              73.8774,
              18.762821
            ],
            [
              73.878188,
              18.76423
            ],
            [
              73.876957,
              18.765195
            ],
            [
              73.87617,
              18.76723
            ],
            [
              73.875641,
              18.765581
            ],
            [
              73.872992,
              18.765548
            ],
            [
              73.871992,
              18.764631
            ],
            [
              73.870992,
              18.765479
            ],
            [
              73.869992,
              18.764708
            ],
            [
              73.866568,
              18.766806
            ],
            [
              73.86657,
              18.768651
            ],
            [
              73.868289,
              18.77023
            ],
            [
              73.868409,
              18.771812
            ],
            [
              73.869135,
              18.77223
            ],
            [
              73.868992,
              18.774233
            ]
          ]
        ],
        "type": "Polygon"
      },
      "type": "Feature"
    },
    {
      "properties": {
        "fill-opacity": 0.33,
        "fillColor": "#bf4040",
        "opacity": 0.33,
        "fill": "#bf4040",
        "fillOpacity": 0.33,
        "color": "#bf4040",
        "contour": 4.0,
        "metric": "distance",
        "provider_name": "Domino's Pizza",
        "zone_type": "distance",
        "distance_km": 4,
        "mode": "motorcycle",
        "center_lat": 18.75423,
        "center_lon": 73.861992,
        "label": "4km"
      },
      "geometry": {
        "coordinates": [
          [
            [
              73.872992,
              18.782356
            ],
            [
              73.871764,
              18.78223
            ],
            [
              73.870408,
              18.777813
            ],
            [
              73.866238,
              18.777476
            ],
            [
              73.866053,
              18.778291
            ],
            [
              73.865245,
              18.77823
            ],
            [
              73.865992,
              18.777115
            ],
            [
              73.868992,
              18.776916
            ],
            [
              73.869561,
              18.77623
            ],
            [
              73.866313,
              18.768908
            ],
            [
              73.864992,
              18.769861
            ],
            [
              73.863992,
              18.768874
            ],
            [
              73.862732,
              18.76997
            ],
            [
              73.861684,
              18.772537
            ],
            [
              73.862992,
              18.772747
            ],
            [
              73.863992,
              18.771805
            ],
            [
              73.86533,
              18.77323
            ],
            [
              73.864235,
              18.775473
            ],
            [
              73.861636,
              18.775874
            ],
            [
              73.861357,
              18.77823
            ],
            [
              73.862254,
              18.77923
            ],
            [
              73.860674,
              18.77923
            ],
            [
              73.860424,
              18.77123
            ],
            [
              73.86139,
              18.77023
            ],
            [
              73.86139,
              18.76723
            ],
            [
              73.86231,
              18.76623
            ],
            [
              73.860992,
              18.764934
            ],
            [
              73.860434,
              18.767672
            ],
            [
              73.856992,
              18.769836
            ],
            [
              73.854737,
              18.767975
            ],
            [
              73.855333,
              18.772571
            ],
            [
              73.853634,
              18.771587
            ],
            [
              73.85328,
              18.769941
            ],
            [
              73.852694,
              18.769932
            ],
            [
              73.851481,
              18.77123
            ],
            [
              73.851212,
              18.77545
            ],
            [
              73.850364,
              18.772857
            ],
            [
              73.849599,
              18.772837
            ],
            [
              73.849221,
              18.774459
            ],
            [
              73.847371,
              18.775609
            ],
            [
              73.846992,
              18.777668
            ],
            [
              73.845992,
              18.777079
            ],
            [
              73.845747,
              18.77423
            ],
            [
              73.844454,
              18.772767
            ],
            [
              73.843487,
              18.772725
            ],
            [
              73.841832,
              18.774389
            ],
            [
              73.840685,
              18.77423
            ],
            [
              73.840992,
              18.772862
            ],
            [
              73.842581,
              18.772819
            ],
            [
              73.842992,
              18.769483
            ],
            [
              73.843992,
              18.767686
            ],
            [
              73.844458,
              18.769763
            ],
            [
              73.845992,
              18.770825
            ],
            [
              73.846544,
              18.77023
            ],
            [
              73.845644,
              18.76823
            ],
            [
              73.846362,
              18.75986
            ],
            [
              73.842992,
              18.75787
            ],
            [
              73.841992,
              18.759826
            ],
            [
              73.840992,
              18.757839
            ],
            [
              73.839992,
              18.758817
            ],
            [
              73.836665,
              18.758903
            ],
            [
              73.836439,
              18.76023
            ],
            [
              73.837393,
              18.76123
            ],
            [
              73.836992,
              18.765587
            ],
            [
              73.835927,
              18.765294
            ],
            [
              73.834992,
              18.763488
            ],
            [
              73.833992,
              18.764963
            ],
            [
              73.833551,
              18.76467
            ],
            [
              73.833766,
              18.76323
            ],
            [
              73.832992,
              18.76249
            ],
            [
              73.832382,
              18.76262
            ],
            [
              73.831992,
              18.764375
            ],
            [
              73.831796,
              18.76223
            ],
            [
              73.830992,
              18.76146
            ],
            [
              73.828992,
              18.762806
            ],
            [
              73.82892,
              18.762158
            ],
            [
              73.829885,
              18.761123
            ],
            [
              73.832447,
              18.760685
            ],
            [
              73.832407,
              18.759814
            ],
            [
              73.828992,
              18.759437
            ],
            [
              73.828263,
              18.759501
            ],
            [
              73.827992,
              18.760745
            ],
            [
              73.826666,
              18.76023
            ],
            [
              73.827854,
              18.760092
            ],
            [
              73.828617,
              18.758855
            ],
            [
              73.828992,
              18.756159
            ],
            [
              73.829368,
              18.757853
            ],
            [
              73.830992,
              18.758907
            ],
            [
              73.832608,
              18.75823
            ],
            [
              73.83284,
              18.755078
            ],
            [
              73.833557,
              18.756664
            ],
            [
              73.835354,
              18.756592
            ],
            [
              73.835419,
              18.753802
            ],
            [
              73.833764,
              18.75323
            ],
            [
              73.8346,
              18.751621
            ],
            [
              73.832984,
              18.75123
            ],
            [
              73.833838,
              18.751076
            ],
            [
              73.833879,
              18.75023
            ],
            [
              73.835771,
              18.750009
            ],
            [
              73.835992,
              18.749372
            ],
            [
              73.839992,
              18.749743
            ],
            [
              73.840621,
              18.747859
            ],
            [
              73.844992,
              18.747614
            ],
            [
              73.846992,
              18.745638
            ],
            [
              73.848744,
              18.748477
            ],
            [
              73.852276,
              18.748514
            ],
            [
              73.852437,
              18.747784
            ],
            [
              73.850662,
              18.746559
            ],
            [
              73.850358,
              18.744863
            ],
            [
              73.848992,
              18.743354
            ],
            [
              73.847921,
              18.7433
            ],
            [
              73.847992,
              18.739165
            ],
            [
              73.848454,
              18.741767
            ],
            [
              73.850293,
              18.74123
            ],
            [
              73.850388,
              18.74323
            ],
            [
              73.852499,
              18.74623
            ],
            [
              73.852546,
              18.747675
            ],
            [
              73.854374,
              18.747848
            ],
            [
              73.854729,
              18.749492
            ],
            [
              73.856267,
              18.748505
            ],
            [
              73.856992,
              18.746686
            ],
            [
              73.858992,
              18.747753
            ],
            [
              73.85928,
              18.74623
            ],
            [
              73.858221,
              18.744
            ],
            [
              73.855992,
              18.742803
            ],
            [
              73.852992,
              18.742717
            ],
            [
              73.851737,
              18.74123
            ],
            [
              73.851756,
              18.737994
            ],
            [
              73.853539,
              18.73723
            ],
            [
              73.851638,
              18.73623
            ],
            [
              73.852509,
              18.73523
            ],
            [
              73.852992,
              18.731674
            ],
            [
              73.853729,
              18.734492
            ],
            [
              73.855462,
              18.73476
            ],
            [
              73.855992,
              18.736281
            ],
            [
              73.856201,
              18.735439
            ],
            [
              73.856126,
              18.73323
            ],
            [
              73.855039,
              18.73223
            ],
            [
              73.854489,
              18.729732
            ],
            [
              73.85106,
              18.72923
            ],
            [
              73.854477,
              18.728715
            ],
            [
              73.853701,
              18.72523
            ],
            [
              73.854164,
              18.72523
            ],
            [
              73.855972,
              18.72623
            ],
            [
              73.855992,
              18.727369
            ],
            [
              73.856992,
              18.726632
            ],
            [
              73.860992,
              18.726904
            ],
            [
              73.860908,
              18.727313
            ],
            [
              73.860122,
              18.72736
            ],
            [
              73.860215,
              18.72923
            ],
            [
              73.86209,
              18.730131
            ],
            [
              73.861472,
              18.73223
            ],
            [
              73.862992,
              18.732422
            ],
            [
              73.86359,
              18.734631
            ],
            [
              73.870992,
              18.737618
            ],
            [
              73.872417,
              18.73523
            ],
            [
              73.871569,
              18.73023
            ],
            [
              73.873241,
              18.728981
            ],
            [
              73.874417,
              18.73023
            ],
            [
              73.873461,
              18.73123
            ],
            [
              73.87354,
              18.73423
            ],
            [
              73.878278,
              18.734943
            ],
            [
              73.875243,
              18.73723
            ],
            [
              73.879242,
              18.739979
            ],
            [
              73.878447,
              18.74123
            ],
            [
              73.880373,
              18.742849
            ],
            [
              73.880992,
              18.744632
            ],
            [
              73.881563,
              18.73923
            ],
            [
              73.880658,
              18.73823
            ],
            [
              73.880992,
              18.735951
            ],
            [
              73.881558,
              18.737663
            ],
            [
              73.885153,
              18.738068
            ],
            [
              73.882605,
              18.739843
            ],
            [
              73.882478,
              18.74123
            ],
            [
              73.884305,
              18.741916
            ],
            [
              73.885992,
              18.743717
            ],
            [
              73.888992,
              18.739096
            ],
            [
              73.891992,
              18.739383
            ],
            [
              73.892397,
              18.741824
            ],
            [
              73.893704,
              18.741942
            ],
            [
              73.893992,
              18.740754
            ],
            [
              73.894254,
              18.741967
            ],
            [
              73.895847,
              18.74223
            ],
            [
              73.894222,
              18.74523
            ],
            [
              73.89381,
              18.744411
            ],
            [
              73.891992,
              18.744472
            ],
            [
              73.889992,
              18.745533
            ],
            [
              73.888992,
              18.743655
            ],
            [
              73.886663,
              18.744901
            ],
            [
              73.887467,
              18.746754
            ],
            [
              73.891147,
              18.74823
            ],
            [
              73.890992,
              18.750158
            ],
            [
              73.890771,
              18.74945
            ],
            [
              73.889258,
              18.749496
            ],
            [
              73.888992,
              18.751083
            ],
            [
              73.888861,
              18.74923
            ],
            [
              73.887575,
              18.748813
            ],
            [
              73.886242,
              18.75123
            ],
            [
              73.887117,
              18.75223
            ],
            [
              73.886992,
              18.754036
            ],
            [
              73.886735,
              18.752486
            ],
            [
              73.885808,
              18.75223
            ],
            [
              73.885711,
              18.75023
            ],
            [
              73.886623,
              18.74923
            ],
            [
              73.885992,
              18.747709
            ],
            [
              73.883704,
              18.747942
            ],
            [
              73.883472,
              18.75223
            ],
            [
              73.881992,
              18.754707
            ],
            [
              73.880486,
              18.75323
            ],
            [
              73.880258,
              18.749963
            ],
            [
              73.878744,
              18.750982
            ],
            [
              73.878585,
              18.75323
            ],
            [
              73.880462,
              18.75523
            ],
            [
              73.881217,
              18.759455
            ],
            [
              73.879992,
              18.75961
            ],
            [
              73.876641,
              18.757581
            ],
            [
              73.876411,
              18.75523
            ],
            [
              73.874577,
              18.754644
            ],
            [
              73.873992,
              18.751901
            ],
            [
              73.872762,
              18.752
            ],
            [
              73.870763,
              18.754001
            ],
            [
              73.870471,
              18.757709
            ],
            [
              73.867822,
              18.75706
            ],
            [
              73.867722,
              18.75823
            ],
            [
              73.86871,
              18.75923
            ],
            [
              73.867665,
              18.76023
            ],
            [
              73.86943,
              18.760791
            ],
            [
              73.869992,
              18.763572
            ],
            [
              73.871992,
              18.762612
            ],
            [
              73.873992,
              18.762637
            ],
            [
              73.874992,
              18.76167
            ],
            [
              73.878306,
              18.761915
            ],
            [
              73.878992,
              18.763753
            ],
            [
              73.882435,
              18.763673
            ],
            [
              73.882992,
              18.761108
            ],
            [
              73.883992,
              18.762968
            ],
            [
              73.885753,
              18.762991
            ],
            [
              73.885992,
              18.76197
            ],
            [
              73.88673,
              18.76223
            ],
            [
              73.886049,
              18.762287
            ],
            [
              73.886071,
              18.763309
            ],
            [
              73.883992,
              18.764467
            ],
            [
              73.878459,
              18.76523
            ],
            [
              73.879588,
              18.767633
            ],
            [
              73.883088,
              18.769133
            ],
            [
              73.882204,
              18.771018
            ],
            [
              73.882288,
              18.771933
            ],
            [
              73.883753,
              18.77223
            ],
            [
              73.882992,
              18.773477
            ],
            [
              73.882828,
              18.772393
            ],
            [
              73.87997,
              18.772251
            ],
            [
              73.879483,
              18.770738
            ],
            [
              73.876846,
              18.771375
            ],
            [
              73.877672,
              18.77023
            ],
            [
              73.875666,
              18.76923
            ],
            [
              73.877551,
              18.76823
            ],
            [
              73.874992,
              18.765796
            ],
            [
              73.872992,
              18.765824
            ],
            [
              73.871992,
              18.764855
            ],
            [
              73.870992,
              18.765874
            ],
            [
              73.870231,
              18.76499
            ],
            [
              73.868992,
              18.764897
            ],
            [
              73.866732,
              18.76697
            ],
            [
              73.866888,
              18.768333
            ],
            [
              73.869199,
              18.77023
            ],
            [
              73.868572,
              18.77123
            ],
            [
              73.869662,
              18.773559
            ],
            [
              73.875003,
              18.77223
            ],
            [
              73.874992,
              18.773932
            ],
            [
              73.873992,
              18.773362
            ],
            [
              73.873261,
              18.77423
            ],
            [
              73.873992,
              18.774949
            ],
            [
              73.874992,
              18.774312
            ],
            [
              73.876086,
              18.775324
            ],
            [
              73.873529,
              18.775767
            ],
            [
              73.873166,
              18.777404
            ],
            [
              73.871341,
              18.77823
            ],
            [
              73.872262,
              18.77923
            ],
            [
              73.87212,
              18.782101
            ],
            [
              73.872947,
              18.782185
            ],
            [
              73.872992,
              18.782356
            ]
          ]
        ],
        "type": "Polygon"
      },
      "type": "Feature"
    },
    {
      "properties": {
        "fill-opacity": 0.33,
        "fillColor": "#bf4040",
        "opacity": 0.33,
        "fill": "#bf4040",
        "fillOpacity": 0.33,
        "color": "#bf4040",
        "contour": 5.0,
        "metric": "distance",
        "provider_name": "Domino's Pizza",
        "zone_type": "distance",
        "distance_km": 5,
        "mode": "motorcycle",
        "center_lat": 18.75423,
        "center_lon": 73.861992,
        "label": "5km"
      },
      "geometry": {
        "coordinates": [
          [
            [
              73.867992,
              18.790328
            ],
            [
              73.867929,
              18.789167
            ],
            [
              73.868706,
              18.788944
            ],
            [
              73.869782,
              18.78602
            ],
            [
              73.871543,
              18.78423
            ],
            [
              73.871339,
              18.782882
            ],
            [
              73.868992,
              18.782579
            ],
            [
              73.867789,
              18.78423
            ],
            [
              73.867654,
              18.78223
            ],
            [
              73.870353,
              18.779591
            ],
            [
              73.870386,
              18.77823
            ],
            [
              73.866992,
              18.777783
            ],
            [
              73.865992,
              18.778754
            ],
            [
              73.863684,
              18.778537
            ],
            [
              73.863684,
              18.777922
            ],
            [
              73.865992,
              18.776699
            ],
            [
              73.869354,
              18.77623
            ],
            [
              73.866173,
              18.769048
            ],
            [
              73.864992,
              18.76996
            ],
            [
              73.863992,
              18.768967
            ],
            [
              73.862713,
              18.769951
            ],
            [
              73.862697,
              18.77123
            ],
            [
              73.861687,
              18.77223
            ],
            [
              73.862992,
              18.77257
            ],
            [
              73.863992,
              18.771595
            ],
            [
              73.865598,
              18.77323
            ],
            [
              73.864399,
              18.775637
            ],
            [
              73.861637,
              18.77623
            ],
            [
              73.862375,
              18.779613
            ],
            [
              73.860639,
              18.779582
            ],
            [
              73.860293,
              18.77123
            ],
            [
              73.86227,
              18.769508
            ],
            [
              73.861272,
              18.76823
            ],
            [
              73.862233,
              18.76623
            ],
            [
              73.861145,
              18.765076
            ],
            [
              73.86049,
              18.767728
            ],
            [
              73.856992,
              18.769947
            ],
            [
              73.854808,
              18.768046
            ],
            [
              73.85544,
              18.772678
            ],
            [
              73.853536,
              18.771685
            ],
            [
              73.852992,
              18.769924
            ],
            [
              73.851775,
              18.771013
            ],
            [
              73.851591,
              18.77523
            ],
            [
              73.850992,
              18.775829
            ],
            [
              73.849742,
              18.77298
            ],
            [
              73.849394,
              18.774632
            ],
            [
              73.847531,
              18.77623
            ],
            [
              73.847472,
              18.77823
            ],
            [
              73.844992,
              18.780926
            ],
            [
              73.844095,
              18.77923
            ],
            [
              73.845511,
              18.77823
            ],
            [
              73.845422,
              18.77423
            ],
            [
              73.843992,
              18.772816
            ],
            [
              73.841664,
              18.774902
            ],
            [
              73.841292,
              18.77653
            ],
            [
              73.83938,
              18.77723
            ],
            [
              73.840992,
              18.779041
            ],
            [
              73.84328,
              18.77923
            ],
            [
              73.842763,
              18.78023
            ],
            [
              73.837992,
              18.778863
            ],
            [
              73.833992,
              18.779339
            ],
            [
              73.833786,
              18.778435
            ],
            [
              73.83272,
              18.77823
            ],
            [
              73.835992,
              18.77797
            ],
            [
              73.836668,
              18.77723
            ],
            [
              73.835829,
              18.776067
            ],
            [
              73.836992,
              18.775958
            ],
            [
              73.837992,
              18.776851
            ],
            [
              73.839518,
              18.77523
            ],
            [
              73.839364,
              18.773857
            ],
            [
              73.837626,
              18.77223
            ],
            [
              73.839577,
              18.77123
            ],
            [
              73.837784,
              18.770438
            ],
            [
              73.838561,
              18.76866
            ],
            [
              73.836693,
              18.767529
            ],
            [
              73.835281,
              18.76394
            ],
            [
              73.834515,
              18.76423
            ],
            [
              73.833992,
              18.76669
            ],
            [
              73.829992,
              18.766608
            ],
            [
              73.828992,
              18.767811
            ],
            [
              73.827992,
              18.767178
            ],
            [
              73.826209,
              18.767447
            ],
            [
              73.825992,
              18.768458
            ],
            [
              73.825648,
              18.766574
            ],
            [
              73.82376,
              18.76623
            ],
            [
              73.825587,
              18.765825
            ],
            [
              73.825461,
              18.764761
            ],
            [
              73.823992,
              18.764256
            ],
            [
              73.823882,
              18.763339
            ],
            [
              73.822102,
              18.76323
            ],
            [
              73.821127,
              18.76223
            ],
            [
              73.821816,
              18.762054
            ],
            [
              73.821563,
              18.760658
            ],
            [
              73.819992,
              18.75944
            ],
            [
              73.817992,
              18.759614
            ],
            [
              73.817605,
              18.75823
            ],
            [
              73.818005,
              18.758216
            ],
            [
              73.818138,
              18.759083
            ],
            [
              73.821457,
              18.758695
            ],
            [
              73.820883,
              18.756121
            ],
            [
              73.822874,
              18.756112
            ],
            [
              73.823992,
              18.754082
            ],
            [
              73.825181,
              18.75404
            ],
            [
              73.82625,
              18.754971
            ],
            [
              73.826992,
              18.75972
            ],
            [
              73.828445,
              18.75823
            ],
            [
              73.827519,
              18.75623
            ],
            [
              73.828604,
              18.754842
            ],
            [
              73.829304,
              18.754918
            ],
            [
              73.82952,
              18.75723
            ],
            [
              73.830992,
              18.758633
            ],
            [
              73.832373,
              18.75823
            ],
            [
              73.832992,
              18.754666
            ],
            [
              73.833729,
              18.756492
            ],
            [
              73.836217,
              18.756455
            ],
            [
              73.835252,
              18.753969
            ],
            [
              73.833427,
              18.75323
            ],
            [
              73.834411,
              18.75223
            ],
            [
              73.833992,
              18.75175
            ],
            [
              73.831992,
              18.751707
            ],
            [
              73.830992,
              18.752648
            ],
            [
              73.82957,
              18.751808
            ],
            [
              73.828129,
              18.754367
            ],
            [
              73.826975,
              18.754246
            ],
            [
              73.826443,
              18.75323
            ],
            [
              73.828881,
              18.751119
            ],
            [
              73.832992,
              18.750729
            ],
            [
              73.835706,
              18.74923
            ],
            [
              73.834572,
              18.74823
            ],
            [
              73.834827,
              18.742394
            ],
            [
              73.83395,
              18.742271
            ],
            [
              73.833992,
              18.741211
            ],
            [
              73.834139,
              18.742082
            ],
            [
              73.835063,
              18.742158
            ],
            [
              73.836115,
              18.74323
            ],
            [
              73.836992,
              18.749609
            ],
            [
              73.839992,
              18.749569
            ],
            [
              73.84053,
              18.747768
            ],
            [
              73.844992,
              18.747507
            ],
            [
              73.846992,
              18.74552
            ],
            [
              73.848811,
              18.74841
            ],
            [
              73.852191,
              18.748429
            ],
            [
              73.850549,
              18.746672
            ],
            [
              73.850228,
              18.744993
            ],
            [
              73.848992,
              18.743763
            ],
            [
              73.847648,
              18.743573
            ],
            [
              73.847992,
              18.737668
            ],
            [
              73.848639,
              18.73823
            ],
            [
              73.848702,
              18.741519
            ],
            [
              73.850441,
              18.74078
            ],
            [
              73.850615,
              18.74323
            ],
            [
              73.851768,
              18.745453
            ],
            [
              73.854797,
              18.748424
            ],
            [
              73.856186,
              18.748424
            ],
            [
              73.856992,
              18.746543
            ],
            [
              73.857797,
              18.747424
            ],
            [
              73.859156,
              18.747394
            ],
            [
              73.857992,
              18.743934
            ],
            [
              73.855992,
              18.742931
            ],
            [
              73.852551,
              18.74267
            ],
            [
              73.852409,
              18.74123
            ],
            [
              73.851246,
              18.74023
            ],
            [
              73.85118,
              18.737418
            ],
            [
              73.852992,
              18.737594
            ],
            [
              73.853234,
              18.736987
            ],
            [
              73.851158,
              18.737063
            ],
            [
              73.846992,
              18.732379
            ],
            [
              73.845036,
              18.734274
            ],
            [
              73.843992,
              18.734525
            ],
            [
              73.84396,
              18.734198
            ],
            [
              73.844678,
              18.733916
            ],
            [
              73.844701,
              18.73323
            ],
            [
              73.845604,
              18.732842
            ],
            [
              73.845701,
              18.73123
            ],
            [
              73.846638,
              18.73023
            ],
            [
              73.845992,
              18.729491
            ],
            [
              73.843928,
              18.729293
            ],
            [
              73.843654,
              18.72823
            ],
            [
              73.844914,
              18.728152
            ],
            [
              73.845362,
              18.728859
            ],
            [
              73.846992,
              18.728926
            ],
            [
              73.848319,
              18.726902
            ],
            [
              73.848571,
              18.72865
            ],
            [
              73.849992,
              18.72977
            ],
            [
              73.850992,
              18.728505
            ],
            [
              73.854032,
              18.72823
            ],
            [
              73.853175,
              18.728046
            ],
            [
              73.852599,
              18.726622
            ],
            [
              73.850181,
              18.72604
            ],
            [
              73.850472,
              18.723749
            ],
            [
              73.848241,
              18.723479
            ],
            [
              73.847992,
              18.724302
            ],
            [
              73.846732,
              18.72423
            ],
            [
              73.848266,
              18.72223
            ],
            [
              73.849992,
              18.722964
            ],
            [
              73.851592,
              18.72223
            ],
            [
              73.849354,
              18.71723
            ],
            [
              73.850014,
              18.717207
            ],
            [
              73.851059,
              18.718162
            ],
            [
              73.851539,
              18.720682
            ],
            [
              73.854113,
              18.721108
            ],
            [
              73.852391,
              18.72223
            ],
            [
              73.85432,
              18.722901
            ],
            [
              73.853469,
              18.72423
            ],
            [
              73.853992,
              18.724724
            ],
            [
              73.855374,
              18.724612
            ],
            [
              73.856436,
              18.72123
            ],
            [
              73.857992,
              18.721114
            ],
            [
              73.858983,
              18.72223
            ],
            [
              73.857483,
              18.722721
            ],
            [
              73.857552,
              18.723669
            ],
            [
              73.860992,
              18.724827
            ],
            [
              73.861472,
              18.722749
            ],
            [
              73.859013,
              18.72223
            ],
            [
              73.86247,
              18.721708
            ],
            [
              73.862637,
              18.720584
            ],
            [
              73.860992,
              18.720144
            ],
            [
              73.864393,
              18.71923
            ],
            [
              73.864215,
              18.721006
            ],
            [
              73.865636,
              18.72123
            ],
            [
              73.863462,
              18.7217
            ],
            [
              73.862397,
              18.72423
            ],
            [
              73.862441,
              18.72623
            ],
            [
              73.860532,
              18.72823
            ],
            [
              73.860705,
              18.729516
            ],
            [
              73.862351,
              18.72987
            ],
            [
              73.863559,
              18.73423
            ],
            [
              73.871176,
              18.737414
            ],
            [
              73.87229,
              18.73523
            ],
            [
              73.871358,
              18.73023
            ],
            [
              73.872582,
              18.72882
            ],
            [
              73.873401,
              18.72882
            ],
            [
              73.87463,
              18.73023
            ],
            [
              73.873658,
              18.73223
            ],
            [
              73.87368,
              18.73423
            ],
            [
              73.878416,
              18.734805
            ],
            [
              73.878416,
              18.735654
            ],
            [
              73.876763,
              18.736001
            ],
            [
              73.875563,
              18.73723
            ],
            [
              73.879402,
              18.739819
            ],
            [
              73.878639,
              18.74123
            ],
            [
              73.880458,
              18.742763
            ],
            [
              73.880992,
              18.744517
            ],
            [
              73.881355,
              18.73923
            ],
            [
              73.880392,
              18.73823
            ],
            [
              73.880604,
              18.735842
            ],
            [
              73.881379,
              18.735842
            ],
            [
              73.882992,
              18.737633
            ],
            [
              73.885371,
              18.73785
            ],
            [
              73.885371,
              18.738609
            ],
            [
              73.882747,
              18.739985
            ],
            [
              73.882652,
              18.74123
            ],
            [
              73.884427,
              18.741794
            ],
            [
              73.885992,
              18.743557
            ],
            [
              73.886569,
              18.741807
            ],
            [
              73.887379,
              18.741617
            ],
            [
              73.887578,
              18.739816
            ],
            [
              73.889441,
              18.739679
            ],
            [
              73.889992,
              18.738694
            ],
            [
              73.891992,
              18.73874
            ],
            [
              73.893384,
              18.737622
            ],
            [
              73.892992,
              18.736475
            ],
            [
              73.890143,
              18.73623
            ],
            [
              73.89084,
              18.736078
            ],
            [
              73.890687,
              18.73423
            ],
            [
              73.890992,
              18.734213
            ],
            [
              73.891034,
              18.734272
            ],
            [
              73.891138,
              18.735083
            ],
            [
              73.892621,
              18.734859
            ],
            [
              73.892992,
              18.733242
            ],
            [
              73.894992,
              18.734984
            ],
            [
              73.895992,
              18.734129
            ],
            [
              73.897995,
              18.734226
            ],
            [
              73.897137,
              18.734375
            ],
            [
              73.896122,
              18.73636
            ],
            [
              73.894538,
              18.736776
            ],
            [
              73.894677,
              18.741544
            ],
            [
              73.896992,
              18.74176
            ],
            [
              73.897992,
              18.740798
            ],
            [
              73.904966,
              18.741204
            ],
            [
              73.905109,
              18.74023
            ],
            [
              73.904992,
              18.741303
            ],
            [
              73.900592,
              18.74723
            ],
            [
              73.898918,
              18.747303
            ],
            [
              73.897992,
              18.745544
            ],
            [
              73.893992,
              18.74574
            ],
            [
              73.892992,
              18.744779
            ],
            [
              73.889992,
              18.745819
            ],
            [
              73.888992,
              18.743865
            ],
            [
              73.886772,
              18.74501
            ],
            [
              73.887699,
              18.746522
            ],
            [
              73.891353,
              18.747868
            ],
            [
              73.892626,
              18.750595
            ],
            [
              73.896194,
              18.751027
            ],
            [
              73.896268,
              18.753953
            ],
            [
              73.897165,
              18.75423
            ],
            [
              73.896213,
              18.754451
            ],
            [
              73.895992,
              18.755629
            ],
            [
              73.895734,
              18.754487
            ],
            [
              73.894817,
              18.75423
            ],
            [
              73.89442,
              18.751801
            ],
            [
              73.891992,
              18.751673
            ],
            [
              73.889992,
              18.749781
            ],
            [
              73.889424,
              18.75323
            ],
            [
              73.888703,
              18.753518
            ],
            [
              73.887992,
              18.748834
            ],
            [
              73.886563,
              18.75123
            ],
            [
              73.887525,
              18.75223
            ],
            [
              73.887486,
              18.75423
            ],
            [
              73.886662,
              18.754559
            ],
            [
              73.885441,
              18.75223
            ],
            [
              73.88541,
              18.75023
            ],
            [
              73.886363,
              18.74823
            ],
            [
              73.883992,
              18.747921
            ],
            [
              73.88365,
              18.75223
            ],
            [
              73.882429,
              18.754667
            ],
            [
              73.881554,
              18.754667
            ],
            [
              73.880322,
              18.75323
            ],
            [
              73.880182,
              18.750039
            ],
            [
              73.87872,
              18.75123
            ],
            [
              73.880645,
              18.75523
            ],
            [
              73.881393,
              18.759631
            ],
            [
              73.879992,
              18.759847
            ],
            [
              73.876539,
              18.757682
            ],
            [
              73.876287,
              18.75523
            ],
            [
              73.874508,
              18.754713
            ],
            [
              73.873992,
              18.751982
            ],
            [
              73.872821,
              18.752059
            ],
            [
              73.870747,
              18.753985
            ],
            [
              73.870554,
              18.757792
            ],
            [
              73.867856,
              18.757094
            ],
            [
              73.867779,
              18.75823
            ],
            [
              73.868772,
              18.75923
            ],
            [
              73.867746,
              18.76023
            ],
            [
              73.869488,
              18.760733
            ],
            [
              73.869992,
              18.763485
            ],
            [
              73.871992,
              18.762506
            ],
            [
              73.873992,
              18.762519
            ],
            [
              73.874992,
              18.761535
            ],
            [
              73.877992,
              18.761575
            ],
            [
              73.878992,
              18.763573
            ],
            [
              73.881992,
              18.763616
            ],
            [
              73.882992,
              18.760697
            ],
            [
              73.883708,
              18.762513
            ],
            [
              73.884992,
              18.762675
            ],
            [
              73.885992,
              18.76075
            ],
            [
              73.890415,
              18.760653
            ],
            [
              73.890714,
              18.75923
            ],
            [
              73.889992,
              18.758054
            ],
            [
              73.89305,
              18.758171
            ],
            [
              73.893434,
              18.760787
            ],
            [
              73.896066,
              18.76123
            ],
            [
              73.893416,
              18.761654
            ],
            [
              73.892992,
              18.7633
            ],
            [
              73.8925,
              18.761721
            ],
            [
              73.889992,
              18.761636
            ],
            [
              73.883992,
              18.764803
            ],
            [
              73.878764,
              18.765002
            ],
            [
              73.878638,
              18.76623
            ],
            [
              73.87974,
              18.767481
            ],
            [
              73.883351,
              18.76887
            ],
            [
              73.882685,
              18.771536
            ],
            [
              73.883992,
              18.771736
            ],
            [
              73.884992,
              18.770794
            ],
            [
              73.886412,
              18.77223
            ],
            [
              73.885617,
              18.773604
            ],
            [
              73.887228,
              18.772993
            ],
            [
              73.887367,
              18.77423
            ],
            [
              73.885992,
              18.776566
            ],
            [
              73.884729,
              18.775492
            ],
            [
              73.88435,
              18.773872
            ],
            [
              73.882673,
              18.774548
            ],
            [
              73.88231,
              18.772912
            ],
            [
              73.879653,
              18.772568
            ],
            [
              73.879274,
              18.770947
            ],
            [
              73.877992,
              18.771806
            ],
            [
              73.876617,
              18.771604
            ],
            [
              73.877396,
              18.77023
            ],
            [
              73.875394,
              18.76923
            ],
            [
              73.87735,
              18.76823
            ],
            [
              73.875198,
              18.766023
            ],
            [
              73.872653,
              18.765891
            ],
            [
              73.87215,
              18.767388
            ],
            [
              73.870554,
              18.767792
            ],
            [
              73.873322,
              18.77156
            ],
            [
              73.870992,
              18.771584
            ],
            [
              73.868992,
              18.770735
            ],
            [
              73.869771,
              18.77345
            ],
            [
              73.873302,
              18.77254
            ],
            [
              73.873558,
              18.771796
            ],
            [
              73.875494,
              18.77223
            ],
            [
              73.875485,
              18.77423
            ],
            [
              73.87635,
              18.775588
            ],
            [
              73.873719,
              18.775957
            ],
            [
              73.873375,
              18.777613
            ],
            [
              73.872112,
              18.77823
            ],
            [
              73.872653,
              18.780568
            ],
            [
              73.875732,
              18.78223
            ],
            [
              73.873992,
              18.782392
            ],
            [
              73.873615,
              18.783606
            ],
            [
              73.875283,
              18.783938
            ],
            [
              73.876359,
              18.786862
            ],
            [
              73.87706,
              18.787161
            ],
            [
              73.877139,
              18.788082
            ],
            [
              73.877765,
              18.78823
            ],
            [
              73.876992,
              18.788309
            ],
            [
              73.87677,
              18.787451
            ],
            [
              73.875869,
              18.787352
            ],
            [
              73.875467,
              18.785754
            ],
            [
              73.872992,
              18.784657
            ],
            [
              73.87054,
              18.786778
            ],
            [
              73.870143,
              18.788381
            ],
            [
              73.868172,
              18.78941
            ],
            [
              73.867992,
              18.790328
            ]
          ]
        ],
        "type": "Polygon"
      },
      "type": "Feature"
    },
    {
      "properties": {
        "fill-opacity": 0.33,
        "fillColor": "#bf4040",
        "opacity": 0.33,
        "fill": "#bf4040",
        "fillOpacity": 0.33,
        "color": "#bf4040",
        "contour": 6.0,
        "metric": "distance",
        "provider_name": "Domino's Pizza",
        "zone_type": "distance",
        "distance_km": 6,
        "mode": "motorcycle",
        "center_lat": 18.75423,
        "center_lon": 73.861992,
        "label": "6km"
      },
      "geometry": {
        "coordinates": [
          [
            [
              73.868992,
              18.798889
            ],
            [
              73.868715,
              18.797506
            ],
            [
              73.866928,
              18.797293
            ],
            [
              73.867834,
              18.79623
            ],
            [
              73.866792,
              18.795429
            ],
            [
              73.866412,
              18.793809
            ],
            [
              73.861949,
              18.794272
            ],
            [
              73.863755,
              18.79323
            ],
            [
              73.861857,
              18.79123
            ],
            [
              73.861819,
              18.78923
            ],
            [
              73.863708,
              18.78823
            ],
            [
              73.861946,
              18.78723
            ],
            [
              73.862686,
              18.786924
            ],
            [
              73.862596,
              18.78523
            ],
            [
              73.863003,
              18.78523
            ],
            [
              73.863346,
              18.786875
            ],
            [
              73.864129,
              18.787092
            ],
            [
              73.864532,
              18.788689
            ],
            [
              73.865992,
              18.789807
            ],
            [
              73.867332,
              18.78957
            ],
            [
              73.869278,
              18.787516
            ],
            [
              73.871344,
              18.78323
            ],
            [
              73.868722,
              18.78296
            ],
            [
              73.867992,
              18.784786
            ],
            [
              73.86739,
              18.78223
            ],
            [
              73.870226,
              18.779464
            ],
            [
              73.870274,
              18.77823
            ],
            [
              73.866992,
              18.777921
            ],
            [
              73.865992,
              18.778907
            ],
            [
              73.863558,
              18.778663
            ],
            [
              73.863558,
              18.777796
            ],
            [
              73.865992,
              18.776549
            ],
            [
              73.869258,
              18.77623
            ],
            [
              73.866134,
              18.769087
            ],
            [
              73.864992,
              18.770017
            ],
            [
              73.863992,
              18.769022
            ],
            [
              73.861758,
              18.77223
            ],
            [
              73.862992,
              18.772484
            ],
            [
              73.863992,
              18.771497
            ],
            [
              73.865709,
              18.77323
            ],
            [
              73.864472,
              18.77571
            ],
            [
              73.86173,
              18.77623
            ],
            [
              73.86246,
              18.779698
            ],
            [
              73.860514,
              18.779708
            ],
            [
              73.860223,
              18.77123
            ],
            [
              73.862209,
              18.769447
            ],
            [
              73.86121,
              18.76823
            ],
            [
              73.861435,
              18.766673
            ],
            [
              73.862186,
              18.76623
            ],
            [
              73.861116,
              18.765105
            ],
            [
              73.860589,
              18.767827
            ],
            [
              73.857551,
              18.769789
            ],
            [
              73.856432,
              18.769789
            ],
            [
              73.854847,
              18.768085
            ],
            [
              73.855498,
              18.772736
            ],
            [
              73.853473,
              18.771749
            ],
            [
              73.852992,
              18.769995
            ],
            [
              73.851828,
              18.771066
            ],
            [
              73.851705,
              18.77523
            ],
            [
              73.850992,
              18.775943
            ],
            [
              73.84981,
              18.773048
            ],
            [
              73.849469,
              18.774707
            ],
            [
              73.847676,
              18.77623
            ],
            [
              73.84765,
              18.77823
            ],
            [
              73.846496,
              18.77923
            ],
            [
              73.847216,
              18.780454
            ],
            [
              73.845403,
              18.78123
            ],
            [
              73.846344,
              18.78223
            ],
            [
              73.845222,
              18.78346
            ],
            [
              73.843992,
              18.782606
            ],
            [
              73.842544,
              18.782782
            ],
            [
              73.841078,
              18.784316
            ],
            [
              73.840071,
              18.784309
            ],
            [
              73.839982,
              18.785239
            ],
            [
              73.839967,
              18.784205
            ],
            [
              73.84075,
              18.783988
            ],
            [
              73.842326,
              18.780895
            ],
            [
              73.840992,
              18.779782
            ],
            [
              73.834992,
              18.77975
            ],
            [
              73.831992,
              18.785433
            ],
            [
              73.831677,
              18.78323
            ],
            [
              73.832598,
              18.78223
            ],
            [
              73.831618,
              18.78023
            ],
            [
              73.833347,
              18.779585
            ],
            [
              73.833315,
              18.778906
            ],
            [
              73.829992,
              18.777636
            ],
            [
              73.828992,
              18.778583
            ],
            [
              73.826405,
              18.778643
            ],
            [
              73.825992,
              18.780198
            ],
            [
              73.824251,
              18.77997
            ],
            [
              73.823904,
              18.779142
            ],
            [
              73.824992,
              18.777535
            ],
            [
              73.825142,
              18.778079
            ],
            [
              73.827992,
              18.777914
            ],
            [
              73.829965,
              18.77623
            ],
            [
              73.828732,
              18.77523
            ],
            [
              73.828447,
              18.772774
            ],
            [
              73.826992,
              18.771636
            ],
            [
              73.825992,
              18.772465
            ],
            [
              73.823836,
              18.772385
            ],
            [
              73.823662,
              18.7709
            ],
            [
              73.824619,
              18.77023
            ],
            [
              73.823992,
              18.769638
            ],
            [
              73.822649,
              18.770572
            ],
            [
              73.822411,
              18.76881
            ],
            [
              73.820992,
              18.767568
            ],
            [
              73.819429,
              18.767667
            ],
            [
              73.818738,
              18.768976
            ],
            [
              73.81683,
              18.76923
            ],
            [
              73.816134,
              18.76723
            ],
            [
              73.820432,
              18.76667
            ],
            [
              73.821341,
              18.76388
            ],
            [
              73.818992,
              18.765581
            ],
            [
              73.81766,
              18.765561
            ],
            [
              73.817321,
              18.7589
            ],
            [
              73.816632,
              18.75887
            ],
            [
              73.816205,
              18.760443
            ],
            [
              73.814992,
              18.76051
            ],
            [
              73.815561,
              18.75923
            ],
            [
              73.814388,
              18.757833
            ],
            [
              73.811992,
              18.756511
            ],
            [
              73.810878,
              18.757343
            ],
            [
              73.808647,
              18.75523
            ],
            [
              73.811798,
              18.755036
            ],
            [
              73.811992,
              18.754078
            ],
            [
              73.812992,
              18.753614
            ],
            [
              73.813551,
              18.75667
            ],
            [
              73.814992,
              18.756818
            ],
            [
              73.815992,
              18.757773
            ],
            [
              73.817992,
              18.757725
            ],
            [
              73.818992,
              18.758687
            ],
            [
              73.821266,
              18.758504
            ],
            [
              73.820442,
              18.75723
            ],
            [
              73.820629,
              18.755867
            ],
            [
              73.822311,
              18.755549
            ],
            [
              73.823632,
              18.75387
            ],
            [
              73.825473,
              18.753711
            ],
            [
              73.82568,
              18.752918
            ],
            [
              73.827285,
              18.752523
            ],
            [
              73.828738,
              18.750976
            ],
            [
              73.832992,
              18.750563
            ],
            [
              73.835237,
              18.749475
            ],
            [
              73.834359,
              18.74823
            ],
            [
              73.834295,
              18.74323
            ],
            [
              73.833303,
              18.74223
            ],
            [
              73.833992,
              18.740482
            ],
            [
              73.836724,
              18.74323
            ],
            [
              73.836793,
              18.749428
            ],
            [
              73.839992,
              18.749483
            ],
            [
              73.840462,
              18.7477
            ],
            [
              73.844992,
              18.747447
            ],
            [
              73.846992,
              18.745454
            ],
            [
              73.848849,
              18.748372
            ],
            [
              73.852145,
              18.748383
            ],
            [
              73.849182,
              18.744039
            ],
            [
              73.847112,
              18.74323
            ],
            [
              73.846971,
              18.73925
            ],
            [
              73.845414,
              18.739652
            ],
            [
              73.845198,
              18.741023
            ],
            [
              73.845992,
              18.74124
            ],
            [
              73.844403,
              18.742641
            ],
            [
              73.842776,
              18.740446
            ],
            [
              73.841992,
              18.73762
            ],
            [
              73.840098,
              18.73923
            ],
            [
              73.839992,
              18.740887
            ],
            [
              73.83992,
              18.740301
            ],
            [
              73.837282,
              18.74023
            ],
            [
              73.836737,
              18.739484
            ],
            [
              73.83721,
              18.73723
            ],
            [
              73.838823,
              18.73623
            ],
            [
              73.838849,
              18.735372
            ],
            [
              73.837992,
              18.735052
            ],
            [
              73.840239,
              18.734983
            ],
            [
              73.841256,
              18.73623
            ],
            [
              73.842122,
              18.73623
            ],
            [
              73.840992,
              18.734117
            ],
            [
              73.838853,
              18.73323
            ],
            [
              73.839761,
              18.732999
            ],
            [
              73.839587,
              18.731634
            ],
            [
              73.838263,
              18.73123
            ],
            [
              73.842521,
              18.72723
            ],
            [
              73.842686,
              18.72323
            ],
            [
              73.841794,
              18.72223
            ],
            [
              73.841992,
              18.719455
            ],
            [
              73.842405,
              18.721816
            ],
            [
              73.843239,
              18.72223
            ],
            [
              73.843428,
              18.72623
            ],
            [
              73.845992,
              18.728654
            ],
            [
              73.847257,
              18.728495
            ],
            [
              73.8476,
              18.726838
            ],
            [
              73.850416,
              18.72423
            ],
            [
              73.848992,
              18.723785
            ],
            [
              73.847992,
              18.724748
            ],
            [
              73.845672,
              18.724549
            ],
            [
              73.846613,
              18.721851
            ],
            [
              73.848992,
              18.721372
            ],
            [
              73.849992,
              18.722653
            ],
            [
              73.851367,
              18.72223
            ],
            [
              73.850042,
              18.72123
            ],
            [
              73.848992,
              18.718464
            ],
            [
              73.846992,
              18.717509
            ],
            [
              73.845269,
              18.717507
            ],
            [
              73.844942,
              18.718279
            ],
            [
              73.841645,
              18.71723
            ],
            [
              73.841992,
              18.715624
            ],
            [
              73.842992,
              18.716063
            ],
            [
              73.843992,
              18.714884
            ],
            [
              73.847173,
              18.714411
            ],
            [
              73.84763,
              18.71323
            ],
            [
              73.847023,
              18.71123
            ],
            [
              73.848841,
              18.71023
            ],
            [
              73.848839,
              18.709383
            ],
            [
              73.847968,
              18.709253
            ],
            [
              73.847992,
              18.70839
            ],
            [
              73.848079,
              18.709142
            ],
            [
              73.85035,
              18.708871
            ],
            [
              73.850953,
              18.71123
            ],
            [
              73.848992,
              18.711468
            ],
            [
              73.848304,
              18.71223
            ],
            [
              73.850183,
              18.71423
            ],
            [
              73.849465,
              18.71623
            ],
            [
              73.851343,
              18.717878
            ],
            [
              73.851722,
              18.720499
            ],
            [
              73.853992,
              18.720679
            ],
            [
              73.8545,
              18.721721
            ],
            [
              73.856992,
              18.720712
            ],
            [
              73.858345,
              18.720876
            ],
            [
              73.858992,
              18.72173
            ],
            [
              73.86227,
              18.721508
            ],
            [
              73.862292,
              18.720929
            ],
            [
              73.860488,
              18.72023
            ],
            [
              73.859722,
              18.71623
            ],
            [
              73.861219,
              18.716002
            ],
            [
              73.86161,
              18.717611
            ],
            [
              73.86333,
              18.718568
            ],
            [
              73.865592,
              18.71623
            ],
            [
              73.865843,
              18.711378
            ],
            [
              73.865046,
              18.71123
            ],
            [
              73.865992,
              18.710524
            ],
            [
              73.866401,
              18.71723
            ],
            [
              73.864532,
              18.72023
            ],
            [
              73.868417,
              18.72123
            ],
            [
              73.863702,
              18.72194
            ],
            [
              73.862619,
              18.72423
            ],
            [
              73.862636,
              18.72623
            ],
            [
              73.860776,
              18.728014
            ],
            [
              73.860687,
              18.72923
            ],
            [
              73.862448,
              18.729773
            ],
            [
              73.863809,
              18.734412
            ],
            [
              73.865992,
              18.735507
            ],
            [
              73.867992,
              18.735527
            ],
            [
              73.870992,
              18.737448
            ],
            [
              73.872221,
              18.73523
            ],
            [
              73.871259,
              18.73023
            ],
            [
              73.87251,
              18.728748
            ],
            [
              73.873473,
              18.728748
            ],
            [
              73.874726,
              18.73023
            ],
            [
              73.873742,
              18.73223
            ],
            [
              73.873754,
              18.73423
            ],
            [
              73.878481,
              18.734741
            ],
            [
              73.878481,
              18.735719
            ],
            [
              73.876821,
              18.736059
            ],
            [
              73.875692,
              18.73723
            ],
            [
              73.879473,
              18.739748
            ],
            [
              73.878731,
              18.74123
            ],
            [
              73.88053,
              18.742691
            ],
            [
              73.880992,
              18.744453
            ],
            [
              73.881258,
              18.73923
            ],
            [
              73.880277,
              18.73823
            ],
            [
              73.880522,
              18.73576
            ],
            [
              73.881461,
              18.73576
            ],
            [
              73.882992,
              18.737517
            ],
            [
              73.885457,
              18.737764
            ],
            [
              73.885457,
              18.738695
            ],
            [
              73.882813,
              18.740051
            ],
            [
              73.882738,
              18.74123
            ],
            [
              73.884487,
              18.741734
            ],
            [
              73.885992,
              18.743476
            ],
            [
              73.887672,
              18.73923
            ],
            [
              73.886595,
              18.73723
            ],
            [
              73.886742,
              18.73598
            ],
            [
              73.888437,
              18.736784
            ],
            [
              73.888312,
              18.73923
            ],
            [
              73.888992,
              18.739533
            ],
            [
              73.889992,
              18.738547
            ],
            [
              73.892222,
              18.73846
            ],
            [
              73.893378,
              18.73723
            ],
            [
              73.888537,
              18.736684
            ],
            [
              73.890322,
              18.734899
            ],
            [
              73.886627,
              18.73423
            ],
            [
              73.887714,
              18.732952
            ],
            [
              73.888992,
              18.732786
            ],
            [
              73.891992,
              18.734687
            ],
            [
              73.892454,
              18.73423
            ],
            [
              73.892344,
              18.732877
            ],
            [
              73.890816,
              18.73123
            ],
            [
              73.890526,
              18.727695
            ],
            [
              73.8889,
              18.727322
            ],
            [
              73.888938,
              18.726283
            ],
            [
              73.887992,
              18.726107
            ],
            [
              73.888992,
              18.726152
            ],
            [
              73.889255,
              18.726966
            ],
            [
              73.891157,
              18.727064
            ],
            [
              73.892335,
              18.72923
            ],
            [
              73.892424,
              18.73123
            ],
            [
              73.894992,
              18.73466
            ],
            [
              73.897519,
              18.73323
            ],
            [
              73.897635,
              18.728586
            ],
            [
              73.895952,
              18.728269
            ],
            [
              73.895992,
              18.727194
            ],
            [
              73.896121,
              18.7281
            ],
            [
              73.898102,
              18.728119
            ],
            [
              73.898348,
              18.73123
            ],
            [
              73.899992,
              18.732808
            ],
            [
              73.900992,
              18.73185
            ],
            [
              73.903992,
              18.732002
            ],
            [
              73.904992,
              18.731096
            ],
            [
              73.906616,
              18.73123
            ],
            [
              73.905246,
              18.731484
            ],
            [
              73.904992,
              18.732384
            ],
            [
              73.902533,
              18.732771
            ],
            [
              73.900992,
              18.734556
            ],
            [
              73.898992,
              18.733687
            ],
            [
              73.896361,
              18.736599
            ],
            [
              73.894722,
              18.73696
            ],
            [
              73.894992,
              18.741553
            ],
            [
              73.896992,
              18.740592
            ],
            [
              73.903992,
              18.740701
            ],
            [
              73.904489,
              18.74023
            ],
            [
              73.903681,
              18.738919
            ],
            [
              73.905368,
              18.738606
            ],
            [
              73.906992,
              18.735998
            ],
            [
              73.907539,
              18.737683
            ],
            [
              73.90846,
              18.737698
            ],
            [
              73.909598,
              18.736836
            ],
            [
              73.90982,
              18.73523
            ],
            [
              73.910003,
              18.735218
            ],
            [
              73.910457,
              18.737764
            ],
            [
              73.911645,
              18.737883
            ],
            [
              73.911992,
              18.736294
            ],
            [
              73.912309,
              18.737912
            ],
            [
              73.914096,
              18.73823
            ],
            [
              73.912992,
              18.739928
            ],
            [
              73.912855,
              18.739366
            ],
            [
              73.90956,
              18.739798
            ],
            [
              73.908992,
              18.745118
            ],
            [
              73.908597,
              18.743624
            ],
            [
              73.906992,
              18.7435
            ],
            [
              73.905992,
              18.74446
            ],
            [
              73.904992,
              18.743509
            ],
            [
              73.904605,
              18.743843
            ],
            [
              73.902992,
              18.74862
            ],
            [
              73.900992,
              18.748687
            ],
            [
              73.898639,
              18.747582
            ],
            [
              73.897992,
              18.745823
            ],
            [
              73.893992,
              18.745901
            ],
            [
              73.892297,
              18.744924
            ],
            [
              73.889992,
              18.745938
            ],
            [
              73.888992,
              18.743962
            ],
            [
              73.886826,
              18.745064
            ],
            [
              73.887788,
              18.746433
            ],
            [
              73.891449,
              18.747772
            ],
            [
              73.892755,
              18.750466
            ],
            [
              73.896384,
              18.750837
            ],
            [
              73.896992,
              18.753725
            ],
            [
              73.898357,
              18.753595
            ],
            [
              73.900206,
              18.751015
            ],
            [
              73.900621,
              18.75323
            ],
            [
              73.898437,
              18.75523
            ],
            [
              73.897992,
              18.758546
            ],
            [
              73.89734,
              18.754881
            ],
            [
              73.89667,
              18.754908
            ],
            [
              73.896443,
              18.75723
            ],
            [
              73.895691,
              18.75753
            ],
            [
              73.894252,
              18.751969
            ],
            [
              73.891992,
              18.751872
            ],
            [
              73.889992,
              18.74992
            ],
            [
              73.889629,
              18.75323
            ],
            [
              73.888566,
              18.753655
            ],
            [
              73.887992,
              18.748946
            ],
            [
              73.886692,
              18.75123
            ],
            [
              73.887673,
              18.75223
            ],
            [
              73.887656,
              18.75423
            ],
            [
              73.886549,
              18.754672
            ],
            [
              73.885302,
              18.75223
            ],
            [
              73.885992,
              18.747974
            ],
            [
              73.883837,
              18.748075
            ],
            [
              73.883737,
              18.75223
            ],
            [
              73.881992,
              18.754974
            ],
            [
              73.88024,
              18.75323
            ],
            [
              73.88014,
              18.750082
            ],
            [
              73.878778,
              18.75123
            ],
            [
              73.880734,
              18.75523
            ],
            [
              73.880727,
              18.75723
            ],
            [
              73.881709,
              18.75823
            ],
            [
              73.881468,
              18.759706
            ],
            [
              73.879992,
              18.759953
            ],
            [
              73.876478,
              18.757743
            ],
            [
              73.87622,
              18.75523
            ],
            [
              73.874422,
              18.754799
            ],
            [
              73.873992,
              18.752031
            ],
            [
              73.872856,
              18.752094
            ],
            [
              73.870795,
              18.754033
            ],
            [
              73.870632,
              18.75787
            ],
            [
              73.867879,
              18.757117
            ],
            [
              73.867816,
              18.75823
            ],
            [
              73.868811,
              18.75923
            ],
            [
              73.867794,
              18.76023
            ],
            [
              73.869585,
              18.760636
            ],
            [
              73.869992,
              18.763433
            ],
            [
              73.871992,
              18.762446
            ],
            [
              73.873992,
              18.762454
            ],
            [
              73.874992,
              18.761464
            ],
            [
              73.877992,
              18.761486
            ],
            [
              73.878992,
              18.763485
            ],
            [
              73.881992,
              18.763508
            ],
            [
              73.882992,
              18.760548
            ],
            [
              73.883793,
              18.762429
            ],
            [
              73.884992,
              18.762538
            ],
            [
              73.885992,
              18.760572
            ],
            [
              73.890251,
              18.760489
            ],
            [
              73.890411,
              18.75923
            ],
            [
              73.889443,
              18.75823
            ],
            [
              73.889992,
              18.757681
            ],
            [
              73.89334,
              18.757881
            ],
            [
              73.893992,
              18.760678
            ],
            [
              73.895324,
              18.760562
            ],
            [
              73.895992,
              18.758796
            ],
            [
              73.896992,
              18.759819
            ],
            [
              73.899468,
              18.759706
            ],
            [
              73.900582,
              18.75882
            ],
            [
              73.900992,
              18.756563
            ],
            [
              73.901362,
              18.758859
            ],
            [
              73.902893,
              18.759131
            ],
            [
              73.902992,
              18.75821
            ],
            [
              73.903274,
              18.75923
            ],
            [
              73.900486,
              18.759724
            ],
            [
              73.900533,
              18.760688
            ],
            [
              73.902194,
              18.76223
            ],
            [
              73.899377,
              18.76323
            ],
            [
              73.899992,
              18.763946
            ],
            [
              73.902087,
              18.764134
            ],
            [
              73.902224,
              18.764997
            ],
            [
              73.903368,
              18.76523
            ],
            [
              73.901992,
              18.765354
            ],
            [
              73.901681,
              18.76454
            ],
            [
              73.900762,
              18.764459
            ],
            [
              73.898992,
              18.765531
            ],
            [
              73.896992,
              18.765572
            ],
            [
              73.896544,
              18.76323
            ],
            [
              73.894992,
              18.761758
            ],
            [
              73.893696,
              18.761934
            ],
            [
              73.892992,
              18.763748
            ],
            [
              73.892278,
              18.761943
            ],
            [
              73.889992,
              18.761857
            ],
            [
              73.883992,
              18.764928
            ],
            [
              73.878822,
              18.76506
            ],
            [
              73.87873,
              18.76623
            ],
            [
              73.879809,
              18.767412
            ],
            [
              73.883448,
              18.768773
            ],
            [
              73.882782,
              18.77144
            ],
            [
              73.883992,
              18.771566
            ],
            [
              73.884992,
              18.77059
            ],
            [
              73.887397,
              18.772824
            ],
            [
              73.887607,
              18.77423
            ],
            [
              73.885992,
              18.776831
            ],
            [
              73.884576,
              18.775645
            ],
            [
              73.884224,
              18.773997
            ],
            [
              73.882992,
              18.774886
            ],
            [
              73.882207,
              18.773014
            ],
            [
              73.879545,
              18.772676
            ],
            [
              73.87919,
              18.771031
            ],
            [
              73.877992,
              18.771932
            ],
            [
              73.876528,
              18.771693
            ],
            [
              73.87728,
              18.77023
            ],
            [
              73.875279,
              18.76923
            ],
            [
              73.877256,
              18.76823
            ],
            [
              73.875149,
              18.766072
            ],
            [
              73.872767,
              18.766005
            ],
            [
              73.87237,
              18.767608
            ],
            [
              73.870728,
              18.767966
            ],
            [
              73.873618,
              18.771603
            ],
            [
              73.875437,
              18.771784
            ],
            [
              73.875655,
              18.77423
            ],
            [
              73.876676,
              18.77523
            ],
            [
              73.875992,
              18.775914
            ],
            [
              73.873798,
              18.776036
            ],
            [
              73.873459,
              18.777697
            ],
            [
              73.872523,
              18.77823
            ],
            [
              73.872767,
              18.780454
            ],
            [
              73.874992,
              18.78171
            ],
            [
              73.878269,
              18.781952
            ],
            [
              73.878577,
              18.784644
            ],
            [
              73.882109,
              18.78523
            ],
            [
              73.881171,
              18.78623
            ],
            [
              73.881585,
              18.78823
            ],
            [
              73.879992,
              18.788659
            ],
            [
              73.876644,
              18.788577
            ],
            [
              73.875269,
              18.785952
            ],
            [
              73.872992,
              18.784865
            ],
            [
              73.870722,
              18.78696
            ],
            [
              73.870368,
              18.788606
            ],
            [
              73.868494,
              18.79023
            ],
            [
              73.868348,
              18.79423
            ],
            [
              73.869249,
              18.79523
            ],
            [
              73.868992,
              18.798889
            ]
          ]
        ],
        "type": "Polygon"
      },
      "type": "Feature"
    }
  ]
}