{
  "type": "FeatureCollection",
  "metadata": {
    "provider_name": "Domino's Pizza",
    "center_lat": 17.6878,
    "center_lon": 74.00591,
    "mode": "motorcycle",
    "total_zones": 4,
    "distance_zones": [
      3,
      4,
      5,
      6
    ],
    "generated_at": "2025-12-28T17:20:39.503405Z"
  },
  "features": [
    {
      "properties": {
        "fill-opacity": 0.33,
        "fillColor": "#bf4040",
        "opacity": 0.33,
        "fill": "#bf4040",
        "fillOpacity": 0.33,
        "color": "#bf4040",
        "contour": 3.0,
        "metric": "distance",
        "provider_name": "Domino's Pizza",
        "zone_type": "distance",
        "distance_km": 3,
        "mode": "motorcycle",
        "center_lat": 17.6878,
        "center_lon": 74.00591,
        "label": "3km"
      },
      "geometry": {
        "coordinates": [
          [
            [
              74.01091,
              17.71147
            ],
            [
              74.009459,
              17.7108
            ],
            [
              74.010756,
              17.710646
            ],
            [
              74.010752,
              17.7098
            ],
            [
              74.009663,
              17.7088
            ],
            [
              74.009323,
              17.706386
            ],
            [
              74.00791,
              17.707119
            ],
            [
              74.006337,
              17.705372
            ],
            [
              74.004073,
              17.7068
            ],
            [
              74.004018,
              17.708691
            ],
            [
              74.004592,
              17.7088
            ],
            [
              74.003786,
              17.7088
            ],
            [
              74.003558,
              17.707151
            ],
            [
              74.002287,
              17.7068
            ],
            [
              74.00191,
              17.705499
            ],
            [
              74.000913,
              17.7058
            ],
            [
              73.99991,
              17.708016
            ],
            [
              73.998173,
              17.707536
            ],
            [
              73.997734,
              17.7068
            ],
            [
              73.998643,
              17.706533
            ],
            [
              73.998698,
              17.7058
            ],
            [
              73.996282,
              17.701427
            ],
            [
              73.994927,
              17.7008
            ],
            [
              73.99491,
              17.699575
            ],
            [
              73.993768,
              17.699941
            ],
            [
              73.995215,
              17.701494
            ],
            [
              73.99491,
              17.702942
            ],
            [
              73.99291,
              17.705455
            ],
            [
              73.99091,
              17.704594
            ],
            [
              73.990491,
              17.702218
            ],
            [
              73.989288,
              17.702178
            ],
            [
              73.98791,
              17.70374
            ],
            [
              73.987696,
              17.7028
            ],
            [
              73.988742,
              17.701632
            ],
            [
              73.99039,
              17.70128
            ],
            [
              73.990629,
              17.6998
            ],
            [
              73.98991,
              17.69883
            ],
            [
              73.988136,
              17.699026
            ],
            [
              73.98791,
              17.699853
            ],
            [
              73.985262,
              17.696447
            ],
            [
              73.98691,
              17.689962
            ],
            [
              73.98591,
              17.690401
            ],
            [
              73.98391,
              17.689796
            ],
            [
              73.982581,
              17.688128
            ],
            [
              73.98274,
              17.6868
            ],
            [
              73.981139,
              17.6858
            ],
            [
              73.979938,
              17.6838
            ],
            [
              73.980087,
              17.6818
            ],
            [
              73.983887,
              17.6778
            ],
            [
              73.982252,
              17.6758
            ],
            [
              73.98391,
              17.672956
            ],
            [
              73.984253,
              17.674457
            ],
            [
              73.98891,
              17.674697
            ],
            [
              73.99091,
              17.676302
            ],
            [
              73.994376,
              17.676333
            ],
            [
              73.995225,
              17.677115
            ],
            [
              73.994384,
              17.675325
            ],
            [
              73.992793,
              17.674917
            ],
            [
              73.992708,
              17.674001
            ],
            [
              73.991229,
              17.6738
            ],
            [
              73.99291,
              17.673706
            ],
            [
              73.993261,
              17.674448
            ],
            [
              73.995102,
              17.674607
            ],
            [
              73.997539,
              17.67717
            ],
            [
              73.99891,
              17.676355
            ],
            [
              73.99991,
              17.677302
            ],
            [
              74.000659,
              17.674549
            ],
            [
              74.00491,
              17.674244
            ],
            [
              74.006219,
              17.673109
            ],
            [
              74.00544,
              17.6718
            ],
            [
              74.005555,
              17.6688
            ],
            [
              74.00591,
              17.668445
            ],
            [
              74.00691,
              17.669401
            ],
            [
              74.00791,
              17.668476
            ],
            [
              74.00991,
              17.669216
            ],
            [
              74.01191,
              17.668684
            ],
            [
              74.01391,
              17.670636
            ],
            [
              74.01991,
              17.670134
            ],
            [
              74.02191,
              17.672686
            ],
            [
              74.02591,
              17.672469
            ],
            [
              74.027299,
              17.6738
            ],
            [
              74.026053,
              17.673943
            ],
            [
              74.02641,
              17.6768
            ],
            [
              74.025255,
              17.677145
            ],
            [
              74.025008,
              17.679701
            ],
            [
              74.02691,
              17.68135
            ],
            [
              74.028033,
              17.6808
            ],
            [
              74.028603,
              17.6818
            ],
            [
              74.026708,
              17.683001
            ],
            [
              74.02891,
              17.683275
            ],
            [
              74.030093,
              17.684983
            ],
            [
              74.02979,
              17.685919
            ],
            [
              74.030915,
              17.685794
            ],
            [
              74.031093,
              17.686616
            ],
            [
              74.032475,
              17.6868
            ],
            [
              74.033024,
              17.6878
            ],
            [
              74.03013,
              17.68902
            ],
            [
              74.029973,
              17.6908
            ],
            [
              74.029131,
              17.691021
            ],
            [
              74.02891,
              17.69212
            ],
            [
              74.02691,
              17.691144
            ],
            [
              74.025251,
              17.692141
            ],
            [
              74.02446,
              17.7018
            ],
            [
              74.022781,
              17.7028
            ],
            [
              74.02407,
              17.7058
            ],
            [
              74.02191,
              17.706749
            ],
            [
              74.020388,
              17.704321
            ],
            [
              74.01791,
              17.705074
            ],
            [
              74.017295,
              17.703414
            ],
            [
              74.01491,
              17.704246
            ],
            [
              74.014239,
              17.702471
            ],
            [
              74.01291,
              17.70231
            ],
            [
              74.012425,
              17.7028
            ],
            [
              74.013226,
              17.704116
            ],
            [
              74.010346,
              17.7048
            ],
            [
              74.010215,
              17.7078
            ],
            [
              74.011087,
              17.7088
            ],
            [
              74.01091,
              17.71147
            ]
          ]
        ],
        "type": "Polygon"
      },
      "type": "Feature"
    },
    {
      "properties": {
        "fill-opacity": 0.33,
        "fillColor": "#bf4040",
        "opacity": 0.33,
        "fill": "#bf4040",
        "fillOpacity": 0.33,
        "color": "#bf4040",
        "contour": 4.0,
        "metric": "distance",
        "provider_name": "Domino's Pizza",
        "zone_type": "distance",
        "distance_km": 4,
        "mode": "motorcycle",
        "center_lat": 17.6878,
        "center_lon": 74.00591,
        "label": "4km"
      },
      "geometry": {
        "coordinates": [
          [
            [
              74.00391,
              17.716182
            ],
            [
              74.00373,
              17.714979
            ],
            [
              74.00282,
              17.714889
            ],
            [
              74.001358,
              17.712351
            ],
            [
              73.998735,
              17.711974
            ],
            [
              74.000509,
              17.7108
            ],
            [
              73.99691,
              17.708236
            ],
            [
              73.99291,
              17.713711
            ],
            [
              73.992435,
              17.7128
            ],
            [
              73.993527,
              17.711417
            ],
            [
              73.993619,
              17.7098
            ],
            [
              73.99091,
              17.708096
            ],
            [
              73.987876,
              17.7078
            ],
            [
              73.988173,
              17.7088
            ],
            [
              73.986836,
              17.7098
            ],
            [
              73.987108,
              17.7108
            ],
            [
              73.98491,
              17.71206
            ],
            [
              73.98291,
              17.709452
            ],
            [
              73.98191,
              17.70936
            ],
            [
              73.981583,
              17.708126
            ],
            [
              73.97991,
              17.708277
            ],
            [
              73.97991,
              17.707426
            ],
            [
              73.98024,
              17.7048
            ],
            [
              73.981412,
              17.7038
            ],
            [
              73.982241,
              17.7008
            ],
            [
              73.981205,
              17.6998
            ],
            [
              73.982032,
              17.6978
            ],
            [
              73.979887,
              17.6978
            ],
            [
              73.980523,
              17.695186
            ],
            [
              73.978523,
              17.6948
            ],
            [
              73.979404,
              17.6938
            ],
            [
              73.977999,
              17.69271
            ],
            [
              73.977532,
              17.691177
            ],
            [
              73.97581,
              17.6908
            ],
            [
              73.976442,
              17.688268
            ],
            [
              73.975268,
              17.688158
            ],
            [
              73.974847,
              17.688862
            ],
            [
              73.973797,
              17.6868
            ],
            [
              73.974743,
              17.684633
            ],
            [
              73.97691,
              17.684417
            ],
            [
              73.978449,
              17.6828
            ],
            [
              73.97691,
              17.682178
            ],
            [
              73.97591,
              17.683119
            ],
            [
              73.972778,
              17.682931
            ],
            [
              73.971606,
              17.682103
            ],
            [
              73.97391,
              17.681659
            ],
            [
              73.97491,
              17.682521
            ],
            [
              73.977572,
              17.6798
            ],
            [
              73.97742,
              17.677289
            ],
            [
              73.974848,
              17.6778
            ],
            [
              73.975752,
              17.676642
            ],
            [
              73.97739,
              17.67628
            ],
            [
              73.977395,
              17.675314
            ],
            [
              73.97511,
              17.675
            ],
            [
              73.97496,
              17.67585
            ],
            [
              73.974016,
              17.6758
            ],
            [
              73.974815,
              17.675705
            ],
            [
              73.97491,
              17.674705
            ],
            [
              73.977395,
              17.674285
            ],
            [
              73.978577,
              17.6728
            ],
            [
              73.976786,
              17.671923
            ],
            [
              73.97591,
              17.670168
            ],
            [
              73.97691,
              17.669964
            ],
            [
              73.977281,
              17.671428
            ],
            [
              73.97791,
              17.671533
            ],
            [
              73.97991,
              17.671468
            ],
            [
              73.981551,
              17.670441
            ],
            [
              73.981551,
              17.668158
            ],
            [
              73.980291,
              17.6678
            ],
            [
              73.980254,
              17.6668
            ],
            [
              73.98291,
              17.665001
            ],
            [
              73.98417,
              17.666539
            ],
            [
              73.986221,
              17.667488
            ],
            [
              73.987635,
              17.667525
            ],
            [
              73.98891,
              17.666614
            ],
            [
              73.990076,
              17.6668
            ],
            [
              73.988955,
              17.666845
            ],
            [
              73.989002,
              17.667892
            ],
            [
              73.985525,
              17.671415
            ],
            [
              73.985684,
              17.6738
            ],
            [
              73.98891,
              17.674273
            ],
            [
              73.99091,
              17.676134
            ],
            [
              73.994263,
              17.676153
            ],
            [
              73.99391,
              17.675369
            ],
            [
              73.988631,
              17.673078
            ],
            [
              73.98891,
              17.671422
            ],
            [
              73.995299,
              17.67441
            ],
            [
              73.997672,
              17.677038
            ],
            [
              73.99891,
              17.676157
            ],
            [
              73.99991,
              17.677134
            ],
            [
              74.000499,
              17.674389
            ],
            [
              74.00491,
              17.674107
            ],
            [
              74.006121,
              17.673011
            ],
            [
              74.005256,
              17.6718
            ],
            [
              74.005302,
              17.6688
            ],
            [
              74.00591,
              17.668192
            ],
            [
              74.00691,
              17.669175
            ],
            [
              74.00791,
              17.668203
            ],
            [
              74.01191,
              17.668269
            ],
            [
              74.01391,
              17.670255
            ],
            [
              74.018222,
              17.670112
            ],
            [
              74.018696,
              17.6678
            ],
            [
              74.017596,
              17.6668
            ],
            [
              74.017678,
              17.665031
            ],
            [
              74.016756,
              17.6648
            ],
            [
              74.01691,
              17.662621
            ],
            [
              74.018328,
              17.663381
            ],
            [
              74.018182,
              17.6658
            ],
            [
              74.01991,
              17.667442
            ],
            [
              74.02191,
              17.665236
            ],
            [
              74.02491,
              17.667044
            ],
            [
              74.02591,
              17.668487
            ],
            [
              74.02691,
              17.666074
            ],
            [
              74.02991,
              17.665864
            ],
            [
              74.03091,
              17.66759
            ],
            [
              74.03291,
              17.6666
            ],
            [
              74.03291,
              17.667136
            ],
            [
              74.032399,
              17.6688
            ],
            [
              74.032489,
              17.66922
            ],
            [
              74.03491,
              17.669559
            ],
            [
              74.035997,
              17.6708
            ],
            [
              74.034828,
              17.671718
            ],
            [
              74.03491,
              17.672971
            ],
            [
              74.033885,
              17.675775
            ],
            [
              74.032652,
              17.6768
            ],
            [
              74.032741,
              17.6778
            ],
            [
              74.03121,
              17.6781
            ],
            [
              74.031007,
              17.6788
            ],
            [
              74.03291,
              17.681548
            ],
            [
              74.033716,
              17.681606
            ],
            [
              74.03391,
              17.680457
            ],
            [
              74.035612,
              17.6808
            ],
            [
              74.035209,
              17.6818
            ],
            [
              74.03691,
              17.682704
            ],
            [
              74.03654,
              17.6848
            ],
            [
              74.037417,
              17.686292
            ],
            [
              74.03862,
              17.68651
            ],
            [
              74.03891,
              17.685307
            ],
            [
              74.040912,
              17.686797
            ],
            [
              74.041157,
              17.688552
            ],
            [
              74.042407,
              17.6888
            ],
            [
              74.039801,
              17.691691
            ],
            [
              74.036406,
              17.693296
            ],
            [
              74.034427,
              17.692317
            ],
            [
              74.03391,
              17.695592
            ],
            [
              74.02791,
              17.694691
            ],
            [
              74.027263,
              17.692447
            ],
            [
              74.025604,
              17.692494
            ],
            [
              74.025551,
              17.6978
            ],
            [
              74.026371,
              17.6988
            ],
            [
              74.02679,
              17.7028
            ],
            [
              74.028264,
              17.704445
            ],
            [
              74.027238,
              17.705128
            ],
            [
              74.028201,
              17.7068
            ],
            [
              74.027283,
              17.7078
            ],
            [
              74.02791,
              17.708473
            ],
            [
              74.029116,
              17.7078
            ],
            [
              74.029364,
              17.709345
            ],
            [
              74.030988,
              17.7108
            ],
            [
              74.030917,
              17.7118
            ],
            [
              74.03091,
              17.711806
            ],
            [
              74.030836,
              17.710873
            ],
            [
              74.02991,
              17.710932
            ],
            [
              74.028392,
              17.709318
            ],
            [
              74.027457,
              17.709347
            ],
            [
              74.02691,
              17.713928
            ],
            [
              74.026659,
              17.7108
            ],
            [
              74.0256,
              17.7098
            ],
            [
              74.025288,
              17.707421
            ],
            [
              74.02391,
              17.707207
            ],
            [
              74.02291,
              17.708267
            ],
            [
              74.021562,
              17.707452
            ],
            [
              74.021182,
              17.709072
            ],
            [
              74.01991,
              17.710147
            ],
            [
              74.0195,
              17.7078
            ],
            [
              74.020427,
              17.7068
            ],
            [
              74.020188,
              17.704521
            ],
            [
              74.01791,
              17.705379
            ],
            [
              74.017154,
              17.703555
            ],
            [
              74.01491,
              17.704443
            ],
            [
              74.01413,
              17.702579
            ],
            [
              74.01291,
              17.702471
            ],
            [
              74.013346,
              17.704236
            ],
            [
              74.010549,
              17.7048
            ],
            [
              74.0105,
              17.7078
            ],
            [
              74.011458,
              17.7088
            ],
            [
              74.011575,
              17.711134
            ],
            [
              74.013306,
              17.7128
            ],
            [
              74.013167,
              17.714057
            ],
            [
              74.011652,
              17.714057
            ],
            [
              74.010238,
              17.711471
            ],
            [
              74.008586,
              17.711123
            ],
            [
              74.008586,
              17.710476
            ],
            [
              74.010367,
              17.7098
            ],
            [
              74.009339,
              17.7088
            ],
            [
              74.009165,
              17.706544
            ],
            [
              74.00791,
              17.707395
            ],
            [
              74.00591,
              17.705447
            ],
            [
              74.004454,
              17.7068
            ],
            [
              74.005403,
              17.7088
            ],
            [
              74.005231,
              17.712121
            ],
            [
              74.004588,
              17.712121
            ],
            [
              74.00391,
              17.709313
            ],
            [
              74.002257,
              17.7118
            ],
            [
              74.003326,
              17.713383
            ],
            [
              74.00491,
              17.713651
            ],
            [
              74.00391,
              17.716182
            ]
          ]
        ],
        "type": "Polygon"
      },
      "type": "Feature"
    },
    {
      "properties": {
        "fill-opacity": 0.33,
        "fillColor": "#bf4040",
        "opacity": 0.33,
        "fill": "#bf4040",
        "fillOpacity": 0.33,
        "color": "#bf4040",
        "contour": 5.0,
        "metric": "distance",
        "provider_name": "Domino's Pizza",
        "zone_type": "distance",
        "distance_km": 5,
        "mode": "motorcycle",
        "center_lat": 17.6878,
        "center_lon": 74.00591,
        "label": "5km"
      },
      "geometry": {
        "coordinates": [
          [
            [
              74.00491,
              17.723808
            ],
            [
              74.003445,
              17.7228
            ],
            [
              74.004656,
              17.722546
            ],
            [
              74.004467,
              17.721242
            ],
            [
              74.002708,
              17.7198
            ],
            [
              74.004368,
              17.719258
            ],
            [
              74.004486,
              17.7178
            ],
            [
              74.001179,
              17.71253
            ],
            [
              73.998526,
              17.712183
            ],
            [
              73.998526,
              17.711416
            ],
            [
              73.99991,
              17.711204
            ],
            [
              74.000153,
              17.710556
            ],
            [
              73.99691,
              17.708439
            ],
            [
              73.993407,
              17.7138
            ],
            [
              73.996102,
              17.714607
            ],
            [
              73.997103,
              17.7158
            ],
            [
              73.99711,
              17.717599
            ],
            [
              73.998447,
              17.7178
            ],
            [
              73.996848,
              17.717861
            ],
            [
              73.996484,
              17.716225
            ],
            [
              73.99491,
              17.71514
            ],
            [
              73.992541,
              17.715431
            ],
            [
              73.99191,
              17.718069
            ],
            [
              73.98991,
              17.716016
            ],
            [
              73.988916,
              17.715806
            ],
            [
              73.988964,
              17.716854
            ],
            [
              73.98791,
              17.717034
            ],
            [
              73.98751,
              17.716199
            ],
            [
              73.985722,
              17.715987
            ],
            [
              73.98491,
              17.71422
            ],
            [
              73.984311,
              17.7148
            ],
            [
              73.984625,
              17.719515
            ],
            [
              73.98291,
              17.720957
            ],
            [
              73.982267,
              17.7198
            ],
            [
              73.982538,
              17.718171
            ],
            [
              73.980677,
              17.7178
            ],
            [
              73.983406,
              17.716296
            ],
            [
              73.983508,
              17.7148
            ],
            [
              73.98252,
              17.7138
            ],
            [
              73.983443,
              17.7128
            ],
            [
              73.98091,
              17.70833
            ],
            [
              73.979128,
              17.711018
            ],
            [
              73.97691,
              17.712102
            ],
            [
              73.975439,
              17.711329
            ],
            [
              73.972632,
              17.7138
            ],
            [
              73.972586,
              17.712476
            ],
            [
              73.973705,
              17.7108
            ],
            [
              73.97291,
              17.709174
            ],
            [
              73.97391,
              17.708648
            ],
            [
              73.974124,
              17.709585
            ],
            [
              73.97491,
              17.709739
            ],
            [
              73.975655,
              17.7078
            ],
            [
              73.97491,
              17.706318
            ],
            [
              73.97691,
              17.705573
            ],
            [
              73.97791,
              17.706458
            ],
            [
              73.978469,
              17.7048
            ],
            [
              73.97791,
              17.703864
            ],
            [
              73.97391,
              17.704469
            ],
            [
              73.97291,
              17.703968
            ],
            [
              73.97348,
              17.6988
            ],
            [
              73.970033,
              17.6978
            ],
            [
              73.973377,
              17.696267
            ],
            [
              73.975332,
              17.694222
            ],
            [
              73.975663,
              17.692553
            ],
            [
              73.977265,
              17.692155
            ],
            [
              73.977214,
              17.691495
            ],
            [
              73.975383,
              17.6908
            ],
            [
              73.9762,
              17.688509
            ],
            [
              73.974539,
              17.68817
            ],
            [
              73.973365,
              17.6858
            ],
            [
              73.974529,
              17.684419
            ],
            [
              73.97691,
              17.684181
            ],
            [
              73.97826,
              17.6828
            ],
            [
              73.97691,
              17.682416
            ],
            [
              73.97591,
              17.683395
            ],
            [
              73.96891,
              17.683208
            ],
            [
              73.96791,
              17.684117
            ],
            [
              73.963779,
              17.6838
            ],
            [
              73.96791,
              17.681432
            ],
            [
              73.97391,
              17.681262
            ],
            [
              73.97491,
              17.682219
            ],
            [
              73.977173,
              17.680063
            ],
            [
              73.977197,
              17.677512
            ],
            [
              73.97591,
              17.678341
            ],
            [
              73.974394,
              17.6778
            ],
            [
              73.97538,
              17.676329
            ],
            [
              73.97391,
              17.676298
            ],
            [
              73.97291,
              17.677252
            ],
            [
              73.96891,
              17.677077
            ],
            [
              73.96791,
              17.677979
            ],
            [
              73.966816,
              17.677893
            ],
            [
              73.966799,
              17.67691
            ],
            [
              73.965441,
              17.6768
            ],
            [
              73.97191,
              17.676382
            ],
            [
              73.97456,
              17.67445
            ],
            [
              73.97691,
              17.674229
            ],
            [
              73.978177,
              17.673067
            ],
            [
              73.97491,
              17.670278
            ],
            [
              73.97432,
              17.6708
            ],
            [
              73.975327,
              17.671383
            ],
            [
              73.975134,
              17.672024
            ],
            [
              73.97391,
              17.672163
            ],
            [
              73.972341,
              17.670368
            ],
            [
              73.970723,
              17.669987
            ],
            [
              73.969763,
              17.668653
            ],
            [
              73.97091,
              17.668533
            ],
            [
              73.97191,
              17.669467
            ],
            [
              73.973474,
              17.6688
            ],
            [
              73.972377,
              17.666332
            ],
            [
              73.971295,
              17.666185
            ],
            [
              73.970848,
              17.666861
            ],
            [
              73.970577,
              17.665132
            ],
            [
              73.969564,
              17.6648
            ],
            [
              73.969533,
              17.6638
            ],
            [
              73.969923,
              17.663786
            ],
            [
              73.970132,
              17.664577
            ],
            [
              73.971025,
              17.664684
            ],
            [
              73.971332,
              17.665377
            ],
            [
              73.974084,
              17.665625
            ],
            [
              73.974482,
              17.667228
            ],
            [
              73.976317,
              17.667207
            ],
            [
              73.977638,
              17.6658
            ],
            [
              73.975881,
              17.664828
            ],
            [
              73.97591,
              17.66298
            ],
            [
              73.97791,
              17.664576
            ],
            [
              73.97955,
              17.6628
            ],
            [
              73.979611,
              17.6608
            ],
            [
              73.978327,
              17.6578
            ],
            [
              73.97891,
              17.657155
            ],
            [
              73.980456,
              17.661253
            ],
            [
              73.98191,
              17.662416
            ],
            [
              73.982522,
              17.6618
            ],
            [
              73.981579,
              17.6608
            ],
            [
              73.982616,
              17.6598
            ],
            [
              73.98291,
              17.655935
            ],
            [
              73.984265,
              17.6618
            ],
            [
              73.98591,
              17.66343
            ],
            [
              73.988347,
              17.663237
            ],
            [
              73.988982,
              17.660727
            ],
            [
              73.989705,
              17.6608
            ],
            [
              73.988998,
              17.660888
            ],
            [
              73.989337,
              17.662373
            ],
            [
              73.990381,
              17.662271
            ],
            [
              73.991846,
              17.659736
            ],
            [
              73.992817,
              17.659707
            ],
            [
              73.99291,
              17.658911
            ],
            [
              73.993302,
              17.659407
            ],
            [
              73.991226,
              17.667116
            ],
            [
              73.989587,
              17.667477
            ],
            [
              73.985555,
              17.6718
            ],
            [
              73.985625,
              17.673084
            ],
            [
              73.989362,
              17.674347
            ],
            [
              73.99091,
              17.67605
            ],
            [
              73.994196,
              17.6758
            ],
            [
              73.988488,
              17.673221
            ],
            [
              73.988293,
              17.6718
            ],
            [
              73.98891,
              17.671183
            ],
            [
              73.99538,
              17.674329
            ],
            [
              73.997734,
              17.676975
            ],
            [
              73.99891,
              17.676063
            ],
            [
              73.99991,
              17.67705
            ],
            [
              74.000428,
              17.674318
            ],
            [
              74.00491,
              17.674035
            ],
            [
              74.00607,
              17.67296
            ],
            [
              74.005167,
              17.6718
            ],
            [
              74.005191,
              17.6688
            ],
            [
              74.00591,
              17.668081
            ],
            [
              74.00691,
              17.669072
            ],
            [
              74.00791,
              17.668087
            ],
            [
              74.01191,
              17.668119
            ],
            [
              74.01391,
              17.670112
            ],
            [
              74.018122,
              17.670012
            ],
            [
              74.018353,
              17.6678
            ],
            [
              74.016368,
              17.6648
            ],
            [
              74.016311,
              17.6628
            ],
            [
              74.013725,
              17.656984
            ],
            [
              74.01391,
              17.65425
            ],
            [
              74.015054,
              17.6548
            ],
            [
              74.015972,
              17.656862
            ],
            [
              74.015264,
              17.6588
            ],
            [
              74.017292,
              17.660417
            ],
            [
              74.017572,
              17.662138
            ],
            [
              74.018263,
              17.662153
            ],
            [
              74.018623,
              17.6608
            ],
            [
              74.01691,
              17.658466
            ],
            [
              74.01891,
              17.658636
            ],
            [
              74.01991,
              17.659561
            ],
            [
              74.02491,
              17.659772
            ],
            [
              74.025151,
              17.660558
            ],
            [
              74.028035,
              17.660674
            ],
            [
              74.027207,
              17.6618
            ],
            [
              74.028489,
              17.66322
            ],
            [
              74.032155,
              17.663554
            ],
            [
              74.03436,
              17.665349
            ],
            [
              74.033413,
              17.6668
            ],
            [
              74.034547,
              17.668162
            ],
            [
              74.036339,
              17.66837
            ],
            [
              74.036557,
              17.669152
            ],
            [
              74.03891,
              17.670394
            ],
            [
              74.041397,
              17.670287
            ],
            [
              74.041605,
              17.669104
            ],
            [
              74.040834,
              17.668875
            ],
            [
              74.040738,
              17.6678
            ],
            [
              74.04191,
              17.667229
            ],
            [
              74.042376,
              17.670334
            ],
            [
              74.045355,
              17.6698
            ],
            [
              74.045248,
              17.6708
            ],
            [
              74.042533,
              17.6738
            ],
            [
              74.041856,
              17.673853
            ],
            [
              74.041721,
              17.672988
            ],
            [
              74.03991,
              17.673052
            ],
            [
              74.03891,
              17.674995
            ],
            [
              74.037672,
              17.6738
            ],
            [
              74.037301,
              17.671409
            ],
            [
              74.035569,
              17.672459
            ],
            [
              74.035544,
              17.674165
            ],
            [
              74.039045,
              17.677665
            ],
            [
              74.03909,
              17.679619
            ],
            [
              74.039995,
              17.6798
            ],
            [
              74.03891,
              17.679962
            ],
            [
              74.037374,
              17.6818
            ],
            [
              74.037548,
              17.6838
            ],
            [
              74.039202,
              17.684092
            ],
            [
              74.039515,
              17.682405
            ],
            [
              74.040276,
              17.682433
            ],
            [
              74.040337,
              17.6838
            ],
            [
              74.041317,
              17.6848
            ],
            [
              74.040403,
              17.6858
            ],
            [
              74.04191,
              17.688286
            ],
            [
              74.044572,
              17.6868
            ],
            [
              74.042113,
              17.6838
            ],
            [
              74.04291,
              17.682843
            ],
            [
              74.044281,
              17.684428
            ],
            [
              74.045958,
              17.684751
            ],
            [
              74.045891,
              17.6858
            ],
            [
              74.04691,
              17.686471
            ],
            [
              74.048998,
              17.684711
            ],
            [
              74.04928,
              17.686429
            ],
            [
              74.05154,
              17.6868
            ],
            [
              74.04691,
              17.687128
            ],
            [
              74.046293,
              17.6878
            ],
            [
              74.04691,
              17.688485
            ],
            [
              74.049036,
              17.688673
            ],
            [
              74.050208,
              17.6908
            ],
            [
              74.04791,
              17.692479
            ],
            [
              74.047742,
              17.6908
            ],
            [
              74.04691,
              17.69007
            ],
            [
              74.045473,
              17.690363
            ],
            [
              74.04491,
              17.692077
            ],
            [
              74.04376,
              17.691949
            ],
            [
              74.04291,
              17.690247
            ],
            [
              74.040575,
              17.691465
            ],
            [
              74.041349,
              17.6928
            ],
            [
              74.040241,
              17.6948
            ],
            [
              74.041083,
              17.6958
            ],
            [
              74.03991,
              17.698533
            ],
            [
              74.03891,
              17.696107
            ],
            [
              74.037491,
              17.696381
            ],
            [
              74.036286,
              17.6978
            ],
            [
              74.036459,
              17.69925
            ],
            [
              74.03891,
              17.70059
            ],
            [
              74.03891,
              17.701916
            ],
            [
              74.03691,
              17.70216
            ],
            [
              74.036389,
              17.70032
            ],
            [
              74.034765,
              17.699944
            ],
            [
              74.03391,
              17.69894
            ],
            [
              74.033012,
              17.698902
            ],
            [
              74.03291,
              17.699702
            ],
            [
              74.032816,
              17.698893
            ],
            [
              74.033216,
              17.6968
            ],
            [
              74.03191,
              17.695319
            ],
            [
              74.028565,
              17.695455
            ],
            [
              74.028483,
              17.696226
            ],
            [
              74.029545,
              17.6968
            ],
            [
              74.029334,
              17.698224
            ],
            [
              74.027241,
              17.698131
            ],
            [
              74.026517,
              17.7008
            ],
            [
              74.02691,
              17.701337
            ],
            [
              74.02791,
              17.700417
            ],
            [
              74.02891,
              17.701404
            ],
            [
              74.030374,
              17.701264
            ],
            [
              74.030533,
              17.700176
            ],
            [
              74.029116,
              17.6988
            ],
            [
              74.03091,
              17.697839
            ],
            [
              74.031208,
              17.699501
            ],
            [
              74.032834,
              17.6998
            ],
            [
              74.032039,
              17.699929
            ],
            [
              74.032312,
              17.701397
            ],
            [
              74.033171,
              17.702538
            ],
            [
              74.034945,
              17.7028
            ],
            [
              74.03291,
              17.702924
            ],
            [
              74.032542,
              17.702167
            ],
            [
              74.03091,
              17.702098
            ],
            [
              74.029504,
              17.703394
            ],
            [
              74.029216,
              17.705106
            ],
            [
              74.027491,
              17.7058
            ],
            [
              74.030597,
              17.710112
            ],
            [
              74.033106,
              17.709603
            ],
            [
              74.034458,
              17.714251
            ],
            [
              74.037937,
              17.715772
            ],
            [
              74.03791,
              17.716586
            ],
            [
              74.037822,
              17.715888
            ],
            [
              74.033435,
              17.716325
            ],
            [
              74.033024,
              17.7188
            ],
            [
              74.032159,
              17.719049
            ],
            [
              74.03191,
              17.720275
            ],
            [
              74.03129,
              17.7198
            ],
            [
              74.03181,
              17.7197
            ],
            [
              74.031487,
              17.7138
            ],
            [
              74.028449,
              17.713339
            ],
            [
              74.027384,
              17.7148
            ],
            [
              74.027312,
              17.7168
            ],
            [
              74.026106,
              17.7178
            ],
            [
              74.026077,
              17.7208
            ],
            [
              74.025203,
              17.721093
            ],
            [
              74.02491,
              17.722479
            ],
            [
              74.024617,
              17.7178
            ],
            [
              74.023718,
              17.7168
            ],
            [
              74.02537,
              17.71626
            ],
            [
              74.026436,
              17.7148
            ],
            [
              74.026338,
              17.7108
            ],
            [
              74.025318,
              17.7098
            ],
            [
              74.025151,
              17.707558
            ],
            [
              74.02391,
              17.707428
            ],
            [
              74.02291,
              17.708452
            ],
            [
              74.021681,
              17.707571
            ],
            [
              74.021328,
              17.709218
            ],
            [
              74.01991,
              17.710405
            ],
            [
              74.019281,
              17.7078
            ],
            [
              74.02025,
              17.7068
            ],
            [
              74.020106,
              17.704603
            ],
            [
              74.01791,
              17.705504
            ],
            [
              74.017088,
              17.703621
            ],
            [
              74.01491,
              17.704537
            ],
            [
              74.014075,
              17.702634
            ],
            [
              74.01291,
              17.702552
            ],
            [
              74.013653,
              17.7038
            ],
            [
              74.01291,
              17.704543
            ],
            [
              74.010737,
              17.704627
            ],
            [
              74.010619,
              17.7078
            ],
            [
              74.011599,
              17.7088
            ],
            [
              74.011687,
              17.711022
            ],
            [
              74.013533,
              17.7128
            ],
            [
              74.013323,
              17.714213
            ],
            [
              74.011496,
              17.714213
            ],
            [
              74.01013,
              17.711579
            ],
            [
              74.00847,
              17.711239
            ],
            [
              74.00847,
              17.71036
            ],
            [
              74.010223,
              17.7098
            ],
            [
              74.00921,
              17.7088
            ],
            [
              74.009094,
              17.706615
            ],
            [
              74.00791,
              17.707511
            ],
            [
              74.00591,
              17.705539
            ],
            [
              74.004597,
              17.7068
            ],
            [
              74.005573,
              17.7088
            ],
            [
              74.005547,
              17.711437
            ],
            [
              74.005407,
              17.7148
            ],
            [
              74.00442,
              17.7158
            ],
            [
              74.006296,
              17.7178
            ],
            [
              74.006414,
              17.720295
            ],
            [
              74.009171,
              17.7208
            ],
            [
              74.007259,
              17.721149
            ],
            [
              74.007101,
              17.722608
            ],
            [
              74.007902,
              17.7228
            ],
            [
              74.006843,
              17.722866
            ],
            [
              74.006622,
              17.722087
            ],
            [
              74.005268,
              17.722158
            ],
            [
              74.00491,
              17.723808
            ]
          ]
        ],
        "type": "Polygon"
      },
      "type": "Feature"
    },
    {
      "properties": {
        "fill-opacity": 0.33,
        "fillColor": "#bf4040",
        "opacity": 0.33,
        "fill": "#bf4040",
        "fillOpacity": 0.33,
        "color": "#bf4040",
        "contour": 6.0,
        "metric": "distance",
        "provider_name": "Domino's Pizza",
        "zone_type": "distance",
        "distance_km": 6,
        "mode": "motorcycle",
        "center_lat": 17.6878,
        "center_lon": 74.00591,
        "label": "6km"
      },
      "geometry": {
        "coordinates": [
          [
            [
              74.00391,
              17.731884
            ],
            [
              74.003025,
              17.731915
            ],
            [
              74.00291,
              17.732587
            ],
            [
              74.001782,
              17.7318
            ],
            [
              74.001798,
              17.730911
            ],
            [
              74.002619,
              17.730509
            ],
            [
              74.002803,
              17.727693
            ],
            [
              74.004512,
              17.7268
            ],
            [
              74.003524,
              17.7258
            ],
            [
              74.004261,
              17.724448
            ],
            [
              74.00245,
              17.7238
            ],
            [
              74.002589,
              17.722479
            ],
            [
              74.00422,
              17.72211
            ],
            [
              74.004203,
              17.721506
            ],
            [
              74.000292,
              17.718417
            ],
            [
              73.99656,
              17.718149
            ],
            [
              73.996202,
              17.716507
            ],
            [
              73.99491,
              17.715402
            ],
            [
              73.992672,
              17.715562
            ],
            [
              73.99191,
              17.718377
            ],
            [
              73.98991,
              17.716835
            ],
            [
              73.987435,
              17.718325
            ],
            [
              73.987162,
              17.721052
            ],
            [
              73.985532,
              17.721422
            ],
            [
              73.985082,
              17.723972
            ],
            [
              73.982165,
              17.7268
            ],
            [
              73.98191,
              17.729635
            ],
            [
              73.981625,
              17.7258
            ],
            [
              73.982547,
              17.7248
            ],
            [
              73.981498,
              17.7228
            ],
            [
              73.982435,
              17.7218
            ],
            [
              73.981425,
              17.7198
            ],
            [
              73.982371,
              17.7188
            ],
            [
              73.98091,
              17.718305
            ],
            [
              73.97991,
              17.719241
            ],
            [
              73.978926,
              17.7178
            ],
            [
              73.97991,
              17.716323
            ],
            [
              73.983301,
              17.7158
            ],
            [
              73.982288,
              17.7138
            ],
            [
              73.983258,
              17.7128
            ],
            [
              73.98091,
              17.70848
            ],
            [
              73.979308,
              17.711198
            ],
            [
              73.97691,
              17.712389
            ],
            [
              73.975634,
              17.711524
            ],
            [
              73.973416,
              17.7138
            ],
            [
              73.974337,
              17.7148
            ],
            [
              73.974474,
              17.717235
            ],
            [
              73.978766,
              17.7178
            ],
            [
              73.97391,
              17.71815
            ],
            [
              73.97291,
              17.717101
            ],
            [
              73.97191,
              17.717151
            ],
            [
              73.971188,
              17.7188
            ],
            [
              73.971998,
              17.720888
            ],
            [
              73.971586,
              17.720123
            ],
            [
              73.970199,
              17.720089
            ],
            [
              73.96791,
              17.72148
            ],
            [
              73.967218,
              17.719491
            ],
            [
              73.96583,
              17.7188
            ],
            [
              73.96891,
              17.718541
            ],
            [
              73.969589,
              17.7178
            ],
            [
              73.965211,
              17.7158
            ],
            [
              73.963445,
              17.7128
            ],
            [
              73.96491,
              17.712476
            ],
            [
              73.965199,
              17.71351
            ],
            [
              73.96591,
              17.713581
            ],
            [
              73.966723,
              17.712613
            ],
            [
              73.973353,
              17.7108
            ],
            [
              73.97091,
              17.707177
            ],
            [
              73.969422,
              17.708312
            ],
            [
              73.968972,
              17.709862
            ],
            [
              73.966948,
              17.709838
            ],
            [
              73.96691,
              17.71059
            ],
            [
              73.966898,
              17.709788
            ],
            [
              73.969566,
              17.7068
            ],
            [
              73.96891,
              17.70611
            ],
            [
              73.964695,
              17.7058
            ],
            [
              73.965694,
              17.705584
            ],
            [
              73.96591,
              17.703979
            ],
            [
              73.96617,
              17.705539
            ],
            [
              73.970314,
              17.705204
            ],
            [
              73.970316,
              17.704394
            ],
            [
              73.968634,
              17.7038
            ],
            [
              73.970309,
              17.703199
            ],
            [
              73.971439,
              17.7018
            ],
            [
              73.969316,
              17.699393
            ],
            [
              73.96691,
              17.69919
            ],
            [
              73.96591,
              17.698158
            ],
            [
              73.96391,
              17.698974
            ],
            [
              73.962128,
              17.698018
            ],
            [
              73.96191,
              17.698913
            ],
            [
              73.96191,
              17.696875
            ],
            [
              73.962123,
              17.697586
            ],
            [
              73.96491,
              17.696565
            ],
            [
              73.96591,
              17.697442
            ],
            [
              73.97091,
              17.697277
            ],
            [
              73.973184,
              17.696074
            ],
            [
              73.975168,
              17.694058
            ],
            [
              73.975501,
              17.692391
            ],
            [
              73.977239,
              17.6918
            ],
            [
              73.975457,
              17.691252
            ],
            [
              73.97523,
              17.6898
            ],
            [
              73.976219,
              17.6888
            ],
            [
              73.974448,
              17.688261
            ],
            [
              73.973223,
              17.6858
            ],
            [
              73.974443,
              17.684333
            ],
            [
              73.97691,
              17.684076
            ],
            [
              73.978169,
              17.6828
            ],
            [
              73.97691,
              17.682522
            ],
            [
              73.97591,
              17.683511
            ],
            [
              73.96891,
              17.683428
            ],
            [
              73.96791,
              17.684394
            ],
            [
              73.96391,
              17.684334
            ],
            [
              73.963375,
              17.6838
            ],
            [
              73.96791,
              17.681187
            ],
            [
              73.97391,
              17.681116
            ],
            [
              73.97491,
              17.682095
            ],
            [
              73.977098,
              17.679988
            ],
            [
              73.977218,
              17.6778
            ],
            [
              73.97491,
              17.678473
            ],
            [
              73.974236,
              17.6778
            ],
            [
              73.97523,
              17.67648
            ],
            [
              73.97391,
              17.676466
            ],
            [
              73.97291,
              17.677446
            ],
            [
              73.96891,
              17.67738
            ],
            [
              73.96791,
              17.678349
            ],
            [
              73.96591,
              17.677312
            ],
            [
              73.96391,
              17.677253
            ],
            [
              73.96291,
              17.678208
            ],
            [
              73.95991,
              17.678079
            ],
            [
              73.958113,
              17.679003
            ],
            [
              73.95791,
              17.68029
            ],
            [
              73.957811,
              17.6788
            ],
            [
              73.958716,
              17.677606
            ],
            [
              73.96091,
              17.677459
            ],
            [
              73.96191,
              17.676444
            ],
            [
              73.97191,
              17.676168
            ],
            [
              73.97491,
              17.674122
            ],
            [
              73.977107,
              17.673997
            ],
            [
              73.978195,
              17.6728
            ],
            [
              73.975552,
              17.671442
            ],
            [
              73.97531,
              17.6722
            ],
            [
              73.97391,
              17.672411
            ],
            [
              73.972171,
              17.670538
            ],
            [
              73.970522,
              17.670187
            ],
            [
              73.969535,
              17.668425
            ],
            [
              73.97091,
              17.668223
            ],
            [
              73.97191,
              17.6692
            ],
            [
              73.973271,
              17.6688
            ],
            [
              73.972184,
              17.666525
            ],
            [
              73.97056,
              17.667149
            ],
            [
              73.96991,
              17.66533
            ],
            [
              73.96891,
              17.66523
            ],
            [
              73.96791,
              17.666154
            ],
            [
              73.967309,
              17.6644
            ],
            [
              73.96591,
              17.664119
            ],
            [
              73.96391,
              17.666728
            ],
            [
              73.963767,
              17.6648
            ],
            [
              73.965611,
              17.6618
            ],
            [
              73.964791,
              17.6608
            ],
            [
              73.965612,
              17.6598
            ],
            [
              73.964641,
              17.658068
            ],
            [
              73.962752,
              17.657642
            ],
            [
              73.96491,
              17.657675
            ],
            [
              73.96529,
              17.658419
            ],
            [
              73.96691,
              17.658541
            ],
            [
              73.967733,
              17.6578
            ],
            [
              73.96791,
              17.656065
            ],
            [
              73.96891,
              17.65652
            ],
            [
              73.969291,
              17.658418
            ],
            [
              73.972771,
              17.6588
            ],
            [
              73.972725,
              17.6608
            ],
            [
              73.971164,
              17.661054
            ],
            [
              73.97091,
              17.661818
            ],
            [
              73.969489,
              17.65922
            ],
            [
              73.968234,
              17.6598
            ],
            [
              73.969223,
              17.660486
            ],
            [
              73.969569,
              17.66314
            ],
            [
              73.971617,
              17.665093
            ],
            [
              73.974293,
              17.665416
            ],
            [
              73.974649,
              17.66706
            ],
            [
              73.97591,
              17.667172
            ],
            [
              73.9772,
              17.665509
            ],
            [
              73.975569,
              17.66514
            ],
            [
              73.975245,
              17.663464
            ],
            [
              73.973617,
              17.663092
            ],
            [
              73.973553,
              17.662443
            ],
            [
              73.97591,
              17.662305
            ],
            [
              73.97791,
              17.664237
            ],
            [
              73.9793,
              17.6628
            ],
            [
              73.979322,
              17.6608
            ],
            [
              73.976486,
              17.6558
            ],
            [
              73.976599,
              17.6528
            ],
            [
              73.975687,
              17.6518
            ],
            [
              73.975427,
              17.649317
            ],
            [
              73.97591,
              17.64897
            ],
            [
              73.976718,
              17.6498
            ],
            [
              73.976097,
              17.6508
            ],
            [
              73.977425,
              17.652285
            ],
            [
              73.97991,
              17.652455
            ],
            [
              73.98191,
              17.654339
            ],
            [
              73.982479,
              17.6538
            ],
            [
              73.98238,
              17.651329
            ],
            [
              73.980811,
              17.650899
            ],
            [
              73.980781,
              17.649928
            ],
            [
              73.979376,
              17.6498
            ],
            [
              73.98091,
              17.649742
            ],
            [
              73.981207,
              17.650503
            ],
            [
              73.982406,
              17.650296
            ],
            [
              73.98291,
              17.64704
            ],
            [
              73.9832,
              17.648509
            ],
            [
              73.984025,
              17.6488
            ],
            [
              73.983259,
              17.649149
            ],
            [
              73.98341,
              17.650299
            ],
            [
              73.986381,
              17.6508
            ],
            [
              73.985182,
              17.6518
            ],
            [
              73.98391,
              17.651005
            ],
            [
              73.983257,
              17.6518
            ],
            [
              73.983515,
              17.653195
            ],
            [
              73.985266,
              17.6538
            ],
            [
              73.983371,
              17.6548
            ],
            [
              73.983476,
              17.6588
            ],
            [
              73.984482,
              17.6598
            ],
            [
              73.984655,
              17.662054
            ],
            [
              73.98591,
              17.663186
            ],
            [
              73.988174,
              17.663064
            ],
            [
              73.988399,
              17.6608
            ],
            [
              73.989427,
              17.6598
            ],
            [
              73.989633,
              17.6548
            ],
            [
              73.988713,
              17.6538
            ],
            [
              73.98891,
              17.651583
            ],
            [
              73.989278,
              17.653431
            ],
            [
              73.990123,
              17.6538
            ],
            [
              73.990449,
              17.66126
            ],
            [
              73.991199,
              17.661089
            ],
            [
              73.992411,
              17.6588
            ],
            [
              73.992522,
              17.6558
            ],
            [
              73.993579,
              17.6548
            ],
            [
              73.99347,
              17.653239
            ],
            [
              73.992715,
              17.6528
            ],
            [
              73.99287,
              17.650839
            ],
            [
              73.992245,
              17.6508
            ],
            [
              73.992922,
              17.650787
            ],
            [
              73.993267,
              17.652442
            ],
            [
              73.99391,
              17.652605
            ],
            [
              73.99691,
              17.65154
            ],
            [
              73.996816,
              17.6528
            ],
            [
              73.995346,
              17.653236
            ],
            [
              73.995104,
              17.654994
            ],
            [
              73.993336,
              17.6568
            ],
            [
              73.99391,
              17.658315
            ],
            [
              73.995178,
              17.657531
            ],
            [
              73.995336,
              17.6598
            ],
            [
              73.996285,
              17.6608
            ],
            [
              73.99491,
              17.661186
            ],
            [
              73.99391,
              17.660291
            ],
            [
              73.992475,
              17.6628
            ],
            [
              73.992572,
              17.665137
            ],
            [
              73.994199,
              17.66551
            ],
            [
              73.994199,
              17.666089
            ],
            [
              73.99191,
              17.66629
            ],
            [
              73.991347,
              17.667237
            ],
            [
              73.989692,
              17.667582
            ],
            [
              73.985731,
              17.671621
            ],
            [
              73.985657,
              17.6728
            ],
            [
              73.989423,
              17.674286
            ],
            [
              73.99091,
              17.676
            ],
            [
              73.994117,
              17.676007
            ],
            [
              73.988422,
              17.673287
            ],
            [
              73.988187,
              17.6718
            ],
            [
              73.98891,
              17.671077
            ],
            [
              73.993751,
              17.673958
            ],
            [
              73.995456,
              17.674253
            ],
            [
              73.997771,
              17.676938
            ],
            [
              73.99891,
              17.676008
            ],
            [
              73.99991,
              17.677
            ],
            [
              74.000344,
              17.674234
            ],
            [
              74.00491,
              17.67399
            ],
            [
              74.006039,
              17.672929
            ],
            [
              74.005114,
              17.6718
            ],
            [
              74.005349,
              17.668239
            ],
            [
              74.00647,
              17.668239
            ],
            [
              74.00691,
              17.669014
            ],
            [
              74.00791,
              17.668023
            ],
            [
              74.01191,
              17.668042
            ],
            [
              74.01391,
              17.670038
            ],
            [
              74.018175,
              17.6698
            ],
            [
              74.01527,
              17.6608
            ],
            [
              74.013436,
              17.6578
            ],
            [
              74.013748,
              17.648961
            ],
            [
              74.012645,
              17.6488
            ],
            [
              74.012845,
              17.646864
            ],
            [
              74.011808,
              17.6468
            ],
            [
              74.01191,
              17.645772
            ],
            [
              74.012099,
              17.646611
            ],
            [
              74.012992,
              17.646717
            ],
            [
              74.014189,
              17.6488
            ],
            [
              74.014578,
              17.654131
            ],
            [
              74.01791,
              17.654424
            ],
            [
              74.01891,
              17.655463
            ],
            [
              74.01991,
              17.654559
            ],
            [
              74.02091,
              17.655559
            ],
            [
              74.022731,
              17.655621
            ],
            [
              74.02291,
              17.655038
            ],
            [
              74.023871,
              17.6558
            ],
            [
              74.022434,
              17.656324
            ],
            [
              74.02191,
              17.657591
            ],
            [
              74.02157,
              17.656139
            ],
            [
              74.02091,
              17.65604
            ],
            [
              74.01991,
              17.657036
            ],
            [
              74.017525,
              17.657415
            ],
            [
              74.017567,
              17.658142
            ],
            [
              74.01891,
              17.658255
            ],
            [
              74.01991,
              17.659232
            ],
            [
              74.02291,
              17.658997
            ],
            [
              74.02491,
              17.659293
            ],
            [
              74.02591,
              17.660245
            ],
            [
              74.02791,
              17.660248
            ],
            [
              74.028461,
              17.6608
            ],
            [
              74.027497,
              17.6618
            ],
            [
              74.028652,
              17.663057
            ],
            [
              74.03191,
              17.663187
            ],
            [
              74.03391,
              17.665148
            ],
            [
              74.034296,
              17.6638
            ],
            [
              74.033368,
              17.6628
            ],
            [
              74.033356,
              17.660353
            ],
            [
              74.032194,
              17.660084
            ],
            [
              74.03191,
              17.660604
            ],
            [
              74.031488,
              17.659222
            ],
            [
              74.030149,
              17.659039
            ],
            [
              74.02991,
              17.659658
            ],
            [
              74.028867,
              17.6588
            ],
            [
              74.02882,
              17.65771
            ],
            [
              74.03091,
              17.657523
            ],
            [
              74.031587,
              17.6568
            ],
            [
              74.03091,
              17.656002
            ],
            [
              74.028529,
              17.6558
            ],
            [
              74.03091,
              17.655096
            ],
            [
              74.03191,
              17.655532
            ],
            [
              74.032622,
              17.6548
            ],
            [
              74.030966,
              17.6538
            ],
            [
              74.031191,
              17.652081
            ],
            [
              74.03291,
              17.651362
            ],
            [
              74.035547,
              17.6518
            ],
            [
              74.034316,
              17.653206
            ],
            [
              74.034413,
              17.654296
            ],
            [
              74.03491,
              17.654661
            ],
            [
              74.035813,
              17.653703
            ],
            [
              74.036933,
              17.653777
            ],
            [
              74.036116,
              17.654006
            ],
            [
              74.036115,
              17.6548
            ],
            [
              74.03791,
              17.657415
            ],
            [
              74.039351,
              17.657241
            ],
            [
              74.03991,
              17.655961
            ],
            [
              74.040273,
              17.658163
            ],
            [
              74.039351,
              17.6588
            ],
            [
              74.03991,
              17.659311
            ],
            [
              74.041513,
              17.6578
            ],
            [
              74.041648,
              17.6558
            ],
            [
              74.041557,
              17.655152
            ],
            [
              74.03991,
              17.655112
            ],
            [
              74.039953,
              17.653843
            ],
            [
              74.041142,
              17.653567
            ],
            [
              74.04291,
              17.655522
            ],
            [
              74.043709,
              17.6548
            ],
            [
              74.04391,
              17.652861
            ],
            [
              74.04491,
              17.652675
            ],
            [
              74.045175,
              17.6538
            ],
            [
              74.044159,
              17.654049
            ],
            [
              74.044143,
              17.6558
            ],
            [
              74.045733,
              17.6578
            ],
            [
              74.045511,
              17.658401
            ],
            [
              74.04391,
              17.659308
            ],
            [
              74.04291,
              17.657129
            ],
            [
              74.041368,
              17.6598
            ],
            [
              74.046862,
              17.6628
            ],
            [
              74.047667,
              17.664042
            ],
            [
              74.047067,
              17.665957
            ],
            [
              74.043508,
              17.666398
            ],
            [
              74.044374,
              17.668264
            ],
            [
              74.042586,
              17.668476
            ],
            [
              74.042619,
              17.67009
            ],
            [
              74.044442,
              17.668332
            ],
            [
              74.04891,
              17.668426
            ],
            [
              74.049676,
              17.667566
            ],
            [
              74.051499,
              17.667389
            ],
            [
              74.051783,
              17.665926
            ],
            [
              74.050853,
              17.665743
            ],
            [
              74.05191,
              17.66524
            ],
            [
              74.054062,
              17.6668
            ],
            [
              74.052217,
              17.668107
            ],
            [
              74.052036,
              17.669673
            ],
            [
              74.054707,
              17.6708
            ],
            [
              74.05391,
              17.671827
            ],
            [
              74.05206,
              17.67195
            ],
            [
              74.05191,
              17.672626
            ],
            [
              74.05091,
              17.671081
            ],
            [
              74.046553,
              17.671443
            ],
            [
              74.046476,
              17.675233
            ],
            [
              74.048277,
              17.677432
            ],
            [
              74.050105,
              17.6778
            ],
            [
              74.04791,
              17.677979
            ],
            [
              74.045323,
              17.675386
            ],
            [
              74.044531,
              17.675421
            ],
            [
              74.044504,
              17.676206
            ],
            [
              74.045247,
              17.676462
            ],
            [
              74.04491,
              17.681575
            ],
            [
              74.044587,
              17.6778
            ],
            [
              74.041222,
              17.673487
            ],
            [
              74.03963,
              17.67352
            ],
            [
              74.03891,
              17.675354
            ],
            [
              74.037531,
              17.674178
            ],
            [
              74.03691,
              17.671447
            ],
            [
              74.035684,
              17.672574
            ],
            [
              74.035565,
              17.6738
            ],
            [
              74.03928,
              17.677429
            ],
            [
              74.039595,
              17.679114
            ],
            [
              74.040299,
              17.679189
            ],
            [
              74.041094,
              17.677615
            ],
            [
              74.041536,
              17.681173
            ],
            [
              74.044869,
              17.6818
            ],
            [
              74.044442,
              17.6838
            ],
            [
              74.046255,
              17.684454
            ],
            [
              74.046625,
              17.686084
            ],
            [
              74.04891,
              17.684264
            ],
            [
              74.049608,
              17.686101
            ],
            [
              74.05491,
              17.687423
            ],
            [
              74.05591,
              17.688469
            ],
            [
              74.056757,
              17.6878
            ],
            [
              74.05691,
              17.686353
            ],
            [
              74.057311,
              17.688398
            ],
            [
              74.059817,
              17.6908
            ],
            [
              74.05913,
              17.6918
            ],
            [
              74.05791,
              17.692045
            ],
            [
              74.057653,
              17.691057
            ],
            [
              74.05491,
              17.690451
            ],
            [
              74.054316,
              17.688393
            ],
            [
              74.05191,
              17.688267
            ],
            [
              74.05091,
              17.687316
            ],
            [
              74.04691,
              17.687398
            ],
            [
              74.04665,
              17.688059
            ],
            [
              74.049278,
              17.688431
            ],
            [
              74.051232,
              17.690477
            ],
            [
              74.051212,
              17.692102
            ],
            [
              74.04691,
              17.694237
            ],
            [
              74.046472,
              17.6938
            ],
            [
              74.04742,
              17.6928
            ],
            [
              74.04691,
              17.690378
            ],
            [
              74.045646,
              17.690536
            ],
            [
              74.04491,
              17.69238
            ],
            [
              74.043534,
              17.692175
            ],
            [
              74.04291,
              17.690444
            ],
            [
              74.040687,
              17.691577
            ],
            [
              74.04155,
              17.6928
            ],
            [
              74.040509,
              17.6948
            ],
            [
              74.041457,
              17.6958
            ],
            [
              74.040476,
              17.6968
            ],
            [
              74.03925,
              17.7028
            ],
            [
              74.037496,
              17.704386
            ],
            [
              74.037113,
              17.706003
            ],
            [
              74.035431,
              17.705321
            ],
            [
              74.033097,
              17.706987
            ],
            [
              74.03291,
              17.708005
            ],
            [
              74.032845,
              17.706735
            ],
            [
              74.035554,
              17.7038
            ],
            [
              74.03291,
              17.703333
            ],
            [
              74.03191,
              17.702366
            ],
            [
              74.030639,
              17.702529
            ],
            [
              74.029343,
              17.705233
            ],
            [
              74.027614,
              17.7058
            ],
            [
              74.029395,
              17.707314
            ],
            [
              74.030697,
              17.710012
            ],
            [
              74.03191,
              17.708924
            ],
            [
              74.033358,
              17.709351
            ],
            [
              74.033519,
              17.7118
            ],
            [
              74.03464,
              17.714069
            ],
            [
              74.040205,
              17.716504
            ],
            [
              74.04191,
              17.718458
            ],
            [
              74.045635,
              17.718074
            ],
            [
              74.046315,
              17.7188
            ],
            [
              74.046057,
              17.7208
            ],
            [
              74.04588,
              17.72077
            ],
            [
              74.045825,
              17.719884
            ],
            [
              74.044221,
              17.720111
            ],
            [
              74.04191,
              17.722864
            ],
            [
              74.041632,
              17.7198
            ],
            [
              74.039274,
              17.717436
            ],
            [
              74.03691,
              17.716335
            ],
            [
              74.03391,
              17.716371
            ],
            [
              74.032395,
              17.7208
            ],
            [
              74.033337,
              17.7218
            ],
            [
              74.034301,
              17.726408
            ],
            [
              74.035043,
              17.726666
            ],
            [
              74.034716,
              17.728606
            ],
            [
              74.033813,
              17.7288
            ],
            [
              74.033664,
              17.7258
            ],
            [
              74.03291,
              17.725116
            ],
            [
              74.031416,
              17.725306
            ],
            [
              74.03091,
              17.727837
            ],
            [
              74.030017,
              17.7238
            ],
            [
              74.02791,
              17.724496
            ],
            [
              74.026449,
              17.7238
            ],
            [
              74.027379,
              17.723269
            ],
            [
              74.027678,
              17.721568
            ],
            [
              74.029294,
              17.721184
            ],
            [
              74.031372,
              17.7188
            ],
            [
              74.031276,
              17.7138
            ],
            [
              74.02891,
              17.713419
            ],
            [
              74.027672,
              17.714562
            ],
            [
              74.027536,
              17.7168
            ],
            [
              74.026456,
              17.7178
            ],
            [
              74.026455,
              17.7208
            ],
            [
              74.025433,
              17.7218
            ],
            [
              74.025307,
              17.723197
            ],
            [
              74.020179,
              17.727069
            ],
            [
              74.019997,
              17.727887
            ],
            [
              74.01905,
              17.72794
            ],
            [
              74.018944,
              17.728834
            ],
            [
              74.01814,
              17.7288
            ],
            [
              74.018013,
              17.7258
            ],
            [
              74.019525,
              17.725415
            ],
            [
              74.020593,
              17.7218
            ],
            [
              74.01991,
              17.721049
            ],
            [
              74.017787,
              17.7208
            ],
            [
              74.019453,
              17.720343
            ],
            [
              74.01991,
              17.71668
            ],
            [
              74.020391,
              17.719318
            ],
            [
              74.024244,
              17.722134
            ],
            [
              74.024324,
              17.7178
            ],
            [
              74.023356,
              17.7168
            ],
            [
              74.026156,
              17.715046
            ],
            [
              74.026209,
              17.7108
            ],
            [
              74.025199,
              17.7098
            ],
            [
              74.02491,
              17.70754
            ],
            [
              74.02391,
              17.707528
            ],
            [
              74.02291,
              17.708542
            ],
            [
              74.021739,
              17.707629
            ],
            [
              74.021395,
              17.709285
            ],
            [
              74.019432,
              17.710277
            ],
            [
              74.01918,
              17.7078
            ],
            [
              74.020164,
              17.7068
            ],
            [
              74.020061,
              17.704648
            ],
            [
              74.01791,
              17.705571
            ],
            [
              74.01705,
              17.703659
            ],
            [
              74.01491,
              17.704591
            ],
            [
              74.014042,
              17.702667
            ],
            [
              74.01291,
              17.702601
            ],
            [
              74.013502,
              17.704392
            ],
            [
              74.010772,
              17.704662
            ],
            [
              74.010684,
              17.7078
            ],
            [
              74.011672,
              17.7088
            ],
            [
              74.011743,
              17.710967
            ],
            [
              74.013636,
              17.7128
            ],
            [
              74.013393,
              17.714283
            ],
            [
              74.011427,
              17.714283
            ],
            [
              74.010075,
              17.711634
            ],
            [
              74.008412,
              17.711297
            ],
            [
              74.008412,
              17.710302
            ],
            [
              74.010148,
              17.7098
            ],
            [
              74.009141,
              17.7088
            ],
            [
              74.009129,
              17.7068
            ],
            [
              74.00791,
              17.707576
            ],
            [
              74.00591,
              17.705593
            ],
            [
              74.004671,
              17.7068
            ],
            [
              74.005658,
              17.7088
            ],
            [
              74.005643,
              17.711533
            ],
            [
              74.005575,
              17.7148
            ],
            [
              74.004581,
              17.7158
            ],
            [
              74.006529,
              17.7178
            ],
            [
              74.006625,
              17.720084
            ],
            [
              74.01191,
              17.72039
            ],
            [
              74.015158,
              17.7228
            ],
            [
              74.01391,
              17.723092
            ],
            [
              74.01091,
              17.721246
            ],
            [
              74.007605,
              17.721495
            ],
            [
              74.008546,
              17.724163
            ],
            [
              74.010159,
              17.72455
            ],
            [
              74.01091,
              17.725511
            ],
            [
              74.013027,
              17.725682
            ],
            [
              74.01305,
              17.7258
            ],
            [
              74.01191,
              17.725915
            ],
            [
              74.011184,
              17.7268
            ],
            [
              74.011065,
              17.730644
            ],
            [
              74.01191,
              17.731112
            ],
            [
              74.010859,
              17.73085
            ],
            [
              74.008391,
              17.728318
            ],
            [
              74.00691,
              17.728091
            ],
            [
              74.004431,
              17.729321
            ],
            [
              74.00391,
              17.731884
            ]
          ]
        ],
        "type": "Polygon"
      },
      "type": "Feature"
    }
  ]
}