{
  "type": "FeatureCollection",
  "metadata": {
    "provider_name": "Domino's Pizza",
    "center_lat": 16.211305,
    "center_lon": 77.35707,
    "mode": "motorcycle",
    "total_zones": 4,
    "distance_zones": [
      3,
      4,
      5,
      6
    ],
    "generated_at": "2025-12-26T05:49:04.486526Z"
  },
  "features": [
    {
      "properties": {
        "fill-opacity": 0.33,
        "fillColor": "#bf4040",
        "opacity": 0.33,
        "fill": "#bf4040",
        "fillOpacity": 0.33,
        "color": "#bf4040",
        "contour": 3.0,
        "metric": "distance",
        "provider_name": "Domino's Pizza",
        "zone_type": "distance",
        "distance_km": 3,
        "mode": "motorcycle",
        "center_lat": 16.211305,
        "center_lon": 77.35707,
        "label": "3km"
      },
      "geometry": {
        "coordinates": [
          [
            [
              77.35607,
              16.238524
            ],
            [
              77.355684,
              16.23569
            ],
            [
              77.354326,
              16.235561
            ],
            [
              77.35407,
              16.236989
            ],
            [
              77.352353,
              16.235305
            ],
            [
              77.352912,
              16.235147
            ],
            [
              77.352847,
              16.233305
            ],
            [
              77.351772,
              16.232305
            ],
            [
              77.351455,
              16.22892
            ],
            [
              77.34842,
              16.229655
            ],
            [
              77.34748,
              16.230715
            ],
            [
              77.347716,
              16.232305
            ],
            [
              77.34707,
              16.233064
            ],
            [
              77.346893,
              16.231305
            ],
            [
              77.34607,
              16.2305
            ],
            [
              77.34507,
              16.231422
            ],
            [
              77.34207,
              16.231446
            ],
            [
              77.342963,
              16.231198
            ],
            [
              77.342962,
              16.229197
            ],
            [
              77.348385,
              16.22362
            ],
            [
              77.349473,
              16.221305
            ],
            [
              77.348675,
              16.21891
            ],
            [
              77.351309,
              16.218544
            ],
            [
              77.35141,
              16.217305
            ],
            [
              77.34807,
              16.216901
            ],
            [
              77.34707,
              16.215711
            ],
            [
              77.346336,
              16.217305
            ],
            [
              77.347189,
              16.218424
            ],
            [
              77.34507,
              16.219448
            ],
            [
              77.34407,
              16.216647
            ],
            [
              77.34307,
              16.217564
            ],
            [
              77.33959,
              16.217305
            ],
            [
              77.341971,
              16.214206
            ],
            [
              77.342485,
              16.215889
            ],
            [
              77.343519,
              16.215754
            ],
            [
              77.344649,
              16.214305
            ],
            [
              77.344628,
              16.212305
            ],
            [
              77.34307,
              16.210656
            ],
            [
              77.34107,
              16.210607
            ],
            [
              77.338098,
              16.207305
            ],
            [
              77.34107,
              16.204452
            ],
            [
              77.342863,
              16.206511
            ],
            [
              77.345412,
              16.206647
            ],
            [
              77.343832,
              16.202542
            ],
            [
              77.34407,
              16.200045
            ],
            [
              77.346961,
              16.202413
            ],
            [
              77.347789,
              16.200024
            ],
            [
              77.34907,
              16.200864
            ],
            [
              77.350571,
              16.200305
            ],
            [
              77.350384,
              16.198991
            ],
            [
              77.348761,
              16.198613
            ],
            [
              77.347788,
              16.197023
            ],
            [
              77.35307,
              16.196804
            ],
            [
              77.35407,
              16.195801
            ],
            [
              77.356373,
              16.196608
            ],
            [
              77.356433,
              16.193941
            ],
            [
              77.353924,
              16.19245
            ],
            [
              77.353896,
              16.191131
            ],
            [
              77.361647,
              16.190882
            ],
            [
              77.363402,
              16.189305
            ],
            [
              77.364917,
              16.189152
            ],
            [
              77.36507,
              16.188157
            ],
            [
              77.367134,
              16.191305
            ],
            [
              77.365423,
              16.191658
            ],
            [
              77.36541,
              16.192964
            ],
            [
              77.36707,
              16.194018
            ],
            [
              77.369316,
              16.193058
            ],
            [
              77.368313,
              16.193548
            ],
            [
              77.368572,
              16.194802
            ],
            [
              77.369717,
              16.194952
            ],
            [
              77.37007,
              16.193864
            ],
            [
              77.37207,
              16.195094
            ],
            [
              77.371302,
              16.195537
            ],
            [
              77.371547,
              16.197827
            ],
            [
              77.37314,
              16.198234
            ],
            [
              77.373416,
              16.198958
            ],
            [
              77.376125,
              16.199305
            ],
            [
              77.375171,
              16.201305
            ],
            [
              77.375771,
              16.202305
            ],
            [
              77.374836,
              16.203305
            ],
            [
              77.375724,
              16.20565
            ],
            [
              77.37907,
              16.205939
            ],
            [
              77.38007,
              16.205012
            ],
            [
              77.384366,
              16.205305
            ],
            [
              77.382403,
              16.205638
            ],
            [
              77.38207,
              16.207324
            ],
            [
              77.381679,
              16.205695
            ],
            [
              77.38107,
              16.205569
            ],
            [
              77.38007,
              16.206623
            ],
            [
              77.376512,
              16.207305
            ],
            [
              77.376662,
              16.208712
            ],
            [
              77.378279,
              16.209095
            ],
            [
              77.37907,
              16.210063
            ],
            [
              77.381961,
              16.210305
            ],
            [
              77.377545,
              16.21078
            ],
            [
              77.37607,
              16.21245
            ],
            [
              77.372717,
              16.211952
            ],
            [
              77.372525,
              16.217305
            ],
            [
              77.374762,
              16.218305
            ],
            [
              77.374738,
              16.219973
            ],
            [
              77.372467,
              16.221702
            ],
            [
              77.372443,
              16.223305
            ],
            [
              77.371236,
              16.223471
            ],
            [
              77.37107,
              16.224466
            ],
            [
              77.368532,
              16.224767
            ],
            [
              77.368415,
              16.225959
            ],
            [
              77.369547,
              16.226305
            ],
            [
              77.36907,
              16.227771
            ],
            [
              77.368069,
              16.228306
            ],
            [
              77.367745,
              16.226629
            ],
            [
              77.366419,
              16.226305
            ],
            [
              77.366872,
              16.225305
            ],
            [
              77.36607,
              16.224617
            ],
            [
              77.365379,
              16.225305
            ],
            [
              77.36607,
              16.228384
            ],
            [
              77.36507,
              16.228485
            ],
            [
              77.36407,
              16.227566
            ],
            [
              77.36207,
              16.227687
            ],
            [
              77.36007,
              16.225806
            ],
            [
              77.357775,
              16.22601
            ],
            [
              77.357695,
              16.227679
            ],
            [
              77.360085,
              16.22829
            ],
            [
              77.36051,
              16.230864
            ],
            [
              77.362219,
              16.231454
            ],
            [
              77.36107,
              16.233305
            ],
            [
              77.36016,
              16.233395
            ],
            [
              77.36007,
              16.234403
            ],
            [
              77.357033,
              16.234268
            ],
            [
              77.35607,
              16.238524
            ]
          ]
        ],
        "type": "Polygon"
      },
      "type": "Feature"
    },
    {
      "properties": {
        "fill-opacity": 0.33,
        "fillColor": "#bf4040",
        "opacity": 0.33,
        "fill": "#bf4040",
        "fillOpacity": 0.33,
        "color": "#bf4040",
        "contour": 4.0,
        "metric": "distance",
        "provider_name": "Domino's Pizza",
        "zone_type": "distance",
        "distance_km": 4,
        "mode": "motorcycle",
        "center_lat": 16.211305,
        "center_lon": 77.35707,
        "label": "4km"
      },
      "geometry": {
        "coordinates": [
          [
            [
              77.35507,
              16.247451
            ],
            [
              77.354379,
              16.246305
            ],
            [
              77.354863,
              16.243305
            ],
            [
              77.353478,
              16.242713
            ],
            [
              77.352643,
              16.244305
            ],
            [
              77.352949,
              16.241305
            ],
            [
              77.350849,
              16.240305
            ],
            [
              77.35207,
              16.239011
            ],
            [
              77.355563,
              16.238305
            ],
            [
              77.35507,
              16.235814
            ],
            [
              77.354397,
              16.237632
            ],
            [
              77.35207,
              16.237747
            ],
            [
              77.350608,
              16.235305
            ],
            [
              77.352514,
              16.234305
            ],
            [
              77.351482,
              16.232305
            ],
            [
              77.351314,
              16.229061
            ],
            [
              77.347772,
              16.231007
            ],
            [
              77.348554,
              16.232305
            ],
            [
              77.348492,
              16.234305
            ],
            [
              77.347357,
              16.235592
            ],
            [
              77.345657,
              16.235305
            ],
            [
              77.346578,
              16.233305
            ],
            [
              77.34607,
              16.230859
            ],
            [
              77.343741,
              16.231976
            ],
            [
              77.343324,
              16.233559
            ],
            [
              77.339629,
              16.234864
            ],
            [
              77.33607,
              16.237962
            ],
            [
              77.335959,
              16.237415
            ],
            [
              77.343367,
              16.229602
            ],
            [
              77.343685,
              16.22792
            ],
            [
              77.346317,
              16.226552
            ],
            [
              77.348606,
              16.221841
            ],
            [
              77.350351,
              16.220586
            ],
            [
              77.348596,
              16.219778
            ],
            [
              77.348596,
              16.218831
            ],
            [
              77.351246,
              16.218481
            ],
            [
              77.351242,
              16.217132
            ],
            [
              77.34807,
              16.217017
            ],
            [
              77.346817,
              16.216052
            ],
            [
              77.346646,
              16.217305
            ],
            [
              77.347619,
              16.218305
            ],
            [
              77.34607,
              16.219837
            ],
            [
              77.34471,
              16.219664
            ],
            [
              77.34407,
              16.216903
            ],
            [
              77.34307,
              16.217879
            ],
            [
              77.34007,
              16.217817
            ],
            [
              77.33907,
              16.22165
            ],
            [
              77.338441,
              16.218933
            ],
            [
              77.33407,
              16.218587
            ],
            [
              77.333215,
              16.219305
            ],
            [
              77.33307,
              16.220852
            ],
            [
              77.332666,
              16.217708
            ],
            [
              77.330275,
              16.217305
            ],
            [
              77.332222,
              16.216457
            ],
            [
              77.334654,
              16.21272
            ],
            [
              77.33207,
              16.210574
            ],
            [
              77.331759,
              16.208615
            ],
            [
              77.330378,
              16.208305
            ],
            [
              77.330415,
              16.206959
            ],
            [
              77.328759,
              16.206305
            ],
            [
              77.330758,
              16.205993
            ],
            [
              77.33107,
              16.204905
            ],
            [
              77.33143,
              16.205944
            ],
            [
              77.333529,
              16.205764
            ],
            [
              77.333632,
              16.204742
            ],
            [
              77.332554,
              16.204305
            ],
            [
              77.33307,
              16.203245
            ],
            [
              77.333394,
              16.20398
            ],
            [
              77.335558,
              16.203793
            ],
            [
              77.335606,
              16.200768
            ],
            [
              77.333397,
              16.200305
            ],
            [
              77.33342,
              16.199305
            ],
            [
              77.33807,
              16.197813
            ],
            [
              77.33907,
              16.195293
            ],
            [
              77.340393,
              16.196305
            ],
            [
              77.34086,
              16.198514
            ],
            [
              77.343433,
              16.198668
            ],
            [
              77.343458,
              16.197916
            ],
            [
              77.341671,
              16.196703
            ],
            [
              77.34107,
              16.191768
            ],
            [
              77.343089,
              16.192285
            ],
            [
              77.347584,
              16.19679
            ],
            [
              77.35307,
              16.196638
            ],
            [
              77.35407,
              16.195636
            ],
            [
              77.356278,
              16.196513
            ],
            [
              77.356305,
              16.194069
            ],
            [
              77.353709,
              16.192665
            ],
            [
              77.353071,
              16.190306
            ],
            [
              77.35407,
              16.189171
            ],
            [
              77.35607,
              16.189594
            ],
            [
              77.35707,
              16.187064
            ],
            [
              77.35909,
              16.188285
            ],
            [
              77.359754,
              16.19062
            ],
            [
              77.361366,
              16.190601
            ],
            [
              77.36275,
              16.188985
            ],
            [
              77.364565,
              16.188305
            ],
            [
              77.364456,
              16.186918
            ],
            [
              77.362855,
              16.186519
            ],
            [
              77.36207,
              16.18378
            ],
            [
              77.363831,
              16.182305
            ],
            [
              77.367705,
              16.18194
            ],
            [
              77.36807,
              16.180315
            ],
            [
              77.369257,
              16.180305
            ],
            [
              77.369522,
              16.181305
            ],
            [
              77.368336,
              16.181571
            ],
            [
              77.368524,
              16.182851
            ],
            [
              77.369838,
              16.183073
            ],
            [
              77.37007,
              16.182048
            ],
            [
              77.370507,
              16.182305
            ],
            [
              77.369579,
              16.185795
            ],
            [
              77.370707,
              16.185942
            ],
            [
              77.370963,
              16.185198
            ],
            [
              77.372709,
              16.185305
            ],
            [
              77.3713,
              16.185535
            ],
            [
              77.370588,
              16.188786
            ],
            [
              77.37407,
              16.190048
            ],
            [
              77.375882,
              16.189117
            ],
            [
              77.37607,
              16.188065
            ],
            [
              77.376976,
              16.189305
            ],
            [
              77.37507,
              16.190991
            ],
            [
              77.373612,
              16.190847
            ],
            [
              77.37407,
              16.192045
            ],
            [
              77.37507,
              16.191618
            ],
            [
              77.376182,
              16.192305
            ],
            [
              77.372667,
              16.192902
            ],
            [
              77.371781,
              16.197593
            ],
            [
              77.37507,
              16.198796
            ],
            [
              77.37607,
              16.195919
            ],
            [
              77.377674,
              16.1977
            ],
            [
              77.378498,
              16.197733
            ],
            [
              77.37807,
              16.19555
            ],
            [
              77.38007,
              16.194329
            ],
            [
              77.382456,
              16.196305
            ],
            [
              77.382713,
              16.197661
            ],
            [
              77.385133,
              16.198305
            ],
            [
              77.384255,
              16.19849
            ],
            [
              77.38407,
              16.200582
            ],
            [
              77.382459,
              16.200694
            ],
            [
              77.38107,
              16.202316
            ],
            [
              77.380526,
              16.199848
            ],
            [
              77.377708,
              16.199943
            ],
            [
              77.377327,
              16.202562
            ],
            [
              77.375515,
              16.203305
            ],
            [
              77.375842,
              16.205532
            ],
            [
              77.37907,
              16.205693
            ],
            [
              77.38007,
              16.204719
            ],
            [
              77.38607,
              16.204856
            ],
            [
              77.38707,
              16.202976
            ],
            [
              77.387661,
              16.204713
            ],
            [
              77.390331,
              16.205043
            ],
            [
              77.39007,
              16.205577
            ],
            [
              77.38307,
              16.205838
            ],
            [
              77.38207,
              16.20781
            ],
            [
              77.38107,
              16.205881
            ],
            [
              77.38007,
              16.206899
            ],
            [
              77.376833,
              16.207068
            ],
            [
              77.376817,
              16.208557
            ],
            [
              77.37907,
              16.209736
            ],
            [
              77.38207,
              16.209808
            ],
            [
              77.38707,
              16.213015
            ],
            [
              77.389917,
              16.213152
            ],
            [
              77.39007,
              16.212373
            ],
            [
              77.390681,
              16.213305
            ],
            [
              77.39007,
              16.214333
            ],
            [
              77.389915,
              16.213459
            ],
            [
              77.38607,
              16.213621
            ],
            [
              77.38107,
              16.210828
            ],
            [
              77.37807,
              16.210888
            ],
            [
              77.37607,
              16.212844
            ],
            [
              77.372839,
              16.212074
            ],
            [
              77.37283,
              16.217544
            ],
            [
              77.37607,
              16.217908
            ],
            [
              77.37807,
              16.217063
            ],
            [
              77.379322,
              16.218305
            ],
            [
              77.379582,
              16.220792
            ],
            [
              77.38207,
              16.220794
            ],
            [
              77.382559,
              16.222305
            ],
            [
              77.38107,
              16.223221
            ],
            [
              77.380176,
              16.222198
            ],
            [
              77.37907,
              16.222498
            ],
            [
              77.37807,
              16.220664
            ],
            [
              77.373701,
              16.222936
            ],
            [
              77.373714,
              16.22366
            ],
            [
              77.379173,
              16.226201
            ],
            [
              77.380114,
              16.227305
            ],
            [
              77.38007,
              16.228151
            ],
            [
              77.379975,
              16.227399
            ],
            [
              77.378979,
              16.227395
            ],
            [
              77.378726,
              16.226648
            ],
            [
              77.37707,
              16.226579
            ],
            [
              77.37407,
              16.224755
            ],
            [
              77.372646,
              16.225728
            ],
            [
              77.3726,
              16.224305
            ],
            [
              77.371745,
              16.22398
            ],
            [
              77.371558,
              16.225305
            ],
            [
              77.372493,
              16.225882
            ],
            [
              77.372653,
              16.227721
            ],
            [
              77.375182,
              16.230192
            ],
            [
              77.375198,
              16.231305
            ],
            [
              77.371822,
              16.228552
            ],
            [
              77.371449,
              16.226925
            ],
            [
              77.369739,
              16.226974
            ],
            [
              77.369507,
              16.230305
            ],
            [
              77.370413,
              16.231305
            ],
            [
              77.370532,
              16.233842
            ],
            [
              77.372184,
              16.234419
            ],
            [
              77.37107,
              16.236836
            ],
            [
              77.370842,
              16.235532
            ],
            [
              77.369915,
              16.235305
            ],
            [
              77.369726,
              16.232305
            ],
            [
              77.368671,
              16.231305
            ],
            [
              77.368599,
              16.229305
            ],
            [
              77.367376,
              16.226998
            ],
            [
              77.366741,
              16.226976
            ],
            [
              77.366417,
              16.228652
            ],
            [
              77.36507,
              16.228854
            ],
            [
              77.36407,
              16.22788
            ],
            [
              77.361657,
              16.227717
            ],
            [
              77.36007,
              16.225972
            ],
            [
              77.357865,
              16.2261
            ],
            [
              77.35783,
              16.227544
            ],
            [
              77.360407,
              16.227967
            ],
            [
              77.360776,
              16.230598
            ],
            [
              77.362421,
              16.230954
            ],
            [
              77.363518,
              16.233305
            ],
            [
              77.36307,
              16.233753
            ],
            [
              77.36207,
              16.232803
            ],
            [
              77.360743,
              16.233978
            ],
            [
              77.360428,
              16.235663
            ],
            [
              77.356881,
              16.236116
            ],
            [
              77.356513,
              16.240305
            ],
            [
              77.358349,
              16.245305
            ],
            [
              77.355347,
              16.245582
            ],
            [
              77.35507,
              16.247451
            ]
          ]
        ],
        "type": "Polygon"
      },
      "type": "Feature"
    },
    {
      "properties": {
        "fill-opacity": 0.33,
        "fillColor": "#bf4040",
        "opacity": 0.33,
        "fill": "#bf4040",
        "fillOpacity": 0.33,
        "color": "#bf4040",
        "contour": 5.0,
        "metric": "distance",
        "provider_name": "Domino's Pizza",
        "zone_type": "distance",
        "distance_km": 5,
        "mode": "motorcycle",
        "center_lat": 16.211305,
        "center_lon": 77.35707,
        "label": "5km"
      },
      "geometry": {
        "coordinates": [
          [
            [
              77.35507,
              16.255655
            ],
            [
              77.35407,
              16.256216
            ],
            [
              77.352914,
              16.254305
            ],
            [
              77.354564,
              16.252799
            ],
            [
              77.354515,
              16.251859
            ],
            [
              77.35243,
              16.251665
            ],
            [
              77.351982,
              16.252392
            ],
            [
              77.351712,
              16.250662
            ],
            [
              77.35007,
              16.250447
            ],
            [
              77.35007,
              16.24996
            ],
            [
              77.354471,
              16.249706
            ],
            [
              77.354414,
              16.24796
            ],
            [
              77.352632,
              16.247305
            ],
            [
              77.352773,
              16.246008
            ],
            [
              77.354534,
              16.245305
            ],
            [
              77.354349,
              16.243025
            ],
            [
              77.353774,
              16.243009
            ],
            [
              77.35307,
              16.244819
            ],
            [
              77.35007,
              16.244717
            ],
            [
              77.349698,
              16.243305
            ],
            [
              77.352395,
              16.24363
            ],
            [
              77.352537,
              16.241305
            ],
            [
              77.350695,
              16.240679
            ],
            [
              77.350695,
              16.23993
            ],
            [
              77.35207,
              16.238718
            ],
            [
              77.3554,
              16.238305
            ],
            [
              77.355278,
              16.236096
            ],
            [
              77.354512,
              16.237747
            ],
            [
              77.35207,
              16.237946
            ],
            [
              77.35042,
              16.235305
            ],
            [
              77.352377,
              16.234305
            ],
            [
              77.351362,
              16.232305
            ],
            [
              77.351248,
              16.229126
            ],
            [
              77.347864,
              16.231099
            ],
            [
              77.34873,
              16.232305
            ],
            [
              77.348703,
              16.234305
            ],
            [
              77.347494,
              16.235729
            ],
            [
              77.34607,
              16.235934
            ],
            [
              77.34544,
              16.235305
            ],
            [
              77.346407,
              16.233305
            ],
            [
              77.34607,
              16.230996
            ],
            [
              77.343849,
              16.232084
            ],
            [
              77.343481,
              16.233716
            ],
            [
              77.339804,
              16.235039
            ],
            [
              77.333229,
              16.241464
            ],
            [
              77.331768,
              16.241305
            ],
            [
              77.343275,
              16.22951
            ],
            [
              77.343601,
              16.227836
            ],
            [
              77.34625,
              16.226485
            ],
            [
              77.348536,
              16.221771
            ],
            [
              77.350289,
              16.220524
            ],
            [
              77.348519,
              16.219855
            ],
            [
              77.348519,
              16.218754
            ],
            [
              77.351209,
              16.218444
            ],
            [
              77.351207,
              16.217168
            ],
            [
              77.34807,
              16.217081
            ],
            [
              77.346886,
              16.216121
            ],
            [
              77.346772,
              16.217305
            ],
            [
              77.347759,
              16.218305
            ],
            [
              77.34607,
              16.219986
            ],
            [
              77.344613,
              16.219761
            ],
            [
              77.34407,
              16.217018
            ],
            [
              77.34307,
              16.218006
            ],
            [
              77.34007,
              16.217977
            ],
            [
              77.33907,
              16.221909
            ],
            [
              77.338308,
              16.219066
            ],
            [
              77.33407,
              16.218887
            ],
            [
              77.33307,
              16.222761
            ],
            [
              77.332367,
              16.218007
            ],
            [
              77.33007,
              16.217799
            ],
            [
              77.329463,
              16.219305
            ],
            [
              77.330408,
              16.220305
            ],
            [
              77.330254,
              16.224121
            ],
            [
              77.330996,
              16.224305
            ],
            [
              77.33007,
              16.224397
            ],
            [
              77.328439,
              16.217935
            ],
            [
              77.327391,
              16.218305
            ],
            [
              77.327227,
              16.220462
            ],
            [
              77.32607,
              16.22052
            ],
            [
              77.32507,
              16.218603
            ],
            [
              77.322254,
              16.218489
            ],
            [
              77.32207,
              16.219143
            ],
            [
              77.32133,
              16.217305
            ],
            [
              77.32307,
              16.216133
            ],
            [
              77.323429,
              16.217945
            ],
            [
              77.325515,
              16.21775
            ],
            [
              77.325814,
              16.216049
            ],
            [
              77.326774,
              16.215305
            ],
            [
              77.325066,
              16.214301
            ],
            [
              77.331445,
              16.21168
            ],
            [
              77.331379,
              16.208995
            ],
            [
              77.327858,
              16.209516
            ],
            [
              77.328615,
              16.208305
            ],
            [
              77.32807,
              16.206784
            ],
            [
              77.32407,
              16.206641
            ],
            [
              77.32207,
              16.207762
            ],
            [
              77.319379,
              16.206305
            ],
            [
              77.32007,
              16.20503
            ],
            [
              77.321811,
              16.205046
            ],
            [
              77.32307,
              16.203564
            ],
            [
              77.324569,
              16.203804
            ],
            [
              77.324756,
              16.202619
            ],
            [
              77.323069,
              16.202305
            ],
            [
              77.32607,
              16.199971
            ],
            [
              77.326322,
              16.201052
            ],
            [
              77.330505,
              16.20074
            ],
            [
              77.330529,
              16.199845
            ],
            [
              77.328571,
              16.199305
            ],
            [
              77.329842,
              16.198305
            ],
            [
              77.329511,
              16.196863
            ],
            [
              77.32807,
              16.195523
            ],
            [
              77.32607,
              16.195725
            ],
            [
              77.325467,
              16.194305
            ],
            [
              77.32707,
              16.193055
            ],
            [
              77.328185,
              16.19342
            ],
            [
              77.33107,
              16.190814
            ],
            [
              77.334827,
              16.191062
            ],
            [
              77.336748,
              16.188983
            ],
            [
              77.33668,
              16.186915
            ],
            [
              77.337396,
              16.187978
            ],
            [
              77.339392,
              16.187627
            ],
            [
              77.33907,
              16.185151
            ],
            [
              77.34007,
              16.183723
            ],
            [
              77.34407,
              16.184706
            ],
            [
              77.344814,
              16.186305
            ],
            [
              77.34407,
              16.187446
            ],
            [
              77.34707,
              16.186991
            ],
            [
              77.348347,
              16.188305
            ],
            [
              77.348345,
              16.19058
            ],
            [
              77.34607,
              16.190033
            ],
            [
              77.34407,
              16.190409
            ],
            [
              77.34307,
              16.189689
            ],
            [
              77.342518,
              16.190305
            ],
            [
              77.342738,
              16.191636
            ],
            [
              77.34407,
              16.192806
            ],
            [
              77.34507,
              16.191904
            ],
            [
              77.349502,
              16.191872
            ],
            [
              77.349277,
              16.193512
            ],
            [
              77.346487,
              16.194305
            ],
            [
              77.348363,
              16.196305
            ],
            [
              77.35307,
              16.196554
            ],
            [
              77.35507,
              16.195558
            ],
            [
              77.356229,
              16.196464
            ],
            [
              77.356323,
              16.194305
            ],
            [
              77.355253,
              16.193121
            ],
            [
              77.35358,
              16.192794
            ],
            [
              77.35207,
              16.190789
            ],
            [
              77.349369,
              16.191005
            ],
            [
              77.349374,
              16.189609
            ],
            [
              77.352416,
              16.189651
            ],
            [
              77.35145,
              16.188305
            ],
            [
              77.35307,
              16.186905
            ],
            [
              77.354348,
              16.187026
            ],
            [
              77.356383,
              16.188618
            ],
            [
              77.3567,
              16.183305
            ],
            [
              77.35807,
              16.181056
            ],
            [
              77.36207,
              16.180881
            ],
            [
              77.36307,
              16.179908
            ],
            [
              77.36407,
              16.181796
            ],
            [
              77.367372,
              16.181607
            ],
            [
              77.36757,
              16.180305
            ],
            [
              77.366638,
              16.178305
            ],
            [
              77.367669,
              16.177305
            ],
            [
              77.367739,
              16.173635
            ],
            [
              77.366124,
              16.173305
            ],
            [
              77.367816,
              16.173051
            ],
            [
              77.36907,
              16.171328
            ],
            [
              77.369375,
              16.172999
            ],
            [
              77.37095,
              16.173185
            ],
            [
              77.37108,
              16.172294
            ],
            [
              77.371166,
              16.173208
            ],
            [
              77.368427,
              16.176305
            ],
            [
              77.368733,
              16.179641
            ],
            [
              77.371441,
              16.180676
            ],
            [
              77.37307,
              16.176122
            ],
            [
              77.37407,
              16.178055
            ],
            [
              77.376811,
              16.178046
            ],
            [
              77.37707,
              16.176383
            ],
            [
              77.377248,
              16.177126
            ],
            [
              77.377145,
              16.17838
            ],
            [
              77.375555,
              16.17879
            ],
            [
              77.375262,
              16.180497
            ],
            [
              77.37307,
              16.180704
            ],
            [
              77.370742,
              16.182977
            ],
            [
              77.370585,
              16.184789
            ],
            [
              77.37607,
              16.184919
            ],
            [
              77.376741,
              16.184305
            ],
            [
              77.37592,
              16.183155
            ],
            [
              77.377674,
              16.182909
            ],
            [
              77.37807,
              16.182161
            ],
            [
              77.380274,
              16.1821
            ],
            [
              77.38107,
              16.182837
            ],
            [
              77.38207,
              16.181865
            ],
            [
              77.382489,
              16.182305
            ],
            [
              77.38207,
              16.18426
            ],
            [
              77.381985,
              16.183389
            ],
            [
              77.380336,
              16.184305
            ],
            [
              77.381229,
              16.185145
            ],
            [
              77.38077,
              16.186604
            ],
            [
              77.381754,
              16.187305
            ],
            [
              77.38107,
              16.189086
            ],
            [
              77.38007,
              16.188941
            ],
            [
              77.379599,
              16.186775
            ],
            [
              77.37863,
              16.186865
            ],
            [
              77.377524,
              16.191305
            ],
            [
              77.376423,
              16.192658
            ],
            [
              77.372819,
              16.193054
            ],
            [
              77.371868,
              16.197506
            ],
            [
              77.37507,
              16.198634
            ],
            [
              77.375657,
              16.195892
            ],
            [
              77.377491,
              16.196726
            ],
            [
              77.377743,
              16.194978
            ],
            [
              77.380638,
              16.193305
            ],
            [
              77.378869,
              16.192305
            ],
            [
              77.38107,
              16.189377
            ],
            [
              77.38239,
              16.191305
            ],
            [
              77.382714,
              16.19466
            ],
            [
              77.38507,
              16.193944
            ],
            [
              77.38607,
              16.194937
            ],
            [
              77.38707,
              16.194021
            ],
            [
              77.387649,
              16.195725
            ],
            [
              77.390351,
              16.196023
            ],
            [
              77.384745,
              16.19898
            ],
            [
              77.384368,
              16.201603
            ],
            [
              77.38307,
              16.200847
            ],
            [
              77.38107,
              16.202808
            ],
            [
              77.380341,
              16.200034
            ],
            [
              77.377835,
              16.20007
            ],
            [
              77.377483,
              16.202718
            ],
            [
              77.375713,
              16.203305
            ],
            [
              77.3759,
              16.205474
            ],
            [
              77.37907,
              16.205584
            ],
            [
              77.38007,
              16.204598
            ],
            [
              77.38607,
              16.20466
            ],
            [
              77.38707,
              16.202706
            ],
            [
              77.387816,
              16.204558
            ],
            [
              77.390501,
              16.204736
            ],
            [
              77.390697,
              16.203932
            ],
            [
              77.39307,
              16.203787
            ],
            [
              77.39407,
              16.202869
            ],
            [
              77.39607,
              16.203878
            ],
            [
              77.39707,
              16.203028
            ],
            [
              77.400925,
              16.20316
            ],
            [
              77.40107,
              16.202287
            ],
            [
              77.401115,
              16.20335
            ],
            [
              77.400382,
              16.203617
            ],
            [
              77.400476,
              16.204898
            ],
            [
              77.402737,
              16.205305
            ],
            [
              77.40007,
              16.205517
            ],
            [
              77.39907,
              16.204595
            ],
            [
              77.39807,
              16.205624
            ],
            [
              77.396675,
              16.20491
            ],
            [
              77.396311,
              16.206546
            ],
            [
              77.394362,
              16.207305
            ],
            [
              77.394142,
              16.210305
            ],
            [
              77.39607,
              16.212027
            ],
            [
              77.399532,
              16.212305
            ],
            [
              77.39507,
              16.212623
            ],
            [
              77.39407,
              16.211682
            ],
            [
              77.39172,
              16.212955
            ],
            [
              77.392525,
              16.214305
            ],
            [
              77.392343,
              16.215578
            ],
            [
              77.390718,
              16.214953
            ],
            [
              77.386443,
              16.218678
            ],
            [
              77.386203,
              16.219305
            ],
            [
              77.386085,
              16.220305
            ],
            [
              77.385991,
              16.220383
            ],
            [
              77.38549,
              16.220305
            ],
            [
              77.386034,
              16.220269
            ],
            [
              77.385942,
              16.218177
            ],
            [
              77.389432,
              16.214667
            ],
            [
              77.389388,
              16.213986
            ],
            [
              77.38607,
              16.213899
            ],
            [
              77.38107,
              16.210982
            ],
            [
              77.37807,
              16.211011
            ],
            [
              77.37607,
              16.212989
            ],
            [
              77.372898,
              16.212133
            ],
            [
              77.37307,
              16.217575
            ],
            [
              77.37607,
              16.217681
            ],
            [
              77.37807,
              16.216736
            ],
            [
              77.379642,
              16.218305
            ],
            [
              77.38007,
              16.220739
            ],
            [
              77.382829,
              16.217064
            ],
            [
              77.38407,
              16.216967
            ],
            [
              77.383502,
              16.219305
            ],
            [
              77.38507,
              16.220322
            ],
            [
              77.385671,
              16.221703
            ],
            [
              77.389783,
              16.222018
            ],
            [
              77.391065,
              16.221309
            ],
            [
              77.3912,
              16.222174
            ],
            [
              77.392023,
              16.222305
            ],
            [
              77.390343,
              16.222578
            ],
            [
              77.39007,
              16.224353
            ],
            [
              77.38991,
              16.223464
            ],
            [
              77.385663,
              16.222898
            ],
            [
              77.386472,
              16.224903
            ],
            [
              77.388113,
              16.225261
            ],
            [
              77.38807,
              16.225936
            ],
            [
              77.387938,
              16.225436
            ],
            [
              77.38593,
              16.225444
            ],
            [
              77.38307,
              16.22279
            ],
            [
              77.380758,
              16.224616
            ],
            [
              77.378701,
              16.222674
            ],
            [
              77.37807,
              16.220914
            ],
            [
              77.373832,
              16.223067
            ],
            [
              77.379431,
              16.225943
            ],
            [
              77.38171,
              16.228664
            ],
            [
              77.383337,
              16.229037
            ],
            [
              77.385517,
              16.231857
            ],
            [
              77.387131,
              16.232243
            ],
            [
              77.38707,
              16.233859
            ],
            [
              77.386864,
              16.23251
            ],
            [
              77.385447,
              16.232682
            ],
            [
              77.38507,
              16.234465
            ],
            [
              77.38407,
              16.23385
            ],
            [
              77.384792,
              16.233027
            ],
            [
              77.384561,
              16.231813
            ],
            [
              77.38307,
              16.230676
            ],
            [
              77.380833,
              16.231541
            ],
            [
              77.380617,
              16.229305
            ],
            [
              77.37837,
              16.227004
            ],
            [
              77.37407,
              16.22495
            ],
            [
              77.372704,
              16.225939
            ],
            [
              77.372813,
              16.227561
            ],
            [
              77.375616,
              16.230305
            ],
            [
              77.37507,
              16.231839
            ],
            [
              77.37166,
              16.228714
            ],
            [
              77.371311,
              16.227063
            ],
            [
              77.369848,
              16.227083
            ],
            [
              77.369709,
              16.230305
            ],
            [
              77.370673,
              16.231305
            ],
            [
              77.37078,
              16.233594
            ],
            [
              77.37307,
              16.234821
            ],
            [
              77.37507,
              16.234887
            ],
            [
              77.375725,
              16.234305
            ],
            [
              77.374893,
              16.233128
            ],
            [
              77.376349,
              16.233305
            ],
            [
              77.376322,
              16.235557
            ],
            [
              77.371587,
              16.236305
            ],
            [
              77.37407,
              16.239974
            ],
            [
              77.375685,
              16.23992
            ],
            [
              77.376573,
              16.238305
            ],
            [
              77.376192,
              16.240427
            ],
            [
              77.374361,
              16.241305
            ],
            [
              77.375265,
              16.242305
            ],
            [
              77.37507,
              16.24473
            ],
            [
              77.374687,
              16.242687
            ],
            [
              77.371798,
              16.239576
            ],
            [
              77.369528,
              16.235305
            ],
            [
              77.369466,
              16.232305
            ],
            [
              77.368445,
              16.231305
            ],
            [
              77.368416,
              16.229305
            ],
            [
              77.36728,
              16.227094
            ],
            [
              77.36652,
              16.228755
            ],
            [
              77.36507,
              16.228994
            ],
            [
              77.36407,
              16.228006
            ],
            [
              77.361587,
              16.227787
            ],
            [
              77.36007,
              16.226055
            ],
            [
              77.357913,
              16.226148
            ],
            [
              77.357893,
              16.227481
            ],
            [
              77.360516,
              16.227858
            ],
            [
              77.360866,
              16.230508
            ],
            [
              77.362522,
              16.230852
            ],
            [
              77.363718,
              16.232305
            ],
            [
              77.363499,
              16.233734
            ],
            [
              77.36207,
              16.232971
            ],
            [
              77.361072,
              16.234305
            ],
            [
              77.361372,
              16.236002
            ],
            [
              77.36215,
              16.236305
            ],
            [
              77.36048,
              16.236715
            ],
            [
              77.361272,
              16.238506
            ],
            [
              77.358494,
              16.239305
            ],
            [
              77.360363,
              16.242011
            ],
            [
              77.360476,
              16.244305
            ],
            [
              77.361488,
              16.244723
            ],
            [
              77.361892,
              16.243127
            ],
            [
              77.362609,
              16.242844
            ],
            [
              77.362926,
              16.241448
            ],
            [
              77.362176,
              16.241305
            ],
            [
              77.364271,
              16.241305
            ],
            [
              77.366613,
              16.244761
            ],
            [
              77.367005,
              16.247305
            ],
            [
              77.365162,
              16.248397
            ],
            [
              77.36507,
              16.249359
            ],
            [
              77.364829,
              16.248546
            ],
            [
              77.360833,
              16.248541
            ],
            [
              77.361828,
              16.247305
            ],
            [
              77.36107,
              16.245721
            ],
            [
              77.355762,
              16.245997
            ],
            [
              77.355644,
              16.25073
            ],
            [
              77.35707,
              16.250047
            ],
            [
              77.360615,
              16.250305
            ],
            [
              77.35907,
              16.25301
            ],
            [
              77.358925,
              16.252449
            ],
            [
              77.357384,
              16.252619
            ],
            [
              77.35707,
              16.254337
            ],
            [
              77.35507,
              16.255655
            ]
          ]
        ],
        "type": "Polygon"
      },
      "type": "Feature"
    },
    {
      "properties": {
        "fill-opacity": 0.33,
        "fillColor": "#bf4040",
        "opacity": 0.33,
        "fill": "#bf4040",
        "fillOpacity": 0.33,
        "color": "#bf4040",
        "contour": 6.0,
        "metric": "distance",
        "provider_name": "Domino's Pizza",
        "zone_type": "distance",
        "distance_km": 6,
        "mode": "motorcycle",
        "center_lat": 16.211305,
        "center_lon": 77.35707,
        "label": "6km"
      },
      "geometry": {
        "coordinates": [
          [
            [
              77.35307,
              16.264881
            ],
            [
              77.35207,
              16.265064
            ],
            [
              77.352895,
              16.263305
            ],
            [
              77.351554,
              16.26082
            ],
            [
              77.348993,
              16.260305
            ],
            [
              77.349737,
              16.259972
            ],
            [
              77.350013,
              16.258248
            ],
            [
              77.350452,
              16.258922
            ],
            [
              77.35207,
              16.258992
            ],
            [
              77.353598,
              16.257305
            ],
            [
              77.352408,
              16.254966
            ],
            [
              77.349797,
              16.254577
            ],
            [
              77.349409,
              16.249965
            ],
            [
              77.34707,
              16.249708
            ],
            [
              77.34607,
              16.248666
            ],
            [
              77.341052,
              16.247287
            ],
            [
              77.34407,
              16.247078
            ],
            [
              77.34807,
              16.248864
            ],
            [
              77.35007,
              16.24881
            ],
            [
              77.35107,
              16.249772
            ],
            [
              77.35432,
              16.249555
            ],
            [
              77.354297,
              16.248077
            ],
            [
              77.35243,
              16.247305
            ],
            [
              77.352641,
              16.245876
            ],
            [
              77.354387,
              16.245305
            ],
            [
              77.354267,
              16.243107
            ],
            [
              77.35307,
              16.244978
            ],
            [
              77.35007,
              16.244934
            ],
            [
              77.34944,
              16.244305
            ],
            [
              77.35007,
              16.242691
            ],
            [
              77.35107,
              16.24366
            ],
            [
              77.352385,
              16.243305
            ],
            [
              77.352388,
              16.241305
            ],
            [
              77.350606,
              16.240768
            ],
            [
              77.350606,
              16.239841
            ],
            [
              77.35207,
              16.238597
            ],
            [
              77.355318,
              16.238305
            ],
            [
              77.355228,
              16.236146
            ],
            [
              77.354568,
              16.237803
            ],
            [
              77.35207,
              16.238041
            ],
            [
              77.350329,
              16.235305
            ],
            [
              77.352305,
              16.234305
            ],
            [
              77.351296,
              16.232305
            ],
            [
              77.35121,
              16.229164
            ],
            [
              77.347912,
              16.231147
            ],
            [
              77.348816,
              16.232305
            ],
            [
              77.348802,
              16.234305
            ],
            [
              77.347559,
              16.235794
            ],
            [
              77.34607,
              16.236034
            ],
            [
              77.34534,
              16.235305
            ],
            [
              77.346322,
              16.233305
            ],
            [
              77.34607,
              16.231069
            ],
            [
              77.345586,
              16.231821
            ],
            [
              77.343904,
              16.232139
            ],
            [
              77.343552,
              16.233787
            ],
            [
              77.33988,
              16.235115
            ],
            [
              77.333477,
              16.241712
            ],
            [
              77.331481,
              16.241305
            ],
            [
              77.342233,
              16.230468
            ],
            [
              77.342547,
              16.228782
            ],
            [
              77.3482,
              16.223435
            ],
            [
              77.348448,
              16.221683
            ],
            [
              77.349252,
              16.221305
            ],
            [
              77.348436,
              16.218671
            ],
            [
              77.350187,
              16.218422
            ],
            [
              77.351183,
              16.217191
            ],
            [
              77.34807,
              16.217122
            ],
            [
              77.346926,
              16.216161
            ],
            [
              77.34684,
              16.217305
            ],
            [
              77.347833,
              16.218305
            ],
            [
              77.34607,
              16.220063
            ],
            [
              77.344549,
              16.219825
            ],
            [
              77.34407,
              16.217082
            ],
            [
              77.34307,
              16.218075
            ],
            [
              77.34007,
              16.218058
            ],
            [
              77.339786,
              16.221305
            ],
            [
              77.33907,
              16.222021
            ],
            [
              77.338353,
              16.221305
            ],
            [
              77.338245,
              16.219129
            ],
            [
              77.33407,
              16.21901
            ],
            [
              77.33307,
              16.222952
            ],
            [
              77.332422,
              16.222305
            ],
            [
              77.332274,
              16.2181
            ],
            [
              77.33007,
              16.217969
            ],
            [
              77.329692,
              16.219305
            ],
            [
              77.330671,
              16.220305
            ],
            [
              77.330617,
              16.223305
            ],
            [
              77.331568,
              16.224305
            ],
            [
              77.33107,
              16.224803
            ],
            [
              77.329545,
              16.224305
            ],
            [
              77.329481,
              16.221305
            ],
            [
              77.328463,
              16.220305
            ],
            [
              77.328307,
              16.218067
            ],
            [
              77.327665,
              16.218305
            ],
            [
              77.32707,
              16.220872
            ],
            [
              77.325696,
              16.220678
            ],
            [
              77.32507,
              16.218892
            ],
            [
              77.32307,
              16.218851
            ],
            [
              77.322378,
              16.220613
            ],
            [
              77.32043,
              16.222305
            ],
            [
              77.320322,
              16.224305
            ],
            [
              77.321196,
              16.225305
            ],
            [
              77.32107,
              16.227109
            ],
            [
              77.320811,
              16.225563
            ],
            [
              77.320017,
              16.225357
            ],
            [
              77.319759,
              16.223305
            ],
            [
              77.319677,
              16.221305
            ],
            [
              77.320439,
              16.219936
            ],
            [
              77.31807,
              16.219668
            ],
            [
              77.31707,
              16.21862
            ],
            [
              77.315485,
              16.21872
            ],
            [
              77.31407,
              16.220271
            ],
            [
              77.313092,
              16.219305
            ],
            [
              77.314733,
              16.218968
            ],
            [
              77.31507,
              16.21811
            ],
            [
              77.31907,
              16.217899
            ],
            [
              77.320418,
              16.216653
            ],
            [
              77.31954,
              16.211834
            ],
            [
              77.315684,
              16.211305
            ],
            [
              77.317639,
              16.210874
            ],
            [
              77.31707,
              16.208623
            ],
            [
              77.31607,
              16.209591
            ],
            [
              77.314426,
              16.209305
            ],
            [
              77.315848,
              16.209083
            ],
            [
              77.316462,
              16.205912
            ],
            [
              77.31507,
              16.206636
            ],
            [
              77.313463,
              16.205698
            ],
            [
              77.31207,
              16.207016
            ],
            [
              77.310038,
              16.205305
            ],
            [
              77.31107,
              16.203957
            ],
            [
              77.311253,
              16.205121
            ],
            [
              77.31507,
              16.204961
            ],
            [
              77.315886,
              16.203121
            ],
            [
              77.319457,
              16.202692
            ],
            [
              77.318987,
              16.201222
            ],
            [
              77.322674,
              16.198909
            ],
            [
              77.322569,
              16.196805
            ],
            [
              77.320357,
              16.196592
            ],
            [
              77.31907,
              16.197334
            ],
            [
              77.318343,
              16.196305
            ],
            [
              77.320684,
              16.195919
            ],
            [
              77.32114,
              16.194234
            ],
            [
              77.321516,
              16.195858
            ],
            [
              77.32307,
              16.19596
            ],
            [
              77.323645,
              16.195305
            ],
            [
              77.321502,
              16.192872
            ],
            [
              77.319886,
              16.192488
            ],
            [
              77.31907,
              16.1915
            ],
            [
              77.317055,
              16.191319
            ],
            [
              77.31707,
              16.190486
            ],
            [
              77.317118,
              16.191257
            ],
            [
              77.318738,
              16.190973
            ],
            [
              77.31907,
              16.189143
            ],
            [
              77.319435,
              16.190939
            ],
            [
              77.32107,
              16.191977
            ],
            [
              77.32607,
              16.191864
            ],
            [
              77.32707,
              16.190856
            ],
            [
              77.330406,
              16.190641
            ],
            [
              77.329672,
              16.187907
            ],
            [
              77.33107,
              16.18885
            ],
            [
              77.33307,
              16.187937
            ],
            [
              77.33407,
              16.189803
            ],
            [
              77.336377,
              16.188612
            ],
            [
              77.335417,
              16.186957
            ],
            [
              77.33307,
              16.185675
            ],
            [
              77.330365,
              16.1856
            ],
            [
              77.32944,
              16.187675
            ],
            [
              77.324016,
              16.187305
            ],
            [
              77.32507,
              16.186451
            ],
            [
              77.32527,
              16.187104
            ],
            [
              77.328522,
              16.186757
            ],
            [
              77.328715,
              16.184659
            ],
            [
              77.327338,
              16.184305
            ],
            [
              77.329029,
              16.183264
            ],
            [
              77.330119,
              16.183255
            ],
            [
              77.33041,
              16.184965
            ],
            [
              77.33407,
              16.184923
            ],
            [
              77.33838,
              16.187615
            ],
            [
              77.338458,
              16.184916
            ],
            [
              77.336974,
              16.1844
            ],
            [
              77.336832,
              16.183542
            ],
            [
              77.336737,
              16.181305
            ],
            [
              77.337731,
              16.180305
            ],
            [
              77.335976,
              16.179305
            ],
            [
              77.336375,
              16.17661
            ],
            [
              77.33793,
              16.175165
            ],
            [
              77.339293,
              16.176081
            ],
            [
              77.339608,
              16.178766
            ],
            [
              77.34207,
              16.180046
            ],
            [
              77.34407,
              16.179201
            ],
            [
              77.345128,
              16.180305
            ],
            [
              77.344399,
              16.180634
            ],
            [
              77.344326,
              16.182305
            ],
            [
              77.345669,
              16.183705
            ],
            [
              77.34707,
              16.182957
            ],
            [
              77.351575,
              16.183305
            ],
            [
              77.351228,
              16.184463
            ],
            [
              77.349622,
              16.184857
            ],
            [
              77.349636,
              16.185738
            ],
            [
              77.351715,
              16.187659
            ],
            [
              77.35407,
              16.186672
            ],
            [
              77.35607,
              16.188641
            ],
            [
              77.356456,
              16.183305
            ],
            [
              77.357689,
              16.180924
            ],
            [
              77.36207,
              16.18067
            ],
            [
              77.36307,
              16.179681
            ],
            [
              77.36407,
              16.181634
            ],
            [
              77.367278,
              16.181512
            ],
            [
              77.366432,
              16.178305
            ],
            [
              77.367444,
              16.177305
            ],
            [
              77.367372,
              16.174003
            ],
            [
              77.36607,
              16.174789
            ],
            [
              77.36207,
              16.17461
            ],
            [
              77.359907,
              16.173305
            ],
            [
              77.36107,
              16.171191
            ],
            [
              77.36156,
              16.172814
            ],
            [
              77.36307,
              16.173934
            ],
            [
              77.36407,
              16.172918
            ],
            [
              77.367388,
              16.172623
            ],
            [
              77.369678,
              16.168305
            ],
            [
              77.3699,
              16.164305
            ],
            [
              77.37081,
              16.164045
            ],
            [
              77.37107,
              16.162617
            ],
            [
              77.3712,
              16.164305
            ],
            [
              77.370309,
              16.165305
            ],
            [
              77.37107,
              16.168964
            ],
            [
              77.373509,
              16.168744
            ],
            [
              77.375992,
              16.166227
            ],
            [
              77.376929,
              16.166164
            ],
            [
              77.37707,
              16.165363
            ],
            [
              77.377668,
              16.166305
            ],
            [
              77.376315,
              16.16655
            ],
            [
              77.376211,
              16.168446
            ],
            [
              77.374614,
              16.168849
            ],
            [
              77.373486,
              16.170305
            ],
            [
              77.3753,
              16.171074
            ],
            [
              77.376267,
              16.172502
            ],
            [
              77.37507,
              16.172613
            ],
            [
              77.37407,
              16.171693
            ],
            [
              77.372706,
              16.171941
            ],
            [
              77.368799,
              16.176034
            ],
            [
              77.368844,
              16.17953
            ],
            [
              77.37107,
              16.180651
            ],
            [
              77.372477,
              16.178305
            ],
            [
              77.372703,
              16.175938
            ],
            [
              77.373436,
              16.175938
            ],
            [
              77.373788,
              16.177586
            ],
            [
              77.37507,
              16.17774
            ],
            [
              77.377416,
              16.175651
            ],
            [
              77.377792,
              16.174027
            ],
            [
              77.38207,
              16.172167
            ],
            [
              77.384854,
              16.17252
            ],
            [
              77.383611,
              16.174305
            ],
            [
              77.383441,
              16.176305
            ],
            [
              77.381978,
              16.175396
            ],
            [
              77.38107,
              16.173621
            ],
            [
              77.378686,
              16.174921
            ],
            [
              77.378396,
              16.176631
            ],
            [
              77.375782,
              16.179017
            ],
            [
              77.375459,
              16.180694
            ],
            [
              77.372825,
              16.18106
            ],
            [
              77.37085,
              16.183085
            ],
            [
              77.370743,
              16.184631
            ],
            [
              77.376329,
              16.184564
            ],
            [
              77.375694,
              16.182929
            ],
            [
              77.37941,
              16.181645
            ],
            [
              77.379779,
              16.178305
            ],
            [
              77.38107,
              16.177013
            ],
            [
              77.382321,
              16.177053
            ],
            [
              77.382662,
              16.178712
            ],
            [
              77.384667,
              16.179902
            ],
            [
              77.385763,
              16.179305
            ],
            [
              77.38507,
              16.176736
            ],
            [
              77.386193,
              16.177181
            ],
            [
              77.38707,
              16.179011
            ],
            [
              77.38807,
              16.176919
            ],
            [
              77.389778,
              16.177305
            ],
            [
              77.388215,
              16.17945
            ],
            [
              77.385643,
              16.180878
            ],
            [
              77.385253,
              16.183488
            ],
            [
              77.38407,
              16.181738
            ],
            [
              77.383351,
              16.183586
            ],
            [
              77.381594,
              16.184829
            ],
            [
              77.38207,
              16.186821
            ],
            [
              77.38407,
              16.185935
            ],
            [
              77.38607,
              16.186009
            ],
            [
              77.387299,
              16.188075
            ],
            [
              77.388865,
              16.188305
            ],
            [
              77.38707,
              16.188408
            ],
            [
              77.38507,
              16.186651
            ],
            [
              77.38407,
              16.187705
            ],
            [
              77.381745,
              16.18798
            ],
            [
              77.381638,
              16.190305
            ],
            [
              77.382665,
              16.191305
            ],
            [
              77.382838,
              16.194537
            ],
            [
              77.38507,
              16.193698
            ],
            [
              77.38607,
              16.194692
            ],
            [
              77.38707,
              16.193722
            ],
            [
              77.387812,
              16.195562
            ],
            [
              77.389346,
              16.195581
            ],
            [
              77.390539,
              16.194305
            ],
            [
              77.38878,
              16.193594
            ],
            [
              77.387731,
              16.191305
            ],
            [
              77.38807,
              16.18999
            ],
            [
              77.38907,
              16.190922
            ],
            [
              77.391358,
              16.191016
            ],
            [
              77.39207,
              16.194761
            ],
            [
              77.39307,
              16.19381
            ],
            [
              77.39807,
              16.193995
            ],
            [
              77.39907,
              16.193069
            ],
            [
              77.402397,
              16.193305
            ],
            [
              77.40207,
              16.19433
            ],
            [
              77.401961,
              16.193413
            ],
            [
              77.40107,
              16.193441
            ],
            [
              77.400219,
              16.194454
            ],
            [
              77.398613,
              16.194848
            ],
            [
              77.39807,
              16.196625
            ],
            [
              77.39107,
              16.195864
            ],
            [
              77.388486,
              16.197721
            ],
            [
              77.384851,
              16.199086
            ],
            [
              77.384499,
              16.201734
            ],
            [
              77.38307,
              16.200991
            ],
            [
              77.38107,
              16.202973
            ],
            [
              77.380262,
              16.200112
            ],
            [
              77.37807,
              16.20004
            ],
            [
              77.377553,
              16.202788
            ],
            [
              77.375807,
              16.203305
            ],
            [
              77.375934,
              16.20544
            ],
            [
              77.37907,
              16.205523
            ],
            [
              77.38007,
              16.204531
            ],
            [
              77.38607,
              16.204567
            ],
            [
              77.38707,
              16.202591
            ],
            [
              77.38807,
              16.204583
            ],
            [
              77.39007,
              16.203611
            ],
            [
              77.39307,
              16.20363
            ],
            [
              77.39407,
              16.202665
            ],
            [
              77.39607,
              16.203669
            ],
            [
              77.39707,
              16.202724
            ],
            [
              77.40007,
              16.202762
            ],
            [
              77.40107,
              16.2018
            ],
            [
              77.40407,
              16.201879
            ],
            [
              77.40607,
              16.200015
            ],
            [
              77.41007,
              16.199885
            ],
            [
              77.41007,
              16.200349
            ],
            [
              77.406605,
              16.20084
            ],
            [
              77.40507,
              16.202691
            ],
            [
              77.40207,
              16.202795
            ],
            [
              77.399779,
              16.204014
            ],
            [
              77.399642,
              16.204732
            ],
            [
              77.40707,
              16.204952
            ],
            [
              77.40807,
              16.206002
            ],
            [
              77.412212,
              16.206305
            ],
            [
              77.40707,
              16.20662
            ],
            [
              77.40607,
              16.205701
            ],
            [
              77.40007,
              16.205864
            ],
            [
              77.399497,
              16.204877
            ],
            [
              77.39807,
              16.2059
            ],
            [
              77.39707,
              16.204925
            ],
            [
              77.396477,
              16.206712
            ],
            [
              77.394807,
              16.207042
            ],
            [
              77.394675,
              16.211699
            ],
            [
              77.40207,
              16.211877
            ],
            [
              77.40307,
              16.212916
            ],
            [
              77.405362,
              16.213305
            ],
            [
              77.40207,
              16.213703
            ],
            [
              77.40107,
              16.212766
            ],
            [
              77.39507,
              16.212899
            ],
            [
              77.39407,
              16.211921
            ],
            [
              77.39173,
              16.213305
            ],
            [
              77.392717,
              16.214305
            ],
            [
              77.392489,
              16.215724
            ],
            [
              77.390839,
              16.215074
            ],
            [
              77.385745,
              16.21998
            ],
            [
              77.38607,
              16.221685
            ],
            [
              77.389381,
              16.221616
            ],
            [
              77.39007,
              16.219833
            ],
            [
              77.39207,
              16.221806
            ],
            [
              77.39507,
              16.221912
            ],
            [
              77.39607,
              16.222954
            ],
            [
              77.39707,
              16.222045
            ],
            [
              77.39807,
              16.22306
            ],
            [
              77.4005,
              16.223305
            ],
            [
              77.401003,
              16.224305
            ],
            [
              77.39907,
              16.224421
            ],
            [
              77.39807,
              16.223549
            ],
            [
              77.39407,
              16.223683
            ],
            [
              77.39207,
              16.224731
            ],
            [
              77.39107,
              16.222824
            ],
            [
              77.39007,
              16.224817
            ],
            [
              77.38707,
              16.222906
            ],
            [
              77.385817,
              16.223052
            ],
            [
              77.386773,
              16.224601
            ],
            [
              77.388414,
              16.22496
            ],
            [
              77.391337,
              16.227037
            ],
            [
              77.39107,
              16.229609
            ],
            [
              77.38944,
              16.226934
            ],
            [
              77.385697,
              16.225677
            ],
            [
              77.383304,
              16.22307
            ],
            [
              77.381504,
              16.224739
            ],
            [
              77.380635,
              16.224739
            ],
            [
              77.378609,
              16.222765
            ],
            [
              77.37807,
              16.221024
            ],
            [
              77.373894,
              16.223129
            ],
            [
              77.377544,
              16.224831
            ],
            [
              77.378761,
              16.226613
            ],
            [
              77.380517,
              16.226857
            ],
            [
              77.381836,
              16.228538
            ],
            [
              77.383487,
              16.228887
            ],
            [
              77.389355,
              16.235019
            ],
            [
              77.389616,
              16.237758
            ],
            [
              77.39207,
              16.237156
            ],
            [
              77.392248,
              16.238126
            ],
            [
              77.39311,
              16.238264
            ],
            [
              77.39307,
              16.238779
            ],
            [
              77.390559,
              16.238794
            ],
            [
              77.39007,
              16.241955
            ],
            [
              77.388015,
              16.240305
            ],
            [
              77.388815,
              16.239305
            ],
            [
              77.38807,
              16.237615
            ],
            [
              77.387267,
              16.239502
            ],
            [
              77.386384,
              16.239619
            ],
            [
              77.386121,
              16.240356
            ],
            [
              77.38507,
              16.240602
            ],
            [
              77.385196,
              16.240179
            ],
            [
              77.385903,
              16.240138
            ],
            [
              77.38678,
              16.238305
            ],
            [
              77.385456,
              16.235918
            ],
            [
              77.383699,
              16.235934
            ],
            [
              77.382822,
              16.237552
            ],
            [
              77.382631,
              16.235305
            ],
            [
              77.384353,
              16.232021
            ],
            [
              77.38307,
              16.230918
            ],
            [
              77.380664,
              16.23171
            ],
            [
              77.380423,
              16.229305
            ],
            [
              77.378378,
              16.226996
            ],
            [
              77.37707,
              16.227008
            ],
            [
              77.37407,
              16.225043
            ],
            [
              77.37307,
              16.226037
            ],
            [
              77.37207,
              16.224058
            ],
            [
              77.371804,
              16.22657
            ],
            [
              77.375528,
              16.229846
            ],
            [
              77.375752,
              16.231305
            ],
            [
              77.374615,
              16.231759
            ],
            [
              77.371588,
              16.228786
            ],
            [
              77.371335,
              16.227039
            ],
            [
              77.37007,
              16.227051
            ],
            [
              77.36979,
              16.231584
            ],
            [
              77.370545,
              16.231829
            ],
            [
              77.370868,
              16.233506
            ],
            [
              77.37307,
              16.234645
            ],
            [
              77.375324,
              16.234559
            ],
            [
              77.374493,
              16.233305
            ],
            [
              77.37507,
              16.232728
            ],
            [
              77.376651,
              16.233305
            ],
            [
              77.376481,
              16.235716
            ],
            [
              77.371852,
              16.236087
            ],
            [
              77.372825,
              16.238549
            ],
            [
              77.37507,
              16.239728
            ],
            [
              77.37607,
              16.237798
            ],
            [
              77.38007,
              16.237917
            ],
            [
              77.383616,
              16.242305
            ],
            [
              77.38305,
              16.242324
            ],
            [
              77.37948,
              16.238894
            ],
            [
              77.37707,
              16.238797
            ],
            [
              77.376437,
              16.240672
            ],
            [
              77.374655,
              16.241305
            ],
            [
              77.375624,
              16.242305
            ],
            [
              77.376434,
              16.246305
            ],
            [
              77.37407,
              16.246658
            ],
            [
              77.374533,
              16.243305
            ],
            [
              77.373338,
              16.241036
            ],
            [
              77.371651,
              16.239723
            ],
            [
              77.369384,
              16.235305
            ],
            [
              77.369349,
              16.232025
            ],
            [
              77.368342,
              16.231305
            ],
            [
              77.368327,
              16.229305
            ],
            [
              77.367229,
              16.227145
            ],
            [
              77.36658,
              16.228815
            ],
            [
              77.36507,
              16.229068
            ],
            [
              77.36407,
              16.228075
            ],
            [
              77.361503,
              16.227872
            ],
            [
              77.36007,
              16.226105
            ],
            [
              77.357943,
              16.226178
            ],
            [
              77.35807,
              16.227544
            ],
            [
              77.360572,
              16.227802
            ],
            [
              77.360914,
              16.230461
            ],
            [
              77.362583,
              16.230791
            ],
            [
              77.362813,
              16.232561
            ],
            [
              77.363807,
              16.233305
            ],
            [
              77.36307,
              16.234042
            ],
            [
              77.362326,
              16.233048
            ],
            [
              77.36182,
              16.233305
            ],
            [
              77.36161,
              16.235305
            ],
            [
              77.36259,
              16.236305
            ],
            [
              77.360619,
              16.237305
            ],
            [
              77.361462,
              16.238697
            ],
            [
              77.358822,
              16.239057
            ],
            [
              77.359812,
              16.241562
            ],
            [
              77.36052,
              16.241755
            ],
            [
              77.36107,
              16.239862
            ],
            [
              77.36307,
              16.240786
            ],
            [
              77.368313,
              16.241061
            ],
            [
              77.367496,
              16.242305
            ],
            [
              77.368501,
              16.243305
            ],
            [
              77.367556,
              16.244305
            ],
            [
              77.367555,
              16.246305
            ],
            [
              77.36807,
              16.246876
            ],
            [
              77.371301,
              16.247073
            ],
            [
              77.371394,
              16.248305
            ],
            [
              77.37007,
              16.247696
            ],
            [
              77.368111,
              16.249305
            ],
            [
              77.369862,
              16.252305
            ],
            [
              77.36707,
              16.254176
            ],
            [
              77.36507,
              16.257396
            ],
            [
              77.361472,
              16.253902
            ],
            [
              77.360702,
              16.253937
            ],
            [
              77.36066,
              16.255714
            ],
            [
              77.362894,
              16.257305
            ],
            [
              77.36273,
              16.258965
            ],
            [
              77.356669,
              16.257904
            ],
            [
              77.3572,
              16.260435
            ],
            [
              77.355607,
              16.259842
            ],
            [
              77.35307,
              16.264881
            ]
          ]
        ],
        "type": "Polygon"
      },
      "type": "Feature"
    }
  ]
}