{
  "type": "FeatureCollection",
  "metadata": {
    "provider_name": "Veer Ji Malai Chaap Wale Kashipur",
    "center_lat": 29.21578773160734,
    "center_lon": 78.96753079078829,
    "mode": "motorcycle",
    "total_zones": 4,
    "distance_zones": [
      3,
      4,
      5,
      6
    ],
    "generated_at": "2025-12-28T09:19:23.592632Z"
  },
  "features": [
    {
      "properties": {
        "fill-opacity": 0.33,
        "fillColor": "#bf4040",
        "opacity": 0.33,
        "fill": "#bf4040",
        "fillOpacity": 0.33,
        "color": "#bf4040",
        "contour": 3.0,
        "metric": "distance",
        "provider_name": "Veer Ji Malai Chaap Wale Kashipur",
        "zone_type": "distance",
        "distance_km": 3,
        "mode": "motorcycle",
        "center_lat": 29.21578773160734,
        "center_lon": 78.96753079078829,
        "label": "3km"
      },
      "geometry": {
        "coordinates": [
          [
            [
              78.98153,
              29.239187
            ],
            [
              78.981284,
              29.238034
            ],
            [
              78.97853,
              29.237892
            ],
            [
              78.97753,
              29.236973
            ],
            [
              78.976717,
              29.236974
            ],
            [
              78.97653,
              29.238058
            ],
            [
              78.975728,
              29.237787
            ],
            [
              78.976326,
              29.236787
            ],
            [
              78.978227,
              29.235787
            ],
            [
              78.97453,
              29.231329
            ],
            [
              78.973022,
              29.231787
            ],
            [
              78.974784,
              29.234787
            ],
            [
              78.974875,
              29.237132
            ],
            [
              78.97353,
              29.239078
            ],
            [
              78.972514,
              29.238804
            ],
            [
              78.97153,
              29.236093
            ],
            [
              78.97053,
              29.239011
            ],
            [
              78.96824,
              29.238078
            ],
            [
              78.968275,
              29.236532
            ],
            [
              78.970968,
              29.234225
            ],
            [
              78.97053,
              29.233225
            ],
            [
              78.969876,
              29.234133
            ],
            [
              78.968073,
              29.23433
            ],
            [
              78.96553,
              29.238439
            ],
            [
              78.965314,
              29.237003
            ],
            [
              78.963649,
              29.236906
            ],
            [
              78.96353,
              29.237739
            ],
            [
              78.963173,
              29.237144
            ],
            [
              78.964236,
              29.234787
            ],
            [
              78.96353,
              29.233182
            ],
            [
              78.962089,
              29.233346
            ],
            [
              78.961705,
              29.234962
            ],
            [
              78.96053,
              29.234988
            ],
            [
              78.95953,
              29.234036
            ],
            [
              78.955895,
              29.234787
            ],
            [
              78.955881,
              29.231787
            ],
            [
              78.953422,
              29.230787
            ],
            [
              78.953407,
              29.227787
            ],
            [
              78.954427,
              29.226787
            ],
            [
              78.953329,
              29.225787
            ],
            [
              78.95296,
              29.223358
            ],
            [
              78.949936,
              29.223193
            ],
            [
              78.949504,
              29.224814
            ],
            [
              78.947259,
              29.221787
            ],
            [
              78.948044,
              29.219274
            ],
            [
              78.946698,
              29.218955
            ],
            [
              78.946569,
              29.219826
            ],
            [
              78.945911,
              29.219787
            ],
            [
              78.946467,
              29.219724
            ],
            [
              78.946452,
              29.218787
            ],
            [
              78.94741,
              29.217787
            ],
            [
              78.947425,
              29.211681
            ],
            [
              78.94853,
              29.211401
            ],
            [
              78.949858,
              29.212115
            ],
            [
              78.950114,
              29.210371
            ],
            [
              78.952203,
              29.208787
            ],
            [
              78.95153,
              29.207317
            ],
            [
              78.95053,
              29.207723
            ],
            [
              78.948597,
              29.206787
            ],
            [
              78.948314,
              29.204571
            ],
            [
              78.952428,
              29.200787
            ],
            [
              78.95353,
              29.196966
            ],
            [
              78.955258,
              29.196515
            ],
            [
              78.954839,
              29.194787
            ],
            [
              78.95553,
              29.194028
            ],
            [
              78.955785,
              29.195532
            ],
            [
              78.957378,
              29.195635
            ],
            [
              78.95853,
              29.194097
            ],
            [
              78.95953,
              29.19395
            ],
            [
              78.963599,
              29.197718
            ],
            [
              78.963817,
              29.199501
            ],
            [
              78.96453,
              29.1997
            ],
            [
              78.966626,
              29.198883
            ],
            [
              78.96722,
              29.195477
            ],
            [
              78.96853,
              29.196291
            ],
            [
              78.97053,
              29.194633
            ],
            [
              78.974633,
              29.195684
            ],
            [
              78.97553,
              29.199382
            ],
            [
              78.976315,
              29.197572
            ],
            [
              78.977744,
              29.196574
            ],
            [
              78.979015,
              29.197787
            ],
            [
              78.978102,
              29.198787
            ],
            [
              78.979166,
              29.199787
            ],
            [
              78.978709,
              29.201966
            ],
            [
              78.97453,
              29.202253
            ],
            [
              78.973888,
              29.204145
            ],
            [
              78.972241,
              29.204498
            ],
            [
              78.97253,
              29.205208
            ],
            [
              78.97653,
              29.205268
            ],
            [
              78.97753,
              29.206237
            ],
            [
              78.979878,
              29.205135
            ],
            [
              78.981318,
              29.203787
            ],
            [
              78.980468,
              29.201725
            ],
            [
              78.98153,
              29.200691
            ],
            [
              78.982309,
              29.202009
            ],
            [
              78.98453,
              29.201334
            ],
            [
              78.985993,
              29.201787
            ],
            [
              78.985928,
              29.204389
            ],
            [
              78.990838,
              29.204787
            ],
            [
              78.990571,
              29.206828
            ],
            [
              78.98881,
              29.207067
            ],
            [
              78.988501,
              29.207787
            ],
            [
              78.989938,
              29.209787
            ],
            [
              78.98753,
              29.209845
            ],
            [
              78.98721,
              29.209107
            ],
            [
              78.986026,
              29.209283
            ],
            [
              78.98569,
              29.211628
            ],
            [
              78.986546,
              29.211771
            ],
            [
              78.986583,
              29.212787
            ],
            [
              78.984686,
              29.214787
            ],
            [
              78.985035,
              29.217282
            ],
            [
              78.986682,
              29.217636
            ],
            [
              78.987623,
              29.218787
            ],
            [
              78.98753,
              29.220691
            ],
            [
              78.987395,
              29.219923
            ],
            [
              78.986454,
              29.219864
            ],
            [
              78.986067,
              29.218251
            ],
            [
              78.985063,
              29.21832
            ],
            [
              78.9848,
              29.220787
            ],
            [
              78.985775,
              29.221787
            ],
            [
              78.984853,
              29.22411
            ],
            [
              78.983144,
              29.224401
            ],
            [
              78.983141,
              29.225176
            ],
            [
              78.98453,
              29.225474
            ],
            [
              78.98653,
              29.223782
            ],
            [
              78.988747,
              29.223787
            ],
            [
              78.985769,
              29.226787
            ],
            [
              78.98553,
              29.231499
            ],
            [
              78.981197,
              29.230121
            ],
            [
              78.97989,
              29.230787
            ],
            [
              78.980819,
              29.231787
            ],
            [
              78.979585,
              29.232787
            ],
            [
              78.980922,
              29.235395
            ],
            [
              78.982269,
              29.235787
            ],
            [
              78.982818,
              29.236787
            ],
            [
              78.98253,
              29.238647
            ],
            [
              78.98153,
              29.239187
            ]
          ]
        ],
        "type": "Polygon"
      },
      "type": "Feature"
    },
    {
      "properties": {
        "fill-opacity": 0.33,
        "fillColor": "#bf4040",
        "opacity": 0.33,
        "fill": "#bf4040",
        "fillOpacity": 0.33,
        "color": "#bf4040",
        "contour": 4.0,
        "metric": "distance",
        "provider_name": "Veer Ji Malai Chaap Wale Kashipur",
        "zone_type": "distance",
        "distance_km": 4,
        "mode": "motorcycle",
        "center_lat": 29.21578773160734,
        "center_lon": 78.96753079078829,
        "label": "4km"
      },
      "geometry": {
        "coordinates": [
          [
            [
              78.98253,
              29.247064
            ],
            [
              78.98153,
              29.247781
            ],
            [
              78.981224,
              29.246094
            ],
            [
              78.98041,
              29.245787
            ],
            [
              78.981152,
              29.245409
            ],
            [
              78.981002,
              29.244316
            ],
            [
              78.979297,
              29.244021
            ],
            [
              78.979317,
              29.242574
            ],
            [
              78.981077,
              29.240787
            ],
            [
              78.98102,
              29.238787
            ],
            [
              78.97853,
              29.238307
            ],
            [
              78.97753,
              29.237339
            ],
            [
              78.976964,
              29.239787
            ],
            [
              78.977897,
              29.240787
            ],
            [
              78.97853,
              29.246314
            ],
            [
              78.97653,
              29.244724
            ],
            [
              78.975505,
              29.244812
            ],
            [
              78.975325,
              29.242787
            ],
            [
              78.974,
              29.241317
            ],
            [
              78.972968,
              29.241225
            ],
            [
              78.97253,
              29.243141
            ],
            [
              78.972382,
              29.241936
            ],
            [
              78.971439,
              29.241878
            ],
            [
              78.97053,
              29.240264
            ],
            [
              78.968108,
              29.241365
            ],
            [
              78.963902,
              29.245159
            ],
            [
              78.96353,
              29.247094
            ],
            [
              78.96153,
              29.244435
            ],
            [
              78.963159,
              29.244416
            ],
            [
              78.964196,
              29.242787
            ],
            [
              78.96353,
              29.242132
            ],
            [
              78.96153,
              29.243692
            ],
            [
              78.961281,
              29.242787
            ],
            [
              78.961353,
              29.24161
            ],
            [
              78.962967,
              29.241224
            ],
            [
              78.962907,
              29.239411
            ],
            [
              78.96153,
              29.239225
            ],
            [
              78.959082,
              29.240339
            ],
            [
              78.958621,
              29.241878
            ],
            [
              78.955735,
              29.241992
            ],
            [
              78.95553,
              29.242932
            ],
            [
              78.955061,
              29.242787
            ],
            [
              78.955475,
              29.242732
            ],
            [
              78.955427,
              29.241787
            ],
            [
              78.956349,
              29.240787
            ],
            [
              78.95545,
              29.239787
            ],
            [
              78.956513,
              29.23877
            ],
            [
              78.95753,
              29.240533
            ],
            [
              78.961884,
              29.237141
            ],
            [
              78.962021,
              29.235297
            ],
            [
              78.96053,
              29.235343
            ],
            [
              78.95953,
              29.234358
            ],
            [
              78.955176,
              29.235433
            ],
            [
              78.954755,
              29.238012
            ],
            [
              78.951847,
              29.239104
            ],
            [
              78.95153,
              29.241097
            ],
            [
              78.951089,
              29.235229
            ],
            [
              78.949773,
              29.23503
            ],
            [
              78.949593,
              29.23585
            ],
            [
              78.94877,
              29.235787
            ],
            [
              78.94857,
              29.234787
            ],
            [
              78.95153,
              29.234577
            ],
            [
              78.95253,
              29.236421
            ],
            [
              78.955021,
              29.233787
            ],
            [
              78.954873,
              29.232444
            ],
            [
              78.953002,
              29.230787
            ],
            [
              78.952997,
              29.227787
            ],
            [
              78.954003,
              29.226787
            ],
            [
              78.952975,
              29.225787
            ],
            [
              78.952792,
              29.223526
            ],
            [
              78.950236,
              29.223493
            ],
            [
              78.94953,
              29.225297
            ],
            [
              78.947145,
              29.222173
            ],
            [
              78.946979,
              29.220339
            ],
            [
              78.94553,
              29.220282
            ],
            [
              78.942906,
              29.221787
            ],
            [
              78.94253,
              29.22646
            ],
            [
              78.93753,
              29.224509
            ],
            [
              78.937504,
              29.223761
            ],
            [
              78.938372,
              29.223629
            ],
            [
              78.938494,
              29.220751
            ],
            [
              78.941209,
              29.220466
            ],
            [
              78.94153,
              29.218655
            ],
            [
              78.942614,
              29.218704
            ],
            [
              78.94353,
              29.220363
            ],
            [
              78.946998,
              29.217787
            ],
            [
              78.946998,
              29.211787
            ],
            [
              78.946262,
              29.210787
            ],
            [
              78.947147,
              29.209787
            ],
            [
              78.946924,
              29.208393
            ],
            [
              78.94353,
              29.204125
            ],
            [
              78.94253,
              29.20731
            ],
            [
              78.93953,
              29.206796
            ],
            [
              78.939332,
              29.205787
            ],
            [
              78.94009,
              29.204347
            ],
            [
              78.94153,
              29.204183
            ],
            [
              78.943238,
              29.202787
            ],
            [
              78.940308,
              29.200787
            ],
            [
              78.94053,
              29.198619
            ],
            [
              78.947816,
              29.198073
            ],
            [
              78.946448,
              29.195787
            ],
            [
              78.948293,
              29.194787
            ],
            [
              78.946741,
              29.193787
            ],
            [
              78.94636,
              29.191617
            ],
            [
              78.949475,
              29.190732
            ],
            [
              78.95153,
              29.185657
            ],
            [
              78.95353,
              29.186386
            ],
            [
              78.953733,
              29.187585
            ],
            [
              78.955333,
              29.18759
            ],
            [
              78.95553,
              29.186907
            ],
            [
              78.955786,
              29.190532
            ],
            [
              78.956519,
              29.190787
            ],
            [
              78.955795,
              29.191787
            ],
            [
              78.95653,
              29.192104
            ],
            [
              78.957961,
              29.191218
            ],
            [
              78.959245,
              29.188787
            ],
            [
              78.959021,
              29.186278
            ],
            [
              78.960783,
              29.18604
            ],
            [
              78.96153,
              29.185162
            ],
            [
              78.96178,
              29.186537
            ],
            [
              78.963543,
              29.187787
            ],
            [
              78.961869,
              29.188126
            ],
            [
              78.96088,
              29.189787
            ],
            [
              78.96253,
              29.191536
            ],
            [
              78.96453,
              29.191285
            ],
            [
              78.964748,
              29.192569
            ],
            [
              78.96953,
              29.192731
            ],
            [
              78.970345,
              29.193787
            ],
            [
              78.973292,
              29.194025
            ],
            [
              78.97353,
              29.194804
            ],
            [
              78.97553,
              29.194756
            ],
            [
              78.97653,
              29.195491
            ],
            [
              78.97853,
              29.194235
            ],
            [
              78.98253,
              29.193934
            ],
            [
              78.983932,
              29.194787
            ],
            [
              78.983607,
              29.195787
            ],
            [
              78.98653,
              29.195714
            ],
            [
              78.98853,
              29.19847
            ],
            [
              78.99031,
              29.197567
            ],
            [
              78.99253,
              29.19898
            ],
            [
              78.993564,
              29.198753
            ],
            [
              78.993788,
              29.200787
            ],
            [
              78.996626,
              29.205883
            ],
            [
              78.994069,
              29.205326
            ],
            [
              78.994833,
              29.206484
            ],
            [
              78.99453,
              29.208084
            ],
            [
              78.99329,
              29.208028
            ],
            [
              78.99153,
              29.206275
            ],
            [
              78.989028,
              29.207787
            ],
            [
              78.99053,
              29.209301
            ],
            [
              78.991825,
              29.208493
            ],
            [
              78.99253,
              29.21038
            ],
            [
              78.99353,
              29.209501
            ],
            [
              78.99453,
              29.210458
            ],
            [
              78.99553,
              29.209639
            ],
            [
              78.99653,
              29.210551
            ],
            [
              78.999683,
              29.210787
            ],
            [
              78.997811,
              29.211068
            ],
            [
              78.99753,
              29.211852
            ],
            [
              78.997201,
              29.211116
            ],
            [
              78.99453,
              29.211117
            ],
            [
              78.993781,
              29.212038
            ],
            [
              78.992108,
              29.212365
            ],
            [
              78.991955,
              29.213362
            ],
            [
              78.99328,
              29.214787
            ],
            [
              78.99253,
              29.216353
            ],
            [
              78.988463,
              29.214787
            ],
            [
              78.98847,
              29.213727
            ],
            [
              78.990055,
              29.213312
            ],
            [
              78.990912,
              29.211405
            ],
            [
              78.98753,
              29.209332
            ],
            [
              78.986094,
              29.209787
            ],
            [
              78.986217,
              29.211101
            ],
            [
              78.988014,
              29.211787
            ],
            [
              78.985228,
              29.214485
            ],
            [
              78.985089,
              29.216787
            ],
            [
              78.98788,
              29.218438
            ],
            [
              78.988028,
              29.220787
            ],
            [
              78.987198,
              29.221119
            ],
            [
              78.985256,
              29.218513
            ],
            [
              78.985108,
              29.220787
            ],
            [
              78.9861,
              29.221787
            ],
            [
              78.985134,
              29.222787
            ],
            [
              78.985115,
              29.224203
            ],
            [
              78.98653,
              29.223286
            ],
            [
              78.98953,
              29.223309
            ],
            [
              78.991944,
              29.222201
            ],
            [
              78.992258,
              29.220787
            ],
            [
              78.991414,
              29.218787
            ],
            [
              78.99253,
              29.217399
            ],
            [
              78.993028,
              29.220289
            ],
            [
              78.995666,
              29.221652
            ],
            [
              78.996559,
              29.223816
            ],
            [
              78.992132,
              29.223389
            ],
            [
              78.992109,
              29.224209
            ],
            [
              78.993745,
              29.224573
            ],
            [
              78.99353,
              29.227949
            ],
            [
              78.990297,
              29.22702
            ],
            [
              78.98953,
              29.225232
            ],
            [
              78.98753,
              29.225319
            ],
            [
              78.987071,
              29.227787
            ],
            [
              78.986076,
              29.228787
            ],
            [
              78.985935,
              29.232192
            ],
            [
              78.98153,
              29.231279
            ],
            [
              78.980044,
              29.232787
            ],
            [
              78.981229,
              29.235089
            ],
            [
              78.98353,
              29.236315
            ],
            [
              78.98753,
              29.234146
            ],
            [
              78.988707,
              29.23661
            ],
            [
              78.989575,
              29.236787
            ],
            [
              78.986997,
              29.238254
            ],
            [
              78.98588,
              29.239787
            ],
            [
              78.98653,
              29.240475
            ],
            [
              78.987676,
              29.239641
            ],
            [
              78.987966,
              29.242352
            ],
            [
              78.989427,
              29.242684
            ],
            [
              78.989743,
              29.241787
            ],
            [
              78.98953,
              29.244974
            ],
            [
              78.98853,
              29.245227
            ],
            [
              78.988239,
              29.244079
            ],
            [
              78.986618,
              29.243875
            ],
            [
              78.98638,
              29.244787
            ],
            [
              78.98553,
              29.242143
            ],
            [
              78.983019,
              29.244276
            ],
            [
              78.98253,
              29.247064
            ]
          ]
        ],
        "type": "Polygon"
      },
      "type": "Feature"
    },
    {
      "properties": {
        "fill-opacity": 0.33,
        "fillColor": "#bf4040",
        "opacity": 0.33,
        "fill": "#bf4040",
        "fillOpacity": 0.33,
        "color": "#bf4040",
        "contour": 5.0,
        "metric": "distance",
        "provider_name": "Veer Ji Malai Chaap Wale Kashipur",
        "zone_type": "distance",
        "distance_km": 5,
        "mode": "motorcycle",
        "center_lat": 29.21578773160734,
        "center_lon": 78.96753079078829,
        "label": "5km"
      },
      "geometry": {
        "coordinates": [
          [
            [
              78.96553,
              29.255881
            ],
            [
              78.964267,
              29.25505
            ],
            [
              78.964061,
              29.253256
            ],
            [
              78.962863,
              29.25312
            ],
            [
              78.96153,
              29.253982
            ],
            [
              78.96053,
              29.253263
            ],
            [
              78.96053,
              29.252762
            ],
            [
              78.963026,
              29.252283
            ],
            [
              78.96291,
              29.249408
            ],
            [
              78.96153,
              29.249182
            ],
            [
              78.96053,
              29.250125
            ],
            [
              78.956796,
              29.250053
            ],
            [
              78.956427,
              29.250787
            ],
            [
              78.956448,
              29.249705
            ],
            [
              78.95853,
              29.249529
            ],
            [
              78.960959,
              29.248216
            ],
            [
              78.961171,
              29.247428
            ],
            [
              78.962894,
              29.248151
            ],
            [
              78.96153,
              29.246277
            ],
            [
              78.960935,
              29.247192
            ],
            [
              78.957182,
              29.246787
            ],
            [
              78.95853,
              29.245416
            ],
            [
              78.95953,
              29.246355
            ],
            [
              78.960872,
              29.245129
            ],
            [
              78.960954,
              29.241787
            ],
            [
              78.962794,
              29.241051
            ],
            [
              78.962771,
              29.239547
            ],
            [
              78.959262,
              29.240519
            ],
            [
              78.95853,
              29.242324
            ],
            [
              78.956215,
              29.242472
            ],
            [
              78.956829,
              29.244086
            ],
            [
              78.95153,
              29.245154
            ],
            [
              78.950275,
              29.246787
            ],
            [
              78.950951,
              29.235787
            ],
            [
              78.95053,
              29.235335
            ],
            [
              78.94953,
              29.236312
            ],
            [
              78.947061,
              29.235787
            ],
            [
              78.94853,
              29.234289
            ],
            [
              78.95153,
              29.234228
            ],
            [
              78.95253,
              29.236175
            ],
            [
              78.954756,
              29.234013
            ],
            [
              78.954758,
              29.23256
            ],
            [
              78.952851,
              29.230787
            ],
            [
              78.952849,
              29.227787
            ],
            [
              78.953851,
              29.226787
            ],
            [
              78.952838,
              29.225787
            ],
            [
              78.952718,
              29.2236
            ],
            [
              78.950326,
              29.223583
            ],
            [
              78.94953,
              29.225458
            ],
            [
              78.948738,
              29.22358
            ],
            [
              78.947061,
              29.222256
            ],
            [
              78.94684,
              29.220478
            ],
            [
              78.943279,
              29.221536
            ],
            [
              78.943189,
              29.225129
            ],
            [
              78.94453,
              29.225448
            ],
            [
              78.945803,
              29.224787
            ],
            [
              78.945731,
              29.225988
            ],
            [
              78.943956,
              29.227787
            ],
            [
              78.944899,
              29.228787
            ],
            [
              78.944086,
              29.230231
            ],
            [
              78.946277,
              29.230534
            ],
            [
              78.94653,
              29.229697
            ],
            [
              78.947931,
              29.231787
            ],
            [
              78.94498,
              29.232237
            ],
            [
              78.94471,
              29.233607
            ],
            [
              78.94553,
              29.234109
            ],
            [
              78.94353,
              29.234119
            ],
            [
              78.94253,
              29.235007
            ],
            [
              78.94153,
              29.233133
            ],
            [
              78.943103,
              29.23236
            ],
            [
              78.942958,
              29.23036
            ],
            [
              78.941422,
              29.230895
            ],
            [
              78.937077,
              29.225787
            ],
            [
              78.938113,
              29.22037
            ],
            [
              78.940804,
              29.220061
            ],
            [
              78.94153,
              29.218047
            ],
            [
              78.942934,
              29.218384
            ],
            [
              78.94353,
              29.220153
            ],
            [
              78.946742,
              29.217999
            ],
            [
              78.946849,
              29.211787
            ],
            [
              78.945953,
              29.210787
            ],
            [
              78.946912,
              29.209787
            ],
            [
              78.946778,
              29.20854
            ],
            [
              78.945056,
              29.208313
            ],
            [
              78.944918,
              29.209787
            ],
            [
              78.943873,
              29.210787
            ],
            [
              78.94353,
              29.214867
            ],
            [
              78.94253,
              29.212996
            ],
            [
              78.941792,
              29.213049
            ],
            [
              78.94153,
              29.214169
            ],
            [
              78.94053,
              29.213454
            ],
            [
              78.93853,
              29.214627
            ],
            [
              78.93553,
              29.212973
            ],
            [
              78.935286,
              29.212032
            ],
            [
              78.933566,
              29.211823
            ],
            [
              78.93353,
              29.21234
            ],
            [
              78.933243,
              29.210075
            ],
            [
              78.93147,
              29.209727
            ],
            [
              78.93342,
              29.208787
            ],
            [
              78.9325,
              29.206787
            ],
            [
              78.933403,
              29.204787
            ],
            [
              78.932829,
              29.201787
            ],
            [
              78.934199,
              29.201456
            ],
            [
              78.933876,
              29.198787
            ],
            [
              78.934524,
              29.197787
            ],
            [
              78.934914,
              29.199403
            ],
            [
              78.93753,
              29.200486
            ],
            [
              78.937923,
              29.199395
            ],
            [
              78.93553,
              29.196583
            ],
            [
              78.93753,
              29.197411
            ],
            [
              78.938163,
              29.196787
            ],
            [
              78.93753,
              29.195464
            ],
            [
              78.939881,
              29.195436
            ],
            [
              78.94053,
              29.196363
            ],
            [
              78.941145,
              29.195787
            ],
            [
              78.9401,
              29.194218
            ],
            [
              78.938484,
              29.193833
            ],
            [
              78.938509,
              29.192766
            ],
            [
              78.938731,
              29.193587
            ],
            [
              78.94053,
              29.193596
            ],
            [
              78.94153,
              29.194501
            ],
            [
              78.943254,
              29.193787
            ],
            [
              78.943351,
              29.192787
            ],
            [
              78.941309,
              29.192008
            ],
            [
              78.93939,
              29.188928
            ],
            [
              78.936883,
              29.188787
            ],
            [
              78.93709,
              29.188347
            ],
            [
              78.93753,
              29.187878
            ],
            [
              78.93766,
              29.188657
            ],
            [
              78.939598,
              29.188719
            ],
            [
              78.94053,
              29.189506
            ],
            [
              78.94248,
              29.187737
            ],
            [
              78.943489,
              29.187787
            ],
            [
              78.943536,
              29.188782
            ],
            [
              78.94653,
              29.188488
            ],
            [
              78.94853,
              29.190307
            ],
            [
              78.950027,
              29.188787
            ],
            [
              78.950894,
              29.184424
            ],
            [
              78.94753,
              29.185959
            ],
            [
              78.94553,
              29.185881
            ],
            [
              78.944693,
              29.184787
            ],
            [
              78.94553,
              29.183435
            ],
            [
              78.94753,
              29.183512
            ],
            [
              78.948263,
              29.182787
            ],
            [
              78.94753,
              29.18157
            ],
            [
              78.946529,
              29.181787
            ],
            [
              78.946397,
              29.179787
            ],
            [
              78.94753,
              29.177392
            ],
            [
              78.95053,
              29.178218
            ],
            [
              78.95153,
              29.180556
            ],
            [
              78.95253,
              29.179719
            ],
            [
              78.95353,
              29.179647
            ],
            [
              78.953378,
              29.17994
            ],
            [
              78.952683,
              29.17994
            ],
            [
              78.952976,
              29.184787
            ],
            [
              78.954215,
              29.187103
            ],
            [
              78.955861,
              29.186457
            ],
            [
              78.956075,
              29.189787
            ],
            [
              78.957214,
              29.191104
            ],
            [
              78.958967,
              29.188787
            ],
            [
              78.958052,
              29.185787
            ],
            [
              78.959872,
              29.185129
            ],
            [
              78.960179,
              29.183787
            ],
            [
              78.95953,
              29.183118
            ],
            [
              78.95853,
              29.184046
            ],
            [
              78.957303,
              29.183787
            ],
            [
              78.958338,
              29.182595
            ],
            [
              78.96122,
              29.181787
            ],
            [
              78.96053,
              29.180988
            ],
            [
              78.958497,
              29.18082
            ],
            [
              78.958509,
              29.178787
            ],
            [
              78.95953,
              29.178725
            ],
            [
              78.96153,
              29.176918
            ],
            [
              78.96553,
              29.177137
            ],
            [
              78.966232,
              29.177787
            ],
            [
              78.965827,
              29.180787
            ],
            [
              78.96453,
              29.180003
            ],
            [
              78.96291,
              29.181787
            ],
            [
              78.964868,
              29.182787
            ],
            [
              78.964843,
              29.186787
            ],
            [
              78.966078,
              29.18824
            ],
            [
              78.970852,
              29.188465
            ],
            [
              78.97253,
              29.189284
            ],
            [
              78.97653,
              29.188833
            ],
            [
              78.977959,
              29.190359
            ],
            [
              78.98053,
              29.190012
            ],
            [
              78.98153,
              29.191375
            ],
            [
              78.981975,
              29.190343
            ],
            [
              78.981116,
              29.190202
            ],
            [
              78.979427,
              29.187787
            ],
            [
              78.980496,
              29.185753
            ],
            [
              78.98153,
              29.18578
            ],
            [
              78.981757,
              29.186561
            ],
            [
              78.984657,
              29.186661
            ],
            [
              78.986474,
              29.187843
            ],
            [
              78.98671,
              29.188787
            ],
            [
              78.98574,
              29.188997
            ],
            [
              78.985578,
              29.189835
            ],
            [
              78.982912,
              29.190787
            ],
            [
              78.983144,
              29.192174
            ],
            [
              78.98453,
              29.193321
            ],
            [
              78.989028,
              29.191285
            ],
            [
              78.989312,
              29.190005
            ],
            [
              78.988509,
              29.189809
            ],
            [
              78.98853,
              29.188728
            ],
            [
              78.988599,
              29.189718
            ],
            [
              78.989624,
              29.189694
            ],
            [
              78.98988,
              29.190438
            ],
            [
              78.992318,
              29.19
            ],
            [
              78.992637,
              29.190894
            ],
            [
              78.990811,
              29.192068
            ],
            [
              78.99149,
              29.193787
            ],
            [
              78.991046,
              29.195787
            ],
            [
              78.9897,
              29.196787
            ],
            [
              78.99253,
              29.197308
            ],
            [
              78.993872,
              29.198445
            ],
            [
              78.994104,
              29.200787
            ],
            [
              78.997069,
              29.205787
            ],
            [
              78.995252,
              29.206509
            ],
            [
              78.99453,
              29.208374
            ],
            [
              78.993124,
              29.208194
            ],
            [
              78.99153,
              29.206448
            ],
            [
              78.990196,
              29.207787
            ],
            [
              78.990309,
              29.209008
            ],
            [
              78.99153,
              29.208145
            ],
            [
              78.99253,
              29.210159
            ],
            [
              78.99353,
              29.209204
            ],
            [
              78.99453,
              29.210189
            ],
            [
              78.99553,
              29.209247
            ],
            [
              78.99653,
              29.21022
            ],
            [
              78.997255,
              29.208512
            ],
            [
              78.99853,
              29.208346
            ],
            [
              79.00053,
              29.210314
            ],
            [
              79.00113,
              29.209787
            ],
            [
              79.000185,
              29.208787
            ],
            [
              79.001314,
              29.207787
            ],
            [
              79.00153,
              29.205709
            ],
            [
              79.003052,
              29.208265
            ],
            [
              79.004098,
              29.208355
            ],
            [
              79.00453,
              29.206535
            ],
            [
              79.004741,
              29.207577
            ],
            [
              79.006456,
              29.207787
            ],
            [
              79.009722,
              29.210787
            ],
            [
              79.00853,
              29.211832
            ],
            [
              79.008323,
              29.210994
            ],
            [
              79.006043,
              29.2113
            ],
            [
              79.00553,
              29.215054
            ],
            [
              79.005268,
              29.211787
            ],
            [
              79.00453,
              29.211129
            ],
            [
              79.002798,
              29.213054
            ],
            [
              79.00053,
              29.214141
            ],
            [
              78.999191,
              29.214127
            ],
            [
              79.000111,
              29.212787
            ],
            [
              78.99953,
              29.211292
            ],
            [
              78.99753,
              29.212304
            ],
            [
              78.99653,
              29.211354
            ],
            [
              78.99453,
              29.211386
            ],
            [
              78.992272,
              29.212529
            ],
            [
              78.99453,
              29.215326
            ],
            [
              78.99553,
              29.214383
            ],
            [
              78.996916,
              29.214787
            ],
            [
              78.99553,
              29.21621
            ],
            [
              78.993197,
              29.216454
            ],
            [
              78.993089,
              29.219787
            ],
            [
              78.996878,
              29.22244
            ],
            [
              78.997161,
              29.225156
            ],
            [
              78.998746,
              29.225571
            ],
            [
              78.998786,
              29.228043
            ],
            [
              78.99753,
              29.229398
            ],
            [
              78.99653,
              29.229258
            ],
            [
              78.997131,
              29.226787
            ],
            [
              78.99587,
              29.224447
            ],
            [
              78.99453,
              29.224246
            ],
            [
              78.99353,
              29.228331
            ],
            [
              78.990127,
              29.227191
            ],
            [
              78.98953,
              29.22543
            ],
            [
              78.987322,
              29.225579
            ],
            [
              78.986228,
              29.227787
            ],
            [
              78.98653,
              29.231456
            ],
            [
              78.98753,
              29.230525
            ],
            [
              78.989238,
              29.230495
            ],
            [
              78.989599,
              29.229718
            ],
            [
              78.99055,
              29.229787
            ],
            [
              78.989678,
              29.229935
            ],
            [
              78.99053,
              29.232445
            ],
            [
              78.99334,
              29.231597
            ],
            [
              78.99453,
              29.232585
            ],
            [
              78.99653,
              29.231392
            ],
            [
              78.9981,
              29.231787
            ],
            [
              78.997965,
              29.232787
            ],
            [
              78.995923,
              29.23318
            ],
            [
              78.995052,
              29.234309
            ],
            [
              78.995659,
              29.236916
            ],
            [
              78.99353,
              29.235139
            ],
            [
              78.987108,
              29.238787
            ],
            [
              78.988092,
              29.239787
            ],
            [
              78.98853,
              29.242246
            ],
            [
              78.99053,
              29.240324
            ],
            [
              78.99153,
              29.241381
            ],
            [
              78.99453,
              29.23973
            ],
            [
              78.99653,
              29.240036
            ],
            [
              78.995697,
              29.242621
            ],
            [
              78.996938,
              29.242787
            ],
            [
              78.99665,
              29.247667
            ],
            [
              78.994761,
              29.248787
            ],
            [
              78.994879,
              29.250439
            ],
            [
              78.996378,
              29.251787
            ],
            [
              78.993847,
              29.251787
            ],
            [
              78.994452,
              29.251708
            ],
            [
              78.994356,
              29.250787
            ],
            [
              78.99353,
              29.250044
            ],
            [
              78.990533,
              29.25179
            ],
            [
              78.98853,
              29.251838
            ],
            [
              78.98753,
              29.249979
            ],
            [
              78.98653,
              29.251583
            ],
            [
              78.984742,
              29.248575
            ],
            [
              78.98353,
              29.248508
            ],
            [
              78.982952,
              29.249787
            ],
            [
              78.984174,
              29.250787
            ],
            [
              78.983995,
              29.252787
            ],
            [
              78.982059,
              29.252316
            ],
            [
              78.980711,
              29.253787
            ],
            [
              78.980728,
              29.25459
            ],
            [
              78.981704,
              29.254787
            ],
            [
              78.98053,
              29.255554
            ],
            [
              78.979783,
              29.254787
            ],
            [
              78.981156,
              29.250787
            ],
            [
              78.980111,
              29.249787
            ],
            [
              78.980067,
              29.247787
            ],
            [
              78.981011,
              29.246787
            ],
            [
              78.979998,
              29.245787
            ],
            [
              78.980807,
              29.244511
            ],
            [
              78.979081,
              29.244338
            ],
            [
              78.978985,
              29.247787
            ],
            [
              78.976781,
              29.250787
            ],
            [
              78.97653,
              29.253797
            ],
            [
              78.97628,
              29.250787
            ],
            [
              78.97553,
              29.249878
            ],
            [
              78.974402,
              29.249915
            ],
            [
              78.972913,
              29.245404
            ],
            [
              78.972132,
              29.245389
            ],
            [
              78.971276,
              29.247787
            ],
            [
              78.971061,
              29.243787
            ],
            [
              78.972019,
              29.242787
            ],
            [
              78.97053,
              29.240444
            ],
            [
              78.968272,
              29.241529
            ],
            [
              78.964067,
              29.245787
            ],
            [
              78.96453,
              29.247529
            ],
            [
              78.96653,
              29.248505
            ],
            [
              78.96853,
              29.24767
            ],
            [
              78.969542,
              29.248787
            ],
            [
              78.96758,
              29.251837
            ],
            [
              78.965038,
              29.252294
            ],
            [
              78.964769,
              29.254549
            ],
            [
              78.965589,
              29.254729
            ],
            [
              78.96553,
              29.255881
            ]
          ]
        ],
        "type": "Polygon"
      },
      "type": "Feature"
    },
    {
      "properties": {
        "fill-opacity": 0.33,
        "fillColor": "#bf4040",
        "opacity": 0.33,
        "fill": "#bf4040",
        "fillOpacity": 0.33,
        "color": "#bf4040",
        "contour": 6.0,
        "metric": "distance",
        "provider_name": "Veer Ji Malai Chaap Wale Kashipur",
        "zone_type": "distance",
        "distance_km": 6,
        "mode": "motorcycle",
        "center_lat": 29.21578773160734,
        "center_lon": 78.96753079078829,
        "label": "6km"
      },
      "geometry": {
        "coordinates": [
          [
            [
              78.98253,
              29.263796
            ],
            [
              78.980991,
              29.261787
            ],
            [
              78.980245,
              29.259073
            ],
            [
              78.97902,
              29.258297
            ],
            [
              78.97653,
              29.25755
            ],
            [
              78.97553,
              29.258631
            ],
            [
              78.97353,
              29.258837
            ],
            [
              78.973235,
              29.258083
            ],
            [
              78.971237,
              29.257787
            ],
            [
              78.97353,
              29.257608
            ],
            [
              78.974364,
              29.256621
            ],
            [
              78.977101,
              29.255787
            ],
            [
              78.976059,
              29.254787
            ],
            [
              78.975959,
              29.250787
            ],
            [
              78.974162,
              29.250156
            ],
            [
              78.972774,
              29.245544
            ],
            [
              78.97214,
              29.245787
            ],
            [
              78.971912,
              29.248169
            ],
            [
              78.970958,
              29.247787
            ],
            [
              78.970877,
              29.243787
            ],
            [
              78.971858,
              29.242787
            ],
            [
              78.97053,
              29.240532
            ],
            [
              78.968344,
              29.241601
            ],
            [
              78.964214,
              29.245787
            ],
            [
              78.96453,
              29.247213
            ],
            [
              78.96653,
              29.248205
            ],
            [
              78.96853,
              29.247256
            ],
            [
              78.970033,
              29.248787
            ],
            [
              78.969842,
              29.251099
            ],
            [
              78.96753,
              29.252307
            ],
            [
              78.965247,
              29.252504
            ],
            [
              78.965083,
              29.253787
            ],
            [
              78.966197,
              29.25512
            ],
            [
              78.96753,
              29.254365
            ],
            [
              78.97053,
              29.254463
            ],
            [
              78.97153,
              29.253519
            ],
            [
              78.972751,
              29.253787
            ],
            [
              78.97153,
              29.25507
            ],
            [
              78.96853,
              29.2552
            ],
            [
              78.967971,
              29.255787
            ],
            [
              78.96789,
              29.258147
            ],
            [
              78.967165,
              29.258787
            ],
            [
              78.967843,
              29.259474
            ],
            [
              78.967862,
              29.262456
            ],
            [
              78.969314,
              29.263787
            ],
            [
              78.96853,
              29.263938
            ],
            [
              78.96753,
              29.263381
            ],
            [
              78.967242,
              29.260787
            ],
            [
              78.96553,
              29.258204
            ],
            [
              78.964835,
              29.259787
            ],
            [
              78.965754,
              29.260564
            ],
            [
              78.96553,
              29.263504
            ],
            [
              78.964131,
              29.261187
            ],
            [
              78.960217,
              29.260787
            ],
            [
              78.962176,
              29.260433
            ],
            [
              78.962253,
              29.257787
            ],
            [
              78.960867,
              29.257124
            ],
            [
              78.95953,
              29.25804
            ],
            [
              78.958384,
              29.257641
            ],
            [
              78.95953,
              29.256519
            ],
            [
              78.96253,
              29.256376
            ],
            [
              78.963093,
              29.255787
            ],
            [
              78.96053,
              29.25428
            ],
            [
              78.957109,
              29.253787
            ],
            [
              78.95953,
              29.253302
            ],
            [
              78.96053,
              29.252281
            ],
            [
              78.962815,
              29.252072
            ],
            [
              78.962902,
              29.249787
            ],
            [
              78.96153,
              29.24941
            ],
            [
              78.96053,
              29.250389
            ],
            [
              78.957072,
              29.250329
            ],
            [
              78.95653,
              29.251315
            ],
            [
              78.956003,
              29.250787
            ],
            [
              78.957161,
              29.249418
            ],
            [
              78.960791,
              29.248048
            ],
            [
              78.960911,
              29.247407
            ],
            [
              78.95753,
              29.247393
            ],
            [
              78.956925,
              29.246787
            ],
            [
              78.95853,
              29.245173
            ],
            [
              78.95953,
              29.24615
            ],
            [
              78.960756,
              29.245013
            ],
            [
              78.960828,
              29.241787
            ],
            [
              78.962719,
              29.240976
            ],
            [
              78.962802,
              29.239787
            ],
            [
              78.96153,
              29.239523
            ],
            [
              78.959339,
              29.240596
            ],
            [
              78.95853,
              29.242471
            ],
            [
              78.956316,
              29.242573
            ],
            [
              78.957175,
              29.243787
            ],
            [
              78.95653,
              29.244432
            ],
            [
              78.951268,
              29.245525
            ],
            [
              78.95053,
              29.247361
            ],
            [
              78.949893,
              29.242787
            ],
            [
              78.951835,
              29.238787
            ],
            [
              78.950821,
              29.237787
            ],
            [
              78.950733,
              29.235584
            ],
            [
              78.94953,
              29.236465
            ],
            [
              78.94753,
              29.236441
            ],
            [
              78.946877,
              29.235787
            ],
            [
              78.94953,
              29.234107
            ],
            [
              78.95153,
              29.234093
            ],
            [
              78.95253,
              29.236067
            ],
            [
              78.954699,
              29.233956
            ],
            [
              78.9547,
              29.232618
            ],
            [
              78.952773,
              29.230787
            ],
            [
              78.952772,
              29.227787
            ],
            [
              78.953773,
              29.226787
            ],
            [
              78.952766,
              29.225787
            ],
            [
              78.952677,
              29.223641
            ],
            [
              78.950374,
              29.223631
            ],
            [
              78.94953,
              29.22554
            ],
            [
              78.948688,
              29.223629
            ],
            [
              78.946988,
              29.22233
            ],
            [
              78.946767,
              29.220551
            ],
            [
              78.943253,
              29.221787
            ],
            [
              78.943304,
              29.225013
            ],
            [
              78.94453,
              29.225185
            ],
            [
              78.94553,
              29.224209
            ],
            [
              78.946109,
              29.224787
            ],
            [
              78.945923,
              29.22618
            ],
            [
              78.944165,
              29.227787
            ],
            [
              78.945143,
              29.228787
            ],
            [
              78.944264,
              29.230054
            ],
            [
              78.94553,
              29.23023
            ],
            [
              78.94653,
              29.229264
            ],
            [
              78.949014,
              29.231787
            ],
            [
              78.945081,
              29.232787
            ],
            [
              78.946007,
              29.234787
            ],
            [
              78.944173,
              29.23543
            ],
            [
              78.943941,
              29.236787
            ],
            [
              78.945732,
              29.237586
            ],
            [
              78.94582,
              29.238787
            ],
            [
              78.94453,
              29.238148
            ],
            [
              78.942883,
              29.238787
            ],
            [
              78.944125,
              29.242787
            ],
            [
              78.94353,
              29.24337
            ],
            [
              78.943199,
              29.241119
            ],
            [
              78.939463,
              29.239854
            ],
            [
              78.939366,
              29.238951
            ],
            [
              78.93751,
              29.238787
            ],
            [
              78.93744,
              29.237697
            ],
            [
              78.941877,
              29.235134
            ],
            [
              78.940063,
              29.232787
            ],
            [
              78.942823,
              29.23208
            ],
            [
              78.942932,
              29.230787
            ],
            [
              78.94253,
              29.230404
            ],
            [
              78.941168,
              29.23115
            ],
            [
              78.937099,
              29.226218
            ],
            [
              78.936567,
              29.223787
            ],
            [
              78.937448,
              29.222787
            ],
            [
              78.937136,
              29.221181
            ],
            [
              78.935656,
              29.220913
            ],
            [
              78.935041,
              29.221787
            ],
            [
              78.936091,
              29.219787
            ],
            [
              78.935373,
              29.21863
            ],
            [
              78.937216,
              29.217787
            ],
            [
              78.936104,
              29.215787
            ],
            [
              78.93688,
              29.214438
            ],
            [
              78.93516,
              29.214417
            ],
            [
              78.934776,
              29.216033
            ],
            [
              78.93353,
              29.217098
            ],
            [
              78.932054,
              29.21631
            ],
            [
              78.931754,
              29.216787
            ],
            [
              78.93263,
              29.217688
            ],
            [
              78.93253,
              29.219336
            ],
            [
              78.93235,
              29.217967
            ],
            [
              78.93053,
              29.217011
            ],
            [
              78.92853,
              29.218298
            ],
            [
              78.928496,
              29.217753
            ],
            [
              78.930119,
              29.216376
            ],
            [
              78.930418,
              29.214675
            ],
            [
              78.931359,
              29.214616
            ],
            [
              78.931581,
              29.213737
            ],
            [
              78.931796,
              29.214521
            ],
            [
              78.932937,
              29.214194
            ],
            [
              78.932065,
              29.212787
            ],
            [
              78.932838,
              29.210479
            ],
            [
              78.929701,
              29.209958
            ],
            [
              78.92976,
              29.212787
            ],
            [
              78.927682,
              29.213939
            ],
            [
              78.92749,
              29.214827
            ],
            [
              78.927481,
              29.213738
            ],
            [
              78.929241,
              29.211787
            ],
            [
              78.928921,
              29.209396
            ],
            [
              78.92753,
              29.209946
            ],
            [
              78.927087,
              29.209231
            ],
            [
              78.92553,
              29.209056
            ],
            [
              78.92353,
              29.21043
            ],
            [
              78.92253,
              29.210309
            ],
            [
              78.922562,
              29.208818
            ],
            [
              78.92453,
              29.208592
            ],
            [
              78.925259,
              29.207787
            ],
            [
              78.923441,
              29.206877
            ],
            [
              78.923391,
              29.205927
            ],
            [
              78.922153,
              29.205787
            ],
            [
              78.925334,
              29.205591
            ],
            [
              78.92553,
              29.205041
            ],
            [
              78.92653,
              29.207462
            ],
            [
              78.92953,
              29.205613
            ],
            [
              78.931343,
              29.2056
            ],
            [
              78.930919,
              29.200398
            ],
            [
              78.92853,
              29.20007
            ],
            [
              78.92753,
              29.200998
            ],
            [
              78.925445,
              29.200873
            ],
            [
              78.927126,
              29.200383
            ],
            [
              78.927433,
              29.197884
            ],
            [
              78.92653,
              29.197553
            ],
            [
              78.92756,
              29.197757
            ],
            [
              78.927972,
              29.199346
            ],
            [
              78.93053,
              29.19939
            ],
            [
              78.93153,
              29.198371
            ],
            [
              78.93386,
              29.198116
            ],
            [
              78.93553,
              29.195911
            ],
            [
              78.936902,
              29.196159
            ],
            [
              78.93753,
              29.195191
            ],
            [
              78.939932,
              29.195189
            ],
            [
              78.939824,
              29.194494
            ],
            [
              78.938009,
              29.193787
            ],
            [
              78.93853,
              29.192323
            ],
            [
              78.94153,
              29.194204
            ],
            [
              78.94295,
              29.193787
            ],
            [
              78.942794,
              29.192524
            ],
            [
              78.941131,
              29.192187
            ],
            [
              78.938891,
              29.189426
            ],
            [
              78.93653,
              29.189278
            ],
            [
              78.935894,
              29.191787
            ],
            [
              78.936722,
              29.192979
            ],
            [
              78.934016,
              29.193273
            ],
            [
              78.933714,
              29.194604
            ],
            [
              78.93453,
              29.195209
            ],
            [
              78.93253,
              29.194417
            ],
            [
              78.933379,
              29.192636
            ],
            [
              78.935166,
              29.191787
            ],
            [
              78.93492,
              29.187397
            ],
            [
              78.93353,
              29.188098
            ],
            [
              78.93226,
              29.187787
            ],
            [
              78.933306,
              29.186563
            ],
            [
              78.934926,
              29.186183
            ],
            [
              78.935202,
              29.183787
            ],
            [
              78.933796,
              29.183053
            ],
            [
              78.93353,
              29.184499
            ],
            [
              78.933016,
              29.184302
            ],
            [
              78.932487,
              29.182744
            ],
            [
              78.932944,
              29.181787
            ],
            [
              78.935145,
              29.181402
            ],
            [
              78.93553,
              29.179219
            ],
            [
              78.935726,
              29.184787
            ],
            [
              78.93821,
              29.188108
            ],
            [
              78.94053,
              29.189205
            ],
            [
              78.942184,
              29.187441
            ],
            [
              78.94353,
              29.187288
            ],
            [
              78.94453,
              29.188326
            ],
            [
              78.946922,
              29.188395
            ],
            [
              78.94853,
              29.190129
            ],
            [
              78.949862,
              29.188787
            ],
            [
              78.950766,
              29.184551
            ],
            [
              78.94753,
              29.186334
            ],
            [
              78.94553,
              29.186312
            ],
            [
              78.944038,
              29.184787
            ],
            [
              78.945236,
              29.182493
            ],
            [
              78.946,
              29.182318
            ],
            [
              78.94653,
              29.183232
            ],
            [
              78.947953,
              29.182787
            ],
            [
              78.946055,
              29.182263
            ],
            [
              78.946257,
              29.180787
            ],
            [
              78.945071,
              29.179787
            ],
            [
              78.945234,
              29.178491
            ],
            [
              78.947022,
              29.177787
            ],
            [
              78.945152,
              29.175787
            ],
            [
              78.946188,
              29.175445
            ],
            [
              78.94624,
              29.174078
            ],
            [
              78.944736,
              29.173993
            ],
            [
              78.94453,
              29.175025
            ],
            [
              78.942632,
              29.174889
            ],
            [
              78.94253,
              29.17587
            ],
            [
              78.941076,
              29.175787
            ],
            [
              78.942356,
              29.175613
            ],
            [
              78.942432,
              29.174689
            ],
            [
              78.944034,
              29.174291
            ],
            [
              78.945208,
              29.172787
            ],
            [
              78.943571,
              29.171787
            ],
            [
              78.94353,
              29.169232
            ],
            [
              78.946517,
              29.170787
            ],
            [
              78.946943,
              29.174787
            ],
            [
              78.948176,
              29.176142
            ],
            [
              78.949927,
              29.175184
            ],
            [
              78.950316,
              29.173573
            ],
            [
              78.951745,
              29.173573
            ],
            [
              78.949987,
              29.176787
            ],
            [
              78.95053,
              29.177306
            ],
            [
              78.9519,
              29.177157
            ],
            [
              78.952308,
              29.175565
            ],
            [
              78.953987,
              29.175243
            ],
            [
              78.954346,
              29.172972
            ],
            [
              78.95353,
              29.172227
            ],
            [
              78.954585,
              29.172732
            ],
            [
              78.955039,
              29.174279
            ],
            [
              78.956746,
              29.174571
            ],
            [
              78.957133,
              29.176184
            ],
            [
              78.95853,
              29.177314
            ],
            [
              78.960118,
              29.175787
            ],
            [
              78.95853,
              29.172552
            ],
            [
              78.959698,
              29.17262
            ],
            [
              78.960094,
              29.174224
            ],
            [
              78.96153,
              29.175519
            ],
            [
              78.963243,
              29.172787
            ],
            [
              78.9634,
              29.170917
            ],
            [
              78.96272,
              29.170787
            ],
            [
              78.96353,
              29.170724
            ],
            [
              78.964709,
              29.171608
            ],
            [
              78.96553,
              29.173445
            ],
            [
              78.967339,
              29.171787
            ],
            [
              78.967312,
              29.171006
            ],
            [
              78.965858,
              29.170787
            ],
            [
              78.966117,
              29.170374
            ],
            [
              78.968571,
              29.170787
            ],
            [
              78.967734,
              29.170991
            ],
            [
              78.967722,
              29.171787
            ],
            [
              78.96953,
              29.173456
            ],
            [
              78.971505,
              29.170762
            ],
            [
              78.973208,
              29.170787
            ],
            [
              78.97253,
              29.173681
            ],
            [
              78.969873,
              29.174787
            ],
            [
              78.970055,
              29.176262
            ],
            [
              78.972353,
              29.178787
            ],
            [
              78.971474,
              29.178844
            ],
            [
              78.96953,
              29.17706
            ],
            [
              78.96893,
              29.177787
            ],
            [
              78.969893,
              29.179787
            ],
            [
              78.967979,
              29.180787
            ],
            [
              78.96953,
              29.182475
            ],
            [
              78.971474,
              29.180731
            ],
            [
              78.972567,
              29.18075
            ],
            [
              78.972566,
              29.181823
            ],
            [
              78.970758,
              29.183787
            ],
            [
              78.972812,
              29.184787
            ],
            [
              78.971926,
              29.185787
            ],
            [
              78.97253,
              29.187342
            ],
            [
              78.97453,
              29.186406
            ],
            [
              78.978924,
              29.186181
            ],
            [
              78.979486,
              29.183832
            ],
            [
              78.978772,
              29.183787
            ],
            [
              78.979495,
              29.183752
            ],
            [
              78.979747,
              29.184571
            ],
            [
              78.98198,
              29.184338
            ],
            [
              78.98253,
              29.18628
            ],
            [
              78.98453,
              29.184379
            ],
            [
              78.98753,
              29.187322
            ],
            [
              78.989223,
              29.183787
            ],
            [
              78.98853,
              29.183005
            ],
            [
              78.987444,
              29.183874
            ],
            [
              78.987409,
              29.181665
            ],
            [
              78.98953,
              29.181067
            ],
            [
              78.99053,
              29.181018
            ],
            [
              78.99103,
              29.181787
            ],
            [
              78.989907,
              29.183164
            ],
            [
              78.989919,
              29.186176
            ],
            [
              78.988971,
              29.186787
            ],
            [
              78.989032,
              29.188787
            ],
            [
              78.99053,
              29.190243
            ],
            [
              78.991028,
              29.189787
            ],
            [
              78.990032,
              29.189286
            ],
            [
              78.990137,
              29.186394
            ],
            [
              78.993281,
              29.184787
            ],
            [
              78.993162,
              29.184156
            ],
            [
              78.991511,
              29.183806
            ],
            [
              78.991419,
              29.182676
            ],
            [
              78.995101,
              29.182787
            ],
            [
              78.994701,
              29.183787
            ],
            [
              78.995817,
              29.186074
            ],
            [
              78.99488,
              29.186787
            ],
            [
              78.99553,
              29.187394
            ],
            [
              78.99853,
              29.184069
            ],
            [
              79.00058,
              29.184738
            ],
            [
              79.000948,
              29.185787
            ],
            [
              78.998754,
              29.189787
            ],
            [
              78.995091,
              29.191348
            ],
            [
              78.99573,
              29.193987
            ],
            [
              78.99453,
              29.193171
            ],
            [
              78.991842,
              29.196099
            ],
            [
              78.990077,
              29.196787
            ],
            [
              78.99253,
              29.19713
            ],
            [
              78.993979,
              29.198339
            ],
            [
              78.994232,
              29.200787
            ],
            [
              78.997215,
              29.205787
            ],
            [
              78.995334,
              29.206591
            ],
            [
              78.99453,
              29.208495
            ],
            [
              78.993051,
              29.208267
            ],
            [
              78.99153,
              29.206534
            ],
            [
              78.99028,
              29.207787
            ],
            [
              78.990364,
              29.208953
            ],
            [
              78.992021,
              29.208296
            ],
            [
              78.99253,
              29.210058
            ],
            [
              78.99353,
              29.209081
            ],
            [
              78.99453,
              29.210074
            ],
            [
              78.99553,
              29.209102
            ],
            [
              78.99653,
              29.210089
            ],
            [
              78.99853,
              29.208146
            ],
            [
              78.999898,
              29.209155
            ],
            [
              79.00153,
              29.205267
            ],
            [
              79.003823,
              29.20808
            ],
            [
              79.003893,
              29.205424
            ],
            [
              79.002284,
              29.204034
            ],
            [
              79.001991,
              29.202326
            ],
            [
              79.000425,
              29.201787
            ],
            [
              79.000571,
              29.198747
            ],
            [
              79.000885,
              29.200433
            ],
            [
              79.002727,
              29.201591
            ],
            [
              79.003113,
              29.203205
            ],
            [
              79.005843,
              29.203474
            ],
            [
              79.004978,
              29.204787
            ],
            [
              79.00521,
              29.207107
            ],
            [
              79.008497,
              29.205754
            ],
            [
              79.00853,
              29.202937
            ],
            [
              79.009863,
              29.204455
            ],
            [
              79.013066,
              29.204787
            ],
            [
              79.013901,
              29.205787
            ],
            [
              79.01253,
              29.205923
            ],
            [
              79.011844,
              29.206787
            ],
            [
              79.01303,
              29.208287
            ],
            [
              79.014008,
              29.208265
            ],
            [
              79.01453,
              29.206004
            ],
            [
              79.017321,
              29.205996
            ],
            [
              79.017757,
              29.20756
            ],
            [
              79.019919,
              29.209787
            ],
            [
              79.01853,
              29.211397
            ],
            [
              79.017632,
              29.210686
            ],
            [
              79.016009,
              29.211266
            ],
            [
              79.015726,
              29.213592
            ],
            [
              79.01653,
              29.213857
            ],
            [
              79.013779,
              29.215035
            ],
            [
              79.01353,
              29.216279
            ],
            [
              79.01294,
              29.211378
            ],
            [
              79.01153,
              29.211245
            ],
            [
              79.009984,
              29.212787
            ],
            [
              79.011754,
              29.214011
            ],
            [
              79.00896,
              29.214217
            ],
            [
              79.008094,
              29.213787
            ],
            [
              79.007846,
              29.211472
            ],
            [
              79.006248,
              29.211505
            ],
            [
              79.006179,
              29.215138
            ],
            [
              79.012386,
              29.215787
            ],
            [
              79.006165,
              29.216422
            ],
            [
              79.005743,
              29.22
            ],
            [
              79.003702,
              29.220787
            ],
            [
              79.00373,
              29.221587
            ],
            [
              79.004635,
              29.221891
            ],
            [
              79.00153,
              29.221828
            ],
            [
              79.001475,
              29.220843
            ],
            [
              79.003189,
              29.220446
            ],
            [
              79.004184,
              29.218787
            ],
            [
              79.002162,
              29.214787
            ],
            [
              79.004874,
              29.215131
            ],
            [
              79.004806,
              29.211512
            ],
            [
              79.002947,
              29.213204
            ],
            [
              78.999126,
              29.214383
            ],
            [
              79.000032,
              29.217787
            ],
            [
              78.99853,
              29.220213
            ],
            [
              78.997949,
              29.214787
            ],
            [
              78.999786,
              29.213043
            ],
            [
              78.999758,
              29.21156
            ],
            [
              78.99853,
              29.211464
            ],
            [
              78.99753,
              29.212461
            ],
            [
              78.99653,
              29.211485
            ],
            [
              78.99453,
              29.211501
            ],
            [
              78.992344,
              29.212601
            ],
            [
              78.99453,
              29.215137
            ],
            [
              78.99553,
              29.21416
            ],
            [
              78.996943,
              29.214374
            ],
            [
              78.995953,
              29.21621
            ],
            [
              78.993308,
              29.216565
            ],
            [
              78.993224,
              29.219787
            ],
            [
              78.994334,
              29.220984
            ],
            [
              78.995992,
              29.221325
            ],
            [
              78.997206,
              29.222787
            ],
            [
              78.997293,
              29.225025
            ],
            [
              78.999237,
              29.225787
            ],
            [
              78.998165,
              29.230153
            ],
            [
              79.00153,
              29.230397
            ],
            [
              79.003748,
              29.232787
            ],
            [
              79.00353,
              29.234333
            ],
            [
              79.000937,
              29.231381
            ],
            [
              79.00016,
              29.231417
            ],
            [
              78.999947,
              29.233787
            ],
            [
              79.001054,
              29.236263
            ],
            [
              79.00253,
              29.237566
            ],
            [
              79.003267,
              29.237524
            ],
            [
              79.00353,
              29.23648
            ],
            [
              79.004883,
              29.236787
            ],
            [
              79.00375,
              29.238007
            ],
            [
              79.00353,
              29.240044
            ],
            [
              79.002113,
              29.238204
            ],
            [
              79.00053,
              29.238144
            ],
            [
              78.998169,
              29.239426
            ],
            [
              78.996075,
              29.241787
            ],
            [
              78.99853,
              29.242343
            ],
            [
              78.999819,
              29.241499
            ],
            [
              79.000872,
              29.242445
            ],
            [
              79.001104,
              29.244213
            ],
            [
              79.003868,
              29.246787
            ],
            [
              78.99953,
              29.24621
            ],
            [
              78.995096,
              29.248787
            ],
            [
              78.995229,
              29.250089
            ],
            [
              78.99653,
              29.25129
            ],
            [
              78.99853,
              29.250402
            ],
            [
              79.000072,
              29.250787
            ],
            [
              78.999876,
              29.254787
            ],
            [
              79.001121,
              29.255378
            ],
            [
              79.00153,
              29.25418
            ],
            [
              79.00253,
              29.253846
            ],
            [
              79.001725,
              29.256787
            ],
            [
              79.003004,
              29.258261
            ],
            [
              79.00253,
              29.258849
            ],
            [
              79.002356,
              29.257962
            ],
            [
              79.00053,
              29.257034
            ],
            [
              78.99953,
              29.258717
            ],
            [
              78.998442,
              29.257787
            ],
            [
              78.999269,
              29.257526
            ],
            [
              78.99901,
              29.256308
            ],
            [
              78.99653,
              29.254219
            ],
            [
              78.993012,
              29.256269
            ],
            [
              78.992708,
              29.25761
            ],
            [
              78.99353,
              29.257822
            ],
            [
              78.992473,
              29.257845
            ],
            [
              78.992236,
              29.257082
            ],
            [
              78.98953,
              29.256808
            ],
            [
              78.989531,
              29.256787
            ],
            [
              78.99053,
              29.25669
            ],
            [
              78.991199,
              29.256456
            ],
            [
              78.991332,
              29.254986
            ],
            [
              78.99053,
              29.254744
            ],
            [
              78.99153,
              29.254696
            ],
            [
              78.99253,
              29.255526
            ],
            [
              78.994938,
              29.254195
            ],
            [
              78.99453,
              29.252296
            ],
            [
              78.99253,
              29.253236
            ],
            [
              78.98919,
              29.252447
            ],
            [
              78.984796,
              29.255787
            ],
            [
              78.98653,
              29.258133
            ],
            [
              78.98553,
              29.257985
            ],
            [
              78.98453,
              29.256971
            ],
            [
              78.983654,
              29.256911
            ],
            [
              78.983082,
              29.257787
            ],
            [
              78.983495,
              29.256752
            ],
            [
              78.984172,
              29.256429
            ],
            [
              78.984334,
              29.254591
            ],
            [
              78.985141,
              29.253787
            ],
            [
              78.98253,
              29.252371
            ],
            [
              78.98108,
              29.253787
            ],
            [
              78.983007,
              29.254787
            ],
            [
              78.981353,
              29.256787
            ],
            [
              78.982483,
              29.257787
            ],
            [
              78.981797,
              29.260787
            ],
            [
              78.982696,
              29.261787
            ],
            [
              78.98253,
              29.263796
            ]
          ]
        ],
        "type": "Polygon"
      },
      "type": "Feature"
    }
  ]
}