{
  "type": "FeatureCollection",
  "metadata": {
    "provider_name": "A3 Cafe & Fast Food Outlet",
    "center_lat": 22.9471604,
    "center_lon": 79.192256,
    "mode": "motorcycle",
    "total_zones": 4,
    "distance_zones": [
      3,
      4,
      5,
      6
    ],
    "generated_at": "2025-12-29T12:28:08.746700Z"
  },
  "features": [
    {
      "properties": {
        "fill-opacity": 0.33,
        "fillColor": "#bf4040",
        "opacity": 0.33,
        "fill": "#bf4040",
        "fillOpacity": 0.33,
        "color": "#bf4040",
        "contour": 3.0,
        "metric": "distance",
        "provider_name": "A3 Cafe & Fast Food Outlet",
        "zone_type": "distance",
        "distance_km": 3,
        "mode": "motorcycle",
        "center_lat": 22.9471604,
        "center_lon": 79.192256,
        "label": "3km"
      },
      "geometry": {
        "coordinates": [
          [
            [
              79.193256,
              22.971053
            ],
            [
              79.192483,
              22.97016
            ],
            [
              79.193085,
              22.969989
            ],
            [
              79.19344,
              22.96516
            ],
            [
              79.194648,
              22.964553
            ],
            [
              79.194615,
              22.9638
            ],
            [
              79.192256,
              22.963514
            ],
            [
              79.191256,
              22.965496
            ],
            [
              79.189865,
              22.96477
            ],
            [
              79.190449,
              22.966353
            ],
            [
              79.188449,
              22.96716
            ],
            [
              79.1884,
              22.969016
            ],
            [
              79.189256,
              22.969671
            ],
            [
              79.188211,
              22.969204
            ],
            [
              79.18796,
              22.968456
            ],
            [
              79.186563,
              22.968468
            ],
            [
              79.186256,
              22.970242
            ],
            [
              79.185419,
              22.96916
            ],
            [
              79.186845,
              22.967749
            ],
            [
              79.186933,
              22.96416
            ],
            [
              79.187868,
              22.962772
            ],
            [
              79.189605,
              22.962509
            ],
            [
              79.189581,
              22.961835
            ],
            [
              79.187817,
              22.961599
            ],
            [
              79.187256,
              22.960622
            ],
            [
              79.184974,
              22.960441
            ],
            [
              79.184605,
              22.958811
            ],
            [
              79.182897,
              22.958519
            ],
            [
              79.182256,
              22.957624
            ],
            [
              79.181639,
              22.95816
            ],
            [
              79.182449,
              22.959354
            ],
            [
              79.180464,
              22.96016
            ],
            [
              79.180608,
              22.960807
            ],
            [
              79.182162,
              22.96116
            ],
            [
              79.180571,
              22.961475
            ],
            [
              79.180256,
              22.963066
            ],
            [
              79.178047,
              22.957369
            ],
            [
              79.177256,
              22.957253
            ],
            [
              79.176413,
              22.957318
            ],
            [
              79.176516,
              22.95916
            ],
            [
              79.175677,
              22.959582
            ],
            [
              79.175317,
              22.961221
            ],
            [
              79.173747,
              22.96116
            ],
            [
              79.173077,
              22.95916
            ],
            [
              79.175745,
              22.95865
            ],
            [
              79.175972,
              22.956876
            ],
            [
              79.176874,
              22.95616
            ],
            [
              79.175381,
              22.955285
            ],
            [
              79.175018,
              22.95616
            ],
            [
              79.175218,
              22.955123
            ],
            [
              79.177793,
              22.95416
            ],
            [
              79.174985,
              22.95343
            ],
            [
              79.175571,
              22.950845
            ],
            [
              79.173893,
              22.950798
            ],
            [
              79.173256,
              22.953493
            ],
            [
              79.1708,
              22.952705
            ],
            [
              79.169446,
              22.95416
            ],
            [
              79.169256,
              22.956002
            ],
            [
              79.168256,
              22.955863
            ],
            [
              79.167418,
              22.95316
            ],
            [
              79.168853,
              22.952758
            ],
            [
              79.169098,
              22.951003
            ],
            [
              79.171665,
              22.95057
            ],
            [
              79.171649,
              22.949766
            ],
            [
              79.167256,
              22.949374
            ],
            [
              79.166256,
              22.950251
            ],
            [
              79.164478,
              22.95016
            ],
            [
              79.166064,
              22.949968
            ],
            [
              79.166256,
              22.949002
            ],
            [
              79.16969,
              22.948594
            ],
            [
              79.169256,
              22.946921
            ],
            [
              79.170545,
              22.94687
            ],
            [
              79.17084,
              22.948576
            ],
            [
              79.171635,
              22.94854
            ],
            [
              79.171256,
              22.94584
            ],
            [
              79.173256,
              22.945765
            ],
            [
              79.174256,
              22.944756
            ],
            [
              79.175611,
              22.945516
            ],
            [
              79.175646,
              22.94477
            ],
            [
              79.173001,
              22.94216
            ],
            [
              79.173256,
              22.940206
            ],
            [
              79.174272,
              22.94016
            ],
            [
              79.1748,
              22.942616
            ],
            [
              79.176256,
              22.942786
            ],
            [
              79.176935,
              22.941839
            ],
            [
              79.179256,
              22.941629
            ],
            [
              79.182256,
              22.939632
            ],
            [
              79.183588,
              22.939492
            ],
            [
              79.184962,
              22.937866
            ],
            [
              79.186256,
              22.937746
            ],
            [
              79.186532,
              22.938436
            ],
            [
              79.184586,
              22.94049
            ],
            [
              79.182946,
              22.94085
            ],
            [
              79.182988,
              22.941427
            ],
            [
              79.188256,
              22.941487
            ],
            [
              79.189936,
              22.94316
            ],
            [
              79.189062,
              22.944354
            ],
            [
              79.191435,
              22.94434
            ],
            [
              79.193582,
              22.94216
            ],
            [
              79.193481,
              22.940935
            ],
            [
              79.191516,
              22.938899
            ],
            [
              79.187953,
              22.937463
            ],
            [
              79.188666,
              22.934749
            ],
            [
              79.186531,
              22.93416
            ],
            [
              79.188005,
              22.932909
            ],
            [
              79.188152,
              22.93116
            ],
            [
              79.188272,
              22.931176
            ],
            [
              79.188457,
              22.931959
            ],
            [
              79.189954,
              22.931858
            ],
            [
              79.191256,
              22.930446
            ],
            [
              79.192104,
              22.93116
            ],
            [
              79.191512,
              22.93216
            ],
            [
              79.192256,
              22.932788
            ],
            [
              79.193639,
              22.931544
            ],
            [
              79.193605,
              22.92916
            ],
            [
              79.195735,
              22.92816
            ],
            [
              79.194872,
              22.92716
            ],
            [
              79.195147,
              22.923269
            ],
            [
              79.194637,
              22.92316
            ],
            [
              79.196256,
              22.922957
            ],
            [
              79.196657,
              22.925758
            ],
            [
              79.197985,
              22.92589
            ],
            [
              79.198256,
              22.925121
            ],
            [
              79.200247,
              22.92716
            ],
            [
              79.196807,
              22.927711
            ],
            [
              79.197637,
              22.92916
            ],
            [
              79.196713,
              22.93016
            ],
            [
              79.196925,
              22.931491
            ],
            [
              79.202256,
              22.931829
            ],
            [
              79.206221,
              22.93516
            ],
            [
              79.203923,
              22.936828
            ],
            [
              79.204704,
              22.938608
            ],
            [
              79.202956,
              22.93986
            ],
            [
              79.202627,
              22.941532
            ],
            [
              79.200256,
              22.942762
            ],
            [
              79.198256,
              22.941804
            ],
            [
              79.197041,
              22.942945
            ],
            [
              79.197064,
              22.944351
            ],
            [
              79.198256,
              22.943479
            ],
            [
              79.201256,
              22.943497
            ],
            [
              79.202256,
              22.942533
            ],
            [
              79.203501,
              22.943405
            ],
            [
              79.205772,
              22.94116
            ],
            [
              79.204848,
              22.94016
            ],
            [
              79.20486,
              22.938764
            ],
            [
              79.208256,
              22.938648
            ],
            [
              79.211423,
              22.94116
            ],
            [
              79.209803,
              22.941707
            ],
            [
              79.209909,
              22.942507
            ],
            [
              79.215256,
              22.942688
            ],
            [
              79.217256,
              22.943656
            ],
            [
              79.218642,
              22.942773
            ],
            [
              79.220597,
              22.94416
            ],
            [
              79.219256,
              22.944881
            ],
            [
              79.219047,
              22.944369
            ],
            [
              79.217674,
              22.944579
            ],
            [
              79.216256,
              22.948136
            ],
            [
              79.212494,
              22.951398
            ],
            [
              79.21011,
              22.951305
            ],
            [
              79.210939,
              22.94916
            ],
            [
              79.210256,
              22.947587
            ],
            [
              79.209256,
              22.94857
            ],
            [
              79.207875,
              22.947779
            ],
            [
              79.207451,
              22.949355
            ],
            [
              79.206256,
              22.949481
            ],
            [
              79.204976,
              22.95088
            ],
            [
              79.207256,
              22.952648
            ],
            [
              79.208256,
              22.951723
            ],
            [
              79.209629,
              22.951786
            ],
            [
              79.209869,
              22.954546
            ],
            [
              79.211559,
              22.95616
            ],
            [
              79.210772,
              22.957644
            ],
            [
              79.212343,
              22.959073
            ],
            [
              79.212339,
              22.960076
            ],
            [
              79.213014,
              22.96016
            ],
            [
              79.212256,
              22.960375
            ],
            [
              79.212006,
              22.95941
            ],
            [
              79.210086,
              22.95833
            ],
            [
              79.209256,
              22.955567
            ],
            [
              79.20785,
              22.955754
            ],
            [
              79.207472,
              22.957376
            ],
            [
              79.205941,
              22.957474
            ],
            [
              79.206073,
              22.955977
            ],
            [
              79.207793,
              22.95416
            ],
            [
              79.205256,
              22.952719
            ],
            [
              79.203795,
              22.95316
            ],
            [
              79.204746,
              22.95416
            ],
            [
              79.204256,
              22.955939
            ],
            [
              79.201256,
              22.955762
            ],
            [
              79.198256,
              22.957776
            ],
            [
              79.197256,
              22.956781
            ],
            [
              79.194992,
              22.957896
            ],
            [
              79.195826,
              22.95916
            ],
            [
              79.195924,
              22.961492
            ],
            [
              79.197256,
              22.961717
            ],
            [
              79.199044,
              22.959949
            ],
            [
              79.200755,
              22.959659
            ],
            [
              79.201173,
              22.957078
            ],
            [
              79.202119,
              22.95716
            ],
            [
              79.201308,
              22.957212
            ],
            [
              79.201409,
              22.960313
            ],
            [
              79.199806,
              22.96071
            ],
            [
              79.198526,
              22.962431
            ],
            [
              79.196712,
              22.96316
            ],
            [
              79.198256,
              22.96482
            ],
            [
              79.201043,
              22.964947
            ],
            [
              79.201631,
              22.96416
            ],
            [
              79.201896,
              22.96616
            ],
            [
              79.201256,
              22.967532
            ],
            [
              79.19961,
              22.967515
            ],
            [
              79.199256,
              22.969248
            ],
            [
              79.197693,
              22.965722
            ],
            [
              79.195869,
              22.964774
            ],
            [
              79.195526,
              22.96716
            ],
            [
              79.194371,
              22.969275
            ],
            [
              79.193534,
              22.969438
            ],
            [
              79.193256,
              22.971053
            ]
          ]
        ],
        "type": "Polygon"
      },
      "type": "Feature"
    },
    {
      "properties": {
        "fill-opacity": 0.33,
        "fillColor": "#bf4040",
        "opacity": 0.33,
        "fill": "#bf4040",
        "fillOpacity": 0.33,
        "color": "#bf4040",
        "contour": 4.0,
        "metric": "distance",
        "provider_name": "A3 Cafe & Fast Food Outlet",
        "zone_type": "distance",
        "distance_km": 4,
        "mode": "motorcycle",
        "center_lat": 22.9471604,
        "center_lon": 79.192256,
        "label": "4km"
      },
      "geometry": {
        "coordinates": [
          [
            [
              79.195256,
              22.979077
            ],
            [
              79.193322,
              22.97816
            ],
            [
              79.194986,
              22.977891
            ],
            [
              79.19504,
              22.976944
            ],
            [
              79.194714,
              22.975702
            ],
            [
              79.19291,
              22.97416
            ],
            [
              79.192937,
              22.97216
            ],
            [
              79.19189,
              22.971794
            ],
            [
              79.191522,
              22.973426
            ],
            [
              79.190256,
              22.974675
            ],
            [
              79.188842,
              22.97216
            ],
            [
              79.188766,
              22.97016
            ],
            [
              79.187256,
              22.968713
            ],
            [
              79.186688,
              22.97216
            ],
            [
              79.18565,
              22.97316
            ],
            [
              79.186041,
              22.974945
            ],
            [
              79.184685,
              22.97559
            ],
            [
              79.184256,
              22.978626
            ],
            [
              79.184027,
              22.977388
            ],
            [
              79.182273,
              22.97716
            ],
            [
              79.183767,
              22.97516
            ],
            [
              79.182922,
              22.972826
            ],
            [
              79.185789,
              22.97116
            ],
            [
              79.184762,
              22.96916
            ],
            [
              79.186677,
              22.96716
            ],
            [
              79.187256,
              22.962769
            ],
            [
              79.185256,
              22.962732
            ],
            [
              79.181691,
              22.96516
            ],
            [
              79.184256,
              22.971318
            ],
            [
              79.182256,
              22.971251
            ],
            [
              79.181188,
              22.970228
            ],
            [
              79.181911,
              22.96716
            ],
            [
              79.180256,
              22.965577
            ],
            [
              79.179468,
              22.967372
            ],
            [
              79.177658,
              22.968563
            ],
            [
              79.177304,
              22.970209
            ],
            [
              79.175884,
              22.97016
            ],
            [
              79.177097,
              22.970001
            ],
            [
              79.177124,
              22.968029
            ],
            [
              79.180758,
              22.96316
            ],
            [
              79.178886,
              22.961529
            ],
            [
              79.178657,
              22.95916
            ],
            [
              79.177256,
              22.95741
            ],
            [
              79.175605,
              22.961509
            ],
            [
              79.173738,
              22.96216
            ],
            [
              79.173513,
              22.964418
            ],
            [
              79.171583,
              22.96516
            ],
            [
              79.170268,
              22.969173
            ],
            [
              79.169556,
              22.96916
            ],
            [
              79.170213,
              22.969118
            ],
            [
              79.17012,
              22.96816
            ],
            [
              79.169256,
              22.967313
            ],
            [
              79.168292,
              22.968196
            ],
            [
              79.167173,
              22.96816
            ],
            [
              79.168172,
              22.968077
            ],
            [
              79.168156,
              22.967061
            ],
            [
              79.16974,
              22.965644
            ],
            [
              79.170046,
              22.962951
            ],
            [
              79.171652,
              22.963556
            ],
            [
              79.170869,
              22.96216
            ],
            [
              79.172773,
              22.96116
            ],
            [
              79.168256,
              22.960452
            ],
            [
              79.168043,
              22.958947
            ],
            [
              79.170256,
              22.958782
            ],
            [
              79.171256,
              22.959724
            ],
            [
              79.172256,
              22.958682
            ],
            [
              79.175256,
              22.958605
            ],
            [
              79.175698,
              22.956717
            ],
            [
              79.172256,
              22.956564
            ],
            [
              79.171986,
              22.95589
            ],
            [
              79.173256,
              22.954719
            ],
            [
              79.177498,
              22.954403
            ],
            [
              79.177256,
              22.953814
            ],
            [
              79.174837,
              22.953578
            ],
            [
              79.175469,
              22.950946
            ],
            [
              79.174021,
              22.950925
            ],
            [
              79.173256,
              22.95376
            ],
            [
              79.170985,
              22.952889
            ],
            [
              79.169808,
              22.95416
            ],
            [
              79.169256,
              22.956654
            ],
            [
              79.167928,
              22.956488
            ],
            [
              79.166763,
              22.95316
            ],
            [
              79.168552,
              22.952456
            ],
            [
              79.168878,
              22.950782
            ],
            [
              79.171509,
              22.950414
            ],
            [
              79.171256,
              22.949789
            ],
            [
              79.167256,
              22.94972
            ],
            [
              79.166256,
              22.950684
            ],
            [
              79.163902,
              22.950807
            ],
            [
              79.162624,
              22.95216
            ],
            [
              79.163565,
              22.95316
            ],
            [
              79.163317,
              22.95616
            ],
            [
              79.162256,
              22.956366
            ],
            [
              79.162169,
              22.95616
            ],
            [
              79.163122,
              22.956026
            ],
            [
              79.163003,
              22.95416
            ],
            [
              79.161663,
              22.951752
            ],
            [
              79.159773,
              22.951677
            ],
            [
              79.158621,
              22.952525
            ],
            [
              79.158274,
              22.954178
            ],
            [
              79.157519,
              22.95416
            ],
            [
              79.156256,
              22.952882
            ],
            [
              79.156049,
              22.951366
            ],
            [
              79.154926,
              22.95116
            ],
            [
              79.157256,
              22.950961
            ],
            [
              79.158256,
              22.949954
            ],
            [
              79.159256,
              22.950852
            ],
            [
              79.161256,
              22.947872
            ],
            [
              79.162256,
              22.94878
            ],
            [
              79.164256,
              22.948672
            ],
            [
              79.165256,
              22.949643
            ],
            [
              79.166256,
              22.948617
            ],
            [
              79.169519,
              22.948423
            ],
            [
              79.168877,
              22.946781
            ],
            [
              79.174635,
              22.944539
            ],
            [
              79.172683,
              22.94216
            ],
            [
              79.172653,
              22.93916
            ],
            [
              79.173256,
              22.938546
            ],
            [
              79.174654,
              22.939761
            ],
            [
              79.174985,
              22.942431
            ],
            [
              79.176256,
              22.942545
            ],
            [
              79.176817,
              22.941721
            ],
            [
              79.179256,
              22.941479
            ],
            [
              79.183476,
              22.939381
            ],
            [
              79.184828,
              22.937732
            ],
            [
              79.186256,
              22.937529
            ],
            [
              79.186676,
              22.93858
            ],
            [
              79.183065,
              22.94135
            ],
            [
              79.188256,
              22.941407
            ],
            [
              79.190014,
              22.94316
            ],
            [
              79.189105,
              22.94431
            ],
            [
              79.191397,
              22.944301
            ],
            [
              79.193411,
              22.942315
            ],
            [
              79.193502,
              22.94116
            ],
            [
              79.191443,
              22.938973
            ],
            [
              79.187824,
              22.937591
            ],
            [
              79.188594,
              22.93616
            ],
            [
              79.188256,
              22.934693
            ],
            [
              79.184256,
              22.934466
            ],
            [
              79.183256,
              22.935539
            ],
            [
              79.179618,
              22.936523
            ],
            [
              79.179256,
              22.937274
            ],
            [
              79.177526,
              22.93716
            ],
            [
              79.17823,
              22.936134
            ],
            [
              79.181708,
              22.934612
            ],
            [
              79.181088,
              22.93216
            ],
            [
              79.181944,
              22.931849
            ],
            [
              79.182256,
              22.930512
            ],
            [
              79.182801,
              22.933615
            ],
            [
              79.186256,
              22.933668
            ],
            [
              79.187572,
              22.932476
            ],
            [
              79.185256,
              22.925747
            ],
            [
              79.187235,
              22.92616
            ],
            [
              79.1866,
              22.92716
            ],
            [
              79.187645,
              22.92816
            ],
            [
              79.187914,
              22.930502
            ],
            [
              79.189256,
              22.93162
            ],
            [
              79.189767,
              22.93116
            ],
            [
              79.188786,
              22.93063
            ],
            [
              79.188822,
              22.92916
            ],
            [
              79.190848,
              22.92816
            ],
            [
              79.189811,
              22.926605
            ],
            [
              79.187334,
              22.92616
            ],
            [
              79.187545,
              22.92516
            ],
            [
              79.189256,
              22.925034
            ],
            [
              79.1905,
              22.925916
            ],
            [
              79.192256,
              22.92493
            ],
            [
              79.192817,
              22.926598
            ],
            [
              79.194256,
              22.92697
            ],
            [
              79.194716,
              22.92416
            ],
            [
              79.193764,
              22.92316
            ],
            [
              79.195587,
              22.922491
            ],
            [
              79.194847,
              22.92116
            ],
            [
              79.196639,
              22.920543
            ],
            [
              79.19689,
              22.91916
            ],
            [
              79.196256,
              22.918391
            ],
            [
              79.194409,
              22.918313
            ],
            [
              79.193844,
              22.91916
            ],
            [
              79.194256,
              22.918087
            ],
            [
              79.197731,
              22.917635
            ],
            [
              79.197606,
              22.914511
            ],
            [
              79.198255,
              22.91416
            ],
            [
              79.200084,
              22.91516
            ],
            [
              79.198618,
              22.916522
            ],
            [
              79.198761,
              22.917655
            ],
            [
              79.202135,
              22.91816
            ],
            [
              79.197806,
              22.918711
            ],
            [
              79.197681,
              22.92116
            ],
            [
              79.196739,
              22.92216
            ],
            [
              79.196955,
              22.92546
            ],
            [
              79.198256,
              22.92465
            ],
            [
              79.200256,
              22.92666
            ],
            [
              79.205256,
              22.926826
            ],
            [
              79.206256,
              22.925925
            ],
            [
              79.207475,
              22.92616
            ],
            [
              79.206256,
              22.92744
            ],
            [
              79.197256,
              22.927731
            ],
            [
              79.196874,
              22.92816
            ],
            [
              79.197873,
              22.92916
            ],
            [
              79.196904,
              22.93016
            ],
            [
              79.197035,
              22.93138
            ],
            [
              79.200256,
              22.930888
            ],
            [
              79.203256,
              22.931764
            ],
            [
              79.206256,
              22.934168
            ],
            [
              79.207404,
              22.934309
            ],
            [
              79.208256,
              22.933387
            ],
            [
              79.208437,
              22.933979
            ],
            [
              79.209982,
              22.933887
            ],
            [
              79.210256,
              22.932472
            ],
            [
              79.211787,
              22.933629
            ],
            [
              79.213113,
              22.93616
            ],
            [
              79.211672,
              22.93816
            ],
            [
              79.213635,
              22.93916
            ],
            [
              79.213996,
              22.94016
            ],
            [
              79.213256,
              22.940335
            ],
            [
              79.213039,
              22.939376
            ],
            [
              79.211636,
              22.93954
            ],
            [
              79.211654,
              22.941558
            ],
            [
              79.209986,
              22.94189
            ],
            [
              79.210256,
              22.942488
            ],
            [
              79.214378,
              22.942283
            ],
            [
              79.215256,
              22.941513
            ],
            [
              79.217256,
              22.942612
            ],
            [
              79.217631,
              22.941784
            ],
            [
              79.215919,
              22.941496
            ],
            [
              79.215527,
              22.94016
            ],
            [
              79.216297,
              22.940119
            ],
            [
              79.216442,
              22.940973
            ],
            [
              79.218785,
              22.94069
            ],
            [
              79.220256,
              22.938111
            ],
            [
              79.221256,
              22.938225
            ],
            [
              79.221432,
              22.940336
            ],
            [
              79.220543,
              22.94116
            ],
            [
              79.221256,
              22.941739
            ],
            [
              79.222256,
              22.940803
            ],
            [
              79.223256,
              22.941775
            ],
            [
              79.226256,
              22.940064
            ],
            [
              79.229344,
              22.94116
            ],
            [
              79.229143,
              22.94216
            ],
            [
              79.225779,
              22.942684
            ],
            [
              79.226468,
              22.944947
            ],
            [
              79.227145,
              22.94516
            ],
            [
              79.225526,
              22.94543
            ],
            [
              79.225256,
              22.946518
            ],
            [
              79.223989,
              22.946894
            ],
            [
              79.22446,
              22.95016
            ],
            [
              79.223441,
              22.950346
            ],
            [
              79.223256,
              22.95118
            ],
            [
              79.223035,
              22.95038
            ],
            [
              79.221676,
              22.95058
            ],
            [
              79.220021,
              22.95416
            ],
            [
              79.219175,
              22.954241
            ],
            [
              79.217256,
              22.952363
            ],
            [
              79.214652,
              22.95316
            ],
            [
              79.214586,
              22.95516
            ],
            [
              79.215506,
              22.95691
            ],
            [
              79.217374,
              22.957278
            ],
            [
              79.218256,
              22.956625
            ],
            [
              79.219896,
              22.9568
            ],
            [
              79.220256,
              22.95605
            ],
            [
              79.220575,
              22.95716
            ],
            [
              79.214679,
              22.96016
            ],
            [
              79.214823,
              22.963592
            ],
            [
              79.216424,
              22.963992
            ],
            [
              79.217477,
              22.965938
            ],
            [
              79.218641,
              22.96616
            ],
            [
              79.218129,
              22.967034
            ],
            [
              79.217256,
              22.967214
            ],
            [
              79.216891,
              22.965525
            ],
            [
              79.215741,
              22.964674
            ],
            [
              79.214075,
              22.96534
            ],
            [
              79.213256,
              22.961642
            ],
            [
              79.211471,
              22.964376
            ],
            [
              79.209256,
              22.965347
            ],
            [
              79.207393,
              22.965298
            ],
            [
              79.207256,
              22.966439
            ],
            [
              79.207214,
              22.965119
            ],
            [
              79.210701,
              22.963606
            ],
            [
              79.211835,
              22.96216
            ],
            [
              79.211256,
              22.961585
            ],
            [
              79.207122,
              22.961293
            ],
            [
              79.206778,
              22.959638
            ],
            [
              79.203256,
              22.956622
            ],
            [
              79.201793,
              22.95816
            ],
            [
              79.201632,
              22.960537
            ],
            [
              79.197022,
              22.962926
            ],
            [
              79.198256,
              22.964558
            ],
            [
              79.202564,
              22.963852
            ],
            [
              79.203717,
              22.96516
            ],
            [
              79.202731,
              22.96616
            ],
            [
              79.203639,
              22.96716
            ],
            [
              79.201571,
              22.969476
            ],
            [
              79.199916,
              22.96982
            ],
            [
              79.199544,
              22.971449
            ],
            [
              79.198256,
              22.971575
            ],
            [
              79.197841,
              22.97116
            ],
            [
              79.198753,
              22.96916
            ],
            [
              79.197758,
              22.96816
            ],
            [
              79.19752,
              22.965896
            ],
            [
              79.196011,
              22.964915
            ],
            [
              79.195834,
              22.96716
            ],
            [
              79.193779,
              22.97016
            ],
            [
              79.194874,
              22.972542
            ],
            [
              79.197426,
              22.972989
            ],
            [
              79.196579,
              22.97416
            ],
            [
              79.197482,
              22.97516
            ],
            [
              79.195788,
              22.975692
            ],
            [
              79.195256,
              22.979077
            ]
          ]
        ],
        "type": "Polygon"
      },
      "type": "Feature"
    },
    {
      "properties": {
        "fill-opacity": 0.33,
        "fillColor": "#bf4040",
        "opacity": 0.33,
        "fill": "#bf4040",
        "fillOpacity": 0.33,
        "color": "#bf4040",
        "contour": 5.0,
        "metric": "distance",
        "provider_name": "A3 Cafe & Fast Food Outlet",
        "zone_type": "distance",
        "distance_km": 5,
        "mode": "motorcycle",
        "center_lat": 22.9471604,
        "center_lon": 79.192256,
        "label": "5km"
      },
      "geometry": {
        "coordinates": [
          [
            [
              79.184256,
              22.987081
            ],
            [
              79.183953,
              22.985462
            ],
            [
              79.182901,
              22.984514
            ],
            [
              79.180335,
              22.98416
            ],
            [
              79.181127,
              22.984031
            ],
            [
              79.181256,
              22.983131
            ],
            [
              79.183731,
              22.982635
            ],
            [
              79.183589,
              22.978826
            ],
            [
              79.182256,
              22.97963
            ],
            [
              79.179843,
              22.979748
            ],
            [
              79.178256,
              22.981452
            ],
            [
              79.176541,
              22.981445
            ],
            [
              79.176256,
              22.982934
            ],
            [
              79.176012,
              22.981404
            ],
            [
              79.174777,
              22.98116
            ],
            [
              79.177256,
              22.980963
            ],
            [
              79.179011,
              22.978915
            ],
            [
              79.181256,
              22.978706
            ],
            [
              79.182718,
              22.97716
            ],
            [
              79.182718,
              22.972698
            ],
            [
              79.1818,
              22.972616
            ],
            [
              79.181753,
              22.97116
            ],
            [
              79.180729,
              22.97016
            ],
            [
              79.181651,
              22.96716
            ],
            [
              79.180501,
              22.965915
            ],
            [
              79.17796,
              22.968864
            ],
            [
              79.177602,
              22.970506
            ],
            [
              79.175256,
              22.970637
            ],
            [
              79.174256,
              22.971587
            ],
            [
              79.172256,
              22.971538
            ],
            [
              79.169818,
              22.972723
            ],
            [
              79.168515,
              22.97416
            ],
            [
              79.170337,
              22.97516
            ],
            [
              79.167629,
              22.975533
            ],
            [
              79.167256,
              22.977695
            ],
            [
              79.16693,
              22.975486
            ],
            [
              79.165255,
              22.97516
            ],
            [
              79.166881,
              22.974785
            ],
            [
              79.166117,
              22.973022
            ],
            [
              79.168669,
              22.971574
            ],
            [
              79.168752,
              22.968664
            ],
            [
              79.166772,
              22.968643
            ],
            [
              79.166753,
              22.96816
            ],
            [
              79.169536,
              22.965441
            ],
            [
              79.16986,
              22.962765
            ],
            [
              79.171256,
              22.96154
            ],
            [
              79.17359,
              22.961495
            ],
            [
              79.173256,
              22.960827
            ],
            [
              79.168256,
              22.960745
            ],
            [
              79.167661,
              22.95916
            ],
            [
              79.170256,
              22.958544
            ],
            [
              79.171256,
              22.95952
            ],
            [
              79.172256,
              22.958503
            ],
            [
              79.175256,
              22.958468
            ],
            [
              79.176723,
              22.957628
            ],
            [
              79.176256,
              22.955847
            ],
            [
              79.175256,
              22.95683
            ],
            [
              79.172256,
              22.956783
            ],
            [
              79.171633,
              22.95616
            ],
            [
              79.173256,
              22.954519
            ],
            [
              79.17744,
              22.954344
            ],
            [
              79.17477,
              22.953646
            ],
            [
              79.175418,
              22.950998
            ],
            [
              79.174081,
              22.950985
            ],
            [
              79.17397,
              22.95316
            ],
            [
              79.173256,
              22.953874
            ],
            [
              79.171063,
              22.952967
            ],
            [
              79.169946,
              22.95416
            ],
            [
              79.169698,
              22.956603
            ],
            [
              79.168256,
              22.956823
            ],
            [
              79.166596,
              22.95316
            ],
            [
              79.168461,
              22.952366
            ],
            [
              79.16879,
              22.950695
            ],
            [
              79.171436,
              22.949979
            ],
            [
              79.167256,
              22.949854
            ],
            [
              79.166256,
              22.950837
            ],
            [
              79.164025,
              22.950929
            ],
            [
              79.163771,
              22.95616
            ],
            [
              79.162744,
              22.95716
            ],
            [
              79.162256,
              22.959601
            ],
            [
              79.16088,
              22.95916
            ],
            [
              79.161767,
              22.95716
            ],
            [
              79.160787,
              22.95616
            ],
            [
              79.162574,
              22.955478
            ],
            [
              79.162664,
              22.95316
            ],
            [
              79.161256,
              22.95178
            ],
            [
              79.159976,
              22.95188
            ],
            [
              79.158593,
              22.954498
            ],
            [
              79.156885,
              22.95579
            ],
            [
              79.156503,
              22.957407
            ],
            [
              79.154494,
              22.95916
            ],
            [
              79.154256,
              22.961756
            ],
            [
              79.153972,
              22.95816
            ],
            [
              79.155844,
              22.95616
            ],
            [
              79.155602,
              22.953813
            ],
            [
              79.154256,
              22.953595
            ],
            [
              79.151256,
              22.955403
            ],
            [
              79.149571,
              22.955475
            ],
            [
              79.149256,
              22.956249
            ],
            [
              79.147877,
              22.95616
            ],
            [
              79.149072,
              22.955976
            ],
            [
              79.149868,
              22.954773
            ],
            [
              79.150119,
              22.953296
            ],
            [
              79.149404,
              22.95316
            ],
            [
              79.150256,
              22.953094
            ],
            [
              79.151256,
              22.953858
            ],
            [
              79.152256,
              22.952807
            ],
            [
              79.155737,
              22.95216
            ],
            [
              79.153256,
              22.951603
            ],
            [
              79.152256,
              22.950575
            ],
            [
              79.150063,
              22.951352
            ],
            [
              79.148228,
              22.947188
            ],
            [
              79.147138,
              22.94716
            ],
            [
              79.148201,
              22.947105
            ],
            [
              79.150256,
              22.947385
            ],
            [
              79.151256,
              22.949785
            ],
            [
              79.154256,
              22.949709
            ],
            [
              79.155256,
              22.950651
            ],
            [
              79.157256,
              22.950605
            ],
            [
              79.158256,
              22.949602
            ],
            [
              79.160256,
              22.950555
            ],
            [
              79.160632,
              22.95016
            ],
            [
              79.159664,
              22.94916
            ],
            [
              79.161256,
              22.947576
            ],
            [
              79.162256,
              22.948543
            ],
            [
              79.164256,
              22.948499
            ],
            [
              79.165256,
              22.949486
            ],
            [
              79.166256,
              22.948474
            ],
            [
              79.169444,
              22.948349
            ],
            [
              79.16879,
              22.946694
            ],
            [
              79.170547,
              22.946451
            ],
            [
              79.171256,
              22.945448
            ],
            [
              79.173256,
              22.945434
            ],
            [
              79.174531,
              22.944435
            ],
            [
              79.172788,
              22.942627
            ],
            [
              79.172256,
              22.940432
            ],
            [
              79.168702,
              22.94116
            ],
            [
              79.169256,
              22.940032
            ],
            [
              79.170877,
              22.939782
            ],
            [
              79.17124,
              22.938144
            ],
            [
              79.172256,
              22.938874
            ],
            [
              79.172956,
              22.93816
            ],
            [
              79.173063,
              22.935352
            ],
            [
              79.172212,
              22.935204
            ],
            [
              79.172256,
              22.934313
            ],
            [
              79.17238,
              22.935036
            ],
            [
              79.173315,
              22.935101
            ],
            [
              79.173497,
              22.93716
            ],
            [
              79.174256,
              22.937777
            ],
            [
              79.181525,
              22.934429
            ],
            [
              79.18071,
              22.93216
            ],
            [
              79.181734,
              22.93116
            ],
            [
              79.181826,
              22.927731
            ],
            [
              79.183959,
              22.926864
            ],
            [
              79.184942,
              22.92516
            ],
            [
              79.18207,
              22.921975
            ],
            [
              79.184256,
              22.92146
            ],
            [
              79.185866,
              22.92355
            ],
            [
              79.190256,
              22.925593
            ],
            [
              79.192256,
              22.924595
            ],
            [
              79.192991,
              22.926424
            ],
            [
              79.194476,
              22.92638
            ],
            [
              79.194571,
              22.92416
            ],
            [
              79.193593,
              22.92316
            ],
            [
              79.195477,
              22.922381
            ],
            [
              79.194627,
              22.92116
            ],
            [
              79.196499,
              22.920403
            ],
            [
              79.196528,
              22.918888
            ],
            [
              79.195256,
              22.918703
            ],
            [
              79.194256,
              22.919666
            ],
            [
              79.189256,
              22.91948
            ],
            [
              79.188256,
              22.918452
            ],
            [
              79.187256,
              22.919357
            ],
            [
              79.184552,
              22.91916
            ],
            [
              79.186861,
              22.918766
            ],
            [
              79.187256,
              22.917929
            ],
            [
              79.190256,
              22.917782
            ],
            [
              79.191256,
              22.918724
            ],
            [
              79.193256,
              22.918668
            ],
            [
              79.194256,
              22.917641
            ],
            [
              79.197533,
              22.917437
            ],
            [
              79.197705,
              22.91616
            ],
            [
              79.196256,
              22.9136
            ],
            [
              79.192952,
              22.914463
            ],
            [
              79.191256,
              22.91338
            ],
            [
              79.188709,
              22.91316
            ],
            [
              79.196623,
              22.912528
            ],
            [
              79.196901,
              22.91016
            ],
            [
              79.195983,
              22.90916
            ],
            [
              79.197015,
              22.90816
            ],
            [
              79.196128,
              22.90716
            ],
            [
              79.196256,
              22.905372
            ],
            [
              79.197347,
              22.90616
            ],
            [
              79.197836,
              22.910579
            ],
            [
              79.199779,
              22.910684
            ],
            [
              79.200256,
              22.907888
            ],
            [
              79.200677,
              22.910739
            ],
            [
              79.204011,
              22.910915
            ],
            [
              79.204208,
              22.910113
            ],
            [
              79.205181,
              22.91016
            ],
            [
              79.205256,
              22.911863
            ],
            [
              79.205214,
              22.911202
            ],
            [
              79.203256,
              22.911357
            ],
            [
              79.200837,
              22.912742
            ],
            [
              79.201884,
              22.915531
            ],
            [
              79.203256,
              22.914778
            ],
            [
              79.204256,
              22.916892
            ],
            [
              79.207834,
              22.91716
            ],
            [
              79.203256,
              22.917482
            ],
            [
              79.202752,
              22.91816
            ],
            [
              79.203256,
              22.919441
            ],
            [
              79.201256,
              22.918684
            ],
            [
              79.197987,
              22.918892
            ],
            [
              79.197891,
              22.92116
            ],
            [
              79.196915,
              22.92216
            ],
            [
              79.197059,
              22.926356
            ],
            [
              79.198256,
              22.924489
            ],
            [
              79.200256,
              22.926493
            ],
            [
              79.205256,
              22.92656
            ],
            [
              79.206256,
              22.925593
            ],
            [
              79.207694,
              22.925721
            ],
            [
              79.208328,
              22.92616
            ],
            [
              79.207411,
              22.92716
            ],
            [
              79.207546,
              22.92916
            ],
            [
              79.208256,
              22.929805
            ],
            [
              79.209256,
              22.928884
            ],
            [
              79.210923,
              22.928827
            ],
            [
              79.211041,
              22.927375
            ],
            [
              79.210238,
              22.927142
            ],
            [
              79.211923,
              22.926827
            ],
            [
              79.212156,
              22.92606
            ],
            [
              79.21506,
              22.925964
            ],
            [
              79.215569,
              22.92516
            ],
            [
              79.215941,
              22.92616
            ],
            [
              79.214559,
              22.926464
            ],
            [
              79.21265,
              22.93016
            ],
            [
              79.215256,
              22.930863
            ],
            [
              79.216434,
              22.931982
            ],
            [
              79.215576,
              22.93316
            ],
            [
              79.217604,
              22.93516
            ],
            [
              79.21651,
              22.936414
            ],
            [
              79.214891,
              22.936796
            ],
            [
              79.214674,
              22.93816
            ],
            [
              79.217256,
              22.940613
            ],
            [
              79.219554,
              22.939458
            ],
            [
              79.220256,
              22.937647
            ],
            [
              79.222587,
              22.937828
            ],
            [
              79.221833,
              22.940583
            ],
            [
              79.223256,
              22.941541
            ],
            [
              79.226256,
              22.939635
            ],
            [
              79.230256,
              22.940687
            ],
            [
              79.231223,
              22.939128
            ],
            [
              79.233123,
              22.939027
            ],
            [
              79.233256,
              22.938118
            ],
            [
              79.236256,
              22.939085
            ],
            [
              79.237173,
              22.939078
            ],
            [
              79.237237,
              22.938141
            ],
            [
              79.238347,
              22.93816
            ],
            [
              79.238102,
              22.93916
            ],
            [
              79.234778,
              22.939683
            ],
            [
              79.235256,
              22.940996
            ],
            [
              79.237276,
              22.94116
            ],
            [
              79.235844,
              22.941749
            ],
            [
              79.235256,
              22.94372
            ],
            [
              79.234005,
              22.94241
            ],
            [
              79.232712,
              22.94216
            ],
            [
              79.233161,
              22.94116
            ],
            [
              79.232256,
              22.940562
            ],
            [
              79.229631,
              22.942536
            ],
            [
              79.225848,
              22.94316
            ],
            [
              79.227256,
              22.944663
            ],
            [
              79.229754,
              22.944658
            ],
            [
              79.230256,
              22.943456
            ],
            [
              79.230645,
              22.94377
            ],
            [
              79.228296,
              22.94616
            ],
            [
              79.22882,
              22.950596
            ],
            [
              79.233975,
              22.95116
            ],
            [
              79.231256,
              22.951376
            ],
            [
              79.229256,
              22.953419
            ],
            [
              79.227791,
              22.952695
            ],
            [
              79.226256,
              22.955541
            ],
            [
              79.225208,
              22.955207
            ],
            [
              79.225139,
              22.95416
            ],
            [
              79.226748,
              22.952653
            ],
            [
              79.226662,
              22.951753
            ],
            [
              79.225256,
              22.951621
            ],
            [
              79.224256,
              22.950666
            ],
            [
              79.223256,
              22.951665
            ],
            [
              79.222256,
              22.950712
            ],
            [
              79.220772,
              22.95316
            ],
            [
              79.22076,
              22.95616
            ],
            [
              79.22173,
              22.95716
            ],
            [
              79.219754,
              22.95816
            ],
            [
              79.219492,
              22.962396
            ],
            [
              79.218902,
              22.96216
            ],
            [
              79.218581,
              22.958834
            ],
            [
              79.217256,
              22.958743
            ],
            [
              79.21489,
              22.96016
            ],
            [
              79.214993,
              22.963422
            ],
            [
              79.216637,
              22.963779
            ],
            [
              79.218256,
              22.96565
            ],
            [
              79.221256,
              22.962851
            ],
            [
              79.222477,
              22.963939
            ],
            [
              79.22282,
              22.965595
            ],
            [
              79.224424,
              22.967328
            ],
            [
              79.222981,
              22.967435
            ],
            [
              79.222256,
              22.966522
            ],
            [
              79.218752,
              22.96716
            ],
            [
              79.219256,
              22.967735
            ],
            [
              79.222549,
              22.967866
            ],
            [
              79.222773,
              22.968642
            ],
            [
              79.224369,
              22.969047
            ],
            [
              79.225256,
              22.97095
            ],
            [
              79.224256,
              22.970802
            ],
            [
              79.223899,
              22.969516
            ],
            [
              79.222256,
              22.969446
            ],
            [
              79.221256,
              22.968511
            ],
            [
              79.21986,
              22.968764
            ],
            [
              79.2206,
              22.97016
            ],
            [
              79.218607,
              22.97116
            ],
            [
              79.219439,
              22.97316
            ],
            [
              79.218426,
              22.97416
            ],
            [
              79.218256,
              22.975971
            ],
            [
              79.217739,
              22.972676
            ],
            [
              79.216049,
              22.972366
            ],
            [
              79.216924,
              22.97116
            ],
            [
              79.215872,
              22.96916
            ],
            [
              79.216727,
              22.96616
            ],
            [
              79.215256,
              22.964755
            ],
            [
              79.21387,
              22.965545
            ],
            [
              79.213256,
              22.961819
            ],
            [
              79.211653,
              22.964558
            ],
            [
              79.207938,
              22.965843
            ],
            [
              79.206689,
              22.96816
            ],
            [
              79.207641,
              22.96916
            ],
            [
              79.20727,
              22.974174
            ],
            [
              79.206224,
              22.974191
            ],
            [
              79.207014,
              22.971918
            ],
            [
              79.205789,
              22.96716
            ],
            [
              79.206912,
              22.964816
            ],
            [
              79.210523,
              22.963427
            ],
            [
              79.211623,
              22.96216
            ],
            [
              79.206885,
              22.96153
            ],
            [
              79.206543,
              22.959872
            ],
            [
              79.203256,
              22.95681
            ],
            [
              79.201939,
              22.95816
            ],
            [
              79.20172,
              22.960625
            ],
            [
              79.200064,
              22.960969
            ],
            [
              79.198741,
              22.962646
            ],
            [
              79.196995,
              22.96316
            ],
            [
              79.198256,
              22.964444
            ],
            [
              79.200256,
              22.964469
            ],
            [
              79.201256,
              22.963484
            ],
            [
              79.202689,
              22.963726
            ],
            [
              79.203906,
              22.96516
            ],
            [
              79.202912,
              22.96616
            ],
            [
              79.203668,
              22.967572
            ],
            [
              79.201692,
              22.969597
            ],
            [
              79.200031,
              22.969935
            ],
            [
              79.199681,
              22.971585
            ],
            [
              79.198256,
              22.971791
            ],
            [
              79.197625,
              22.97116
            ],
            [
              79.198588,
              22.96916
            ],
            [
              79.19759,
              22.96816
            ],
            [
              79.197445,
              22.965971
            ],
            [
              79.196256,
              22.964892
            ],
            [
              79.195959,
              22.96716
            ],
            [
              79.193933,
              22.97016
            ],
            [
              79.195013,
              22.972403
            ],
            [
              79.197829,
              22.97316
            ],
            [
              79.196852,
              22.97416
            ],
            [
              79.197819,
              22.97516
            ],
            [
              79.195981,
              22.975885
            ],
            [
              79.19579,
              22.97816
            ],
            [
              79.197546,
              22.978869
            ],
            [
              79.199576,
              22.98116
            ],
            [
              79.198489,
              22.98316
            ],
            [
              79.199355,
              22.98416
            ],
            [
              79.199256,
              22.98565
            ],
            [
              79.199052,
              22.984363
            ],
            [
              79.198093,
              22.98416
            ],
            [
              79.197976,
              22.98216
            ],
            [
              79.196626,
              22.97979
            ],
            [
              79.194891,
              22.979795
            ],
            [
              79.194094,
              22.983321
            ],
            [
              79.192671,
              22.980744
            ],
            [
              79.191057,
              22.980358
            ],
            [
              79.191858,
              22.97916
            ],
            [
              79.190829,
              22.97816
            ],
            [
              79.18992,
              22.97516
            ],
            [
              79.189256,
              22.974533
            ],
            [
              79.187256,
              22.974601
            ],
            [
              79.184818,
              22.97616
            ],
            [
              79.1847,
              22.98016
            ],
            [
              79.18561,
              22.98216
            ],
            [
              79.18456,
              22.98316
            ],
            [
              79.185256,
              22.984152
            ],
            [
              79.186264,
              22.98416
            ],
            [
              79.185274,
              22.984179
            ],
            [
              79.184256,
              22.987081
            ]
          ]
        ],
        "type": "Polygon"
      },
      "type": "Feature"
    },
    {
      "properties": {
        "fill-opacity": 0.33,
        "fillColor": "#bf4040",
        "opacity": 0.33,
        "fill": "#bf4040",
        "fillOpacity": 0.33,
        "color": "#bf4040",
        "contour": 6.0,
        "metric": "distance",
        "provider_name": "A3 Cafe & Fast Food Outlet",
        "zone_type": "distance",
        "distance_km": 6,
        "mode": "motorcycle",
        "center_lat": 22.9471604,
        "center_lon": 79.192256,
        "label": "6km"
      },
      "geometry": {
        "coordinates": [
          [
            [
              79.184256,
              22.995388
            ],
            [
              79.183175,
              22.995241
            ],
            [
              79.184032,
              22.99316
            ],
            [
              79.183566,
              22.98585
            ],
            [
              79.182256,
              22.984704
            ],
            [
              79.180256,
              22.984658
            ],
            [
              79.179256,
              22.985612
            ],
            [
              79.17686,
              22.98516
            ],
            [
              79.180583,
              22.983488
            ],
            [
              79.182256,
              22.981692
            ],
            [
              79.183533,
              22.982437
            ],
            [
              79.183469,
              22.977946
            ],
            [
              79.182691,
              22.979596
            ],
            [
              79.180256,
              22.979792
            ],
            [
              79.178646,
              22.98155
            ],
            [
              79.176949,
              22.981853
            ],
            [
              79.174635,
              22.98616
            ],
            [
              79.174256,
              22.988427
            ],
            [
              79.173866,
              22.98516
            ],
            [
              79.17573,
              22.98216
            ],
            [
              79.174256,
              22.981645
            ],
            [
              79.173256,
              22.982606
            ],
            [
              79.172809,
              22.98216
            ],
            [
              79.173256,
              22.980705
            ],
            [
              79.177256,
              22.980605
            ],
            [
              79.178847,
              22.978752
            ],
            [
              79.181486,
              22.97839
            ],
            [
              79.182568,
              22.97616
            ],
            [
              79.182256,
              22.972815
            ],
            [
              79.180856,
              22.97516
            ],
            [
              79.180625,
              22.977529
            ],
            [
              79.1787,
              22.97716
            ],
            [
              79.178664,
              22.97516
            ],
            [
              79.181588,
              22.97116
            ],
            [
              79.180577,
              22.97016
            ],
            [
              79.181539,
              22.96716
            ],
            [
              79.180256,
              22.965891
            ],
            [
              79.17973,
              22.967634
            ],
            [
              79.178051,
              22.968955
            ],
            [
              79.177706,
              22.97061
            ],
            [
              79.172256,
              22.971777
            ],
            [
              79.168986,
              22.973891
            ],
            [
              79.169256,
              22.974632
            ],
            [
              79.171571,
              22.974844
            ],
            [
              79.171701,
              22.976606
            ],
            [
              79.170256,
              22.975662
            ],
            [
              79.167956,
              22.975861
            ],
            [
              79.167628,
              22.98116
            ],
            [
              79.16657,
              22.98216
            ],
            [
              79.166441,
              22.983975
            ],
            [
              79.166414,
              22.985002
            ],
            [
              79.167325,
              22.98516
            ],
            [
              79.166384,
              22.985288
            ],
            [
              79.166256,
              22.986061
            ],
            [
              79.165734,
              22.982682
            ],
            [
              79.164792,
              22.981624
            ],
            [
              79.163163,
              22.981253
            ],
            [
              79.163197,
              22.980219
            ],
            [
              79.162256,
              22.98016
            ],
            [
              79.163273,
              22.980142
            ],
            [
              79.163528,
              22.980888
            ],
            [
              79.165699,
              22.980603
            ],
            [
              79.166769,
              22.97816
            ],
            [
              79.166717,
              22.97616
            ],
            [
              79.164755,
              22.97516
            ],
            [
              79.166554,
              22.974459
            ],
            [
              79.165698,
              22.97316
            ],
            [
              79.166866,
              22.971771
            ],
            [
              79.168514,
              22.972418
            ],
            [
              79.168587,
              22.968828
            ],
            [
              79.167027,
              22.968931
            ],
            [
              79.164649,
              22.971554
            ],
            [
              79.162975,
              22.97188
            ],
            [
              79.162529,
              22.975434
            ],
            [
              79.158893,
              22.974797
            ],
            [
              79.154337,
              22.979241
            ],
            [
              79.153404,
              22.979309
            ],
            [
              79.153256,
              22.980106
            ],
            [
              79.153204,
              22.979109
            ],
            [
              79.153999,
              22.978904
            ],
            [
              79.155896,
              22.97516
            ],
            [
              79.154125,
              22.973291
            ],
            [
              79.154099,
              22.971316
            ],
            [
              79.153077,
              22.97116
            ],
            [
              79.153256,
              22.970606
            ],
            [
              79.154302,
              22.971113
            ],
            [
              79.154687,
              22.972728
            ],
            [
              79.157256,
              22.971932
            ],
            [
              79.15656,
              22.97316
            ],
            [
              79.158256,
              22.973704
            ],
            [
              79.160564,
              22.972469
            ],
            [
              79.160887,
              22.970791
            ],
            [
              79.167472,
              22.967377
            ],
            [
              79.169453,
              22.965357
            ],
            [
              79.169782,
              22.962686
            ],
            [
              79.17251,
              22.96116
            ],
            [
              79.168256,
              22.960867
            ],
            [
              79.167544,
              22.95916
            ],
            [
              79.168256,
              22.958448
            ],
            [
              79.170256,
              22.958437
            ],
            [
              79.171256,
              22.959425
            ],
            [
              79.172256,
              22.958415
            ],
            [
              79.175409,
              22.958313
            ],
            [
              79.17549,
              22.956925
            ],
            [
              79.172256,
              22.956886
            ],
            [
              79.171528,
              22.955887
            ],
            [
              79.172256,
              22.954432
            ],
            [
              79.174256,
              22.955417
            ],
            [
              79.175256,
              22.954406
            ],
            [
              79.177396,
              22.9543
            ],
            [
              79.174683,
              22.953733
            ],
            [
              79.175386,
              22.95103
            ],
            [
              79.174118,
              22.951022
            ],
            [
              79.173811,
              22.953716
            ],
            [
              79.172256,
              22.95394
            ],
            [
              79.171106,
              22.953011
            ],
            [
              79.170019,
              22.95416
            ],
            [
              79.169755,
              22.956659
            ],
            [
              79.168256,
              22.956908
            ],
            [
              79.166507,
              22.95316
            ],
            [
              79.168412,
              22.952317
            ],
            [
              79.16872,
              22.950624
            ],
            [
              79.171398,
              22.950018
            ],
            [
              79.167256,
              22.949926
            ],
            [
              79.166256,
              22.950916
            ],
            [
              79.164084,
              22.950988
            ],
            [
              79.162976,
              22.95216
            ],
            [
              79.163963,
              22.95316
            ],
            [
              79.163929,
              22.95616
            ],
            [
              79.162917,
              22.95716
            ],
            [
              79.162679,
              22.959583
            ],
            [
              79.161256,
              22.961285
            ],
            [
              79.158256,
              22.961487
            ],
            [
              79.156256,
              22.960592
            ],
            [
              79.154918,
              22.961822
            ],
            [
              79.153256,
              22.969935
            ],
            [
              79.152904,
              22.96516
            ],
            [
              79.153797,
              22.96316
            ],
            [
              79.152256,
              22.96261
            ],
            [
              79.151256,
              22.963555
            ],
            [
              79.150851,
              22.96216
            ],
            [
              79.153592,
              22.961496
            ],
            [
              79.153673,
              22.95816
            ],
            [
              79.155626,
              22.95616
            ],
            [
              79.155484,
              22.953932
            ],
            [
              79.154005,
              22.953909
            ],
            [
              79.145256,
              22.958554
            ],
            [
              79.141678,
              22.958582
            ],
            [
              79.140256,
              22.960344
            ],
            [
              79.139712,
              22.96016
            ],
            [
              79.14013,
              22.960034
            ],
            [
              79.140163,
              22.95916
            ],
            [
              79.141124,
              22.958028
            ],
            [
              79.144664,
              22.957568
            ],
            [
              79.145036,
              22.955941
            ],
            [
              79.146256,
              22.95671
            ],
            [
              79.148572,
              22.955476
            ],
            [
              79.149714,
              22.95416
            ],
            [
              79.148924,
              22.952829
            ],
            [
              79.150256,
              22.952643
            ],
            [
              79.151256,
              22.953571
            ],
            [
              79.152256,
              22.952553
            ],
            [
              79.155581,
              22.95216
            ],
            [
              79.153256,
              22.951802
            ],
            [
              79.152256,
              22.950791
            ],
            [
              79.149866,
              22.95155
            ],
            [
              79.149529,
              22.949887
            ],
            [
              79.14769,
              22.947725
            ],
            [
              79.145978,
              22.947437
            ],
            [
              79.142984,
              22.943888
            ],
            [
              79.144473,
              22.943942
            ],
            [
              79.146256,
              22.945717
            ],
            [
              79.14711,
              22.943014
            ],
            [
              79.149256,
              22.94252
            ],
            [
              79.149309,
              22.943214
            ],
            [
              79.14755,
              22.94416
            ],
            [
              79.148256,
              22.94665
            ],
            [
              79.152256,
              22.946745
            ],
            [
              79.153256,
              22.945832
            ],
            [
              79.157021,
              22.945925
            ],
            [
              79.158808,
              22.94516
            ],
            [
              79.158256,
              22.946228
            ],
            [
              79.154256,
              22.946488
            ],
            [
              79.150949,
              22.948853
            ],
            [
              79.151256,
              22.949545
            ],
            [
              79.154256,
              22.949514
            ],
            [
              79.155256,
              22.950489
            ],
            [
              79.157256,
              22.950468
            ],
            [
              79.158256,
              22.949467
            ],
            [
              79.159256,
              22.95045
            ],
            [
              79.159782,
              22.948686
            ],
            [
              79.161256,
              22.947454
            ],
            [
              79.165256,
              22.949406
            ],
            [
              79.166256,
              22.948399
            ],
            [
              79.169256,
              22.948382
            ],
            [
              79.168719,
              22.946624
            ],
            [
              79.170481,
              22.946386
            ],
            [
              79.171256,
              22.945384
            ],
            [
              79.173256,
              22.945375
            ],
            [
              79.174471,
              22.944376
            ],
            [
              79.172716,
              22.942699
            ],
            [
              79.172256,
              22.940739
            ],
            [
              79.171256,
              22.940723
            ],
            [
              79.164256,
              22.94445
            ],
            [
              79.162533,
              22.944438
            ],
            [
              79.161256,
              22.945255
            ],
            [
              79.159877,
              22.94516
            ],
            [
              79.161074,
              22.944978
            ],
            [
              79.161138,
              22.94416
            ],
            [
              79.159888,
              22.94216
            ],
            [
              79.161364,
              22.942052
            ],
            [
              79.162256,
              22.942954
            ],
            [
              79.163073,
              22.941978
            ],
            [
              79.164256,
              22.941904
            ],
            [
              79.165256,
              22.942782
            ],
            [
              79.167608,
              22.941513
            ],
            [
              79.167796,
              22.939701
            ],
            [
              79.168781,
              22.93916
            ],
            [
              79.168256,
              22.938566
            ],
            [
              79.167256,
              22.939594
            ],
            [
              79.166256,
              22.938524
            ],
            [
              79.164256,
              22.938405
            ],
            [
              79.16218,
              22.937236
            ],
            [
              79.161545,
              22.93616
            ],
            [
              79.162321,
              22.936095
            ],
            [
              79.162501,
              22.936914
            ],
            [
              79.166707,
              22.936611
            ],
            [
              79.1669,
              22.934515
            ],
            [
              79.16617,
              22.934246
            ],
            [
              79.166177,
              22.933238
            ],
            [
              79.165245,
              22.93316
            ],
            [
              79.166256,
              22.933124
            ],
            [
              79.16748,
              22.933935
            ],
            [
              79.167823,
              22.936592
            ],
            [
              79.168672,
              22.936576
            ],
            [
              79.170042,
              22.93416
            ],
            [
              79.170256,
              22.931687
            ],
            [
              79.170532,
              22.93516
            ],
            [
              79.169609,
              22.93616
            ],
            [
              79.16973,
              22.93916
            ],
            [
              79.170557,
              22.939462
            ],
            [
              79.171256,
              22.937654
            ],
            [
              79.172484,
              22.938389
            ],
            [
              79.172708,
              22.93616
            ],
            [
              79.171739,
              22.93516
            ],
            [
              79.172256,
              22.925456
            ],
            [
              79.172597,
              22.93016
            ],
            [
              79.173608,
              22.93116
            ],
            [
              79.172681,
              22.93216
            ],
            [
              79.172752,
              22.93416
            ],
            [
              79.173779,
              22.93516
            ],
            [
              79.173984,
              22.937431
            ],
            [
              79.175256,
              22.937523
            ],
            [
              79.180457,
              22.934361
            ],
            [
              79.180568,
              22.93216
            ],
            [
              79.181579,
              22.93116
            ],
            [
              79.181622,
              22.92816
            ],
            [
              79.179846,
              22.926751
            ],
            [
              79.183548,
              22.926453
            ],
            [
              79.184663,
              22.92516
            ],
            [
              79.182256,
              22.922732
            ],
            [
              79.181256,
              22.923422
            ],
            [
              79.180059,
              22.92316
            ],
            [
              79.183608,
              22.919512
            ],
            [
              79.182544,
              22.91816
            ],
            [
              79.185074,
              22.91716
            ],
            [
              79.184256,
              22.914491
            ],
            [
              79.182746,
              22.91465
            ],
            [
              79.182565,
              22.91616
            ],
            [
              79.180256,
              22.916648
            ],
            [
              79.179883,
              22.915787
            ],
            [
              79.183704,
              22.913608
            ],
            [
              79.18619,
              22.909094
            ],
            [
              79.187256,
              22.908426
            ],
            [
              79.187306,
              22.90921
            ],
            [
              79.186468,
              22.909373
            ],
            [
              79.185845,
              22.912571
            ],
            [
              79.196493,
              22.912397
            ],
            [
              79.196648,
              22.91016
            ],
            [
              79.195677,
              22.90916
            ],
            [
              79.196687,
              22.90816
            ],
            [
              79.195721,
              22.90716
            ],
            [
              79.195608,
              22.904807
            ],
            [
              79.194256,
              22.903519
            ],
            [
              79.192256,
              22.904397
            ],
            [
              79.19107,
              22.90416
            ],
            [
              79.193884,
              22.90216
            ],
            [
              79.19306,
              22.898964
            ],
            [
              79.195256,
              22.901779
            ],
            [
              79.197925,
              22.89983
            ],
            [
              79.198256,
              22.898079
            ],
            [
              79.198424,
              22.90016
            ],
            [
              79.197685,
              22.900589
            ],
            [
              79.196926,
              22.905489
            ],
            [
              79.198624,
              22.905529
            ],
            [
              79.199256,
              22.903792
            ],
            [
              79.200703,
              22.904607
            ],
            [
              79.201256,
              22.900443
            ],
            [
              79.201999,
              22.90116
            ],
            [
              79.201402,
              22.901307
            ],
            [
              79.201794,
              22.904621
            ],
            [
              79.205099,
              22.905003
            ],
            [
              79.205223,
              22.904128
            ],
            [
              79.205869,
              22.90416
            ],
            [
              79.205304,
              22.905208
            ],
            [
              79.203699,
              22.905603
            ],
            [
              79.202461,
              22.907365
            ],
            [
              79.200877,
              22.906781
            ],
            [
              79.201256,
              22.910615
            ],
            [
              79.203566,
              22.91047
            ],
            [
              79.204938,
              22.908842
            ],
            [
              79.208695,
              22.907599
            ],
            [
              79.211203,
              22.905107
            ],
            [
              79.212782,
              22.90516
            ],
            [
              79.211426,
              22.90533
            ],
            [
              79.209477,
              22.908382
            ],
            [
              79.205908,
              22.909813
            ],
            [
              79.20576,
              22.91116
            ],
            [
              79.208256,
              22.912793
            ],
            [
              79.210256,
              22.912896
            ],
            [
              79.211256,
              22.911961
            ],
            [
              79.213769,
              22.91216
            ],
            [
              79.211637,
              22.912542
            ],
            [
              79.211256,
              22.913376
            ],
            [
              79.205256,
              22.913628
            ],
            [
              79.204581,
              22.911834
            ],
            [
              79.203256,
              22.911715
            ],
            [
              79.200895,
              22.91316
            ],
            [
              79.202017,
              22.915399
            ],
            [
              79.203256,
              22.914542
            ],
            [
              79.204256,
              22.916583
            ],
            [
              79.209256,
              22.916702
            ],
            [
              79.210256,
              22.915765
            ],
            [
              79.212715,
              22.91562
            ],
            [
              79.214256,
              22.914004
            ],
            [
              79.216158,
              22.914062
            ],
            [
              79.216434,
              22.91316
            ],
            [
              79.216286,
              22.91419
            ],
            [
              79.21459,
              22.914495
            ],
            [
              79.213457,
              22.916361
            ],
            [
              79.211256,
              22.916544
            ],
            [
              79.210256,
              22.917592
            ],
            [
              79.203256,
              22.917756
            ],
            [
              79.202999,
              22.918416
            ],
            [
              79.203837,
              22.91916
            ],
            [
              79.203256,
              22.919742
            ],
            [
              79.201256,
              22.918837
            ],
            [
              79.198064,
              22.918969
            ],
            [
              79.197988,
              22.92116
            ],
            [
              79.197001,
              22.92216
            ],
            [
              79.197098,
              22.925318
            ],
            [
              79.198256,
              22.924407
            ],
            [
              79.200256,
              22.92641
            ],
            [
              79.205256,
              22.926446
            ],
            [
              79.206256,
              22.925462
            ],
            [
              79.208256,
              22.925658
            ],
            [
              79.21272,
              22.923624
            ],
            [
              79.215741,
              22.92116
            ],
            [
              79.215329,
              22.922233
            ],
            [
              79.213455,
              22.92436
            ],
            [
              79.211835,
              22.924739
            ],
            [
              79.211718,
              22.925622
            ],
            [
              79.209888,
              22.925793
            ],
            [
              79.209744,
              22.926649
            ],
            [
              79.207988,
              22.926892
            ],
            [
              79.208256,
              22.929552
            ],
            [
              79.21072,
              22.92816
            ],
            [
              79.209766,
              22.92667
            ],
            [
              79.211256,
              22.926629
            ],
            [
              79.211778,
              22.925682
            ],
            [
              79.214573,
              22.925477
            ],
            [
              79.217662,
              22.922567
            ],
            [
              79.219133,
              22.919037
            ],
            [
              79.221256,
              22.917873
            ],
            [
              79.221256,
              22.918243
            ],
            [
              79.22062,
              22.918524
            ],
            [
              79.220443,
              22.919348
            ],
            [
              79.219811,
              22.919715
            ],
            [
              79.218517,
              22.923421
            ],
            [
              79.216899,
              22.924803
            ],
            [
              79.21658,
              22.926485
            ],
            [
              79.214951,
              22.926855
            ],
            [
              79.212878,
              22.93016
            ],
            [
              79.219728,
              22.93116
            ],
            [
              79.217256,
              22.931688
            ],
            [
              79.215851,
              22.93316
            ],
            [
              79.217861,
              22.93516
            ],
            [
              79.216667,
              22.936572
            ],
            [
              79.21502,
              22.936924
            ],
            [
              79.214888,
              22.93816
            ],
            [
              79.217042,
              22.940373
            ],
            [
              79.218457,
              22.940362
            ],
            [
              79.220256,
              22.937488
            ],
            [
              79.222697,
              22.937718
            ],
            [
              79.221958,
              22.940457
            ],
            [
              79.223072,
              22.941344
            ],
            [
              79.225462,
              22.940366
            ],
            [
              79.226712,
              22.938703
            ],
            [
              79.224129,
              22.93816
            ],
            [
              79.226008,
              22.936913
            ],
            [
              79.226256,
              22.935625
            ],
            [
              79.227615,
              22.93916
            ],
            [
              79.228998,
              22.940418
            ],
            [
              79.230494,
              22.940399
            ],
            [
              79.230914,
              22.938818
            ],
            [
              79.232752,
              22.93816
            ],
            [
              79.230972,
              22.93716
            ],
            [
              79.231736,
              22.93568
            ],
            [
              79.230558,
              22.935462
            ],
            [
              79.230187,
              22.936229
            ],
            [
              79.230012,
              22.934403
            ],
            [
              79.22886,
              22.93416
            ],
            [
              79.230898,
              22.933803
            ],
            [
              79.231249,
              22.931154
            ],
            [
              79.231559,
              22.932857
            ],
            [
              79.23276,
              22.933656
            ],
            [
              79.236256,
              22.93354
            ],
            [
              79.237187,
              22.93416
            ],
            [
              79.234256,
              22.934406
            ],
            [
              79.2336,
              22.93516
            ],
            [
              79.236256,
              22.938758
            ],
            [
              79.236989,
              22.937893
            ],
            [
              79.239256,
              22.937868
            ],
            [
              79.240256,
              22.936917
            ],
            [
              79.244841,
              22.935745
            ],
            [
              79.245256,
              22.935027
            ],
            [
              79.24747,
              22.93516
            ],
            [
              79.247008,
              22.93616
            ],
            [
              79.244726,
              22.93663
            ],
            [
              79.244317,
              22.939221
            ],
            [
              79.242256,
              22.940442
            ],
            [
              79.241053,
              22.940362
            ],
            [
              79.240256,
              22.938602
            ],
            [
              79.238256,
              22.939654
            ],
            [
              79.234977,
              22.939882
            ],
            [
              79.235256,
              22.940615
            ],
            [
              79.239548,
              22.940867
            ],
            [
              79.239487,
              22.943392
            ],
            [
              79.237693,
              22.94416
            ],
            [
              79.238812,
              22.945603
            ],
            [
              79.243262,
              22.946167
            ],
            [
              79.242256,
              22.947257
            ],
            [
              79.240256,
              22.946407
            ],
            [
              79.238803,
              22.946707
            ],
            [
              79.239164,
              22.95016
            ],
            [
              79.238256,
              22.951035
            ],
            [
              79.237575,
              22.95016
            ],
            [
              79.237717,
              22.947699
            ],
            [
              79.235806,
              22.94771
            ],
            [
              79.23542,
              22.95016
            ],
            [
              79.237186,
              22.95116
            ],
            [
              79.237003,
              22.951907
            ],
            [
              79.231256,
              22.951715
            ],
            [
              79.229256,
              22.953734
            ],
            [
              79.227982,
              22.952886
            ],
            [
              79.226761,
              22.95516
            ],
            [
              79.226484,
              22.960389
            ],
            [
              79.225912,
              22.96016
            ],
            [
              79.225764,
              22.95616
            ],
            [
              79.224725,
              22.95416
            ],
            [
              79.226508,
              22.951907
            ],
            [
              79.224256,
              22.950829
            ],
            [
              79.223256,
              22.951829
            ],
            [
              79.222256,
              22.950851
            ],
            [
              79.220929,
              22.95316
            ],
            [
              79.220924,
              22.95616
            ],
            [
              79.221911,
              22.95716
            ],
            [
              79.219922,
              22.95816
            ],
            [
              79.219855,
              22.96256
            ],
            [
              79.221646,
              22.962769
            ],
            [
              79.222992,
              22.965423
            ],
            [
              79.224637,
              22.966778
            ],
            [
              79.224637,
              22.967542
            ],
            [
              79.222839,
              22.967743
            ],
            [
              79.222976,
              22.96844
            ],
            [
              79.22462,
              22.968796
            ],
            [
              79.226256,
              22.970677
            ],
            [
              79.231256,
              22.970874
            ],
            [
              79.232048,
              22.97016
            ],
            [
              79.232228,
              22.968132
            ],
            [
              79.23278,
              22.96816
            ],
            [
              79.23266,
              22.970755
            ],
            [
              79.233502,
              22.971914
            ],
            [
              79.235023,
              22.97216
            ],
            [
              79.233256,
              22.972289
            ],
            [
              79.232256,
              22.971384
            ],
            [
              79.227256,
              22.97161
            ],
            [
              79.226642,
              22.97316
            ],
            [
              79.228518,
              22.97516
            ],
            [
              79.227256,
              22.975437
            ],
            [
              79.224649,
              22.972766
            ],
            [
              79.223021,
              22.972394
            ],
            [
              79.223555,
              22.96986
            ],
            [
              79.220256,
              22.968783
            ],
            [
              79.220658,
              22.970563
            ],
            [
              79.218862,
              22.97116
            ],
            [
              79.219806,
              22.97316
            ],
            [
              79.218802,
              22.97416
            ],
            [
              79.21875,
              22.97616
            ],
            [
              79.221123,
              22.97716
            ],
            [
              79.220494,
              22.977399
            ],
            [
              79.220753,
              22.979663
            ],
            [
              79.22162,
              22.980796
            ],
            [
              79.223285,
              22.98113
            ],
            [
              79.223483,
              22.98216
            ],
            [
              79.222413,
              22.982318
            ],
            [
              79.222256,
              22.983477
            ],
            [
              79.222074,
              22.982342
            ],
            [
              79.220256,
              22.982357
            ],
            [
              79.219162,
              22.983253
            ],
            [
              79.218754,
              22.981662
            ],
            [
              79.217049,
              22.98116
            ],
            [
              79.217951,
              22.98016
            ],
            [
              79.217256,
              22.978571
            ],
            [
              79.213761,
              22.978666
            ],
            [
              79.213291,
              22.981195
            ],
            [
              79.212256,
              22.981388
            ],
            [
              79.2123,
              22.981115
            ],
            [
              79.213158,
              22.981063
            ],
            [
              79.213095,
              22.98016
            ],
            [
              79.212006,
              22.97916
            ],
            [
              79.211843,
              22.97616
            ],
            [
              79.214896,
              22.971801
            ],
            [
              79.216535,
              22.971439
            ],
            [
              79.215633,
              22.96816
            ],
            [
              79.216576,
              22.96616
            ],
            [
              79.21555,
              22.964865
            ],
            [
              79.213787,
              22.965629
            ],
            [
              79.213082,
              22.961986
            ],
            [
              79.211731,
              22.964635
            ],
            [
              79.208041,
              22.965945
            ],
            [
              79.206894,
              22.96816
            ],
            [
              79.207875,
              22.96916
            ],
            [
              79.207768,
              22.97416
            ],
            [
              79.205945,
              22.97447
            ],
            [
              79.206649,
              22.97016
            ],
            [
              79.205632,
              22.96916
            ],
            [
              79.205604,
              22.96716
            ],
            [
              79.206806,
              22.964711
            ],
            [
              79.210446,
              22.963351
            ],
            [
              79.211524,
              22.96216
            ],
            [
              79.206794,
              22.961621
            ],
            [
              79.206457,
              22.959959
            ],
            [
              79.203256,
              22.956901
            ],
            [
              79.202015,
              22.95816
            ],
            [
              79.20179,
              22.960695
            ],
            [
              79.200107,
              22.961011
            ],
            [
              79.198829,
              22.962733
            ],
            [
              79.197049,
              22.96316
            ],
            [
              79.198256,
              22.964381
            ],
            [
              79.200256,
              22.964396
            ],
            [
              79.201256,
              22.963405
            ],
            [
              79.20275,
              22.963666
            ],
            [
              79.203996,
              22.96516
            ],
            [
              79.203,
              22.96616
            ],
            [
              79.203738,
              22.967643
            ],
            [
              79.201751,
              22.969656
            ],
            [
              79.200087,
              22.969992
            ],
            [
              79.199745,
              22.971649
            ],
            [
              79.198256,
              22.97189
            ],
            [
              79.197525,
              22.97116
            ],
            [
              79.198505,
              22.96916
            ],
            [
              79.197506,
              22.96816
            ],
            [
              79.197403,
              22.966013
            ],
            [
              79.196256,
              22.964949
            ],
            [
              79.195798,
              22.967702
            ],
            [
              79.194012,
              22.97016
            ],
            [
              79.194999,
              22.97116
            ],
            [
              79.195073,
              22.973343
            ],
            [
              79.196256,
              22.972459
            ],
            [
              79.197954,
              22.97316
            ],
            [
              79.196968,
              22.97416
            ],
            [
              79.197952,
              22.97516
            ],
            [
              79.196061,
              22.975965
            ],
            [
              79.195938,
              22.97816
            ],
            [
              79.197682,
              22.978734
            ],
            [
              79.199851,
              22.98116
            ],
            [
              79.198822,
              22.98316
            ],
            [
              79.199782,
              22.98416
            ],
            [
              79.199741,
              22.98616
            ],
            [
              79.19871,
              22.98716
            ],
            [
              79.198634,
              22.98916
            ],
            [
              79.197432,
              22.991336
            ],
            [
              79.195148,
              22.991268
            ],
            [
              79.196739,
              22.990644
            ],
            [
              79.197837,
              22.98816
            ],
            [
              79.197778,
              22.98616
            ],
            [
              79.198742,
              22.98516
            ],
            [
              79.197711,
              22.98416
            ],
            [
              79.197674,
              22.98216
            ],
            [
              79.196494,
              22.979922
            ],
            [
              79.19502,
              22.979924
            ],
            [
              79.194824,
              22.98316
            ],
            [
              79.193876,
              22.983539
            ],
            [
              79.192512,
              22.980904
            ],
            [
              79.190864,
              22.980551
            ],
            [
              79.191631,
              22.97916
            ],
            [
              79.189487,
              22.974928
            ],
            [
              79.187256,
              22.974801
            ],
            [
              79.184951,
              22.97616
            ],
            [
              79.184898,
              22.98016
            ],
            [
              79.185863,
              22.98216
            ],
            [
              79.184845,
              22.98316
            ],
            [
              79.18675,
              22.98416
            ],
            [
              79.184779,
              22.98616
            ],
            [
              79.184256,
              22.995388
            ]
          ]
        ],
        "type": "Polygon"
      },
      "type": "Feature"
    }
  ]
}