{
  "type": "FeatureCollection",
  "metadata": {
    "provider_name": "Om Sai Sweets And Dairy",
    "center_lat": 18.582652,
    "center_lon": 73.983639,
    "mode": "motorcycle",
    "total_zones": 4,
    "distance_zones": [
      3,
      4,
      5,
      6
    ],
    "generated_at": "2025-12-26T05:24:14.055699Z"
  },
  "features": [
    {
      "properties": {
        "fill-opacity": 0.33,
        "fillColor": "#bf4040",
        "opacity": 0.33,
        "fill": "#bf4040",
        "fillOpacity": 0.33,
        "color": "#bf4040",
        "contour": 3.0,
        "metric": "distance",
        "provider_name": "Om Sai Sweets And Dairy",
        "zone_type": "distance",
        "distance_km": 3,
        "mode": "motorcycle",
        "center_lat": 18.582652,
        "center_lon": 73.983639,
        "label": "3km"
      },
      "geometry": {
        "coordinates": [
          [
            [
              73.975639,
              18.604685
            ],
            [
              73.973016,
              18.603652
            ],
            [
              73.972578,
              18.602652
            ],
            [
              73.973402,
              18.602415
            ],
            [
              73.97326,
              18.60103
            ],
            [
              73.971131,
              18.599652
            ],
            [
              73.973346,
              18.599359
            ],
            [
              73.973639,
              18.597755
            ],
            [
              73.97515,
              18.60014
            ],
            [
              73.977019,
              18.600032
            ],
            [
              73.976928,
              18.595362
            ],
            [
              73.973639,
              18.597636
            ],
            [
              73.972639,
              18.59701
            ],
            [
              73.971639,
              18.597934
            ],
            [
              73.970021,
              18.598034
            ],
            [
              73.969639,
              18.599475
            ],
            [
              73.969503,
              18.597516
            ],
            [
              73.974168,
              18.595652
            ],
            [
              73.971213,
              18.593652
            ],
            [
              73.972979,
              18.592992
            ],
            [
              73.972969,
              18.591322
            ],
            [
              73.971639,
              18.592068
            ],
            [
              73.970252,
              18.591652
            ],
            [
              73.971986,
              18.589999
            ],
            [
              73.971944,
              18.588346
            ],
            [
              73.970302,
              18.588315
            ],
            [
              73.969956,
              18.590969
            ],
            [
              73.96815,
              18.591163
            ],
            [
              73.967639,
              18.592939
            ],
            [
              73.964639,
              18.590867
            ],
            [
              73.963639,
              18.59191
            ],
            [
              73.962639,
              18.590308
            ],
            [
              73.960639,
              18.590705
            ],
            [
              73.959414,
              18.588876
            ],
            [
              73.958233,
              18.588652
            ],
            [
              73.963068,
              18.587081
            ],
            [
              73.963639,
              18.585336
            ],
            [
              73.965639,
              18.586199
            ],
            [
              73.966976,
              18.585989
            ],
            [
              73.966231,
              18.583652
            ],
            [
              73.968442,
              18.581652
            ],
            [
              73.966544,
              18.580652
            ],
            [
              73.968008,
              18.577282
            ],
            [
              73.964639,
              18.577023
            ],
            [
              73.960122,
              18.574652
            ],
            [
              73.963188,
              18.572652
            ],
            [
              73.967354,
              18.572367
            ],
            [
              73.967639,
              18.571473
            ],
            [
              73.968639,
              18.571437
            ],
            [
              73.969639,
              18.572432
            ],
            [
              73.970351,
              18.570652
            ],
            [
              73.969487,
              18.569652
            ],
            [
              73.969639,
              18.567631
            ],
            [
              73.971186,
              18.571104
            ],
            [
              73.973024,
              18.571037
            ],
            [
              73.972327,
              18.567963
            ],
            [
              73.971177,
              18.567652
            ],
            [
              73.972639,
              18.567503
            ],
            [
              73.973639,
              18.568399
            ],
            [
              73.975081,
              18.568094
            ],
            [
              73.975401,
              18.566652
            ],
            [
              73.974639,
              18.565516
            ],
            [
              73.975753,
              18.565537
            ],
            [
              73.976639,
              18.566521
            ],
            [
              73.977639,
              18.565974
            ],
            [
              73.977909,
              18.567381
            ],
            [
              73.979493,
              18.567506
            ],
            [
              73.9787,
              18.565591
            ],
            [
              73.977803,
              18.565487
            ],
            [
              73.977844,
              18.564652
            ],
            [
              73.980304,
              18.562652
            ],
            [
              73.979226,
              18.561652
            ],
            [
              73.979639,
              18.561404
            ],
            [
              73.98183,
              18.561652
            ],
            [
              73.981946,
              18.563652
            ],
            [
              73.983021,
              18.564652
            ],
            [
              73.982158,
              18.567652
            ],
            [
              73.983345,
              18.569945
            ],
            [
              73.984639,
              18.570117
            ],
            [
              73.986926,
              18.568939
            ],
            [
              73.984228,
              18.566652
            ],
            [
              73.986001,
              18.566014
            ],
            [
              73.987213,
              18.563652
            ],
            [
              73.986639,
              18.56298
            ],
            [
              73.984493,
              18.562797
            ],
            [
              73.984444,
              18.561652
            ],
            [
              73.986448,
              18.557461
            ],
            [
              73.987639,
              18.556975
            ],
            [
              73.988026,
              18.559264
            ],
            [
              73.988785,
              18.559652
            ],
            [
              73.988176,
              18.561114
            ],
            [
              73.990294,
              18.561307
            ],
            [
              73.990569,
              18.560582
            ],
            [
              73.99178,
              18.56051
            ],
            [
              73.992482,
              18.561652
            ],
            [
              73.990889,
              18.562652
            ],
            [
              73.990319,
              18.561971
            ],
            [
              73.9882,
              18.562213
            ],
            [
              73.988239,
              18.563051
            ],
            [
              73.989985,
              18.563652
            ],
            [
              73.988098,
              18.564652
            ],
            [
              73.989102,
              18.565652
            ],
            [
              73.989157,
              18.568133
            ],
            [
              73.991979,
              18.567992
            ],
            [
              73.993258,
              18.565652
            ],
            [
              73.992343,
              18.564652
            ],
            [
              73.993149,
              18.562162
            ],
            [
              73.995639,
              18.562417
            ],
            [
              73.995964,
              18.564326
            ],
            [
              73.997003,
              18.565287
            ],
            [
              73.999284,
              18.565652
            ],
            [
              73.996579,
              18.568592
            ],
            [
              73.995639,
              18.568484
            ],
            [
              73.994009,
              18.569652
            ],
            [
              73.994277,
              18.571013
            ],
            [
              73.995878,
              18.571413
            ],
            [
              73.99628,
              18.57301
            ],
            [
              73.997639,
              18.572085
            ],
            [
              73.998262,
              18.574028
            ],
            [
              73.999639,
              18.573166
            ],
            [
              74.003639,
              18.576262
            ],
            [
              74.004446,
              18.574652
            ],
            [
              74.003639,
              18.572487
            ],
            [
              74.007411,
              18.573879
            ],
            [
              74.009336,
              18.575652
            ],
            [
              74.008639,
              18.576282
            ],
            [
              74.007061,
              18.576074
            ],
            [
              74.007938,
              18.578652
            ],
            [
              74.004639,
              18.578931
            ],
            [
              74.003923,
              18.579652
            ],
            [
              74.003907,
              18.582383
            ],
            [
              74.005409,
              18.582881
            ],
            [
              74.005131,
              18.584652
            ],
            [
              74.001639,
              18.585088
            ],
            [
              74.000639,
              18.587173
            ],
            [
              73.996176,
              18.586189
            ],
            [
              73.998639,
              18.589171
            ],
            [
              74.002111,
              18.589124
            ],
            [
              74.002046,
              18.587652
            ],
            [
              74.003639,
              18.586982
            ],
            [
              74.005804,
              18.589652
            ],
            [
              74.005873,
              18.591417
            ],
            [
              74.007067,
              18.591652
            ],
            [
              74.004987,
              18.592
            ],
            [
              74.004639,
              18.593767
            ],
            [
              74.003639,
              18.593927
            ],
            [
              74.001227,
              18.593063
            ],
            [
              74.000012,
              18.591279
            ],
            [
              73.999298,
              18.591311
            ],
            [
              73.99928,
              18.59201
            ],
            [
              74.001074,
              18.593216
            ],
            [
              74.001328,
              18.594962
            ],
            [
              74.00319,
              18.596652
            ],
            [
              74.002848,
              18.597652
            ],
            [
              74.00182,
              18.597833
            ],
            [
              74.001238,
              18.596052
            ],
            [
              73.999764,
              18.595777
            ],
            [
              73.999639,
              18.596285
            ],
            [
              73.998639,
              18.59494
            ],
            [
              73.997903,
              18.595652
            ],
            [
              73.997819,
              18.597832
            ],
            [
              73.995956,
              18.597652
            ],
            [
              73.995086,
              18.596652
            ],
            [
              73.996312,
              18.596325
            ],
            [
              73.996556,
              18.594652
            ],
            [
              73.995639,
              18.594004
            ],
            [
              73.994639,
              18.593961
            ],
            [
              73.993639,
              18.594924
            ],
            [
              73.992222,
              18.594235
            ],
            [
              73.991639,
              18.596928
            ],
            [
              73.990639,
              18.594086
            ],
            [
              73.989902,
              18.596915
            ],
            [
              73.988639,
              18.596073
            ],
            [
              73.987926,
              18.596652
            ],
            [
              73.987639,
              18.600616
            ],
            [
              73.987378,
              18.597652
            ],
            [
              73.985315,
              18.595652
            ],
            [
              73.986347,
              18.59336
            ],
            [
              73.988103,
              18.592652
            ],
            [
              73.986913,
              18.590377
            ],
            [
              73.98528,
              18.59001
            ],
            [
              73.984639,
              18.588223
            ],
            [
              73.981292,
              18.590652
            ],
            [
              73.982249,
              18.591652
            ],
            [
              73.982157,
              18.593652
            ],
            [
              73.983146,
              18.594652
            ],
            [
              73.982138,
              18.595652
            ],
            [
              73.982079,
              18.598092
            ],
            [
              73.981639,
              18.598568
            ],
            [
              73.980639,
              18.596175
            ],
            [
              73.978188,
              18.596652
            ],
            [
              73.978304,
              18.597986
            ],
            [
              73.980079,
              18.598652
            ],
            [
              73.979091,
              18.599652
            ],
            [
              73.979214,
              18.601076
            ],
            [
              73.980119,
              18.601132
            ],
            [
              73.98048,
              18.599493
            ],
            [
              73.981639,
              18.599073
            ],
            [
              73.981139,
              18.602151
            ],
            [
              73.982376,
              18.602389
            ],
            [
              73.982639,
              18.601213
            ],
            [
              73.983012,
              18.602278
            ],
            [
              73.984198,
              18.602652
            ],
            [
              73.979639,
              18.602931
            ],
            [
              73.978639,
              18.603899
            ],
            [
              73.976639,
              18.602968
            ],
            [
              73.975692,
              18.603652
            ],
            [
              73.975639,
              18.604685
            ]
          ]
        ],
        "type": "Polygon"
      },
      "type": "Feature"
    },
    {
      "properties": {
        "fill-opacity": 0.33,
        "fillColor": "#bf4040",
        "opacity": 0.33,
        "fill": "#bf4040",
        "fillOpacity": 0.33,
        "color": "#bf4040",
        "contour": 4.0,
        "metric": "distance",
        "provider_name": "Om Sai Sweets And Dairy",
        "zone_type": "distance",
        "distance_km": 4,
        "mode": "motorcycle",
        "center_lat": 18.582652,
        "center_lon": 73.983639,
        "label": "4km"
      },
      "geometry": {
        "coordinates": [
          [
            [
              73.987639,
              18.610529
            ],
            [
              73.987481,
              18.609809
            ],
            [
              73.986218,
              18.609652
            ],
            [
              73.987447,
              18.60946
            ],
            [
              73.987122,
              18.607168
            ],
            [
              73.982639,
              18.606538
            ],
            [
              73.982257,
              18.604652
            ],
            [
              73.983181,
              18.603652
            ],
            [
              73.982639,
              18.603187
            ],
            [
              73.979639,
              18.603233
            ],
            [
              73.978639,
              18.604222
            ],
            [
              73.977639,
              18.603259
            ],
            [
              73.976348,
              18.603361
            ],
            [
              73.977007,
              18.60802
            ],
            [
              73.975317,
              18.607973
            ],
            [
              73.974274,
              18.606652
            ],
            [
              73.974173,
              18.604652
            ],
            [
              73.973298,
              18.604311
            ],
            [
              73.970997,
              18.606652
            ],
            [
              73.971864,
              18.607877
            ],
            [
              73.970157,
              18.60817
            ],
            [
              73.968538,
              18.609752
            ],
            [
              73.968526,
              18.608539
            ],
            [
              73.972151,
              18.603652
            ],
            [
              73.971057,
              18.602233
            ],
            [
              73.969639,
              18.602056
            ],
            [
              73.968639,
              18.601052
            ],
            [
              73.967639,
              18.60204
            ],
            [
              73.965633,
              18.601657
            ],
            [
              73.96526,
              18.60003
            ],
            [
              73.963581,
              18.599709
            ],
            [
              73.962508,
              18.598652
            ],
            [
              73.964466,
              18.597652
            ],
            [
              73.964533,
              18.595652
            ],
            [
              73.963639,
              18.595484
            ],
            [
              73.962838,
              18.592452
            ],
            [
              73.95948,
              18.592493
            ],
            [
              73.960104,
              18.594652
            ],
            [
              73.958639,
              18.595966
            ],
            [
              73.957356,
              18.594934
            ],
            [
              73.954639,
              18.594316
            ],
            [
              73.954305,
              18.592985
            ],
            [
              73.951215,
              18.592652
            ],
            [
              73.951272,
              18.591019
            ],
            [
              73.949739,
              18.590752
            ],
            [
              73.949639,
              18.591625
            ],
            [
              73.949341,
              18.590949
            ],
            [
              73.949639,
              18.589837
            ],
            [
              73.949738,
              18.590552
            ],
            [
              73.951259,
              18.590272
            ],
            [
              73.951383,
              18.588907
            ],
            [
              73.950639,
              18.588484
            ],
            [
              73.953013,
              18.588026
            ],
            [
              73.953313,
              18.585326
            ],
            [
              73.954639,
              18.583783
            ],
            [
              73.954826,
              18.585652
            ],
            [
              73.956087,
              18.5861
            ],
            [
              73.956639,
              18.581549
            ],
            [
              73.957193,
              18.586097
            ],
            [
              73.961503,
              18.586516
            ],
            [
              73.961639,
              18.585376
            ],
            [
              73.961701,
              18.586652
            ],
            [
              73.962639,
              18.587056
            ],
            [
              73.963639,
              18.585058
            ],
            [
              73.966862,
              18.585875
            ],
            [
              73.966011,
              18.583652
            ],
            [
              73.968084,
              18.581652
            ],
            [
              73.966006,
              18.580652
            ],
            [
              73.96706,
              18.579652
            ],
            [
              73.966777,
              18.57779
            ],
            [
              73.967639,
              18.57762
            ],
            [
              73.96532,
              18.577333
            ],
            [
              73.964672,
              18.578685
            ],
            [
              73.962916,
              18.578929
            ],
            [
              73.962639,
              18.579729
            ],
            [
              73.960639,
              18.578399
            ],
            [
              73.958179,
              18.578652
            ],
            [
              73.95742,
              18.574652
            ],
            [
              73.955079,
              18.572211
            ],
            [
              73.953485,
              18.571805
            ],
            [
              73.952493,
              18.570652
            ],
            [
              73.952639,
              18.569824
            ],
            [
              73.95277,
              18.57052
            ],
            [
              73.954367,
              18.57038
            ],
            [
              73.954909,
              18.568922
            ],
            [
              73.956639,
              18.568806
            ],
            [
              73.958639,
              18.567439
            ],
            [
              73.958989,
              18.569302
            ],
            [
              73.960186,
              18.569199
            ],
            [
              73.961528,
              18.566541
            ],
            [
              73.962297,
              18.56631
            ],
            [
              73.962519,
              18.564652
            ],
            [
              73.962787,
              18.564503
            ],
            [
              73.963496,
              18.564652
            ],
            [
              73.96269,
              18.564703
            ],
            [
              73.963096,
              18.567194
            ],
            [
              73.966061,
              18.567652
            ],
            [
              73.963149,
              18.568162
            ],
            [
              73.963194,
              18.569096
            ],
            [
              73.964897,
              18.569652
            ],
            [
              73.963214,
              18.570227
            ],
            [
              73.963293,
              18.571997
            ],
            [
              73.965627,
              18.571652
            ],
            [
              73.965457,
              18.57047
            ],
            [
              73.966413,
              18.570426
            ],
            [
              73.966639,
              18.56957
            ],
            [
              73.967173,
              18.571117
            ],
            [
              73.968639,
              18.571091
            ],
            [
              73.969639,
              18.57209
            ],
            [
              73.970055,
              18.570652
            ],
            [
              73.969098,
              18.569652
            ],
            [
              73.969256,
              18.567269
            ],
            [
              73.972639,
              18.567111
            ],
            [
              73.973346,
              18.567945
            ],
            [
              73.974639,
              18.568044
            ],
            [
              73.975071,
              18.566652
            ],
            [
              73.974281,
              18.565294
            ],
            [
              73.975639,
              18.565105
            ],
            [
              73.976639,
              18.566117
            ],
            [
              73.977148,
              18.565652
            ],
            [
              73.977019,
              18.564271
            ],
            [
              73.975302,
              18.563652
            ],
            [
              73.975153,
              18.561137
            ],
            [
              73.97356,
              18.560731
            ],
            [
              73.97346,
              18.559831
            ],
            [
              73.972683,
              18.559652
            ],
            [
              73.973485,
              18.559498
            ],
            [
              73.973894,
              18.560396
            ],
            [
              73.975639,
              18.560404
            ],
            [
              73.976639,
              18.561332
            ],
            [
              73.980639,
              18.560666
            ],
            [
              73.982007,
              18.561283
            ],
            [
              73.982229,
              18.563652
            ],
            [
              73.983257,
              18.564652
            ],
            [
              73.982314,
              18.567652
            ],
            [
              73.983435,
              18.569855
            ],
            [
              73.986839,
              18.568852
            ],
            [
              73.984009,
              18.566652
            ],
            [
              73.986869,
              18.564882
            ],
            [
              73.986893,
              18.563397
            ],
            [
              73.984264,
              18.563026
            ],
            [
              73.984012,
              18.559278
            ],
            [
              73.980639,
              18.560016
            ],
            [
              73.980197,
              18.555652
            ],
            [
              73.980639,
              18.555279
            ],
            [
              73.982122,
              18.557168
            ],
            [
              73.983074,
              18.557087
            ],
            [
              73.98559,
              18.554652
            ],
            [
              73.984633,
              18.553652
            ],
            [
              73.985368,
              18.553381
            ],
            [
              73.985253,
              18.552037
            ],
            [
              73.983005,
              18.551652
            ],
            [
              73.984382,
              18.551395
            ],
            [
              73.984639,
              18.550039
            ],
            [
              73.984931,
              18.551359
            ],
            [
              73.986267,
              18.55128
            ],
            [
              73.98631,
              18.549652
            ],
            [
              73.988246,
              18.549259
            ],
            [
              73.988639,
              18.548276
            ],
            [
              73.989125,
              18.551165
            ],
            [
              73.990344,
              18.551357
            ],
            [
              73.990639,
              18.55014
            ],
            [
              73.992384,
              18.551652
            ],
            [
              73.99061,
              18.55368
            ],
            [
              73.994639,
              18.554515
            ],
            [
              73.995639,
              18.554125
            ],
            [
              73.996823,
              18.556467
            ],
            [
              73.997804,
              18.556486
            ],
            [
              73.997891,
              18.557652
            ],
            [
              73.996882,
              18.558652
            ],
            [
              73.998039,
              18.559652
            ],
            [
              73.9988,
              18.561813
            ],
            [
              73.99806,
              18.562073
            ],
            [
              73.997807,
              18.563483
            ],
            [
              73.999257,
              18.56327
            ],
            [
              73.99947,
              18.562483
            ],
            [
              74.001639,
              18.562371
            ],
            [
              74.005744,
              18.564547
            ],
            [
              74.002639,
              18.564992
            ],
            [
              74.002065,
              18.565652
            ],
            [
              74.002639,
              18.566409
            ],
            [
              74.004984,
              18.566652
            ],
            [
              74.003639,
              18.566778
            ],
            [
              74.002939,
              18.567652
            ],
            [
              74.004298,
              18.571992
            ],
            [
              74.006246,
              18.571652
            ],
            [
              74.00542,
              18.568652
            ],
            [
              74.006639,
              18.568122
            ],
            [
              74.007193,
              18.570097
            ],
            [
              74.008929,
              18.570652
            ],
            [
              74.009639,
              18.574187
            ],
            [
              74.011639,
              18.572343
            ],
            [
              74.012829,
              18.572461
            ],
            [
              74.014639,
              18.574345
            ],
            [
              74.015639,
              18.57345
            ],
            [
              74.018574,
              18.573652
            ],
            [
              74.017639,
              18.57513
            ],
            [
              74.01663,
              18.574643
            ],
            [
              74.015985,
              18.576652
            ],
            [
              74.012479,
              18.580652
            ],
            [
              74.009639,
              18.580979
            ],
            [
              74.008639,
              18.579063
            ],
            [
              74.004222,
              18.579652
            ],
            [
              74.004639,
              18.582136
            ],
            [
              74.00789,
              18.5814
            ],
            [
              74.007477,
              18.582652
            ],
            [
              74.009017,
              18.585273
            ],
            [
              74.010684,
              18.585606
            ],
            [
              74.011009,
              18.587282
            ],
            [
              74.012668,
              18.587622
            ],
            [
              74.013616,
              18.588652
            ],
            [
              74.011937,
              18.58895
            ],
            [
              74.011864,
              18.589652
            ],
            [
              74.013678,
              18.590612
            ],
            [
              74.013815,
              18.592652
            ],
            [
              74.014868,
              18.594422
            ],
            [
              74.016164,
              18.594652
            ],
            [
              74.013639,
              18.595594
            ],
            [
              74.010639,
              18.593039
            ],
            [
              74.009847,
              18.59486
            ],
            [
              74.00729,
              18.595
            ],
            [
              74.006978,
              18.592312
            ],
            [
              74.005331,
              18.592344
            ],
            [
              74.00525,
              18.59404
            ],
            [
              74.006893,
              18.595652
            ],
            [
              74.004639,
              18.596042
            ],
            [
              74.004291,
              18.596999
            ],
            [
              74.005639,
              18.598261
            ],
            [
              74.008855,
              18.599435
            ],
            [
              74.00992,
              18.60137
            ],
            [
              74.010874,
              18.601652
            ],
            [
              74.010966,
              18.602652
            ],
            [
              74.009639,
              18.602527
            ],
            [
              74.008229,
              18.601061
            ],
            [
              74.007139,
              18.601152
            ],
            [
              74.005852,
              18.602652
            ],
            [
              74.006175,
              18.604652
            ],
            [
              74.005639,
              18.604786
            ],
            [
              74.004229,
              18.603061
            ],
            [
              74.003158,
              18.603171
            ],
            [
              74.003639,
              18.606369
            ],
            [
              74.002639,
              18.606401
            ],
            [
              74.001639,
              18.605466
            ],
            [
              74.001174,
              18.603116
            ],
            [
              73.999913,
              18.602926
            ],
            [
              73.998639,
              18.604357
            ],
            [
              73.998358,
              18.602932
            ],
            [
              73.995639,
              18.601853
            ],
            [
              73.998155,
              18.601168
            ],
            [
              73.998064,
              18.599226
            ],
            [
              73.992639,
              18.598606
            ],
            [
              73.992127,
              18.597163
            ],
            [
              73.991058,
              18.596652
            ],
            [
              73.990639,
              18.59429
            ],
            [
              73.990054,
              18.597067
            ],
            [
              73.988223,
              18.596652
            ],
            [
              73.988306,
              18.599984
            ],
            [
              73.989639,
              18.599214
            ],
            [
              73.990084,
              18.600652
            ],
            [
              73.987804,
              18.601652
            ],
            [
              73.987826,
              18.603652
            ],
            [
              73.988809,
              18.604481
            ],
            [
              73.989149,
              18.606142
            ],
            [
              73.992569,
              18.606652
            ],
            [
              73.990639,
              18.607648
            ],
            [
              73.990327,
              18.606963
            ],
            [
              73.989108,
              18.607121
            ],
            [
              73.987811,
              18.608652
            ],
            [
              73.987639,
              18.610529
            ]
          ]
        ],
        "type": "Polygon"
      },
      "type": "Feature"
    },
    {
      "properties": {
        "fill-opacity": 0.33,
        "fillColor": "#bf4040",
        "opacity": 0.33,
        "fill": "#bf4040",
        "fillOpacity": 0.33,
        "color": "#bf4040",
        "contour": 5.0,
        "metric": "distance",
        "provider_name": "Om Sai Sweets And Dairy",
        "zone_type": "distance",
        "distance_km": 5,
        "mode": "motorcycle",
        "center_lat": 18.582652,
        "center_lon": 73.983639,
        "label": "5km"
      },
      "geometry": {
        "coordinates": [
          [
            [
              73.984639,
              18.61882
            ],
            [
              73.984441,
              18.61685
            ],
            [
              73.983663,
              18.616652
            ],
            [
              73.983114,
              18.614652
            ],
            [
              73.986245,
              18.612652
            ],
            [
              73.983406,
              18.611884
            ],
            [
              73.98322,
              18.609652
            ],
            [
              73.986639,
              18.60914
            ],
            [
              73.98707,
              18.607652
            ],
            [
              73.983639,
              18.607167
            ],
            [
              73.982323,
              18.607967
            ],
            [
              73.982021,
              18.604652
            ],
            [
              73.982859,
              18.603431
            ],
            [
              73.979639,
              18.603356
            ],
            [
              73.978639,
              18.604351
            ],
            [
              73.977639,
              18.603369
            ],
            [
              73.976311,
              18.603652
            ],
            [
              73.97728,
              18.605652
            ],
            [
              73.977247,
              18.608043
            ],
            [
              73.979208,
              18.609652
            ],
            [
              73.978137,
              18.612652
            ],
            [
              73.979911,
              18.61338
            ],
            [
              73.979639,
              18.615152
            ],
            [
              73.977178,
              18.613652
            ],
            [
              73.977114,
              18.610652
            ],
            [
              73.978069,
              18.609652
            ],
            [
              73.97703,
              18.60826
            ],
            [
              73.975203,
              18.608216
            ],
            [
              73.975103,
              18.610116
            ],
            [
              73.973639,
              18.610145
            ],
            [
              73.972387,
              18.609903
            ],
            [
              73.972085,
              18.608205
            ],
            [
              73.970639,
              18.608243
            ],
            [
              73.969179,
              18.609652
            ],
            [
              73.970129,
              18.611142
            ],
            [
              73.968278,
              18.610012
            ],
            [
              73.968274,
              18.608287
            ],
            [
              73.971977,
              18.603652
            ],
            [
              73.970895,
              18.602395
            ],
            [
              73.968639,
              18.601277
            ],
            [
              73.967639,
              18.603126
            ],
            [
              73.966639,
              18.60216
            ],
            [
              73.965068,
              18.602222
            ],
            [
              73.964548,
              18.600561
            ],
            [
              73.963655,
              18.600652
            ],
            [
              73.961639,
              18.603117
            ],
            [
              73.96058,
              18.60171
            ],
            [
              73.959504,
              18.601787
            ],
            [
              73.958639,
              18.600911
            ],
            [
              73.95782,
              18.601652
            ],
            [
              73.957866,
              18.602879
            ],
            [
              73.956552,
              18.602738
            ],
            [
              73.952597,
              18.598693
            ],
            [
              73.950806,
              18.598819
            ],
            [
              73.949639,
              18.600147
            ],
            [
              73.946369,
              18.597652
            ],
            [
              73.94601,
              18.596652
            ],
            [
              73.946779,
              18.595792
            ],
            [
              73.947057,
              18.593233
            ],
            [
              73.946188,
              18.593201
            ],
            [
              73.945327,
              18.59434
            ],
            [
              73.945612,
              18.595652
            ],
            [
              73.944639,
              18.596656
            ],
            [
              73.943639,
              18.59543
            ],
            [
              73.942604,
              18.595652
            ],
            [
              73.940026,
              18.593652
            ],
            [
              73.940639,
              18.59241
            ],
            [
              73.942268,
              18.592281
            ],
            [
              73.942639,
              18.590739
            ],
            [
              73.942828,
              18.591462
            ],
            [
              73.945639,
              18.591269
            ],
            [
              73.947023,
              18.590036
            ],
            [
              73.947639,
              18.583861
            ],
            [
              73.947777,
              18.584513
            ],
            [
              73.950639,
              18.585572
            ],
            [
              73.95127,
              18.582283
            ],
            [
              73.954009,
              18.582022
            ],
            [
              73.954138,
              18.580152
            ],
            [
              73.952588,
              18.579652
            ],
            [
              73.954094,
              18.579107
            ],
            [
              73.953308,
              18.577652
            ],
            [
              73.954182,
              18.576195
            ],
            [
              73.955639,
              18.575943
            ],
            [
              73.956639,
              18.577245
            ],
            [
              73.957137,
              18.576652
            ],
            [
              73.956639,
              18.574263
            ],
            [
              73.949639,
              18.57374
            ],
            [
              73.949798,
              18.572652
            ],
            [
              73.951209,
              18.572222
            ],
            [
              73.951072,
              18.571218
            ],
            [
              73.950198,
              18.571211
            ],
            [
              73.949639,
              18.572583
            ],
            [
              73.947971,
              18.570652
            ],
            [
              73.948365,
              18.568652
            ],
            [
              73.947309,
              18.566981
            ],
            [
              73.944639,
              18.566705
            ],
            [
              73.944248,
              18.565652
            ],
            [
              73.946639,
              18.564599
            ],
            [
              73.947639,
              18.565441
            ],
            [
              73.950639,
              18.563377
            ],
            [
              73.954454,
              18.563467
            ],
            [
              73.954639,
              18.562447
            ],
            [
              73.954958,
              18.565652
            ],
            [
              73.956024,
              18.566037
            ],
            [
              73.957283,
              18.564652
            ],
            [
              73.957366,
              18.563379
            ],
            [
              73.959464,
              18.562652
            ],
            [
              73.959419,
              18.561871
            ],
            [
              73.95856,
              18.561652
            ],
            [
              73.959324,
              18.561337
            ],
            [
              73.958905,
              18.559652
            ],
            [
              73.961639,
              18.555626
            ],
            [
              73.963639,
              18.556303
            ],
            [
              73.964356,
              18.557652
            ],
            [
              73.964023,
              18.559267
            ],
            [
              73.965493,
              18.559506
            ],
            [
              73.965639,
              18.558924
            ],
            [
              73.966639,
              18.560463
            ],
            [
              73.968608,
              18.560621
            ],
            [
              73.968639,
              18.560129
            ],
            [
              73.968639,
              18.560666
            ],
            [
              73.964193,
              18.561206
            ],
            [
              73.964639,
              18.562543
            ],
            [
              73.96568,
              18.56261
            ],
            [
              73.96556,
              18.563652
            ],
            [
              73.966639,
              18.563714
            ],
            [
              73.967005,
              18.565652
            ],
            [
              73.963639,
              18.565151
            ],
            [
              73.963347,
              18.566943
            ],
            [
              73.972639,
              18.566967
            ],
            [
              73.973639,
              18.567951
            ],
            [
              73.974829,
              18.567842
            ],
            [
              73.974183,
              18.565196
            ],
            [
              73.975639,
              18.564963
            ],
            [
              73.976639,
              18.565969
            ],
            [
              73.976982,
              18.565308
            ],
            [
              73.976881,
              18.564409
            ],
            [
              73.975238,
              18.564052
            ],
            [
              73.974926,
              18.561364
            ],
            [
              73.973284,
              18.561006
            ],
            [
              73.971342,
              18.558948
            ],
            [
              73.970639,
              18.557027
            ],
            [
              73.969639,
              18.558123
            ],
            [
              73.965876,
              18.558414
            ],
            [
              73.965211,
              18.557652
            ],
            [
              73.966385,
              18.557398
            ],
            [
              73.966639,
              18.556402
            ],
            [
              73.969639,
              18.55627
            ],
            [
              73.970384,
              18.555397
            ],
            [
              73.971639,
              18.555309
            ],
            [
              73.972277,
              18.558013
            ],
            [
              73.976639,
              18.561057
            ],
            [
              73.977081,
              18.560209
            ],
            [
              73.976206,
              18.560084
            ],
            [
              73.975445,
              18.558652
            ],
            [
              73.977488,
              18.557501
            ],
            [
              73.97762,
              18.556633
            ],
            [
              73.978161,
              18.559129
            ],
            [
              73.979977,
              18.55899
            ],
            [
              73.979964,
              18.556327
            ],
            [
              73.978268,
              18.556022
            ],
            [
              73.978113,
              18.551177
            ],
            [
              73.976277,
              18.549013
            ],
            [
              73.974032,
              18.548652
            ],
            [
              73.975401,
              18.548414
            ],
            [
              73.975639,
              18.547254
            ],
            [
              73.977091,
              18.549199
            ],
            [
              73.98006,
              18.549073
            ],
            [
              73.981425,
              18.546652
            ],
            [
              73.981639,
              18.544554
            ],
            [
              73.982061,
              18.546229
            ],
            [
              73.984639,
              18.545709
            ],
            [
              73.985993,
              18.546652
            ],
            [
              73.985266,
              18.548024
            ],
            [
              73.987639,
              18.548318
            ],
            [
              73.988161,
              18.547652
            ],
            [
              73.987211,
              18.546652
            ],
            [
              73.989019,
              18.546032
            ],
            [
              73.989053,
              18.545237
            ],
            [
              73.984814,
              18.544827
            ],
            [
              73.984639,
              18.54537
            ],
            [
              73.983775,
              18.544652
            ],
            [
              73.984639,
              18.543821
            ],
            [
              73.984817,
              18.544473
            ],
            [
              73.989073,
              18.544086
            ],
            [
              73.989384,
              18.542652
            ],
            [
              73.988549,
              18.540652
            ],
            [
              73.989639,
              18.539444
            ],
            [
              73.98997,
              18.54132
            ],
            [
              73.99165,
              18.54164
            ],
            [
              73.991966,
              18.543324
            ],
            [
              73.993708,
              18.543652
            ],
            [
              73.993982,
              18.546308
            ],
            [
              73.997004,
              18.549286
            ],
            [
              73.998427,
              18.54944
            ],
            [
              73.998639,
              18.548431
            ],
            [
              74.00159,
              18.550652
            ],
            [
              74.00081,
              18.550823
            ],
            [
              74.000659,
              18.552652
            ],
            [
              73.999692,
              18.553652
            ],
            [
              74.000471,
              18.554819
            ],
            [
              74.002878,
              18.555891
            ],
            [
              74.000639,
              18.556003
            ],
            [
              74.000034,
              18.556652
            ],
            [
              74.000639,
              18.557326
            ],
            [
              74.002639,
              18.557442
            ],
            [
              74.003639,
              18.556536
            ],
            [
              74.003774,
              18.557652
            ],
            [
              74.000188,
              18.558201
            ],
            [
              74.000724,
              18.561652
            ],
            [
              74.002639,
              18.563065
            ],
            [
              74.005002,
              18.563289
            ],
            [
              74.006181,
              18.564652
            ],
            [
              74.002639,
              18.565254
            ],
            [
              74.002365,
              18.565925
            ],
            [
              74.007639,
              18.566232
            ],
            [
              74.00889,
              18.5674
            ],
            [
              74.007289,
              18.568302
            ],
            [
              74.007225,
              18.569652
            ],
            [
              74.009028,
              18.570262
            ],
            [
              74.009408,
              18.573882
            ],
            [
              74.011639,
              18.57206
            ],
            [
              74.013028,
              18.572263
            ],
            [
              74.014639,
              18.574061
            ],
            [
              74.015639,
              18.573096
            ],
            [
              74.017969,
              18.572982
            ],
            [
              74.01803,
              18.57226
            ],
            [
              74.015501,
              18.570789
            ],
            [
              74.015526,
              18.569539
            ],
            [
              74.017639,
              18.569334
            ],
            [
              74.018345,
              18.569652
            ],
            [
              74.018207,
              18.571084
            ],
            [
              74.019639,
              18.57124
            ],
            [
              74.020329,
              18.569961
            ],
            [
              74.019113,
              18.569652
            ],
            [
              74.02037,
              18.569383
            ],
            [
              74.020639,
              18.567802
            ],
            [
              74.021639,
              18.567594
            ],
            [
              74.022431,
              18.568652
            ],
            [
              74.021836,
              18.568849
            ],
            [
              74.022171,
              18.571119
            ],
            [
              74.024328,
              18.570341
            ],
            [
              74.024639,
              18.569406
            ],
            [
              74.025639,
              18.569534
            ],
            [
              74.025682,
              18.570695
            ],
            [
              74.024032,
              18.571045
            ],
            [
              74.024151,
              18.572139
            ],
            [
              74.027641,
              18.572654
            ],
            [
              74.026824,
              18.572837
            ],
            [
              74.02661,
              18.575652
            ],
            [
              74.025639,
              18.57673
            ],
            [
              74.024639,
              18.576506
            ],
            [
              74.024258,
              18.575032
            ],
            [
              74.023386,
              18.574652
            ],
            [
              74.024207,
              18.57422
            ],
            [
              74.024129,
              18.573161
            ],
            [
              74.023192,
              18.573205
            ],
            [
              74.021854,
              18.575867
            ],
            [
              74.017239,
              18.578252
            ],
            [
              74.017177,
              18.579113
            ],
            [
              74.018103,
              18.579652
            ],
            [
              74.018051,
              18.581652
            ],
            [
              74.015985,
              18.581998
            ],
            [
              74.015639,
              18.582771
            ],
            [
              74.015067,
              18.580224
            ],
            [
              74.013774,
              18.580652
            ],
            [
              74.013639,
              18.581947
            ],
            [
              74.00924,
              18.58105
            ],
            [
              74.008639,
              18.579281
            ],
            [
              74.004344,
              18.579652
            ],
            [
              74.004426,
              18.581864
            ],
            [
              74.008049,
              18.581241
            ],
            [
              74.009337,
              18.584953
            ],
            [
              74.010984,
              18.585307
            ],
            [
              74.011336,
              18.586954
            ],
            [
              74.013971,
              18.588319
            ],
            [
              74.013971,
              18.588984
            ],
            [
              74.012202,
              18.589652
            ],
            [
              74.013982,
              18.590308
            ],
            [
              74.014187,
              18.592652
            ],
            [
              74.015325,
              18.593965
            ],
            [
              74.017639,
              18.59323
            ],
            [
              74.020639,
              18.596329
            ],
            [
              74.021639,
              18.595395
            ],
            [
              74.024529,
              18.595542
            ],
            [
              74.024874,
              18.594652
            ],
            [
              74.024639,
              18.59612
            ],
            [
              74.023036,
              18.596049
            ],
            [
              74.022639,
              18.599246
            ],
            [
              74.020639,
              18.600618
            ],
            [
              74.02025,
              18.59904
            ],
            [
              74.019131,
              18.599144
            ],
            [
              74.018951,
              18.600339
            ],
            [
              74.020608,
              18.600652
            ],
            [
              74.019639,
              18.601957
            ],
            [
              74.016639,
              18.603314
            ],
            [
              74.016479,
              18.601652
            ],
            [
              74.015639,
              18.600928
            ],
            [
              74.014005,
              18.603018
            ],
            [
              74.014022,
              18.605268
            ],
            [
              74.014817,
              18.605652
            ],
            [
              74.014891,
              18.607399
            ],
            [
              74.015734,
              18.607652
            ],
            [
              74.015639,
              18.610149
            ],
            [
              74.012639,
              18.607734
            ],
            [
              74.011049,
              18.608062
            ],
            [
              74.010773,
              18.609517
            ],
            [
              74.011675,
              18.609652
            ],
            [
              74.010639,
              18.610286
            ],
            [
              74.009639,
              18.608182
            ],
            [
              74.007561,
              18.609729
            ],
            [
              74.005639,
              18.608055
            ],
            [
              74.004884,
              18.610897
            ],
            [
              74.003639,
              18.610989
            ],
            [
              74.003006,
              18.608284
            ],
            [
              74.001639,
              18.609
            ],
            [
              74.000639,
              18.608027
            ],
            [
              73.999898,
              18.608652
            ],
            [
              73.999639,
              18.61176
            ],
            [
              73.997098,
              18.609192
            ],
            [
              73.992639,
              18.60715
            ],
            [
              73.991947,
              18.60896
            ],
            [
              73.990639,
              18.609123
            ],
            [
              73.989639,
              18.607215
            ],
            [
              73.988186,
              18.608652
            ],
            [
              73.988135,
              18.610652
            ],
            [
              73.989849,
              18.611442
            ],
            [
              73.989849,
              18.613652
            ],
            [
              73.988957,
              18.61397
            ],
            [
              73.988639,
              18.615792
            ],
            [
              73.986923,
              18.616936
            ],
            [
              73.986639,
              18.618136
            ],
            [
              73.984639,
              18.61882
            ]
          ]
        ],
        "type": "Polygon"
      },
      "type": "Feature"
    },
    {
      "properties": {
        "fill-opacity": 0.33,
        "fillColor": "#bf4040",
        "opacity": 0.33,
        "fill": "#bf4040",
        "fillOpacity": 0.33,
        "color": "#bf4040",
        "contour": 6.0,
        "metric": "distance",
        "provider_name": "Om Sai Sweets And Dairy",
        "zone_type": "distance",
        "distance_km": 6,
        "mode": "motorcycle",
        "center_lat": 18.582652,
        "center_lon": 73.983639,
        "label": "6km"
      },
      "geometry": {
        "coordinates": [
          [
            [
              73.983639,
              18.627138
            ],
            [
              73.983481,
              18.625809
            ],
            [
              73.982252,
              18.625038
            ],
            [
              73.98081,
              18.624823
            ],
            [
              73.980615,
              18.625675
            ],
            [
              73.980461,
              18.623829
            ],
            [
              73.979802,
              18.623652
            ],
            [
              73.981348,
              18.623361
            ],
            [
              73.981639,
              18.622002
            ],
            [
              73.982002,
              18.623288
            ],
            [
              73.983092,
              18.623105
            ],
            [
              73.983188,
              18.619652
            ],
            [
              73.984128,
              18.617652
            ],
            [
              73.983639,
              18.617151
            ],
            [
              73.981227,
              18.61824
            ],
            [
              73.980868,
              18.620652
            ],
            [
              73.981459,
              18.621652
            ],
            [
              73.978633,
              18.622658
            ],
            [
              73.978334,
              18.621652
            ],
            [
              73.979334,
              18.621347
            ],
            [
              73.98026,
              18.617652
            ],
            [
              73.979639,
              18.61692
            ],
            [
              73.978536,
              18.617754
            ],
            [
              73.977849,
              18.617652
            ],
            [
              73.978514,
              18.617527
            ],
            [
              73.978341,
              18.615949
            ],
            [
              73.977012,
              18.615652
            ],
            [
              73.977582,
              18.614652
            ],
            [
              73.976961,
              18.610652
            ],
            [
              73.97794,
              18.609652
            ],
            [
              73.97692,
              18.60837
            ],
            [
              73.975335,
              18.608348
            ],
            [
              73.975288,
              18.610002
            ],
            [
              73.976277,
              18.610652
            ],
            [
              73.975639,
              18.61129
            ],
            [
              73.974989,
              18.610301
            ],
            [
              73.972228,
              18.610062
            ],
            [
              73.971947,
              18.608343
            ],
            [
              73.970639,
              18.608362
            ],
            [
              73.969432,
              18.609445
            ],
            [
              73.970301,
              18.61099
            ],
            [
              73.973055,
              18.611235
            ],
            [
              73.972386,
              18.612904
            ],
            [
              73.974037,
              18.613253
            ],
            [
              73.975499,
              18.614652
            ],
            [
              73.973639,
              18.615231
            ],
            [
              73.972639,
              18.614265
            ],
            [
              73.970356,
              18.615369
            ],
            [
              73.970178,
              18.616112
            ],
            [
              73.971964,
              18.617977
            ],
            [
              73.970639,
              18.619092
            ],
            [
              73.968403,
              18.618887
            ],
            [
              73.970144,
              18.617652
            ],
            [
              73.969066,
              18.614652
            ],
            [
              73.971021,
              18.613652
            ],
            [
              73.969999,
              18.612652
            ],
            [
              73.969977,
              18.611314
            ],
            [
              73.968182,
              18.610108
            ],
            [
              73.967951,
              18.608652
            ],
            [
              73.971892,
              18.603652
            ],
            [
              73.970824,
              18.602466
            ],
            [
              73.968441,
              18.601454
            ],
            [
              73.968076,
              18.603089
            ],
            [
              73.966882,
              18.603652
            ],
            [
              73.966767,
              18.60578
            ],
            [
              73.958639,
              18.605941
            ],
            [
              73.957639,
              18.607916
            ],
            [
              73.956571,
              18.607652
            ],
            [
              73.95741,
              18.605652
            ],
            [
              73.956639,
              18.604986
            ],
            [
              73.954639,
              18.605963
            ],
            [
              73.950853,
              18.605866
            ],
            [
              73.950677,
              18.60669
            ],
            [
              73.949912,
              18.606652
            ],
            [
              73.950639,
              18.605547
            ],
            [
              73.954092,
              18.605105
            ],
            [
              73.955189,
              18.603652
            ],
            [
              73.954954,
              18.601336
            ],
            [
              73.953224,
              18.602237
            ],
            [
              73.952639,
              18.603938
            ],
            [
              73.951639,
              18.602982
            ],
            [
              73.949639,
              18.603028
            ],
            [
              73.948814,
              18.604827
            ],
            [
              73.947639,
              18.604833
            ],
            [
              73.949213,
              18.601652
            ],
            [
              73.948973,
              18.600317
            ],
            [
              73.947255,
              18.600268
            ],
            [
              73.946639,
              18.601902
            ],
            [
              73.945639,
              18.600947
            ],
            [
              73.942995,
              18.601008
            ],
            [
              73.942639,
              18.602701
            ],
            [
              73.942324,
              18.600967
            ],
            [
              73.939933,
              18.600946
            ],
            [
              73.939639,
              18.602363
            ],
            [
              73.939356,
              18.600934
            ],
            [
              73.937169,
              18.600652
            ],
            [
              73.938413,
              18.599426
            ],
            [
              73.938119,
              18.598171
            ],
            [
              73.937094,
              18.598107
            ],
            [
              73.936639,
              18.59923
            ],
            [
              73.934084,
              18.598652
            ],
            [
              73.9308,
              18.595652
            ],
            [
              73.933639,
              18.592863
            ],
            [
              73.939006,
              18.592019
            ],
            [
              73.937639,
              18.589953
            ],
            [
              73.936639,
              18.591022
            ],
            [
              73.93536,
              18.59093
            ],
            [
              73.936639,
              18.589317
            ],
            [
              73.939639,
              18.589277
            ],
            [
              73.940639,
              18.590232
            ],
            [
              73.942639,
              18.589185
            ],
            [
              73.94332,
              18.590971
            ],
            [
              73.945887,
              18.5909
            ],
            [
              73.947005,
              18.589652
            ],
            [
              73.947261,
              18.580652
            ],
            [
              73.948464,
              18.578477
            ],
            [
              73.950434,
              18.577652
            ],
            [
              73.950096,
              18.576194
            ],
            [
              73.948639,
              18.575882
            ],
            [
              73.94839,
              18.5749
            ],
            [
              73.947425,
              18.574652
            ],
            [
              73.949126,
              18.573652
            ],
            [
              73.948639,
              18.572133
            ],
            [
              73.947639,
              18.573099
            ],
            [
              73.947191,
              18.572652
            ],
            [
              73.947911,
              18.568379
            ],
            [
              73.946639,
              18.567274
            ],
            [
              73.944245,
              18.567045
            ],
            [
              73.940639,
              18.563635
            ],
            [
              73.939639,
              18.5642
            ],
            [
              73.939244,
              18.563046
            ],
            [
              73.936004,
              18.562652
            ],
            [
              73.938134,
              18.562147
            ],
            [
              73.938639,
              18.559468
            ],
            [
              73.939639,
              18.559969
            ],
            [
              73.940639,
              18.558541
            ],
            [
              73.942639,
              18.56014
            ],
            [
              73.945324,
              18.559337
            ],
            [
              73.946639,
              18.557235
            ],
            [
              73.947533,
              18.558652
            ],
            [
              73.946881,
              18.558894
            ],
            [
              73.946807,
              18.560483
            ],
            [
              73.948333,
              18.560346
            ],
            [
              73.949639,
              18.557867
            ],
            [
              73.952488,
              18.558501
            ],
            [
              73.952878,
              18.557891
            ],
            [
              73.954909,
              18.557922
            ],
            [
              73.954929,
              18.554652
            ],
            [
              73.955639,
              18.5537
            ],
            [
              73.956639,
              18.554562
            ],
            [
              73.956815,
              18.556475
            ],
            [
              73.958439,
              18.556652
            ],
            [
              73.958639,
              18.557706
            ],
            [
              73.960148,
              18.556652
            ],
            [
              73.959639,
              18.556039
            ],
            [
              73.958639,
              18.556579
            ],
            [
              73.957971,
              18.554652
            ],
            [
              73.960227,
              18.553652
            ],
            [
              73.959639,
              18.552799
            ],
            [
              73.957545,
              18.552745
            ],
            [
              73.957393,
              18.551652
            ],
            [
              73.961639,
              18.548549
            ],
            [
              73.962438,
              18.548652
            ],
            [
              73.963005,
              18.550285
            ],
            [
              73.96456,
              18.550652
            ],
            [
              73.962909,
              18.550922
            ],
            [
              73.963149,
              18.552141
            ],
            [
              73.964125,
              18.552138
            ],
            [
              73.964639,
              18.550684
            ],
            [
              73.967582,
              18.552652
            ],
            [
              73.964639,
              18.552894
            ],
            [
              73.964036,
              18.553652
            ],
            [
              73.965639,
              18.555246
            ],
            [
              73.967087,
              18.5551
            ],
            [
              73.968634,
              18.550652
            ],
            [
              73.967262,
              18.546652
            ],
            [
              73.969243,
              18.546256
            ],
            [
              73.969498,
              18.544792
            ],
            [
              73.968624,
              18.544652
            ],
            [
              73.969639,
              18.544587
            ],
            [
              73.969878,
              18.546652
            ],
            [
              73.971071,
              18.547084
            ],
            [
              73.971509,
              18.543652
            ],
            [
              73.973493,
              18.542506
            ],
            [
              73.973653,
              18.541637
            ],
            [
              73.974639,
              18.541927
            ],
            [
              73.974828,
              18.543652
            ],
            [
              73.973157,
              18.54417
            ],
            [
              73.973206,
              18.545084
            ],
            [
              73.974936,
              18.545354
            ],
            [
              73.977348,
              18.548942
            ],
            [
              73.979897,
              18.54891
            ],
            [
              73.981079,
              18.546652
            ],
            [
              73.98102,
              18.54427
            ],
            [
              73.979298,
              18.540993
            ],
            [
              73.977485,
              18.540652
            ],
            [
              73.979747,
              18.540543
            ],
            [
              73.982278,
              18.544012
            ],
            [
              73.983968,
              18.543981
            ],
            [
              73.980639,
              18.537801
            ],
            [
              73.981663,
              18.537627
            ],
            [
              73.982056,
              18.539234
            ],
            [
              73.986039,
              18.540052
            ],
            [
              73.987428,
              18.536441
            ],
            [
              73.989281,
              18.535652
            ],
            [
              73.988399,
              18.534412
            ],
            [
              73.990639,
              18.530678
            ],
            [
              73.99101,
              18.53328
            ],
            [
              73.991788,
              18.533652
            ],
            [
              73.98995,
              18.534652
            ],
            [
              73.991036,
              18.536652
            ],
            [
              73.990083,
              18.537652
            ],
            [
              73.991082,
              18.538652
            ],
            [
              73.990163,
              18.540652
            ],
            [
              73.991975,
              18.541315
            ],
            [
              73.992334,
              18.542956
            ],
            [
              73.994639,
              18.543183
            ],
            [
              73.995639,
              18.544399
            ],
            [
              73.997086,
              18.544099
            ],
            [
              73.997382,
              18.542652
            ],
            [
              73.996465,
              18.541652
            ],
            [
              73.996639,
              18.539513
            ],
            [
              73.996839,
              18.540451
            ],
            [
              73.998285,
              18.540652
            ],
            [
              73.997784,
              18.540797
            ],
            [
              73.998188,
              18.544102
            ],
            [
              74.000639,
              18.544461
            ],
            [
              74.002142,
              18.546148
            ],
            [
              74.003839,
              18.546451
            ],
            [
              74.004238,
              18.549052
            ],
            [
              74.008639,
              18.549446
            ],
            [
              74.00938,
              18.549393
            ],
            [
              74.009639,
              18.548135
            ],
            [
              74.01078,
              18.548652
            ],
            [
              74.010321,
              18.549652
            ],
            [
              74.00898,
              18.549993
            ],
            [
              74.008639,
              18.552472
            ],
            [
              74.008414,
              18.550876
            ],
            [
              74.006639,
              18.549963
            ],
            [
              74.004639,
              18.550054
            ],
            [
              74.002935,
              18.552948
            ],
            [
              74.000152,
              18.553652
            ],
            [
              74.004169,
              18.556652
            ],
            [
              74.003639,
              18.558188
            ],
            [
              74.00037,
              18.558383
            ],
            [
              74.001196,
              18.559652
            ],
            [
              74.001161,
              18.561652
            ],
            [
              74.002639,
              18.562944
            ],
            [
              74.005097,
              18.563194
            ],
            [
              74.006325,
              18.564652
            ],
            [
              74.002444,
              18.565846
            ],
            [
              74.007639,
              18.566019
            ],
            [
              74.00905,
              18.567241
            ],
            [
              74.00905,
              18.568063
            ],
            [
              74.007409,
              18.568422
            ],
            [
              74.007346,
              18.569652
            ],
            [
              74.00911,
              18.57018
            ],
            [
              74.009467,
              18.573823
            ],
            [
              74.011639,
              18.571942
            ],
            [
              74.013109,
              18.572181
            ],
            [
              74.014639,
              18.573942
            ],
            [
              74.015639,
              18.572959
            ],
            [
              74.01786,
              18.572873
            ],
            [
              74.015081,
              18.570652
            ],
            [
              74.016067,
              18.568223
            ],
            [
              74.01343,
              18.567652
            ],
            [
              74.016639,
              18.567287
            ],
            [
              74.018639,
              18.569166
            ],
            [
              74.019953,
              18.568966
            ],
            [
              74.019969,
              18.568321
            ],
            [
              74.018033,
              18.566257
            ],
            [
              74.01642,
              18.56587
            ],
            [
              74.018258,
              18.564652
            ],
            [
              74.017124,
              18.563166
            ],
            [
              74.013832,
              18.563652
            ],
            [
              74.015356,
              18.562369
            ],
            [
              74.015121,
              18.560652
            ],
            [
              74.01652,
              18.560533
            ],
            [
              74.017639,
              18.559331
            ],
            [
              74.018127,
              18.562163
            ],
            [
              74.019639,
              18.562436
            ],
            [
              74.020639,
              18.56071
            ],
            [
              74.023372,
              18.560385
            ],
            [
              74.023639,
              18.558934
            ],
            [
              74.0253,
              18.561652
            ],
            [
              74.023864,
              18.562877
            ],
            [
              74.024124,
              18.564166
            ],
            [
              74.02518,
              18.564193
            ],
            [
              74.025639,
              18.562723
            ],
            [
              74.027254,
              18.562652
            ],
            [
              74.027363,
              18.563652
            ],
            [
              74.025991,
              18.564004
            ],
            [
              74.025878,
              18.564652
            ],
            [
              74.026639,
              18.566326
            ],
            [
              74.028639,
              18.563785
            ],
            [
              74.030858,
              18.564432
            ],
            [
              74.029972,
              18.565985
            ],
            [
              74.030201,
              18.568089
            ],
            [
              74.031639,
              18.567458
            ],
            [
              74.032639,
              18.568421
            ],
            [
              74.034474,
              18.568487
            ],
            [
              74.034639,
              18.567718
            ],
            [
              74.035012,
              18.568278
            ],
            [
              74.034639,
              18.569198
            ],
            [
              74.033639,
              18.568814
            ],
            [
              74.032709,
              18.569652
            ],
            [
              74.03317,
              18.573121
            ],
            [
              74.036719,
              18.573732
            ],
            [
              74.036459,
              18.574652
            ],
            [
              74.033398,
              18.576892
            ],
            [
              74.033238,
              18.575052
            ],
            [
              74.031181,
              18.575194
            ],
            [
              74.030999,
              18.576292
            ],
            [
              74.032453,
              18.576652
            ],
            [
              74.033639,
              18.578539
            ],
            [
              74.032839,
              18.579852
            ],
            [
              74.032438,
              18.578852
            ],
            [
              74.031639,
              18.578829
            ],
            [
              74.030748,
              18.580761
            ],
            [
              74.02946,
              18.58083
            ],
            [
              74.029103,
              18.579187
            ],
            [
              74.027247,
              18.57926
            ],
            [
              74.027216,
              18.580074
            ],
            [
              74.028856,
              18.581435
            ],
            [
              74.028924,
              18.583366
            ],
            [
              74.029974,
              18.583652
            ],
            [
              74.029639,
              18.584825
            ],
            [
              74.028296,
              18.584652
            ],
            [
              74.028243,
              18.583047
            ],
            [
              74.025515,
              18.583652
            ],
            [
              74.025748,
              18.582652
            ],
            [
              74.027345,
              18.581652
            ],
            [
              74.025431,
              18.580859
            ],
            [
              74.025212,
              18.578652
            ],
            [
              74.023052,
              18.574238
            ],
            [
              74.021006,
              18.577019
            ],
            [
              74.017255,
              18.578652
            ],
            [
              74.019051,
              18.579652
            ],
            [
              74.019106,
              18.581652
            ],
            [
              74.020063,
              18.582652
            ],
            [
              74.019639,
              18.584991
            ],
            [
              74.019028,
              18.583262
            ],
            [
              74.018268,
              18.583281
            ],
            [
              74.017639,
              18.585037
            ],
            [
              74.016963,
              18.582328
            ],
            [
              74.015284,
              18.583006
            ],
            [
              74.014899,
              18.580391
            ],
            [
              74.014175,
              18.580652
            ],
            [
              74.013954,
              18.582967
            ],
            [
              74.012639,
              18.583108
            ],
            [
              74.011885,
              18.581405
            ],
            [
              74.009163,
              18.581127
            ],
            [
              74.008639,
              18.579381
            ],
            [
              74.004411,
              18.579652
            ],
            [
              74.004478,
              18.581813
            ],
            [
              74.005639,
              18.581903
            ],
            [
              74.006639,
              18.580926
            ],
            [
              74.00812,
              18.58117
            ],
            [
              74.009431,
              18.584859
            ],
            [
              74.011088,
              18.585202
            ],
            [
              74.01143,
              18.58686
            ],
            [
              74.014083,
              18.588207
            ],
            [
              74.014083,
              18.589096
            ],
            [
              74.012335,
              18.589652
            ],
            [
              74.014088,
              18.590202
            ],
            [
              74.014327,
              18.592652
            ],
            [
              74.015639,
              18.593977
            ],
            [
              74.017639,
              18.593018
            ],
            [
              74.020639,
              18.596055
            ],
            [
              74.021639,
              18.595078
            ],
            [
              74.023639,
              18.595113
            ],
            [
              74.024639,
              18.594145
            ],
            [
              74.026018,
              18.594031
            ],
            [
              74.025475,
              18.590652
            ],
            [
              74.027862,
              18.590652
            ],
            [
              74.028021,
              18.594652
            ],
            [
              74.028779,
              18.595652
            ],
            [
              74.027064,
              18.596652
            ],
            [
              74.026813,
              18.600477
            ],
            [
              74.02768,
              18.60061
            ],
            [
              74.027674,
              18.601687
            ],
            [
              74.026089,
              18.602102
            ],
            [
              74.025639,
              18.60466
            ],
            [
              74.02529,
              18.603
            ],
            [
              74.020639,
              18.603087
            ],
            [
              74.019067,
              18.604652
            ],
            [
              74.018639,
              18.606996
            ],
            [
              74.018001,
              18.604289
            ],
            [
              74.016148,
              18.603652
            ],
            [
              74.01593,
              18.601361
            ],
            [
              74.014146,
              18.603652
            ],
            [
              74.016186,
              18.607652
            ],
            [
              74.016376,
              18.610914
            ],
            [
              74.019028,
              18.612262
            ],
            [
              74.019079,
              18.615211
            ],
            [
              74.020639,
              18.617241
            ],
            [
              74.018639,
              18.617455
            ],
            [
              74.017857,
              18.616652
            ],
            [
              74.018472,
              18.616485
            ],
            [
              74.01809,
              18.6142
            ],
            [
              74.016639,
              18.614
            ],
            [
              74.015639,
              18.614945
            ],
            [
              74.013467,
              18.613823
            ],
            [
              74.01224,
              18.612652
            ],
            [
              74.01324,
              18.611652
            ],
            [
              74.012639,
              18.611079
            ],
            [
              74.012073,
              18.612086
            ],
            [
              74.010288,
              18.611301
            ],
            [
              74.009639,
              18.614055
            ],
            [
              74.008037,
              18.611253
            ],
            [
              74.007229,
              18.611242
            ],
            [
              74.006761,
              18.612774
            ],
            [
              74.005639,
              18.612836
            ],
            [
              74.005351,
              18.611939
            ],
            [
              74.003238,
              18.611052
            ],
            [
              74.002875,
              18.608415
            ],
            [
              74.001639,
              18.609257
            ],
            [
              74.000639,
              18.608267
            ],
            [
              73.999639,
              18.613126
            ],
            [
              73.998955,
              18.611335
            ],
            [
              73.99691,
              18.60938
            ],
            [
              73.992639,
              18.607317
            ],
            [
              73.992072,
              18.609085
            ],
            [
              73.990639,
              18.609306
            ],
            [
              73.989639,
              18.607347
            ],
            [
              73.988327,
              18.608652
            ],
            [
              73.988304,
              18.610652
            ],
            [
              73.990034,
              18.611256
            ],
            [
              73.990197,
              18.613652
            ],
            [
              73.989169,
              18.614652
            ],
            [
              73.988951,
              18.616964
            ],
            [
              73.987165,
              18.617652
            ],
            [
              73.989639,
              18.61833
            ],
            [
              73.990639,
              18.617486
            ],
            [
              73.990874,
              18.618652
            ],
            [
              73.989639,
              18.619933
            ],
            [
              73.986639,
              18.620088
            ],
            [
              73.985639,
              18.619148
            ],
            [
              73.984278,
              18.620291
            ],
            [
              73.984199,
              18.622091
            ],
            [
              73.987094,
              18.623652
            ],
            [
              73.984121,
              18.624134
            ],
            [
              73.983639,
              18.627138
            ]
          ]
        ],
        "type": "Polygon"
      },
      "type": "Feature"
    }
  ]
}