{
  "type": "FeatureCollection",
  "metadata": {
    "provider_name": "Hotel Paramathma",
    "center_lat": 12.717341,
    "center_lon": 77.69975,
    "mode": "motorcycle",
    "total_zones": 4,
    "distance_zones": [
      3,
      4,
      5,
      6
    ],
    "generated_at": "2025-12-28T07:07:32.049861Z"
  },
  "features": [
    {
      "properties": {
        "fill-opacity": 0.33,
        "fillColor": "#bf4040",
        "opacity": 0.33,
        "fill": "#bf4040",
        "fillOpacity": 0.33,
        "color": "#bf4040",
        "contour": 3.0,
        "metric": "distance",
        "provider_name": "Hotel Paramathma",
        "zone_type": "distance",
        "distance_km": 3,
        "mode": "motorcycle",
        "center_lat": 12.717341,
        "center_lon": 77.69975,
        "label": "3km"
      },
      "geometry": {
        "coordinates": [
          [
            [
              77.70875,
              12.741944
            ],
            [
              77.707942,
              12.741341
            ],
            [
              77.708603,
              12.741194
            ],
            [
              77.708351,
              12.739739
            ],
            [
              77.707587,
              12.739341
            ],
            [
              77.708461,
              12.738341
            ],
            [
              77.708175,
              12.736915
            ],
            [
              77.70575,
              12.736633
            ],
            [
              77.70475,
              12.738564
            ],
            [
              77.70375,
              12.737544
            ],
            [
              77.702462,
              12.738341
            ],
            [
              77.702512,
              12.737341
            ],
            [
              77.704334,
              12.736925
            ],
            [
              77.705609,
              12.7352
            ],
            [
              77.707123,
              12.734714
            ],
            [
              77.706055,
              12.732035
            ],
            [
              77.700293,
              12.733884
            ],
            [
              77.700107,
              12.734983
            ],
            [
              77.700926,
              12.735517
            ],
            [
              77.700398,
              12.736692
            ],
            [
              77.698565,
              12.734525
            ],
            [
              77.69834,
              12.73275
            ],
            [
              77.696729,
              12.731361
            ],
            [
              77.697284,
              12.729341
            ],
            [
              77.69575,
              12.727855
            ],
            [
              77.69475,
              12.729691
            ],
            [
              77.69275,
              12.727803
            ],
            [
              77.689318,
              12.727909
            ],
            [
              77.689946,
              12.729341
            ],
            [
              77.68975,
              12.73193
            ],
            [
              77.688822,
              12.730268
            ],
            [
              77.68775,
              12.731682
            ],
            [
              77.685625,
              12.730341
            ],
            [
              77.685505,
              12.727341
            ],
            [
              77.68675,
              12.726465
            ],
            [
              77.68775,
              12.727083
            ],
            [
              77.691287,
              12.726341
            ],
            [
              77.69003,
              12.72306
            ],
            [
              77.68837,
              12.72272
            ],
            [
              77.686377,
              12.720713
            ],
            [
              77.687049,
              12.718041
            ],
            [
              77.68475,
              12.717807
            ],
            [
              77.683336,
              12.718927
            ],
            [
              77.683251,
              12.720839
            ],
            [
              77.684864,
              12.721341
            ],
            [
              77.683172,
              12.721763
            ],
            [
              77.68175,
              12.723448
            ],
            [
              77.68075,
              12.723485
            ],
            [
              77.680632,
              12.722458
            ],
            [
              77.679167,
              12.721341
            ],
            [
              77.67975,
              12.720254
            ],
            [
              77.68097,
              12.720561
            ],
            [
              77.680954,
              12.718341
            ],
            [
              77.68175,
              12.716884
            ],
            [
              77.68275,
              12.717968
            ],
            [
              77.68475,
              12.715866
            ],
            [
              77.68821,
              12.716801
            ],
            [
              77.687047,
              12.714043
            ],
            [
              77.685147,
              12.711943
            ],
            [
              77.68375,
              12.712641
            ],
            [
              77.681231,
              12.712341
            ],
            [
              77.68175,
              12.711468
            ],
            [
              77.682769,
              12.71136
            ],
            [
              77.682633,
              12.710341
            ],
            [
              77.682429,
              12.709662
            ],
            [
              77.680682,
              12.709341
            ],
            [
              77.683308,
              12.708899
            ],
            [
              77.684433,
              12.707341
            ],
            [
              77.68375,
              12.706548
            ],
            [
              77.68162,
              12.707341
            ],
            [
              77.681721,
              12.706369
            ],
            [
              77.684264,
              12.705855
            ],
            [
              77.684467,
              12.704623
            ],
            [
              77.683544,
              12.704341
            ],
            [
              77.68475,
              12.702922
            ],
            [
              77.685142,
              12.704948
            ],
            [
              77.686125,
              12.705965
            ],
            [
              77.68775,
              12.706032
            ],
            [
              77.687755,
              12.706346
            ],
            [
              77.686235,
              12.706826
            ],
            [
              77.68634,
              12.70775
            ],
            [
              77.68775,
              12.707895
            ],
            [
              77.68875,
              12.708876
            ],
            [
              77.691216,
              12.706341
            ],
            [
              77.69075,
              12.704718
            ],
            [
              77.690008,
              12.705341
            ],
            [
              77.690019,
              12.70661
            ],
            [
              77.689577,
              12.706341
            ],
            [
              77.689492,
              12.702341
            ],
            [
              77.690685,
              12.700276
            ],
            [
              77.692544,
              12.699135
            ],
            [
              77.693083,
              12.697674
            ],
            [
              77.69475,
              12.697317
            ],
            [
              77.694328,
              12.699341
            ],
            [
              77.695028,
              12.700062
            ],
            [
              77.696563,
              12.700154
            ],
            [
              77.696917,
              12.699341
            ],
            [
              77.696891,
              12.700482
            ],
            [
              77.696043,
              12.700634
            ],
            [
              77.69597,
              12.701341
            ],
            [
              77.69675,
              12.702242
            ],
            [
              77.698343,
              12.700341
            ],
            [
              77.697446,
              12.698644
            ],
            [
              77.698589,
              12.69618
            ],
            [
              77.700026,
              12.696341
            ],
            [
              77.699008,
              12.697341
            ],
            [
              77.700024,
              12.698341
            ],
            [
              77.699114,
              12.699341
            ],
            [
              77.69975,
              12.700843
            ],
            [
              77.701551,
              12.698142
            ],
            [
              77.704157,
              12.697748
            ],
            [
              77.70575,
              12.69482
            ],
            [
              77.707562,
              12.695153
            ],
            [
              77.70775,
              12.694391
            ],
            [
              77.708571,
              12.695341
            ],
            [
              77.707776,
              12.698314
            ],
            [
              77.709711,
              12.700341
            ],
            [
              77.70986,
              12.70223
            ],
            [
              77.710848,
              12.702242
            ],
            [
              77.71175,
              12.704142
            ],
            [
              77.71275,
              12.703239
            ],
            [
              77.713798,
              12.703341
            ],
            [
              77.712939,
              12.70353
            ],
            [
              77.712831,
              12.704422
            ],
            [
              77.71075,
              12.704605
            ],
            [
              77.710012,
              12.705341
            ],
            [
              77.710335,
              12.706755
            ],
            [
              77.712104,
              12.707341
            ],
            [
              77.711207,
              12.708341
            ],
            [
              77.711394,
              12.709696
            ],
            [
              77.71275,
              12.710928
            ],
            [
              77.716407,
              12.710998
            ],
            [
              77.71775,
              12.710106
            ],
            [
              77.717935,
              12.712155
            ],
            [
              77.72075,
              12.712673
            ],
            [
              77.720934,
              12.713525
            ],
            [
              77.719266,
              12.713857
            ],
            [
              77.71875,
              12.715193
            ],
            [
              77.71775,
              12.714777
            ],
            [
              77.717175,
              12.715341
            ],
            [
              77.71775,
              12.716134
            ],
            [
              77.71918,
              12.71591
            ],
            [
              77.719153,
              12.717937
            ],
            [
              77.72075,
              12.717977
            ],
            [
              77.720941,
              12.718341
            ],
            [
              77.720021,
              12.718612
            ],
            [
              77.720263,
              12.719828
            ],
            [
              77.72226,
              12.720341
            ],
            [
              77.720283,
              12.720874
            ],
            [
              77.720062,
              12.722341
            ],
            [
              77.721529,
              12.72312
            ],
            [
              77.721865,
              12.722341
            ],
            [
              77.721917,
              12.723173
            ],
            [
              77.721133,
              12.723724
            ],
            [
              77.720997,
              12.725093
            ],
            [
              77.722577,
              12.725341
            ],
            [
              77.72175,
              12.726169
            ],
            [
              77.71975,
              12.726387
            ],
            [
              77.71675,
              12.724606
            ],
            [
              77.715932,
              12.726341
            ],
            [
              77.715968,
              12.727122
            ],
            [
              77.716828,
              12.727341
            ],
            [
              77.71675,
              12.728343
            ],
            [
              77.716553,
              12.727538
            ],
            [
              77.715672,
              12.727418
            ],
            [
              77.715429,
              12.724341
            ],
            [
              77.71475,
              12.72379
            ],
            [
              77.712705,
              12.729385
            ],
            [
              77.712461,
              12.726341
            ],
            [
              77.713387,
              12.725341
            ],
            [
              77.71275,
              12.721867
            ],
            [
              77.711434,
              12.723025
            ],
            [
              77.711103,
              12.724694
            ],
            [
              77.70844,
              12.726031
            ],
            [
              77.70875,
              12.726991
            ],
            [
              77.709983,
              12.727107
            ],
            [
              77.711151,
              12.729341
            ],
            [
              77.709368,
              12.731722
            ],
            [
              77.713402,
              12.732341
            ],
            [
              77.711943,
              12.732534
            ],
            [
              77.712773,
              12.735364
            ],
            [
              77.71099,
              12.735581
            ],
            [
              77.71075,
              12.737032
            ],
            [
              77.71042,
              12.73567
            ],
            [
              77.709104,
              12.736341
            ],
            [
              77.70999,
              12.738341
            ],
            [
              77.708982,
              12.739341
            ],
            [
              77.70875,
              12.741944
            ]
          ]
        ],
        "type": "Polygon"
      },
      "type": "Feature"
    },
    {
      "properties": {
        "fill-opacity": 0.33,
        "fillColor": "#bf4040",
        "opacity": 0.33,
        "fill": "#bf4040",
        "fillOpacity": 0.33,
        "color": "#bf4040",
        "contour": 4.0,
        "metric": "distance",
        "provider_name": "Hotel Paramathma",
        "zone_type": "distance",
        "distance_km": 4,
        "mode": "motorcycle",
        "center_lat": 12.717341,
        "center_lon": 77.69975,
        "label": "4km"
      },
      "geometry": {
        "coordinates": [
          [
            [
              77.70675,
              12.750752
            ],
            [
              77.706602,
              12.748488
            ],
            [
              77.705991,
              12.748341
            ],
            [
              77.707079,
              12.74667
            ],
            [
              77.706421,
              12.745341
            ],
            [
              77.707142,
              12.743948
            ],
            [
              77.698689,
              12.743401
            ],
            [
              77.698605,
              12.741485
            ],
            [
              77.697998,
              12.741341
            ],
            [
              77.698217,
              12.740341
            ],
            [
              77.699482,
              12.740073
            ],
            [
              77.699342,
              12.738341
            ],
            [
              77.69875,
              12.737759
            ],
            [
              77.695512,
              12.737578
            ],
            [
              77.695457,
              12.735341
            ],
            [
              77.694462,
              12.733628
            ],
            [
              77.689357,
              12.733948
            ],
            [
              77.689065,
              12.736341
            ],
            [
              77.688007,
              12.737341
            ],
            [
              77.688845,
              12.738341
            ],
            [
              77.68875,
              12.739808
            ],
            [
              77.68775,
              12.740252
            ],
            [
              77.687453,
              12.738637
            ],
            [
              77.686641,
              12.738341
            ],
            [
              77.686541,
              12.736341
            ],
            [
              77.688203,
              12.735794
            ],
            [
              77.688309,
              12.733341
            ],
            [
              77.687088,
              12.732002
            ],
            [
              77.686196,
              12.732341
            ],
            [
              77.685989,
              12.73458
            ],
            [
              77.68221,
              12.734801
            ],
            [
              77.68175,
              12.737195
            ],
            [
              77.68154,
              12.734341
            ],
            [
              77.680221,
              12.731869
            ],
            [
              77.677653,
              12.731437
            ],
            [
              77.677503,
              12.729587
            ],
            [
              77.67475,
              12.729719
            ],
            [
              77.67475,
              12.729311
            ],
            [
              77.676421,
              12.729012
            ],
            [
              77.677659,
              12.724341
            ],
            [
              77.675295,
              12.723886
            ],
            [
              77.67375,
              12.726334
            ],
            [
              77.67275,
              12.724518
            ],
            [
              77.671945,
              12.724536
            ],
            [
              77.67175,
              12.725615
            ],
            [
              77.67096,
              12.725341
            ],
            [
              77.671663,
              12.725254
            ],
            [
              77.671671,
              12.724262
            ],
            [
              77.67375,
              12.724094
            ],
            [
              77.676369,
              12.722341
            ],
            [
              77.67575,
              12.720673
            ],
            [
              77.674216,
              12.720807
            ],
            [
              77.67375,
              12.721539
            ],
            [
              77.671327,
              12.721341
            ],
            [
              77.67253,
              12.721121
            ],
            [
              77.67265,
              12.719241
            ],
            [
              77.67475,
              12.720059
            ],
            [
              77.677326,
              12.719341
            ],
            [
              77.676265,
              12.716825
            ],
            [
              77.674049,
              12.716341
            ],
            [
              77.676293,
              12.715884
            ],
            [
              77.676137,
              12.712341
            ],
            [
              77.67746,
              12.711341
            ],
            [
              77.67675,
              12.710666
            ],
            [
              77.672734,
              12.710341
            ],
            [
              77.67575,
              12.710072
            ],
            [
              77.676389,
              12.709341
            ],
            [
              77.67575,
              12.708641
            ],
            [
              77.67275,
              12.7089
            ],
            [
              77.672648,
              12.707442
            ],
            [
              77.671879,
              12.707341
            ],
            [
              77.672784,
              12.707306
            ],
            [
              77.67296,
              12.708131
            ],
            [
              77.675239,
              12.70783
            ],
            [
              77.675619,
              12.705471
            ],
            [
              77.675112,
              12.705341
            ],
            [
              77.67575,
              12.70485
            ],
            [
              77.67675,
              12.707139
            ],
            [
              77.68075,
              12.706866
            ],
            [
              77.68175,
              12.705837
            ],
            [
              77.684038,
              12.705629
            ],
            [
              77.684058,
              12.705032
            ],
            [
              77.682432,
              12.704658
            ],
            [
              77.68175,
              12.702759
            ],
            [
              77.68075,
              12.703707
            ],
            [
              77.679529,
              12.703561
            ],
            [
              77.6802,
              12.70189
            ],
            [
              77.677888,
              12.701341
            ],
            [
              77.677599,
              12.699491
            ],
            [
              77.676889,
              12.699341
            ],
            [
              77.678711,
              12.698303
            ],
            [
              77.67911,
              12.69998
            ],
            [
              77.680241,
              12.699832
            ],
            [
              77.680883,
              12.697341
            ],
            [
              77.681305,
              12.700786
            ],
            [
              77.683149,
              12.70074
            ],
            [
              77.682502,
              12.699341
            ],
            [
              77.683746,
              12.697341
            ],
            [
              77.682861,
              12.696341
            ],
            [
              77.685421,
              12.696012
            ],
            [
              77.68575,
              12.693938
            ],
            [
              77.686627,
              12.695341
            ],
            [
              77.685992,
              12.695583
            ],
            [
              77.685796,
              12.697294
            ],
            [
              77.68923,
              12.696821
            ],
            [
              77.690388,
              12.695341
            ],
            [
              77.690514,
              12.693105
            ],
            [
              77.69175,
              12.692085
            ],
            [
              77.692365,
              12.692341
            ],
            [
              77.69133,
              12.69476
            ],
            [
              77.69475,
              12.695879
            ],
            [
              77.696488,
              12.692341
            ],
            [
              77.694897,
              12.691488
            ],
            [
              77.694393,
              12.692341
            ],
            [
              77.694628,
              12.691462
            ],
            [
              77.696412,
              12.691003
            ],
            [
              77.69675,
              12.689372
            ],
            [
              77.697084,
              12.691006
            ],
            [
              77.69879,
              12.6913
            ],
            [
              77.699015,
              12.693075
            ],
            [
              77.701555,
              12.693146
            ],
            [
              77.70175,
              12.69175
            ],
            [
              77.701837,
              12.693341
            ],
            [
              77.70275,
              12.693963
            ],
            [
              77.703321,
              12.691912
            ],
            [
              77.704368,
              12.690959
            ],
            [
              77.70775,
              12.690193
            ],
            [
              77.70869,
              12.688281
            ],
            [
              77.71075,
              12.687303
            ],
            [
              77.711189,
              12.689901
            ],
            [
              77.712811,
              12.690279
            ],
            [
              77.71375,
              12.691333
            ],
            [
              77.71475,
              12.690782
            ],
            [
              77.71575,
              12.692018
            ],
            [
              77.717033,
              12.692341
            ],
            [
              77.715874,
              12.692465
            ],
            [
              77.715363,
              12.694341
            ],
            [
              77.714241,
              12.694832
            ],
            [
              77.714089,
              12.697341
            ],
            [
              77.71309,
              12.697681
            ],
            [
              77.71298,
              12.69911
            ],
            [
              77.714558,
              12.699532
            ],
            [
              77.714594,
              12.700497
            ],
            [
              77.71675,
              12.700751
            ],
            [
              77.71775,
              12.69814
            ],
            [
              77.718016,
              12.700341
            ],
            [
              77.719262,
              12.701829
            ],
            [
              77.722452,
              12.702341
            ],
            [
              77.720942,
              12.704533
            ],
            [
              77.71975,
              12.703452
            ],
            [
              77.716358,
              12.703949
            ],
            [
              77.716973,
              12.705341
            ],
            [
              77.716804,
              12.708341
            ],
            [
              77.71817,
              12.709341
            ],
            [
              77.718428,
              12.711662
            ],
            [
              77.721187,
              12.712341
            ],
            [
              77.721734,
              12.714325
            ],
            [
              77.71975,
              12.714059
            ],
            [
              77.719516,
              12.714574
            ],
            [
              77.72177,
              12.714361
            ],
            [
              77.72275,
              12.713824
            ],
            [
              77.72475,
              12.715325
            ],
            [
              77.723051,
              12.715642
            ],
            [
              77.722966,
              12.716341
            ],
            [
              77.726015,
              12.719341
            ],
            [
              77.724994,
              12.720585
            ],
            [
              77.723376,
              12.720967
            ],
            [
              77.724204,
              12.722341
            ],
            [
              77.72242,
              12.723011
            ],
            [
              77.72228,
              12.724341
            ],
            [
              77.72275,
              12.724846
            ],
            [
              77.72375,
              12.723912
            ],
            [
              77.725023,
              12.724067
            ],
            [
              77.72339,
              12.7267
            ],
            [
              77.725318,
              12.728772
            ],
            [
              77.72775,
              12.728907
            ],
            [
              77.727977,
              12.730113
            ],
            [
              77.729118,
              12.730341
            ],
            [
              77.727987,
              12.730578
            ],
            [
              77.727887,
              12.732203
            ],
            [
              77.728439,
              12.732341
            ],
            [
              77.727701,
              12.732389
            ],
            [
              77.727499,
              12.731591
            ],
            [
              77.724812,
              12.731403
            ],
            [
              77.724734,
              12.732341
            ],
            [
              77.724717,
              12.731308
            ],
            [
              77.725444,
              12.731035
            ],
            [
              77.725206,
              12.729884
            ],
            [
              77.723128,
              12.727962
            ],
            [
              77.72075,
              12.727805
            ],
            [
              77.719074,
              12.730341
            ],
            [
              77.71875,
              12.7342
            ],
            [
              77.718182,
              12.729908
            ],
            [
              77.714164,
              12.730341
            ],
            [
              77.715477,
              12.730068
            ],
            [
              77.715597,
              12.729341
            ],
            [
              77.714493,
              12.728341
            ],
            [
              77.715188,
              12.727779
            ],
            [
              77.715004,
              12.724086
            ],
            [
              77.713319,
              12.727341
            ],
            [
              77.713567,
              12.730158
            ],
            [
              77.712354,
              12.729736
            ],
            [
              77.712165,
              12.726341
            ],
            [
              77.713139,
              12.725341
            ],
            [
              77.713092,
              12.722341
            ],
            [
              77.712538,
              12.722129
            ],
            [
              77.711203,
              12.724794
            ],
            [
              77.709549,
              12.72514
            ],
            [
              77.708404,
              12.726341
            ],
            [
              77.70875,
              12.72771
            ],
            [
              77.710154,
              12.726937
            ],
            [
              77.711375,
              12.729341
            ],
            [
              77.7094,
              12.731341
            ],
            [
              77.71175,
              12.732793
            ],
            [
              77.71375,
              12.730393
            ],
            [
              77.71424,
              12.730851
            ],
            [
              77.713905,
              12.734185
            ],
            [
              77.715565,
              12.734341
            ],
            [
              77.714985,
              12.734576
            ],
            [
              77.715092,
              12.737341
            ],
            [
              77.717051,
              12.738341
            ],
            [
              77.715934,
              12.739341
            ],
            [
              77.71575,
              12.741359
            ],
            [
              77.715411,
              12.739679
            ],
            [
              77.71275,
              12.739461
            ],
            [
              77.71275,
              12.739328
            ],
            [
              77.714374,
              12.738965
            ],
            [
              77.714188,
              12.737902
            ],
            [
              77.710282,
              12.737873
            ],
            [
              77.709315,
              12.739341
            ],
            [
              77.710044,
              12.740341
            ],
            [
              77.709268,
              12.741341
            ],
            [
              77.709169,
              12.744341
            ],
            [
              77.708128,
              12.745341
            ],
            [
              77.70875,
              12.746061
            ],
            [
              77.710459,
              12.74605
            ],
            [
              77.71075,
              12.744694
            ],
            [
              77.712175,
              12.747341
            ],
            [
              77.71075,
              12.748342
            ],
            [
              77.708922,
              12.748513
            ],
            [
              77.708726,
              12.749341
            ],
            [
              77.70698,
              12.749571
            ],
            [
              77.70675,
              12.750752
            ]
          ]
        ],
        "type": "Polygon"
      },
      "type": "Feature"
    },
    {
      "properties": {
        "fill-opacity": 0.33,
        "fillColor": "#bf4040",
        "opacity": 0.33,
        "fill": "#bf4040",
        "fillOpacity": 0.33,
        "color": "#bf4040",
        "contour": 5.0,
        "metric": "distance",
        "provider_name": "Hotel Paramathma",
        "zone_type": "distance",
        "distance_km": 5,
        "mode": "motorcycle",
        "center_lat": 12.717341,
        "center_lon": 77.69975,
        "label": "5km"
      },
      "geometry": {
        "coordinates": [
          [
            [
              77.70475,
              12.758719
            ],
            [
              77.70375,
              12.759101
            ],
            [
              77.702478,
              12.756341
            ],
            [
              77.703668,
              12.755259
            ],
            [
              77.704055,
              12.756035
            ],
            [
              77.705236,
              12.755827
            ],
            [
              77.706131,
              12.752959
            ],
            [
              77.701006,
              12.753597
            ],
            [
              77.70075,
              12.754913
            ],
            [
              77.699599,
              12.753341
            ],
            [
              77.700929,
              12.75252
            ],
            [
              77.700287,
              12.751341
            ],
            [
              77.700643,
              12.750341
            ],
            [
              77.700927,
              12.751163
            ],
            [
              77.702402,
              12.750993
            ],
            [
              77.70275,
              12.749449
            ],
            [
              77.702944,
              12.751341
            ],
            [
              77.70375,
              12.752009
            ],
            [
              77.70475,
              12.750456
            ],
            [
              77.70585,
              12.750441
            ],
            [
              77.706217,
              12.749341
            ],
            [
              77.705357,
              12.748733
            ],
            [
              77.70514,
              12.74695
            ],
            [
              77.703993,
              12.747341
            ],
            [
              77.703883,
              12.749207
            ],
            [
              77.704392,
              12.749341
            ],
            [
              77.703858,
              12.749449
            ],
            [
              77.702896,
              12.749341
            ],
            [
              77.703202,
              12.747341
            ],
            [
              77.703556,
              12.746147
            ],
            [
              77.70575,
              12.745944
            ],
            [
              77.707124,
              12.744341
            ],
            [
              77.69875,
              12.743864
            ],
            [
              77.69775,
              12.741834
            ],
            [
              77.69475,
              12.741711
            ],
            [
              77.694047,
              12.742341
            ],
            [
              77.69375,
              12.746017
            ],
            [
              77.693426,
              12.741341
            ],
            [
              77.69575,
              12.740929
            ],
            [
              77.696311,
              12.739779
            ],
            [
              77.69634,
              12.738341
            ],
            [
              77.695141,
              12.737341
            ],
            [
              77.695164,
              12.735341
            ],
            [
              77.694056,
              12.734034
            ],
            [
              77.68938,
              12.734341
            ],
            [
              77.689343,
              12.736341
            ],
            [
              77.688312,
              12.737778
            ],
            [
              77.689268,
              12.739341
            ],
            [
              77.688248,
              12.740341
            ],
            [
              77.690172,
              12.740763
            ],
            [
              77.69075,
              12.737262
            ],
            [
              77.691127,
              12.741341
            ],
            [
              77.689177,
              12.742341
            ],
            [
              77.690983,
              12.744341
            ],
            [
              77.690852,
              12.746443
            ],
            [
              77.68875,
              12.748559
            ],
            [
              77.688192,
              12.748341
            ],
            [
              77.688116,
              12.745974
            ],
            [
              77.685906,
              12.745341
            ],
            [
              77.686662,
              12.744253
            ],
            [
              77.687001,
              12.745089
            ],
            [
              77.688247,
              12.744838
            ],
            [
              77.688142,
              12.742948
            ],
            [
              77.686301,
              12.742892
            ],
            [
              77.68475,
              12.745526
            ],
            [
              77.684302,
              12.743788
            ],
            [
              77.682605,
              12.743486
            ],
            [
              77.681456,
              12.740634
            ],
            [
              77.679731,
              12.740341
            ],
            [
              77.68058,
              12.740171
            ],
            [
              77.680752,
              12.739338
            ],
            [
              77.68175,
              12.739737
            ],
            [
              77.682167,
              12.740923
            ],
            [
              77.68375,
              12.740999
            ],
            [
              77.68475,
              12.738026
            ],
            [
              77.685349,
              12.739741
            ],
            [
              77.687085,
              12.739676
            ],
            [
              77.686221,
              12.738341
            ],
            [
              77.686191,
              12.736341
            ],
            [
              77.688139,
              12.735341
            ],
            [
              77.688108,
              12.733341
            ],
            [
              77.686974,
              12.732116
            ],
            [
              77.686393,
              12.732341
            ],
            [
              77.686156,
              12.734747
            ],
            [
              77.68246,
              12.735051
            ],
            [
              77.682273,
              12.736341
            ],
            [
              77.683238,
              12.737341
            ],
            [
              77.68275,
              12.738116
            ],
            [
              77.681351,
              12.737739
            ],
            [
              77.681191,
              12.734341
            ],
            [
              77.679996,
              12.733341
            ],
            [
              77.67975,
              12.731917
            ],
            [
              77.677311,
              12.731902
            ],
            [
              77.676901,
              12.733189
            ],
            [
              77.677374,
              12.733341
            ],
            [
              77.676021,
              12.733612
            ],
            [
              77.675787,
              12.734378
            ],
            [
              77.675463,
              12.732627
            ],
            [
              77.67475,
              12.73251
            ],
            [
              77.67175,
              12.73437
            ],
            [
              77.671425,
              12.733665
            ],
            [
              77.670187,
              12.733778
            ],
            [
              77.66975,
              12.736263
            ],
            [
              77.668806,
              12.735341
            ],
            [
              77.669563,
              12.735154
            ],
            [
              77.669573,
              12.734341
            ],
            [
              77.668156,
              12.733341
            ],
            [
              77.668656,
              12.733247
            ],
            [
              77.668471,
              12.729619
            ],
            [
              77.666749,
              12.72934
            ],
            [
              77.66775,
              12.728566
            ],
            [
              77.669551,
              12.728539
            ],
            [
              77.671119,
              12.729971
            ],
            [
              77.67375,
              12.729868
            ],
            [
              77.676053,
              12.728644
            ],
            [
              77.677176,
              12.726341
            ],
            [
              77.677226,
              12.724341
            ],
            [
              77.67575,
              12.723948
            ],
            [
              77.674457,
              12.725048
            ],
            [
              77.675242,
              12.726341
            ],
            [
              77.67475,
              12.726833
            ],
            [
              77.673416,
              12.726674
            ],
            [
              77.67305,
              12.72504
            ],
            [
              77.672435,
              12.725026
            ],
            [
              77.672149,
              12.728341
            ],
            [
              77.671357,
              12.728733
            ],
            [
              77.670334,
              12.727756
            ],
            [
              77.6701,
              12.72599
            ],
            [
              77.669375,
              12.725966
            ],
            [
              77.66875,
              12.727145
            ],
            [
              77.66775,
              12.725552
            ],
            [
              77.666576,
              12.725514
            ],
            [
              77.666232,
              12.723859
            ],
            [
              77.662711,
              12.723341
            ],
            [
              77.66424,
              12.721831
            ],
            [
              77.66575,
              12.723085
            ],
            [
              77.66775,
              12.721974
            ],
            [
              77.66975,
              12.721887
            ],
            [
              77.672073,
              12.720664
            ],
            [
              77.672276,
              12.718867
            ],
            [
              77.67375,
              12.718802
            ],
            [
              77.67475,
              12.719759
            ],
            [
              77.676999,
              12.71959
            ],
            [
              77.677127,
              12.718341
            ],
            [
              77.676037,
              12.717053
            ],
            [
              77.67375,
              12.716832
            ],
            [
              77.672201,
              12.718792
            ],
            [
              77.67075,
              12.718705
            ],
            [
              77.66975,
              12.719603
            ],
            [
              77.668104,
              12.719695
            ],
            [
              77.66775,
              12.720482
            ],
            [
              77.666529,
              12.720341
            ],
            [
              77.666714,
              12.719305
            ],
            [
              77.66875,
              12.719093
            ],
            [
              77.669538,
              12.718129
            ],
            [
              77.671158,
              12.717749
            ],
            [
              77.67375,
              12.714859
            ],
            [
              77.676041,
              12.715632
            ],
            [
              77.676066,
              12.714024
            ],
            [
              77.673922,
              12.713168
            ],
            [
              77.673792,
              12.712341
            ],
            [
              77.677165,
              12.711341
            ],
            [
              77.67275,
              12.710841
            ],
            [
              77.672258,
              12.711832
            ],
            [
              77.673419,
              12.712341
            ],
            [
              77.666064,
              12.712655
            ],
            [
              77.66575,
              12.71346
            ],
            [
              77.66575,
              12.710469
            ],
            [
              77.66675,
              12.710602
            ],
            [
              77.66775,
              12.712054
            ],
            [
              77.668517,
              12.711108
            ],
            [
              77.672095,
              12.709686
            ],
            [
              77.672223,
              12.708341
            ],
            [
              77.66675,
              12.707656
            ],
            [
              77.66575,
              12.706584
            ],
            [
              77.665095,
              12.706686
            ],
            [
              77.66475,
              12.708369
            ],
            [
              77.66446,
              12.70663
            ],
            [
              77.662879,
              12.706341
            ],
            [
              77.664469,
              12.70606
            ],
            [
              77.66475,
              12.704695
            ],
            [
              77.665082,
              12.706008
            ],
            [
              77.667986,
              12.705104
            ],
            [
              77.668321,
              12.706769
            ],
            [
              77.669143,
              12.706734
            ],
            [
              77.669399,
              12.705341
            ],
            [
              77.667652,
              12.703438
            ],
            [
              77.667695,
              12.702341
            ],
            [
              77.668022,
              12.703068
            ],
            [
              77.670406,
              12.702997
            ],
            [
              77.67075,
              12.701539
            ],
            [
              77.671044,
              12.703046
            ],
            [
              77.675043,
              12.703047
            ],
            [
              77.676231,
              12.704341
            ],
            [
              77.67675,
              12.706784
            ],
            [
              77.68075,
              12.706685
            ],
            [
              77.68175,
              12.705672
            ],
            [
              77.683951,
              12.705542
            ],
            [
              77.682312,
              12.704778
            ],
            [
              77.68175,
              12.702973
            ],
            [
              77.68075,
              12.703953
            ],
            [
              77.67935,
              12.70374
            ],
            [
              77.680018,
              12.702072
            ],
            [
              77.677423,
              12.701667
            ],
            [
              77.67675,
              12.699837
            ],
            [
              77.675445,
              12.700645
            ],
            [
              77.67475,
              12.698739
            ],
            [
              77.67175,
              12.698586
            ],
            [
              77.670637,
              12.699341
            ],
            [
              77.668696,
              12.699341
            ],
            [
              77.669626,
              12.699217
            ],
            [
              77.66975,
              12.697613
            ],
            [
              77.669927,
              12.698163
            ],
            [
              77.674167,
              12.697758
            ],
            [
              77.674281,
              12.694809
            ],
            [
              77.671823,
              12.694341
            ],
            [
              77.673436,
              12.694027
            ],
            [
              77.673576,
              12.692514
            ],
            [
              77.67275,
              12.692134
            ],
            [
              77.673807,
              12.692283
            ],
            [
              77.676318,
              12.694772
            ],
            [
              77.678014,
              12.695076
            ],
            [
              77.678219,
              12.697341
            ],
            [
              77.67975,
              12.699765
            ],
            [
              77.680248,
              12.697341
            ],
            [
              77.681278,
              12.696341
            ],
            [
              77.68037,
              12.694341
            ],
            [
              77.680427,
              12.692341
            ],
            [
              77.679528,
              12.691341
            ],
            [
              77.68075,
              12.688489
            ],
            [
              77.68131,
              12.69278
            ],
            [
              77.68375,
              12.691964
            ],
            [
              77.68475,
              12.693868
            ],
            [
              77.686345,
              12.691341
            ],
            [
              77.686526,
              12.687564
            ],
            [
              77.685496,
              12.687341
            ],
            [
              77.686572,
              12.687163
            ],
            [
              77.686782,
              12.686373
            ],
            [
              77.688613,
              12.686204
            ],
            [
              77.68875,
              12.685562
            ],
            [
              77.68887,
              12.687341
            ],
            [
              77.687112,
              12.690341
            ],
            [
              77.68775,
              12.691947
            ],
            [
              77.691476,
              12.691067
            ],
            [
              77.69275,
              12.688645
            ],
            [
              77.696095,
              12.688686
            ],
            [
              77.696177,
              12.686913
            ],
            [
              77.692737,
              12.685341
            ],
            [
              77.696216,
              12.684807
            ],
            [
              77.696303,
              12.683788
            ],
            [
              77.695601,
              12.683341
            ],
            [
              77.69575,
              12.680748
            ],
            [
              77.695891,
              12.682199
            ],
            [
              77.69775,
              12.682256
            ],
            [
              77.697937,
              12.683153
            ],
            [
              77.69875,
              12.683334
            ],
            [
              77.701262,
              12.683341
            ],
            [
              77.699875,
              12.683466
            ],
            [
              77.699013,
              12.685341
            ],
            [
              77.701241,
              12.686341
            ],
            [
              77.70135,
              12.68874
            ],
            [
              77.70575,
              12.689886
            ],
            [
              77.706328,
              12.688341
            ],
            [
              77.705486,
              12.687077
            ],
            [
              77.706388,
              12.686341
            ],
            [
              77.70575,
              12.68561
            ],
            [
              77.704916,
              12.686507
            ],
            [
              77.703389,
              12.686341
            ],
            [
              77.704461,
              12.686052
            ],
            [
              77.704442,
              12.684648
            ],
            [
              77.703722,
              12.684313
            ],
            [
              77.705241,
              12.683341
            ],
            [
              77.708306,
              12.682897
            ],
            [
              77.708486,
              12.680604
            ],
            [
              77.706925,
              12.680341
            ],
            [
              77.708523,
              12.680114
            ],
            [
              77.70875,
              12.679213
            ],
            [
              77.709527,
              12.679118
            ],
            [
              77.710134,
              12.680956
            ],
            [
              77.711493,
              12.681084
            ],
            [
              77.71175,
              12.679782
            ],
            [
              77.712545,
              12.680545
            ],
            [
              77.714342,
              12.680341
            ],
            [
              77.715359,
              12.682341
            ],
            [
              77.715028,
              12.684341
            ],
            [
              77.71399,
              12.684581
            ],
            [
              77.713636,
              12.686341
            ],
            [
              77.712372,
              12.686963
            ],
            [
              77.711456,
              12.689634
            ],
            [
              77.71375,
              12.690839
            ],
            [
              77.71575,
              12.688707
            ],
            [
              77.717151,
              12.689742
            ],
            [
              77.718548,
              12.688341
            ],
            [
              77.718744,
              12.685335
            ],
            [
              77.719172,
              12.687918
            ],
            [
              77.720268,
              12.688822
            ],
            [
              77.72139,
              12.688981
            ],
            [
              77.72175,
              12.688335
            ],
            [
              77.722064,
              12.689026
            ],
            [
              77.72475,
              12.689301
            ],
            [
              77.725809,
              12.690341
            ],
            [
              77.72475,
              12.6915
            ],
            [
              77.724568,
              12.690523
            ],
            [
              77.723179,
              12.69077
            ],
            [
              77.722845,
              12.692436
            ],
            [
              77.72175,
              12.691475
            ],
            [
              77.720846,
              12.691437
            ],
            [
              77.72075,
              12.69236
            ],
            [
              77.71875,
              12.691774
            ],
            [
              77.718032,
              12.693623
            ],
            [
              77.71675,
              12.692849
            ],
            [
              77.716197,
              12.694341
            ],
            [
              77.718043,
              12.697341
            ],
            [
              77.718326,
              12.700341
            ],
            [
              77.719468,
              12.701622
            ],
            [
              77.72275,
              12.701849
            ],
            [
              77.72375,
              12.700896
            ],
            [
              77.727864,
              12.701226
            ],
            [
              77.72575,
              12.702718
            ],
            [
              77.724379,
              12.70197
            ],
            [
              77.724046,
              12.703637
            ],
            [
              77.722241,
              12.704341
            ],
            [
              77.722723,
              12.705341
            ],
            [
              77.722253,
              12.705837
            ],
            [
              77.72275,
              12.705527
            ],
            [
              77.724267,
              12.708823
            ],
            [
              77.725317,
              12.708908
            ],
            [
              77.72575,
              12.706809
            ],
            [
              77.72597,
              12.709341
            ],
            [
              77.725315,
              12.710775
            ],
            [
              77.72675,
              12.711042
            ],
            [
              77.72775,
              12.710172
            ],
            [
              77.73058,
              12.710341
            ],
            [
              77.728121,
              12.710712
            ],
            [
              77.727909,
              12.7115
            ],
            [
              77.724379,
              12.71297
            ],
            [
              77.725409,
              12.715681
            ],
            [
              77.72875,
              12.715979
            ],
            [
              77.731661,
              12.714252
            ],
            [
              77.733478,
              12.716341
            ],
            [
              77.733616,
              12.717341
            ],
            [
              77.731968,
              12.717559
            ],
            [
              77.73175,
              12.718421
            ],
            [
              77.731514,
              12.717576
            ],
            [
              77.72775,
              12.716743
            ],
            [
              77.724291,
              12.716882
            ],
            [
              77.726575,
              12.719341
            ],
            [
              77.725158,
              12.720749
            ],
            [
              77.72351,
              12.721101
            ],
            [
              77.724181,
              12.722772
            ],
            [
              77.722529,
              12.72312
            ],
            [
              77.721539,
              12.724551
            ],
            [
              77.72275,
              12.724676
            ],
            [
              77.72375,
              12.723704
            ],
            [
              77.725169,
              12.723921
            ],
            [
              77.725169,
              12.72476
            ],
            [
              77.723411,
              12.726341
            ],
            [
              77.725487,
              12.728603
            ],
            [
              77.72675,
              12.728817
            ],
            [
              77.728649,
              12.72224
            ],
            [
              77.729879,
              12.722341
            ],
            [
              77.728974,
              12.723341
            ],
            [
              77.72975,
              12.726023
            ],
            [
              77.730612,
              12.724203
            ],
            [
              77.733884,
              12.723207
            ],
            [
              77.733828,
              12.725341
            ],
            [
              77.73275,
              12.726336
            ],
            [
              77.732509,
              12.725581
            ],
            [
              77.731277,
              12.725868
            ],
            [
              77.730215,
              12.729341
            ],
            [
              77.732483,
              12.730074
            ],
            [
              77.73275,
              12.729098
            ],
            [
              77.73375,
              12.728685
            ],
            [
              77.73414,
              12.73095
            ],
            [
              77.73494,
              12.73215
            ],
            [
              77.736152,
              12.732341
            ],
            [
              77.734669,
              12.732421
            ],
            [
              77.73375,
              12.73157
            ],
            [
              77.732278,
              12.731869
            ],
            [
              77.732279,
              12.733811
            ],
            [
              77.733556,
              12.734341
            ],
            [
              77.735075,
              12.737341
            ],
            [
              77.733929,
              12.73952
            ],
            [
              77.731493,
              12.738084
            ],
            [
              77.73075,
              12.74039
            ],
            [
              77.72975,
              12.740314
            ],
            [
              77.727109,
              12.737341
            ],
            [
              77.727177,
              12.736341
            ],
            [
              77.729316,
              12.734341
            ],
            [
              77.727059,
              12.732031
            ],
            [
              77.722394,
              12.732985
            ],
            [
              77.722135,
              12.735341
            ],
            [
              77.723076,
              12.736341
            ],
            [
              77.722991,
              12.7391
            ],
            [
              77.72382,
              12.739341
            ],
            [
              77.723357,
              12.740341
            ],
            [
              77.722411,
              12.738679
            ],
            [
              77.720661,
              12.738341
            ],
            [
              77.721231,
              12.731341
            ],
            [
              77.723039,
              12.72963
            ],
            [
              77.723125,
              12.728341
            ],
            [
              77.720514,
              12.728105
            ],
            [
              77.719346,
              12.730341
            ],
            [
              77.719548,
              12.736341
            ],
            [
              77.717923,
              12.739514
            ],
            [
              77.716457,
              12.739048
            ],
            [
              77.71575,
              12.742169
            ],
            [
              77.715054,
              12.740036
            ],
            [
              77.71375,
              12.739869
            ],
            [
              77.71275,
              12.740816
            ],
            [
              77.712274,
              12.740341
            ],
            [
              77.712414,
              12.739005
            ],
            [
              77.71375,
              12.738812
            ],
            [
              77.714014,
              12.738076
            ],
            [
              77.710431,
              12.738022
            ],
            [
              77.709447,
              12.739341
            ],
            [
              77.710336,
              12.740341
            ],
            [
              77.709425,
              12.741341
            ],
            [
              77.709382,
              12.744341
            ],
            [
              77.708366,
              12.745341
            ],
            [
              77.70975,
              12.745779
            ],
            [
              77.710423,
              12.744014
            ],
            [
              77.71275,
              12.743895
            ],
            [
              77.713035,
              12.745626
            ],
            [
              77.712281,
              12.745809
            ],
            [
              77.71175,
              12.744816
            ],
            [
              77.711431,
              12.745659
            ],
            [
              77.71275,
              12.746859
            ],
            [
              77.71475,
              12.746924
            ],
            [
              77.716324,
              12.745915
            ],
            [
              77.716251,
              12.744341
            ],
            [
              77.717772,
              12.744318
            ],
            [
              77.72075,
              12.745944
            ],
            [
              77.72075,
              12.747349
            ],
            [
              77.719928,
              12.748519
            ],
            [
              77.71946,
              12.74763
            ],
            [
              77.718245,
              12.747836
            ],
            [
              77.71875,
              12.750363
            ],
            [
              77.71775,
              12.750964
            ],
            [
              77.71575,
              12.750057
            ],
            [
              77.713952,
              12.752543
            ],
            [
              77.711502,
              12.751588
            ],
            [
              77.710086,
              12.749004
            ],
            [
              77.709426,
              12.749017
            ],
            [
              77.709147,
              12.752341
            ],
            [
              77.710503,
              12.756094
            ],
            [
              77.70975,
              12.756567
            ],
            [
              77.709429,
              12.755661
            ],
            [
              77.706933,
              12.755524
            ],
            [
              77.70675,
              12.757722
            ],
            [
              77.70475,
              12.758719
            ]
          ]
        ],
        "type": "Polygon"
      },
      "type": "Feature"
    },
    {
      "properties": {
        "fill-opacity": 0.33,
        "fillColor": "#bf4040",
        "opacity": 0.33,
        "fill": "#bf4040",
        "fillOpacity": 0.33,
        "color": "#bf4040",
        "contour": 6.0,
        "metric": "distance",
        "provider_name": "Hotel Paramathma",
        "zone_type": "distance",
        "distance_km": 6,
        "mode": "motorcycle",
        "center_lat": 12.717341,
        "center_lon": 77.69975,
        "label": "6km"
      },
      "geometry": {
        "coordinates": [
          [
            [
              77.70075,
              12.767357
            ],
            [
              77.699199,
              12.766341
            ],
            [
              77.699324,
              12.762767
            ],
            [
              77.696736,
              12.762341
            ],
            [
              77.696645,
              12.761341
            ],
            [
              77.69975,
              12.757962
            ],
            [
              77.699998,
              12.759092
            ],
            [
              77.70075,
              12.759206
            ],
            [
              77.701303,
              12.758341
            ],
            [
              77.699856,
              12.757341
            ],
            [
              77.699912,
              12.755178
            ],
            [
              77.695393,
              12.754341
            ],
            [
              77.698111,
              12.753702
            ],
            [
              77.699296,
              12.752341
            ],
            [
              77.699102,
              12.750988
            ],
            [
              77.693621,
              12.750469
            ],
            [
              77.693542,
              12.749341
            ],
            [
              77.69175,
              12.747708
            ],
            [
              77.690346,
              12.748937
            ],
            [
              77.690118,
              12.750341
            ],
            [
              77.69075,
              12.75108
            ],
            [
              77.692814,
              12.751341
            ],
            [
              77.691092,
              12.751683
            ],
            [
              77.690846,
              12.752437
            ],
            [
              77.689411,
              12.751679
            ],
            [
              77.68675,
              12.752641
            ],
            [
              77.685821,
              12.751269
            ],
            [
              77.68475,
              12.751957
            ],
            [
              77.68375,
              12.750615
            ],
            [
              77.682589,
              12.751501
            ],
            [
              77.681501,
              12.746092
            ],
            [
              77.683145,
              12.745736
            ],
            [
              77.684191,
              12.744341
            ],
            [
              77.682295,
              12.743795
            ],
            [
              77.682035,
              12.742055
            ],
            [
              77.68075,
              12.740867
            ],
            [
              77.680117,
              12.743341
            ],
            [
              77.68075,
              12.744045
            ],
            [
              77.682079,
              12.744011
            ],
            [
              77.68188,
              12.744471
            ],
            [
              77.681005,
              12.745596
            ],
            [
              77.67975,
              12.745568
            ],
            [
              77.678404,
              12.744341
            ],
            [
              77.678271,
              12.742341
            ],
            [
              77.677015,
              12.740341
            ],
            [
              77.678674,
              12.739341
            ],
            [
              77.678525,
              12.738341
            ],
            [
              77.67631,
              12.737341
            ],
            [
              77.676362,
              12.734953
            ],
            [
              77.677161,
              12.734752
            ],
            [
              77.677088,
              12.734002
            ],
            [
              77.675348,
              12.734742
            ],
            [
              77.67475,
              12.732996
            ],
            [
              77.67175,
              12.734848
            ],
            [
              77.67075,
              12.7339
            ],
            [
              77.670298,
              12.734341
            ],
            [
              77.670355,
              12.736735
            ],
            [
              77.67252,
              12.737341
            ],
            [
              77.672956,
              12.738134
            ],
            [
              77.671146,
              12.738737
            ],
            [
              77.671216,
              12.739874
            ],
            [
              77.674199,
              12.740341
            ],
            [
              77.67275,
              12.742115
            ],
            [
              77.672471,
              12.740619
            ],
            [
              77.66975,
              12.740676
            ],
            [
              77.66775,
              12.742597
            ],
            [
              77.665878,
              12.742469
            ],
            [
              77.665586,
              12.743504
            ],
            [
              77.66556,
              12.742341
            ],
            [
              77.664531,
              12.741341
            ],
            [
              77.666405,
              12.740996
            ],
            [
              77.666333,
              12.739757
            ],
            [
              77.664654,
              12.739341
            ],
            [
              77.66475,
              12.737801
            ],
            [
              77.6657,
              12.737341
            ],
            [
              77.663404,
              12.736995
            ],
            [
              77.662008,
              12.737599
            ],
            [
              77.66175,
              12.738436
            ],
            [
              77.660593,
              12.738341
            ],
            [
              77.660775,
              12.737341
            ],
            [
              77.663205,
              12.736796
            ],
            [
              77.664195,
              12.735786
            ],
            [
              77.663155,
              12.733341
            ],
            [
              77.664248,
              12.732839
            ],
            [
              77.664425,
              12.731341
            ],
            [
              77.66375,
              12.730712
            ],
            [
              77.662274,
              12.730865
            ],
            [
              77.661149,
              12.73174
            ],
            [
              77.66075,
              12.733875
            ],
            [
              77.660492,
              12.732598
            ],
            [
              77.658984,
              12.732341
            ],
            [
              77.659713,
              12.731304
            ],
            [
              77.658517,
              12.727341
            ],
            [
              77.659431,
              12.726341
            ],
            [
              77.657469,
              12.725341
            ],
            [
              77.658208,
              12.723882
            ],
            [
              77.654491,
              12.723341
            ],
            [
              77.655512,
              12.723103
            ],
            [
              77.65575,
              12.721512
            ],
            [
              77.657098,
              12.722992
            ],
            [
              77.66075,
              12.723904
            ],
            [
              77.661478,
              12.722069
            ],
            [
              77.663106,
              12.720697
            ],
            [
              77.663192,
              12.717898
            ],
            [
              77.661125,
              12.717341
            ],
            [
              77.662281,
              12.716872
            ],
            [
              77.662376,
              12.715714
            ],
            [
              77.660511,
              12.715341
            ],
            [
              77.661702,
              12.713293
            ],
            [
              77.66375,
              12.713111
            ],
            [
              77.664473,
              12.712341
            ],
            [
              77.664222,
              12.707341
            ],
            [
              77.66175,
              12.706807
            ],
            [
              77.65975,
              12.708676
            ],
            [
              77.65775,
              12.706651
            ],
            [
              77.653736,
              12.706341
            ],
            [
              77.655442,
              12.706033
            ],
            [
              77.65575,
              12.703666
            ],
            [
              77.65875,
              12.705982
            ],
            [
              77.660145,
              12.705736
            ],
            [
              77.66075,
              12.704811
            ],
            [
              77.66175,
              12.705771
            ],
            [
              77.66375,
              12.705818
            ],
            [
              77.66475,
              12.703669
            ],
            [
              77.66575,
              12.705771
            ],
            [
              77.66675,
              12.704788
            ],
            [
              77.668176,
              12.704767
            ],
            [
              77.66721,
              12.703341
            ],
            [
              77.667407,
              12.701998
            ],
            [
              77.66975,
              12.702779
            ],
            [
              77.67075,
              12.700846
            ],
            [
              77.67175,
              12.702824
            ],
            [
              77.675177,
              12.702913
            ],
            [
              77.676408,
              12.704341
            ],
            [
              77.67675,
              12.706648
            ],
            [
              77.68075,
              12.706597
            ],
            [
              77.68175,
              12.70559
            ],
            [
              77.683904,
              12.705495
            ],
            [
              77.682253,
              12.704837
            ],
            [
              77.68175,
              12.703072
            ],
            [
              77.68075,
              12.704061
            ],
            [
              77.679274,
              12.703816
            ],
            [
              77.679941,
              12.702149
            ],
            [
              77.677308,
              12.701782
            ],
            [
              77.67675,
              12.700005
            ],
            [
              77.675317,
              12.700773
            ],
            [
              77.67475,
              12.698965
            ],
            [
              77.66775,
              12.699812
            ],
            [
              77.66675,
              12.698777
            ],
            [
              77.66575,
              12.699719
            ],
            [
              77.66475,
              12.69869
            ],
            [
              77.661884,
              12.699475
            ],
            [
              77.661471,
              12.698619
            ],
            [
              77.659742,
              12.698341
            ],
            [
              77.660612,
              12.698203
            ],
            [
              77.66175,
              12.695873
            ],
            [
              77.662642,
              12.696341
            ],
            [
              77.661863,
              12.696454
            ],
            [
              77.662104,
              12.697986
            ],
            [
              77.667133,
              12.697724
            ],
            [
              77.668352,
              12.695341
            ],
            [
              77.666501,
              12.693341
            ],
            [
              77.66675,
              12.690343
            ],
            [
              77.667217,
              12.692873
            ],
            [
              77.669346,
              12.694744
            ],
            [
              77.67075,
              12.694872
            ],
            [
              77.673058,
              12.693649
            ],
            [
              77.671122,
              12.690968
            ],
            [
              77.669501,
              12.690589
            ],
            [
              77.667544,
              12.688546
            ],
            [
              77.667382,
              12.687708
            ],
            [
              77.66578,
              12.687341
            ],
            [
              77.66575,
              12.68616
            ],
            [
              77.66775,
              12.686322
            ],
            [
              77.668212,
              12.687878
            ],
            [
              77.670339,
              12.689751
            ],
            [
              77.672049,
              12.690041
            ],
            [
              77.675465,
              12.693625
            ],
            [
              77.677148,
              12.693942
            ],
            [
              77.678373,
              12.695341
            ],
            [
              77.678403,
              12.697341
            ],
            [
              77.67975,
              12.699639
            ],
            [
              77.681102,
              12.695341
            ],
            [
              77.680132,
              12.694341
            ],
            [
              77.680154,
              12.692341
            ],
            [
              77.679198,
              12.690341
            ],
            [
              77.680419,
              12.68801
            ],
            [
              77.682127,
              12.687718
            ],
            [
              77.683382,
              12.686341
            ],
            [
              77.68275,
              12.685618
            ],
            [
              77.679909,
              12.6855
            ],
            [
              77.67975,
              12.686367
            ],
            [
              77.679674,
              12.685341
            ],
            [
              77.68675,
              12.684872
            ],
            [
              77.688077,
              12.685668
            ],
            [
              77.688142,
              12.683948
            ],
            [
              77.685495,
              12.683341
            ],
            [
              77.689148,
              12.682739
            ],
            [
              77.690465,
              12.680341
            ],
            [
              77.688745,
              12.679345
            ],
            [
              77.688898,
              12.677489
            ],
            [
              77.69075,
              12.676899
            ],
            [
              77.691052,
              12.681643
            ],
            [
              77.690135,
              12.682341
            ],
            [
              77.69075,
              12.682945
            ],
            [
              77.691478,
              12.682069
            ],
            [
              77.696051,
              12.682642
            ],
            [
              77.694294,
              12.680341
            ],
            [
              77.695299,
              12.679341
            ],
            [
              77.69575,
              12.676061
            ],
            [
              77.6962,
              12.679341
            ],
            [
              77.69944,
              12.68365
            ],
            [
              77.70022,
              12.683811
            ],
            [
              77.70075,
              12.682827
            ],
            [
              77.70775,
              12.68278
            ],
            [
              77.708215,
              12.682341
            ],
            [
              77.70775,
              12.680855
            ],
            [
              77.70575,
              12.681764
            ],
            [
              77.7036,
              12.68149
            ],
            [
              77.704453,
              12.680341
            ],
            [
              77.704161,
              12.678929
            ],
            [
              77.702546,
              12.678544
            ],
            [
              77.70175,
              12.67757
            ],
            [
              77.701062,
              12.677653
            ],
            [
              77.70075,
              12.678988
            ],
            [
              77.700491,
              12.676599
            ],
            [
              77.699714,
              12.676376
            ],
            [
              77.699729,
              12.675341
            ],
            [
              77.699754,
              12.675345
            ],
            [
              77.699861,
              12.676229
            ],
            [
              77.70175,
              12.676183
            ],
            [
              77.70275,
              12.677049
            ],
            [
              77.703567,
              12.676158
            ],
            [
              77.70375,
              12.6742
            ],
            [
              77.704827,
              12.674263
            ],
            [
              77.704045,
              12.674636
            ],
            [
              77.704028,
              12.676341
            ],
            [
              77.70575,
              12.676959
            ],
            [
              77.706415,
              12.676341
            ],
            [
              77.70657,
              12.673161
            ],
            [
              77.70775,
              12.672906
            ],
            [
              77.70875,
              12.673916
            ],
            [
              77.709171,
              12.677341
            ],
            [
              77.7102,
              12.678341
            ],
            [
              77.71075,
              12.680791
            ],
            [
              77.71141,
              12.675341
            ],
            [
              77.713433,
              12.675024
            ],
            [
              77.713593,
              12.673497
            ],
            [
              77.713073,
              12.673341
            ],
            [
              77.71375,
              12.672497
            ],
            [
              77.714004,
              12.674086
            ],
            [
              77.715164,
              12.674926
            ],
            [
              77.716363,
              12.674954
            ],
            [
              77.716608,
              12.674341
            ],
            [
              77.716634,
              12.673457
            ],
            [
              77.71575,
              12.673067
            ],
            [
              77.716785,
              12.673305
            ],
            [
              77.717789,
              12.674341
            ],
            [
              77.717858,
              12.676341
            ],
            [
              77.716279,
              12.67687
            ],
            [
              77.716318,
              12.677773
            ],
            [
              77.718948,
              12.678142
            ],
            [
              77.71975,
              12.679052
            ],
            [
              77.72075,
              12.677813
            ],
            [
              77.72175,
              12.678072
            ],
            [
              77.720885,
              12.680476
            ],
            [
              77.718782,
              12.681341
            ],
            [
              77.721379,
              12.682341
            ],
            [
              77.72186,
              12.68323
            ],
            [
              77.72175,
              12.683903
            ],
            [
              77.720386,
              12.682704
            ],
            [
              77.719269,
              12.68286
            ],
            [
              77.718213,
              12.684341
            ],
            [
              77.719402,
              12.685688
            ],
            [
              77.72122,
              12.685811
            ],
            [
              77.721889,
              12.68448
            ],
            [
              77.724183,
              12.685774
            ],
            [
              77.724229,
              12.684862
            ],
            [
              77.722953,
              12.684341
            ],
            [
              77.723554,
              12.682536
            ],
            [
              77.722829,
              12.682341
            ],
            [
              77.72475,
              12.682223
            ],
            [
              77.726353,
              12.687737
            ],
            [
              77.72975,
              12.688094
            ],
            [
              77.73075,
              12.686923
            ],
            [
              77.731226,
              12.687341
            ],
            [
              77.730983,
              12.691341
            ],
            [
              77.732905,
              12.694185
            ],
            [
              77.73375,
              12.694414
            ],
            [
              77.731894,
              12.694485
            ],
            [
              77.73175,
              12.695137
            ],
            [
              77.731606,
              12.694484
            ],
            [
              77.729998,
              12.694589
            ],
            [
              77.72975,
              12.695758
            ],
            [
              77.729177,
              12.691913
            ],
            [
              77.72815,
              12.692341
            ],
            [
              77.72775,
              12.694647
            ],
            [
              77.72713,
              12.69196
            ],
            [
              77.72575,
              12.691835
            ],
            [
              77.72495,
              12.696541
            ],
            [
              77.72375,
              12.695672
            ],
            [
              77.72275,
              12.696584
            ],
            [
              77.720996,
              12.696587
            ],
            [
              77.72075,
              12.697413
            ],
            [
              77.720542,
              12.696549
            ],
            [
              77.719451,
              12.696341
            ],
            [
              77.724177,
              12.694768
            ],
            [
              77.723321,
              12.693341
            ],
            [
              77.724274,
              12.692341
            ],
            [
              77.72375,
              12.690891
            ],
            [
              77.723236,
              12.692827
            ],
            [
              77.72175,
              12.691876
            ],
            [
              77.72075,
              12.692845
            ],
            [
              77.71875,
              12.691979
            ],
            [
              77.718172,
              12.693763
            ],
            [
              77.71675,
              12.693011
            ],
            [
              77.716393,
              12.694341
            ],
            [
              77.718697,
              12.696341
            ],
            [
              77.718452,
              12.700341
            ],
            [
              77.719552,
              12.701539
            ],
            [
              77.72275,
              12.701678
            ],
            [
              77.72375,
              12.700698
            ],
            [
              77.728187,
              12.700903
            ],
            [
              77.728145,
              12.701736
            ],
            [
              77.72675,
              12.701935
            ],
            [
              77.72575,
              12.702957
            ],
            [
              77.724512,
              12.702102
            ],
            [
              77.724178,
              12.703769
            ],
            [
              77.722413,
              12.704341
            ],
            [
              77.7241,
              12.70599
            ],
            [
              77.72475,
              12.708768
            ],
            [
              77.725452,
              12.705043
            ],
            [
              77.72675,
              12.70393
            ],
            [
              77.727909,
              12.704181
            ],
            [
              77.725487,
              12.710604
            ],
            [
              77.728192,
              12.710783
            ],
            [
              77.72875,
              12.709794
            ],
            [
              77.737123,
              12.710341
            ],
            [
              77.73675,
              12.711098
            ],
            [
              77.728307,
              12.710898
            ],
            [
              77.728128,
              12.711719
            ],
            [
              77.725499,
              12.71309
            ],
            [
              77.725416,
              12.715341
            ],
            [
              77.730036,
              12.715627
            ],
            [
              77.73075,
              12.711915
            ],
            [
              77.732146,
              12.712341
            ],
            [
              77.731413,
              12.713678
            ],
            [
              77.73575,
              12.714184
            ],
            [
              77.736403,
              12.713994
            ],
            [
              77.73675,
              12.71216
            ],
            [
              77.737001,
              12.715341
            ],
            [
              77.73775,
              12.716103
            ],
            [
              77.738406,
              12.715997
            ],
            [
              77.738762,
              12.714328
            ],
            [
              77.738966,
              12.716341
            ],
            [
              77.73729,
              12.716881
            ],
            [
              77.737107,
              12.719341
            ],
            [
              77.73775,
              12.720078
            ],
            [
              77.74075,
              12.719814
            ],
            [
              77.74175,
              12.720911
            ],
            [
              77.740924,
              12.722341
            ],
            [
              77.74175,
              12.72378
            ],
            [
              77.740187,
              12.723778
            ],
            [
              77.73975,
              12.72673
            ],
            [
              77.739483,
              12.725608
            ],
            [
              77.73775,
              12.725477
            ],
            [
              77.735391,
              12.723982
            ],
            [
              77.736161,
              12.724929
            ],
            [
              77.736118,
              12.727341
            ],
            [
              77.73439,
              12.728981
            ],
            [
              77.734291,
              12.730341
            ],
            [
              77.73775,
              12.732899
            ],
            [
              77.739207,
              12.732798
            ],
            [
              77.73975,
              12.731114
            ],
            [
              77.741084,
              12.731341
            ],
            [
              77.739986,
              12.731577
            ],
            [
              77.739943,
              12.732341
            ],
            [
              77.741259,
              12.733831
            ],
            [
              77.742851,
              12.734239
            ],
            [
              77.74275,
              12.736205
            ],
            [
              77.742437,
              12.734653
            ],
            [
              77.740287,
              12.734878
            ],
            [
              77.74005,
              12.73704
            ],
            [
              77.740805,
              12.737285
            ],
            [
              77.74075,
              12.738002
            ],
            [
              77.739652,
              12.737438
            ],
            [
              77.739192,
              12.734898
            ],
            [
              77.738257,
              12.734848
            ],
            [
              77.73808,
              12.737341
            ],
            [
              77.73621,
              12.739341
            ],
            [
              77.738281,
              12.742809
            ],
            [
              77.739557,
              12.743148
            ],
            [
              77.73975,
              12.742499
            ],
            [
              77.739987,
              12.745104
            ],
            [
              77.740918,
              12.745341
            ],
            [
              77.740649,
              12.74624
            ],
            [
              77.73975,
              12.746454
            ],
            [
              77.73775,
              12.745408
            ],
            [
              77.738517,
              12.744341
            ],
            [
              77.73575,
              12.741769
            ],
            [
              77.734116,
              12.742341
            ],
            [
              77.73375,
              12.745552
            ],
            [
              77.73275,
              12.743601
            ],
            [
              77.729795,
              12.743341
            ],
            [
              77.733202,
              12.742793
            ],
            [
              77.733321,
              12.741341
            ],
            [
              77.73175,
              12.738788
            ],
            [
              77.731091,
              12.740682
            ],
            [
              77.72916,
              12.741341
            ],
            [
              77.72975,
              12.744446
            ],
            [
              77.728008,
              12.746341
            ],
            [
              77.725269,
              12.74686
            ],
            [
              77.725057,
              12.748033
            ],
            [
              77.725875,
              12.748341
            ],
            [
              77.724645,
              12.748446
            ],
            [
              77.724442,
              12.746341
            ],
            [
              77.72375,
              12.745742
            ],
            [
              77.721405,
              12.746996
            ],
            [
              77.721047,
              12.749638
            ],
            [
              77.718191,
              12.752341
            ],
            [
              77.718051,
              12.756341
            ],
            [
              77.71675,
              12.757643
            ],
            [
              77.716436,
              12.756341
            ],
            [
              77.71744,
              12.755341
            ],
            [
              77.717105,
              12.751985
            ],
            [
              77.715428,
              12.752019
            ],
            [
              77.71475,
              12.753886
            ],
            [
              77.713027,
              12.752063
            ],
            [
              77.71134,
              12.75175
            ],
            [
              77.709532,
              12.749123
            ],
            [
              77.709374,
              12.752341
            ],
            [
              77.711238,
              12.755341
            ],
            [
              77.711384,
              12.757706
            ],
            [
              77.71275,
              12.759028
            ],
            [
              77.713665,
              12.757256
            ],
            [
              77.714804,
              12.757286
            ],
            [
              77.713967,
              12.758341
            ],
            [
              77.71524,
              12.759341
            ],
            [
              77.714705,
              12.760386
            ],
            [
              77.715716,
              12.762341
            ],
            [
              77.714049,
              12.76264
            ],
            [
              77.71375,
              12.763993
            ],
            [
              77.710243,
              12.762341
            ],
            [
              77.709903,
              12.760341
            ],
            [
              77.711345,
              12.759341
            ],
            [
              77.70942,
              12.75867
            ],
            [
              77.710085,
              12.757005
            ],
            [
              77.70775,
              12.755907
            ],
            [
              77.707098,
              12.758689
            ],
            [
              77.705185,
              12.760341
            ],
            [
              77.706235,
              12.761341
            ],
            [
              77.706067,
              12.762658
            ],
            [
              77.70425,
              12.763341
            ],
            [
              77.704465,
              12.764341
            ],
            [
              77.702018,
              12.765609
            ],
            [
              77.70075,
              12.767357
            ]
          ]
        ],
        "type": "Polygon"
      },
      "type": "Feature"
    }
  ]
}