{
  "type": "FeatureCollection",
  "metadata": {
    "provider_name": "Jayaram kabab center",
    "center_lat": 12.709551,
    "center_lon": 77.69692,
    "mode": "motorcycle",
    "total_zones": 4,
    "distance_zones": [
      3,
      4,
      5,
      6
    ],
    "generated_at": "2025-12-31T05:20:20.499744Z"
  },
  "features": [
    {
      "properties": {
        "fill-opacity": 0.33,
        "fillColor": "#bf4040",
        "opacity": 0.33,
        "fill": "#bf4040",
        "fillOpacity": 0.33,
        "color": "#bf4040",
        "contour": 3.0,
        "metric": "distance",
        "provider_name": "Jayaram kabab center",
        "zone_type": "distance",
        "distance_km": 3,
        "mode": "motorcycle",
        "center_lat": 12.709551,
        "center_lon": 77.69692,
        "label": "3km"
      },
      "geometry": {
        "coordinates": [
          [
            [
              77.70692,
              12.733456
            ],
            [
              77.706628,
              12.731842
            ],
            [
              77.70508,
              12.731711
            ],
            [
              77.704468,
              12.732551
            ],
            [
              77.704145,
              12.731325
            ],
            [
              77.70292,
              12.731502
            ],
            [
              77.702971,
              12.728551
            ],
            [
              77.699787,
              12.727683
            ],
            [
              77.699844,
              12.725551
            ],
            [
              77.69792,
              12.723986
            ],
            [
              77.69657,
              12.724201
            ],
            [
              77.696347,
              12.725551
            ],
            [
              77.698156,
              12.728551
            ],
            [
              77.698052,
              12.731683
            ],
            [
              77.697717,
              12.729551
            ],
            [
              77.69592,
              12.726919
            ],
            [
              77.69492,
              12.729343
            ],
            [
              77.69392,
              12.729266
            ],
            [
              77.693603,
              12.727868
            ],
            [
              77.69192,
              12.726813
            ],
            [
              77.69092,
              12.727649
            ],
            [
              77.689413,
              12.727551
            ],
            [
              77.690723,
              12.727354
            ],
            [
              77.691588,
              12.725551
            ],
            [
              77.690299,
              12.723171
            ],
            [
              77.687628,
              12.721842
            ],
            [
              77.686507,
              12.719551
            ],
            [
              77.68732,
              12.71815
            ],
            [
              77.68492,
              12.716804
            ],
            [
              77.683052,
              12.717683
            ],
            [
              77.682779,
              12.718691
            ],
            [
              77.682816,
              12.717551
            ],
            [
              77.68392,
              12.716364
            ],
            [
              77.68739,
              12.71608
            ],
            [
              77.687496,
              12.716974
            ],
            [
              77.688412,
              12.717043
            ],
            [
              77.686537,
              12.714933
            ],
            [
              77.68618,
              12.71329
            ],
            [
              77.68392,
              12.712151
            ],
            [
              77.68062,
              12.71385
            ],
            [
              77.680533,
              12.711551
            ],
            [
              77.67892,
              12.709988
            ],
            [
              77.678231,
              12.710551
            ],
            [
              77.679101,
              12.71137
            ],
            [
              77.678338,
              12.711969
            ],
            [
              77.678121,
              12.713752
            ],
            [
              77.67692,
              12.713981
            ],
            [
              77.676608,
              12.712551
            ],
            [
              77.677538,
              12.712169
            ],
            [
              77.677393,
              12.711077
            ],
            [
              77.673228,
              12.710551
            ],
            [
              77.67592,
              12.710302
            ],
            [
              77.676364,
              12.709106
            ],
            [
              77.67292,
              12.709075
            ],
            [
              77.672788,
              12.707682
            ],
            [
              77.672068,
              12.707551
            ],
            [
              77.672966,
              12.707504
            ],
            [
              77.673122,
              12.708348
            ],
            [
              77.675412,
              12.708043
            ],
            [
              77.675361,
              12.705551
            ],
            [
              77.67592,
              12.705116
            ],
            [
              77.676306,
              12.707164
            ],
            [
              77.68028,
              12.706911
            ],
            [
              77.683416,
              12.703551
            ],
            [
              77.68092,
              12.702925
            ],
            [
              77.67971,
              12.70376
            ],
            [
              77.679625,
              12.702256
            ],
            [
              77.680654,
              12.701551
            ],
            [
              77.67992,
              12.70081
            ],
            [
              77.679074,
              12.701705
            ],
            [
              77.678323,
              12.701551
            ],
            [
              77.677377,
              12.699551
            ],
            [
              77.67792,
              12.69873
            ],
            [
              77.679701,
              12.698332
            ],
            [
              77.67992,
              12.697505
            ],
            [
              77.68092,
              12.697489
            ],
            [
              77.680869,
              12.697601
            ],
            [
              77.680019,
              12.69765
            ],
            [
              77.680255,
              12.699215
            ],
            [
              77.682379,
              12.70001
            ],
            [
              77.684644,
              12.697551
            ],
            [
              77.683229,
              12.696551
            ],
            [
              77.683103,
              12.695551
            ],
            [
              77.68492,
              12.694418
            ],
            [
              77.686269,
              12.695551
            ],
            [
              77.685181,
              12.695812
            ],
            [
              77.68592,
              12.697542
            ],
            [
              77.689322,
              12.696953
            ],
            [
              77.690457,
              12.695551
            ],
            [
              77.688782,
              12.694551
            ],
            [
              77.689524,
              12.694155
            ],
            [
              77.689505,
              12.692551
            ],
            [
              77.691411,
              12.691042
            ],
            [
              77.69292,
              12.688585
            ],
            [
              77.693521,
              12.689551
            ],
            [
              77.692496,
              12.690127
            ],
            [
              77.691353,
              12.694551
            ],
            [
              77.69392,
              12.696013
            ],
            [
              77.695248,
              12.695879
            ],
            [
              77.696361,
              12.692109
            ],
            [
              77.69492,
              12.691799
            ],
            [
              77.69392,
              12.692712
            ],
            [
              77.692189,
              12.692551
            ],
            [
              77.693618,
              12.692249
            ],
            [
              77.693769,
              12.6914
            ],
            [
              77.696386,
              12.691017
            ],
            [
              77.696479,
              12.689991
            ],
            [
              77.694379,
              12.689551
            ],
            [
              77.69673,
              12.688361
            ],
            [
              77.69692,
              12.687538
            ],
            [
              77.697449,
              12.691021
            ],
            [
              77.69906,
              12.69141
            ],
            [
              77.69992,
              12.69332
            ],
            [
              77.700974,
              12.692496
            ],
            [
              77.70192,
              12.692511
            ],
            [
              77.701909,
              12.692561
            ],
            [
              77.700989,
              12.69262
            ],
            [
              77.70192,
              12.694249
            ],
            [
              77.70492,
              12.691056
            ],
            [
              77.70792,
              12.690662
            ],
            [
              77.708372,
              12.692098
            ],
            [
              77.709382,
              12.692013
            ],
            [
              77.709506,
              12.690964
            ],
            [
              77.708128,
              12.690551
            ],
            [
              77.708348,
              12.689551
            ],
            [
              77.70992,
              12.688193
            ],
            [
              77.71092,
              12.688271
            ],
            [
              77.710029,
              12.68866
            ],
            [
              77.710316,
              12.690154
            ],
            [
              77.712976,
              12.690551
            ],
            [
              77.71341,
              12.691551
            ],
            [
              77.711405,
              12.692036
            ],
            [
              77.711458,
              12.693012
            ],
            [
              77.713524,
              12.693155
            ],
            [
              77.71492,
              12.691546
            ],
            [
              77.716176,
              12.692551
            ],
            [
              77.714331,
              12.693962
            ],
            [
              77.71392,
              12.696433
            ],
            [
              77.71292,
              12.695782
            ],
            [
              77.712173,
              12.696551
            ],
            [
              77.713971,
              12.697499
            ],
            [
              77.713889,
              12.697581
            ],
            [
              77.713117,
              12.697748
            ],
            [
              77.711601,
              12.702869
            ],
            [
              77.713282,
              12.702913
            ],
            [
              77.71392,
              12.699674
            ],
            [
              77.71492,
              12.700904
            ],
            [
              77.71592,
              12.700001
            ],
            [
              77.717278,
              12.700909
            ],
            [
              77.71792,
              12.698082
            ],
            [
              77.718438,
              12.702032
            ],
            [
              77.721803,
              12.702551
            ],
            [
              77.72092,
              12.704031
            ],
            [
              77.71892,
              12.702807
            ],
            [
              77.71792,
              12.703766
            ],
            [
              77.71692,
              12.702912
            ],
            [
              77.716312,
              12.703551
            ],
            [
              77.717064,
              12.705551
            ],
            [
              77.716999,
              12.708551
            ],
            [
              77.718251,
              12.710551
            ],
            [
              77.717298,
              12.711551
            ],
            [
              77.71792,
              12.712218
            ],
            [
              77.72092,
              12.712433
            ],
            [
              77.72092,
              12.713637
            ],
            [
              77.71592,
              12.71295
            ],
            [
              77.71492,
              12.712006
            ],
            [
              77.713394,
              12.714025
            ],
            [
              77.710505,
              12.714551
            ],
            [
              77.71092,
              12.716008
            ],
            [
              77.713288,
              12.714919
            ],
            [
              77.713458,
              12.714089
            ],
            [
              77.71492,
              12.715073
            ],
            [
              77.71592,
              12.714315
            ],
            [
              77.717471,
              12.714551
            ],
            [
              77.717014,
              12.715551
            ],
            [
              77.718454,
              12.719016
            ],
            [
              77.720371,
              12.720551
            ],
            [
              77.719827,
              12.723458
            ],
            [
              77.71892,
              12.723494
            ],
            [
              77.718601,
              12.721869
            ],
            [
              77.71692,
              12.721806
            ],
            [
              77.716128,
              12.722551
            ],
            [
              77.716824,
              12.723551
            ],
            [
              77.71592,
              12.724908
            ],
            [
              77.7157,
              12.72377
            ],
            [
              77.71492,
              12.723585
            ],
            [
              77.713986,
              12.725617
            ],
            [
              77.713027,
              12.725658
            ],
            [
              77.71292,
              12.726755
            ],
            [
              77.712778,
              12.724551
            ],
            [
              77.713642,
              12.723551
            ],
            [
              77.713337,
              12.722134
            ],
            [
              77.710519,
              12.72315
            ],
            [
              77.710064,
              12.724695
            ],
            [
              77.70792,
              12.72523
            ],
            [
              77.706581,
              12.722551
            ],
            [
              77.707275,
              12.721195
            ],
            [
              77.704468,
              12.721551
            ],
            [
              77.705382,
              12.722551
            ],
            [
              77.704746,
              12.724551
            ],
            [
              77.705499,
              12.727971
            ],
            [
              77.706512,
              12.728143
            ],
            [
              77.70708,
              12.72739
            ],
            [
              77.708372,
              12.728551
            ],
            [
              77.70692,
              12.733456
            ]
          ]
        ],
        "type": "Polygon"
      },
      "type": "Feature"
    },
    {
      "properties": {
        "fill-opacity": 0.33,
        "fillColor": "#bf4040",
        "opacity": 0.33,
        "fill": "#bf4040",
        "fillOpacity": 0.33,
        "color": "#bf4040",
        "contour": 4.0,
        "metric": "distance",
        "provider_name": "Jayaram kabab center",
        "zone_type": "distance",
        "distance_km": 4,
        "mode": "motorcycle",
        "center_lat": 12.709551,
        "center_lon": 77.69692,
        "label": "4km"
      },
      "geometry": {
        "coordinates": [
          [
            [
              77.70892,
              12.742103
            ],
            [
              77.707661,
              12.739809
            ],
            [
              77.708636,
              12.738551
            ],
            [
              77.708347,
              12.737123
            ],
            [
              77.705425,
              12.737056
            ],
            [
              77.70492,
              12.738784
            ],
            [
              77.70392,
              12.737808
            ],
            [
              77.70292,
              12.738491
            ],
            [
              77.702544,
              12.737926
            ],
            [
              77.704501,
              12.737132
            ],
            [
              77.706328,
              12.734959
            ],
            [
              77.70592,
              12.732102
            ],
            [
              77.70492,
              12.733057
            ],
            [
              77.70292,
              12.733012
            ],
            [
              77.700467,
              12.734098
            ],
            [
              77.70025,
              12.73522
            ],
            [
              77.70102,
              12.735651
            ],
            [
              77.69992,
              12.736878
            ],
            [
              77.699395,
              12.734075
            ],
            [
              77.695343,
              12.730128
            ],
            [
              77.693605,
              12.729865
            ],
            [
              77.693221,
              12.728249
            ],
            [
              77.69192,
              12.72711
            ],
            [
              77.689375,
              12.728551
            ],
            [
              77.690305,
              12.729551
            ],
            [
              77.690236,
              12.731551
            ],
            [
              77.691185,
              12.732816
            ],
            [
              77.689137,
              12.733768
            ],
            [
              77.68892,
              12.73538
            ],
            [
              77.688666,
              12.733804
            ],
            [
              77.687753,
              12.733551
            ],
            [
              77.687371,
              12.731099
            ],
            [
              77.686151,
              12.731551
            ],
            [
              77.68592,
              12.7336
            ],
            [
              77.685672,
              12.732798
            ],
            [
              77.683955,
              12.732586
            ],
            [
              77.68392,
              12.733137
            ],
            [
              77.683903,
              12.732534
            ],
            [
              77.685613,
              12.732244
            ],
            [
              77.685419,
              12.731051
            ],
            [
              77.683145,
              12.730776
            ],
            [
              77.682979,
              12.73161
            ],
            [
              77.681878,
              12.731592
            ],
            [
              77.681827,
              12.731551
            ],
            [
              77.682797,
              12.731428
            ],
            [
              77.682848,
              12.730479
            ],
            [
              77.68492,
              12.730297
            ],
            [
              77.685597,
              12.729551
            ],
            [
              77.684462,
              12.728008
            ],
            [
              77.682837,
              12.727551
            ],
            [
              77.68292,
              12.726912
            ],
            [
              77.68392,
              12.727366
            ],
            [
              77.684695,
              12.726551
            ],
            [
              77.684641,
              12.725829
            ],
            [
              77.683679,
              12.725551
            ],
            [
              77.68392,
              12.724347
            ],
            [
              77.684021,
              12.725449
            ],
            [
              77.68592,
              12.726309
            ],
            [
              77.68792,
              12.726156
            ],
            [
              77.68892,
              12.727064
            ],
            [
              77.691208,
              12.725839
            ],
            [
              77.69117,
              12.7243
            ],
            [
              77.687493,
              12.721977
            ],
            [
              77.68629,
              12.719551
            ],
            [
              77.68717,
              12.7183
            ],
            [
              77.68592,
              12.717143
            ],
            [
              77.684624,
              12.717255
            ],
            [
              77.683407,
              12.719551
            ],
            [
              77.684282,
              12.720551
            ],
            [
              77.684226,
              12.721857
            ],
            [
              77.682519,
              12.72215
            ],
            [
              77.68192,
              12.723792
            ],
            [
              77.680423,
              12.724054
            ],
            [
              77.680228,
              12.725242
            ],
            [
              77.681227,
              12.725551
            ],
            [
              77.680935,
              12.726566
            ],
            [
              77.67992,
              12.725694
            ],
            [
              77.678853,
              12.726551
            ],
            [
              77.678644,
              12.724551
            ],
            [
              77.679503,
              12.724134
            ],
            [
              77.679492,
              12.722978
            ],
            [
              77.677043,
              12.722674
            ],
            [
              77.676983,
              12.723614
            ],
            [
              77.676048,
              12.723551
            ],
            [
              77.676794,
              12.723425
            ],
            [
              77.67692,
              12.721596
            ],
            [
              77.677033,
              12.722437
            ],
            [
              77.678643,
              12.721551
            ],
            [
              77.67792,
              12.719679
            ],
            [
              77.676995,
              12.719626
            ],
            [
              77.67692,
              12.721307
            ],
            [
              77.67667,
              12.719551
            ],
            [
              77.677695,
              12.719326
            ],
            [
              77.677858,
              12.717612
            ],
            [
              77.67692,
              12.71791
            ],
            [
              77.67592,
              12.716924
            ],
            [
              77.67392,
              12.716854
            ],
            [
              77.67292,
              12.71773
            ],
            [
              77.671014,
              12.717645
            ],
            [
              77.67077,
              12.718551
            ],
            [
              77.670892,
              12.717523
            ],
            [
              77.672534,
              12.717165
            ],
            [
              77.673729,
              12.71536
            ],
            [
              77.675337,
              12.715968
            ],
            [
              77.67547,
              12.713551
            ],
            [
              77.674064,
              12.712551
            ],
            [
              77.67692,
              12.712019
            ],
            [
              77.677196,
              12.711274
            ],
            [
              77.67192,
              12.711014
            ],
            [
              77.671425,
              12.712046
            ],
            [
              77.673008,
              12.712551
            ],
            [
              77.66492,
              12.712632
            ],
            [
              77.66592,
              12.710739
            ],
            [
              77.66792,
              12.712269
            ],
            [
              77.668689,
              12.71132
            ],
            [
              77.672268,
              12.709899
            ],
            [
              77.672395,
              12.708551
            ],
            [
              77.66692,
              12.707849
            ],
            [
              77.66592,
              12.70679
            ],
            [
              77.66524,
              12.706871
            ],
            [
              77.66492,
              12.708009
            ],
            [
              77.664649,
              12.706821
            ],
            [
              77.663124,
              12.706551
            ],
            [
              77.664647,
              12.706278
            ],
            [
              77.66492,
              12.704985
            ],
            [
              77.665243,
              12.706227
            ],
            [
              77.66592,
              12.706311
            ],
            [
              77.667506,
              12.705137
            ],
            [
              77.66792,
              12.702113
            ],
            [
              77.668337,
              12.704133
            ],
            [
              77.66892,
              12.704284
            ],
            [
              77.670609,
              12.70324
            ],
            [
              77.67092,
              12.70197
            ],
            [
              77.671178,
              12.703292
            ],
            [
              77.67192,
              12.703519
            ],
            [
              77.675211,
              12.703259
            ],
            [
              77.676399,
              12.704551
            ],
            [
              77.67662,
              12.70685
            ],
            [
              77.680154,
              12.706785
            ],
            [
              77.68315,
              12.70332
            ],
            [
              77.68092,
              12.703166
            ],
            [
              77.67992,
              12.704144
            ],
            [
              77.679351,
              12.702119
            ],
            [
              77.677604,
              12.701866
            ],
            [
              77.67692,
              12.700037
            ],
            [
              77.67492,
              12.699979
            ],
            [
              77.67392,
              12.698902
            ],
            [
              77.671219,
              12.69885
            ],
            [
              77.669869,
              12.699551
            ],
            [
              77.669165,
              12.698551
            ],
            [
              77.66992,
              12.697883
            ],
            [
              77.670084,
              12.698386
            ],
            [
              77.674342,
              12.697973
            ],
            [
              77.674449,
              12.695021
            ],
            [
              77.672069,
              12.694551
            ],
            [
              77.673617,
              12.694248
            ],
            [
              77.67376,
              12.69271
            ],
            [
              77.672914,
              12.692545
            ],
            [
              77.673787,
              12.692418
            ],
            [
              77.675422,
              12.694049
            ],
            [
              77.677136,
              12.694334
            ],
            [
              77.678579,
              12.697891
            ],
            [
              77.679241,
              12.697872
            ],
            [
              77.681466,
              12.695551
            ],
            [
              77.679687,
              12.691551
            ],
            [
              77.68092,
              12.688779
            ],
            [
              77.681238,
              12.692551
            ],
            [
              77.68192,
              12.693225
            ],
            [
              77.68392,
              12.691235
            ],
            [
              77.68492,
              12.693081
            ],
            [
              77.686306,
              12.691937
            ],
            [
              77.686523,
              12.688948
            ],
            [
              77.685671,
              12.687551
            ],
            [
              77.686953,
              12.687584
            ],
            [
              77.687086,
              12.686551
            ],
            [
              77.688833,
              12.686464
            ],
            [
              77.68892,
              12.68596
            ],
            [
              77.68895,
              12.686581
            ],
            [
              77.68807,
              12.686701
            ],
            [
              77.688189,
              12.689551
            ],
            [
              77.687279,
              12.690551
            ],
            [
              77.68792,
              12.692182
            ],
            [
              77.68892,
              12.691257
            ],
            [
              77.691202,
              12.690833
            ],
            [
              77.69292,
              12.687079
            ],
            [
              77.693587,
              12.688883
            ],
            [
              77.695231,
              12.688862
            ],
            [
              77.696419,
              12.687551
            ],
            [
              77.696296,
              12.686174
            ],
            [
              77.69492,
              12.686861
            ],
            [
              77.69392,
              12.685805
            ],
            [
              77.691813,
              12.685551
            ],
            [
              77.69392,
              12.685313
            ],
            [
              77.69492,
              12.684235
            ],
            [
              77.696346,
              12.683977
            ],
            [
              77.695605,
              12.680865
            ],
            [
              77.694101,
              12.680551
            ],
            [
              77.695656,
              12.680287
            ],
            [
              77.69592,
              12.678885
            ],
            [
              77.696431,
              12.682039
            ],
            [
              77.698071,
              12.682399
            ],
            [
              77.69892,
              12.68338
            ],
            [
              77.70321,
              12.683551
            ],
            [
              77.69992,
              12.683821
            ],
            [
              77.699255,
              12.684551
            ],
            [
              77.69992,
              12.686267
            ],
            [
              77.703645,
              12.686551
            ],
            [
              77.701371,
              12.687002
            ],
            [
              77.701267,
              12.688551
            ],
            [
              77.70192,
              12.689149
            ],
            [
              77.705326,
              12.688957
            ],
            [
              77.705513,
              12.686957
            ],
            [
              77.704108,
              12.686362
            ],
            [
              77.704872,
              12.683551
            ],
            [
              77.705024,
              12.683551
            ],
            [
              77.70537,
              12.6841
            ],
            [
              77.705379,
              12.684551
            ],
            [
              77.70592,
              12.684857
            ],
            [
              77.707026,
              12.684551
            ],
            [
              77.70622,
              12.683551
            ],
            [
              77.708555,
              12.683186
            ],
            [
              77.708761,
              12.680709
            ],
            [
              77.707952,
              12.680551
            ],
            [
              77.70892,
              12.67971
            ],
            [
              77.709179,
              12.681291
            ],
            [
              77.711742,
              12.681373
            ],
            [
              77.71192,
              12.680539
            ],
            [
              77.714448,
              12.681551
            ],
            [
              77.71392,
              12.684983
            ],
            [
              77.713764,
              12.683707
            ],
            [
              77.712228,
              12.684551
            ],
            [
              77.712357,
              12.687551
            ],
            [
              77.711432,
              12.688551
            ],
            [
              77.711609,
              12.689861
            ],
            [
              77.71392,
              12.690072
            ],
            [
              77.71492,
              12.689018
            ],
            [
              77.71592,
              12.689009
            ],
            [
              77.717338,
              12.689969
            ],
            [
              77.718721,
              12.688551
            ],
            [
              77.71892,
              12.686092
            ],
            [
              77.719298,
              12.688172
            ],
            [
              77.720399,
              12.689071
            ],
            [
              77.724013,
              12.689457
            ],
            [
              77.724951,
              12.690551
            ],
            [
              77.723217,
              12.690849
            ],
            [
              77.72292,
              12.691656
            ],
            [
              77.71992,
              12.690898
            ],
            [
              77.71822,
              12.692851
            ],
            [
              77.716432,
              12.693551
            ],
            [
              77.717175,
              12.696551
            ],
            [
              77.718345,
              12.697551
            ],
            [
              77.71864,
              12.70183
            ],
            [
              77.72337,
              12.7021
            ],
            [
              77.724324,
              12.703551
            ],
            [
              77.723319,
              12.704551
            ],
            [
              77.72311,
              12.707741
            ],
            [
              77.722324,
              12.706146
            ],
            [
              77.720628,
              12.705842
            ],
            [
              77.719222,
              12.703248
            ],
            [
              77.71792,
              12.704111
            ],
            [
              77.71692,
              12.703161
            ],
            [
              77.716533,
              12.704551
            ],
            [
              77.717459,
              12.705551
            ],
            [
              77.71744,
              12.708551
            ],
            [
              77.718444,
              12.709551
            ],
            [
              77.71766,
              12.71181
            ],
            [
              77.721291,
              12.712179
            ],
            [
              77.722107,
              12.714551
            ],
            [
              77.721131,
              12.715551
            ],
            [
              77.722698,
              12.716551
            ],
            [
              77.72289,
              12.717551
            ],
            [
              77.721491,
              12.718122
            ],
            [
              77.720579,
              12.719891
            ],
            [
              77.723452,
              12.720083
            ],
            [
              77.723817,
              12.717448
            ],
            [
              77.72392,
              12.717444
            ],
            [
              77.724083,
              12.718387
            ],
            [
              77.725939,
              12.719531
            ],
            [
              77.724301,
              12.719932
            ],
            [
              77.722326,
              12.723551
            ],
            [
              77.72292,
              12.724236
            ],
            [
              77.725058,
              12.724413
            ],
            [
              77.723463,
              12.725094
            ],
            [
              77.72326,
              12.726551
            ],
            [
              77.725096,
              12.729374
            ],
            [
              77.726046,
              12.729677
            ],
            [
              77.72392,
              12.729468
            ],
            [
              77.72292,
              12.727823
            ],
            [
              77.72092,
              12.72785
            ],
            [
              77.71892,
              12.730982
            ],
            [
              77.718695,
              12.729775
            ],
            [
              77.716326,
              12.729145
            ],
            [
              77.715517,
              12.727953
            ],
            [
              77.71492,
              12.724059
            ],
            [
              77.713426,
              12.726551
            ],
            [
              77.713615,
              12.728551
            ],
            [
              77.71292,
              12.730089
            ],
            [
              77.711472,
              12.727551
            ],
            [
              77.712413,
              12.726551
            ],
            [
              77.712381,
              12.724551
            ],
            [
              77.713319,
              12.722551
            ],
            [
              77.71292,
              12.722177
            ],
            [
              77.710669,
              12.7233
            ],
            [
              77.710293,
              12.724924
            ],
            [
              77.708618,
              12.725249
            ],
            [
              77.708405,
              12.726551
            ],
            [
              77.710274,
              12.727551
            ],
            [
              77.710364,
              12.729551
            ],
            [
              77.709548,
              12.730922
            ],
            [
              77.712988,
              12.732482
            ],
            [
              77.712122,
              12.733551
            ],
            [
              77.712192,
              12.735278
            ],
            [
              77.712973,
              12.735551
            ],
            [
              77.711214,
              12.735845
            ],
            [
              77.71092,
              12.737163
            ],
            [
              77.710525,
              12.735945
            ],
            [
              77.70949,
              12.736121
            ],
            [
              77.709455,
              12.737015
            ],
            [
              77.710787,
              12.737551
            ],
            [
              77.709147,
              12.739551
            ],
            [
              77.70892,
              12.742103
            ]
          ]
        ],
        "type": "Polygon"
      },
      "type": "Feature"
    },
    {
      "properties": {
        "fill-opacity": 0.33,
        "fillColor": "#bf4040",
        "opacity": 0.33,
        "fill": "#bf4040",
        "fillOpacity": 0.33,
        "color": "#bf4040",
        "contour": 5.0,
        "metric": "distance",
        "provider_name": "Jayaram kabab center",
        "zone_type": "distance",
        "distance_km": 5,
        "mode": "motorcycle",
        "center_lat": 12.709551,
        "center_lon": 77.69692,
        "label": "5km"
      },
      "geometry": {
        "coordinates": [
          [
            [
              77.70692,
              12.750991
            ],
            [
              77.706597,
              12.748873
            ],
            [
              77.705851,
              12.748482
            ],
            [
              77.70592,
              12.747591
            ],
            [
              77.707134,
              12.747765
            ],
            [
              77.707236,
              12.746551
            ],
            [
              77.706356,
              12.745551
            ],
            [
              77.707334,
              12.744965
            ],
            [
              77.707306,
              12.744164
            ],
            [
              77.70092,
              12.743776
            ],
            [
              77.69992,
              12.742793
            ],
            [
              77.698849,
              12.743621
            ],
            [
              77.69792,
              12.74069
            ],
            [
              77.6996,
              12.740231
            ],
            [
              77.699439,
              12.737551
            ],
            [
              77.69892,
              12.737037
            ],
            [
              77.69692,
              12.738272
            ],
            [
              77.69567,
              12.737801
            ],
            [
              77.695604,
              12.735551
            ],
            [
              77.694406,
              12.734064
            ],
            [
              77.689599,
              12.73423
            ],
            [
              77.68925,
              12.735881
            ],
            [
              77.688369,
              12.736551
            ],
            [
              77.688195,
              12.740551
            ],
            [
              77.68892,
              12.741363
            ],
            [
              77.690836,
              12.741551
            ],
            [
              77.689235,
              12.741866
            ],
            [
              77.68892,
              12.743662
            ],
            [
              77.688712,
              12.742758
            ],
            [
              77.686655,
              12.742551
            ],
            [
              77.687694,
              12.742326
            ],
            [
              77.687399,
              12.740071
            ],
            [
              77.686277,
              12.739908
            ],
            [
              77.68592,
              12.741122
            ],
            [
              77.684308,
              12.740551
            ],
            [
              77.68492,
              12.739454
            ],
            [
              77.68692,
              12.739316
            ],
            [
              77.687543,
              12.738551
            ],
            [
              77.686507,
              12.736551
            ],
            [
              77.688398,
              12.734551
            ],
            [
              77.687374,
              12.733551
            ],
            [
              77.687189,
              12.731281
            ],
            [
              77.686485,
              12.731551
            ],
            [
              77.686432,
              12.733551
            ],
            [
              77.685233,
              12.734864
            ],
            [
              77.68392,
              12.734048
            ],
            [
              77.682531,
              12.735162
            ],
            [
              77.682256,
              12.736551
            ],
            [
              77.683172,
              12.737551
            ],
            [
              77.68192,
              12.737877
            ],
            [
              77.681497,
              12.734551
            ],
            [
              77.680285,
              12.732185
            ],
            [
              77.6776,
              12.73187
            ],
            [
              77.677364,
              12.730106
            ],
            [
              77.67492,
              12.729869
            ],
            [
              77.67392,
              12.731382
            ],
            [
              77.671259,
              12.731551
            ],
            [
              77.67474,
              12.728371
            ],
            [
              77.676317,
              12.727948
            ],
            [
              77.677358,
              12.725112
            ],
            [
              77.67592,
              12.724048
            ],
            [
              77.67392,
              12.72588
            ],
            [
              77.672474,
              12.725105
            ],
            [
              77.67192,
              12.728599
            ],
            [
              77.670833,
              12.727638
            ],
            [
              77.670446,
              12.726024
            ],
            [
              77.668612,
              12.725243
            ],
            [
              77.670557,
              12.724188
            ],
            [
              77.67292,
              12.724155
            ],
            [
              77.67392,
              12.723117
            ],
            [
              77.67592,
              12.723053
            ],
            [
              77.67642,
              12.721551
            ],
            [
              77.67392,
              12.720968
            ],
            [
              77.670264,
              12.722895
            ],
            [
              77.66992,
              12.724042
            ],
            [
              77.667902,
              12.722551
            ],
            [
              77.669588,
              12.722219
            ],
            [
              77.66992,
              12.721357
            ],
            [
              77.672349,
              12.72098
            ],
            [
              77.67292,
              12.719195
            ],
            [
              77.67492,
              12.720097
            ],
            [
              77.677398,
              12.718551
            ],
            [
              77.67592,
              12.717166
            ],
            [
              77.67392,
              12.71714
            ],
            [
              77.67092,
              12.719055
            ],
            [
              77.669554,
              12.719185
            ],
            [
              77.66792,
              12.720906
            ],
            [
              77.66669,
              12.72078
            ],
            [
              77.666556,
              12.719551
            ],
            [
              77.672216,
              12.716847
            ],
            [
              77.67392,
              12.714967
            ],
            [
              77.675176,
              12.715807
            ],
            [
              77.675166,
              12.713304
            ],
            [
              77.665561,
              12.713192
            ],
            [
              77.664772,
              12.716698
            ],
            [
              77.66445,
              12.71402
            ],
            [
              77.66205,
              12.713681
            ],
            [
              77.66192,
              12.714363
            ],
            [
              77.661814,
              12.713656
            ],
            [
              77.663521,
              12.713152
            ],
            [
              77.664544,
              12.711551
            ],
            [
              77.664235,
              12.707235
            ],
            [
              77.66092,
              12.706981
            ],
            [
              77.65992,
              12.707915
            ],
            [
              77.65792,
              12.706843
            ],
            [
              77.653988,
              12.706551
            ],
            [
              77.65649,
              12.706121
            ],
            [
              77.656673,
              12.704797
            ],
            [
              77.655864,
              12.704606
            ],
            [
              77.65592,
              12.703921
            ],
            [
              77.657153,
              12.704317
            ],
            [
              77.65792,
              12.706258
            ],
            [
              77.65992,
              12.706162
            ],
            [
              77.66092,
              12.705052
            ],
            [
              77.66192,
              12.706006
            ],
            [
              77.66392,
              12.706029
            ],
            [
              77.664405,
              12.705551
            ],
            [
              77.66341,
              12.704551
            ],
            [
              77.66392,
              12.703911
            ],
            [
              77.665273,
              12.704197
            ],
            [
              77.66592,
              12.705983
            ],
            [
              77.667364,
              12.704551
            ],
            [
              77.667597,
              12.701228
            ],
            [
              77.668403,
              12.701551
            ],
            [
              77.66892,
              12.703974
            ],
            [
              77.67092,
              12.701065
            ],
            [
              77.671624,
              12.702846
            ],
            [
              77.67492,
              12.702911
            ],
            [
              77.676358,
              12.704112
            ],
            [
              77.676713,
              12.706757
            ],
            [
              77.680093,
              12.706724
            ],
            [
              77.683091,
              12.703379
            ],
            [
              77.68092,
              12.703273
            ],
            [
              77.67992,
              12.704261
            ],
            [
              77.679221,
              12.702249
            ],
            [
              77.677483,
              12.701987
            ],
            [
              77.677141,
              12.700329
            ],
            [
              77.67492,
              12.700187
            ],
            [
              77.67392,
              12.699157
            ],
            [
              77.66792,
              12.700011
            ],
            [
              77.66692,
              12.698975
            ],
            [
              77.66492,
              12.699881
            ],
            [
              77.66292,
              12.698783
            ],
            [
              77.66192,
              12.699751
            ],
            [
              77.661661,
              12.69881
            ],
            [
              77.660214,
              12.698551
            ],
            [
              77.660783,
              12.698414
            ],
            [
              77.66092,
              12.696961
            ],
            [
              77.662248,
              12.696551
            ],
            [
              77.662254,
              12.698216
            ],
            [
              77.66592,
              12.698155
            ],
            [
              77.666713,
              12.696344
            ],
            [
              77.668316,
              12.695947
            ],
            [
              77.668349,
              12.695121
            ],
            [
              77.666676,
              12.693551
            ],
            [
              77.66692,
              12.69063
            ],
            [
              77.667378,
              12.693092
            ],
            [
              77.669514,
              12.694956
            ],
            [
              77.673229,
              12.69386
            ],
            [
              77.670332,
              12.690138
            ],
            [
              77.668713,
              12.689757
            ],
            [
              77.667564,
              12.687906
            ],
            [
              77.666116,
              12.687551
            ],
            [
              77.66592,
              12.686451
            ],
            [
              77.666822,
              12.686453
            ],
            [
              77.66792,
              12.686774
            ],
            [
              77.669465,
              12.689005
            ],
            [
              77.672218,
              12.690252
            ],
            [
              77.678345,
              12.696125
            ],
            [
              77.679137,
              12.697768
            ],
            [
              77.681273,
              12.695551
            ],
            [
              77.6803,
              12.694551
            ],
            [
              77.680325,
              12.692551
            ],
            [
              77.67937,
              12.690551
            ],
            [
              77.68059,
              12.688221
            ],
            [
              77.683555,
              12.686551
            ],
            [
              77.68292,
              12.685824
            ],
            [
              77.67989,
              12.685521
            ],
            [
              77.68692,
              12.685084
            ],
            [
              77.688248,
              12.685879
            ],
            [
              77.68831,
              12.68416
            ],
            [
              77.685669,
              12.683551
            ],
            [
              77.689316,
              12.682947
            ],
            [
              77.689671,
              12.678799
            ],
            [
              77.688869,
              12.6785
            ],
            [
              77.68992,
              12.677376
            ],
            [
              77.690955,
              12.677551
            ],
            [
              77.691185,
              12.680551
            ],
            [
              77.690457,
              12.682013
            ],
            [
              77.69392,
              12.682355
            ],
            [
              77.695204,
              12.681835
            ],
            [
              77.695224,
              12.681246
            ],
            [
              77.693425,
              12.680551
            ],
            [
              77.695402,
              12.679551
            ],
            [
              77.694595,
              12.677551
            ],
            [
              77.69492,
              12.673314
            ],
            [
              77.696322,
              12.673551
            ],
            [
              77.696484,
              12.681551
            ],
            [
              77.69892,
              12.682973
            ],
            [
              77.708413,
              12.682551
            ],
            [
              77.70792,
              12.68105
            ],
            [
              77.70592,
              12.681931
            ],
            [
              77.703822,
              12.681648
            ],
            [
              77.70339,
              12.67808
            ],
            [
              77.70105,
              12.677681
            ],
            [
              77.70092,
              12.678137
            ],
            [
              77.700478,
              12.676109
            ],
            [
              77.70192,
              12.676082
            ],
            [
              77.70292,
              12.677292
            ],
            [
              77.703691,
              12.676551
            ],
            [
              77.703874,
              12.674505
            ],
            [
              77.704932,
              12.674538
            ],
            [
              77.704062,
              12.674693
            ],
            [
              77.704209,
              12.677551
            ],
            [
              77.70492,
              12.678184
            ],
            [
              77.706691,
              12.675551
            ],
            [
              77.70692,
              12.673374
            ],
            [
              77.707836,
              12.673551
            ],
            [
              77.709174,
              12.675296
            ],
            [
              77.709309,
              12.677551
            ],
            [
              77.71092,
              12.679114
            ],
            [
              77.711721,
              12.675352
            ],
            [
              77.713625,
              12.675256
            ],
            [
              77.71392,
              12.673345
            ],
            [
              77.714259,
              12.675211
            ],
            [
              77.715618,
              12.675249
            ],
            [
              77.71592,
              12.674186
            ],
            [
              77.71692,
              12.674112
            ],
            [
              77.717964,
              12.675507
            ],
            [
              77.716925,
              12.676551
            ],
            [
              77.71742,
              12.67805
            ],
            [
              77.718604,
              12.678235
            ],
            [
              77.71992,
              12.677049
            ],
            [
              77.720177,
              12.678293
            ],
            [
              77.721715,
              12.678551
            ],
            [
              77.719982,
              12.680613
            ],
            [
              77.717507,
              12.681138
            ],
            [
              77.71792,
              12.682223
            ],
            [
              77.71892,
              12.681842
            ],
            [
              77.72125,
              12.682551
            ],
            [
              77.72092,
              12.683404
            ],
            [
              77.720751,
              12.682719
            ],
            [
              77.71937,
              12.683001
            ],
            [
              77.718566,
              12.684904
            ],
            [
              77.72192,
              12.684902
            ],
            [
              77.72292,
              12.686221
            ],
            [
              77.723627,
              12.685551
            ],
            [
              77.72342,
              12.682551
            ],
            [
              77.72458,
              12.682551
            ],
            [
              77.724054,
              12.682685
            ],
            [
              77.724151,
              12.684551
            ],
            [
              77.726072,
              12.685398
            ],
            [
              77.726498,
              12.687972
            ],
            [
              77.72892,
              12.688295
            ],
            [
              77.72992,
              12.687377
            ],
            [
              77.731062,
              12.687408
            ],
            [
              77.730808,
              12.689439
            ],
            [
              77.72865,
              12.689551
            ],
            [
              77.73092,
              12.689607
            ],
            [
              77.731334,
              12.692136
            ],
            [
              77.732982,
              12.693613
            ],
            [
              77.73192,
              12.694517
            ],
            [
              77.731607,
              12.692864
            ],
            [
              77.73033,
              12.692961
            ],
            [
              77.730017,
              12.694453
            ],
            [
              77.73052,
              12.694551
            ],
            [
              77.72992,
              12.69491
            ],
            [
              77.729386,
              12.692084
            ],
            [
              77.728483,
              12.692114
            ],
            [
              77.72792,
              12.693854
            ],
            [
              77.72592,
              12.691018
            ],
            [
              77.725077,
              12.696708
            ],
            [
              77.72392,
              12.695838
            ],
            [
              77.721081,
              12.695712
            ],
            [
              77.72092,
              12.696878
            ],
            [
              77.720266,
              12.696551
            ],
            [
              77.72087,
              12.695501
            ],
            [
              77.723401,
              12.695032
            ],
            [
              77.723454,
              12.692085
            ],
            [
              77.724292,
              12.691923
            ],
            [
              77.724252,
              12.691218
            ],
            [
              77.72092,
              12.693017
            ],
            [
              77.71892,
              12.692177
            ],
            [
              77.716561,
              12.693909
            ],
            [
              77.717834,
              12.696636
            ],
            [
              77.718765,
              12.696705
            ],
            [
              77.718723,
              12.701748
            ],
            [
              77.72692,
              12.700976
            ],
            [
              77.72792,
              12.700003
            ],
            [
              77.728556,
              12.700551
            ],
            [
              77.728265,
              12.701896
            ],
            [
              77.72592,
              12.703149
            ],
            [
              77.72492,
              12.70217
            ],
            [
              77.72368,
              12.702311
            ],
            [
              77.724546,
              12.703551
            ],
            [
              77.723544,
              12.704551
            ],
            [
              77.723726,
              12.708357
            ],
            [
              77.722473,
              12.707997
            ],
            [
              77.722171,
              12.706299
            ],
            [
              77.719482,
              12.704988
            ],
            [
              77.719128,
              12.703343
            ],
            [
              77.71792,
              12.704245
            ],
            [
              77.71692,
              12.70327
            ],
            [
              77.716641,
              12.704551
            ],
            [
              77.717604,
              12.705551
            ],
            [
              77.717596,
              12.708551
            ],
            [
              77.718597,
              12.709551
            ],
            [
              77.717733,
              12.711737
            ],
            [
              77.72192,
              12.712321
            ],
            [
              77.722677,
              12.711551
            ],
            [
              77.72292,
              12.709059
            ],
            [
              77.72392,
              12.70894
            ],
            [
              77.724564,
              12.709551
            ],
            [
              77.723116,
              12.709747
            ],
            [
              77.72344,
              12.71203
            ],
            [
              77.724461,
              12.712092
            ],
            [
              77.72492,
              12.709821
            ],
            [
              77.725223,
              12.711247
            ],
            [
              77.727099,
              12.711551
            ],
            [
              77.725269,
              12.7119
            ],
            [
              77.725485,
              12.715985
            ],
            [
              77.730144,
              12.716551
            ],
            [
              77.724548,
              12.717179
            ],
            [
              77.726503,
              12.719551
            ],
            [
              77.723639,
              12.72127
            ],
            [
              77.722531,
              12.723939
            ],
            [
              77.725291,
              12.724179
            ],
            [
              77.725291,
              12.724922
            ],
            [
              77.723649,
              12.72528
            ],
            [
              77.723522,
              12.726551
            ],
            [
              77.72592,
              12.729042
            ],
            [
              77.727384,
              12.728015
            ],
            [
              77.727797,
              12.725551
            ],
            [
              77.728766,
              12.725397
            ],
            [
              77.72892,
              12.724315
            ],
            [
              77.729155,
              12.726315
            ],
            [
              77.730734,
              12.726365
            ],
            [
              77.731034,
              12.725436
            ],
            [
              77.730984,
              12.726615
            ],
            [
              77.730176,
              12.726807
            ],
            [
              77.730249,
              12.729551
            ],
            [
              77.732462,
              12.730551
            ],
            [
              77.732898,
              12.731551
            ],
            [
              77.73192,
              12.732124
            ],
            [
              77.73092,
              12.730827
            ],
            [
              77.728332,
              12.731551
            ],
            [
              77.730321,
              12.733149
            ],
            [
              77.73192,
              12.733287
            ],
            [
              77.732358,
              12.734551
            ],
            [
              77.731235,
              12.734866
            ],
            [
              77.73105,
              12.73642
            ],
            [
              77.732068,
              12.736551
            ],
            [
              77.72992,
              12.736674
            ],
            [
              77.729319,
              12.736151
            ],
            [
              77.729396,
              12.734074
            ],
            [
              77.72692,
              12.732
            ],
            [
              77.72492,
              12.731945
            ],
            [
              77.72246,
              12.733091
            ],
            [
              77.722236,
              12.735234
            ],
            [
              77.722969,
              12.735551
            ],
            [
              77.72292,
              12.736833
            ],
            [
              77.72192,
              12.736238
            ],
            [
              77.720584,
              12.732551
            ],
            [
              77.721645,
              12.730276
            ],
            [
              77.72327,
              12.729901
            ],
            [
              77.723367,
              12.728551
            ],
            [
              77.72092,
              12.728139
            ],
            [
              77.719431,
              12.730551
            ],
            [
              77.719252,
              12.736551
            ],
            [
              77.718262,
              12.736893
            ],
            [
              77.71792,
              12.738971
            ],
            [
              77.717613,
              12.734551
            ],
            [
              77.718511,
              12.733551
            ],
            [
              77.718408,
              12.730551
            ],
            [
              77.71692,
              12.730027
            ],
            [
              77.714482,
              12.731113
            ],
            [
              77.713528,
              12.732942
            ],
            [
              77.71492,
              12.733615
            ],
            [
              77.715209,
              12.736551
            ],
            [
              77.716207,
              12.737551
            ],
            [
              77.716102,
              12.738733
            ],
            [
              77.715117,
              12.739551
            ],
            [
              77.715168,
              12.740302
            ],
            [
              77.716011,
              12.740551
            ],
            [
              77.71485,
              12.74062
            ],
            [
              77.714585,
              12.739885
            ],
            [
              77.712899,
              12.739571
            ],
            [
              77.713776,
              12.738551
            ],
            [
              77.71292,
              12.737983
            ],
            [
              77.71092,
              12.73804
            ],
            [
              77.709634,
              12.739265
            ],
            [
              77.709375,
              12.743551
            ],
            [
              77.708293,
              12.745551
            ],
            [
              77.70892,
              12.746275
            ],
            [
              77.710636,
              12.746267
            ],
            [
              77.710992,
              12.744551
            ],
            [
              77.711155,
              12.746315
            ],
            [
              77.71195,
              12.74652
            ],
            [
              77.712218,
              12.747551
            ],
            [
              77.71092,
              12.748336
            ],
            [
              77.710734,
              12.747736
            ],
            [
              77.709245,
              12.747876
            ],
            [
              77.70892,
              12.749458
            ],
            [
              77.708694,
              12.748776
            ],
            [
              77.70729,
              12.748921
            ],
            [
              77.70692,
              12.750991
            ]
          ]
        ],
        "type": "Polygon"
      },
      "type": "Feature"
    },
    {
      "properties": {
        "fill-opacity": 0.33,
        "fillColor": "#bf4040",
        "opacity": 0.33,
        "fill": "#bf4040",
        "fillOpacity": 0.33,
        "color": "#bf4040",
        "contour": 6.0,
        "metric": "distance",
        "provider_name": "Jayaram kabab center",
        "zone_type": "distance",
        "distance_km": 6,
        "mode": "motorcycle",
        "center_lat": 12.709551,
        "center_lon": 77.69692,
        "label": "6km"
      },
      "geometry": {
        "coordinates": [
          [
            [
              77.70492,
              12.758934
            ],
            [
              77.70392,
              12.759306
            ],
            [
              77.702364,
              12.756551
            ],
            [
              77.70286,
              12.755491
            ],
            [
              77.705412,
              12.756043
            ],
            [
              77.705316,
              12.753154
            ],
            [
              77.70292,
              12.75379
            ],
            [
              77.701235,
              12.752866
            ],
            [
              77.70092,
              12.755145
            ],
            [
              77.699345,
              12.753551
            ],
            [
              77.700353,
              12.752551
            ],
            [
              77.699969,
              12.750551
            ],
            [
              77.701727,
              12.750358
            ],
            [
              77.70192,
              12.749241
            ],
            [
              77.70345,
              12.75202
            ],
            [
              77.704338,
              12.751969
            ],
            [
              77.70492,
              12.749644
            ],
            [
              77.705494,
              12.750977
            ],
            [
              77.706275,
              12.750906
            ],
            [
              77.7053,
              12.74717
            ],
            [
              77.704158,
              12.747551
            ],
            [
              77.704083,
              12.749714
            ],
            [
              77.702681,
              12.747551
            ],
            [
              77.707164,
              12.744306
            ],
            [
              77.70092,
              12.744114
            ],
            [
              77.69992,
              12.743119
            ],
            [
              77.698568,
              12.743903
            ],
            [
              77.698233,
              12.742237
            ],
            [
              77.69647,
              12.741
            ],
            [
              77.696494,
              12.738551
            ],
            [
              77.695304,
              12.737551
            ],
            [
              77.6952,
              12.73527
            ],
            [
              77.69392,
              12.734158
            ],
            [
              77.68992,
              12.734218
            ],
            [
              77.689363,
              12.735994
            ],
            [
              77.688575,
              12.736206
            ],
            [
              77.688499,
              12.740551
            ],
            [
              77.690256,
              12.740887
            ],
            [
              77.690576,
              12.737551
            ],
            [
              77.691149,
              12.737321
            ],
            [
              77.691417,
              12.741551
            ],
            [
              77.68945,
              12.742551
            ],
            [
              77.690397,
              12.743551
            ],
            [
              77.690509,
              12.745961
            ],
            [
              77.694168,
              12.748551
            ],
            [
              77.69292,
              12.748611
            ],
            [
              77.69192,
              12.747778
            ],
            [
              77.690295,
              12.748926
            ],
            [
              77.68992,
              12.750374
            ],
            [
              77.687873,
              12.751597
            ],
            [
              77.686648,
              12.749822
            ],
            [
              77.684762,
              12.749551
            ],
            [
              77.684676,
              12.748551
            ],
            [
              77.68292,
              12.747368
            ],
            [
              77.682889,
              12.745551
            ],
            [
              77.684411,
              12.745042
            ],
            [
              77.684324,
              12.744146
            ],
            [
              77.681634,
              12.743836
            ],
            [
              77.682493,
              12.742551
            ],
            [
              77.68092,
              12.740906
            ],
            [
              77.680101,
              12.741551
            ],
            [
              77.67992,
              12.743284
            ],
            [
              77.677908,
              12.741551
            ],
            [
              77.677822,
              12.739453
            ],
            [
              77.67992,
              12.740123
            ],
            [
              77.681327,
              12.737958
            ],
            [
              77.681285,
              12.734551
            ],
            [
              77.679921,
              12.733551
            ],
            [
              77.680156,
              12.732314
            ],
            [
              77.677285,
              12.732551
            ],
            [
              77.67792,
              12.7333
            ],
            [
              77.679906,
              12.733551
            ],
            [
              77.679147,
              12.733778
            ],
            [
              77.67892,
              12.735935
            ],
            [
              77.67692,
              12.733869
            ],
            [
              77.67592,
              12.734852
            ],
            [
              77.67492,
              12.733895
            ],
            [
              77.670499,
              12.73413
            ],
            [
              77.66892,
              12.739977
            ],
            [
              77.668248,
              12.738222
            ],
            [
              77.666835,
              12.737635
            ],
            [
              77.666535,
              12.735936
            ],
            [
              77.664965,
              12.735551
            ],
            [
              77.665687,
              12.733318
            ],
            [
              77.668354,
              12.731985
            ],
            [
              77.668334,
              12.730136
            ],
            [
              77.666358,
              12.729989
            ],
            [
              77.66592,
              12.731039
            ],
            [
              77.662974,
              12.729551
            ],
            [
              77.665497,
              12.729128
            ],
            [
              77.66592,
              12.726379
            ],
            [
              77.666113,
              12.728551
            ],
            [
              77.66692,
              12.729245
            ],
            [
              77.668789,
              12.726551
            ],
            [
              77.666499,
              12.725971
            ],
            [
              77.66592,
              12.72399
            ],
            [
              77.662426,
              12.724057
            ],
            [
              77.66192,
              12.725997
            ],
            [
              77.659271,
              12.724551
            ],
            [
              77.661486,
              12.724117
            ],
            [
              77.661809,
              12.721551
            ],
            [
              77.663516,
              12.719551
            ],
            [
              77.663287,
              12.718183
            ],
            [
              77.661392,
              12.718023
            ],
            [
              77.660025,
              12.718656
            ],
            [
              77.65992,
              12.719488
            ],
            [
              77.657612,
              12.716858
            ],
            [
              77.657361,
              12.715109
            ],
            [
              77.656438,
              12.715069
            ],
            [
              77.65592,
              12.716607
            ],
            [
              77.654145,
              12.716551
            ],
            [
              77.652664,
              12.715551
            ],
            [
              77.654579,
              12.71521
            ],
            [
              77.654863,
              12.713607
            ],
            [
              77.653971,
              12.713551
            ],
            [
              77.654937,
              12.713533
            ],
            [
              77.65519,
              12.71428
            ],
            [
              77.66092,
              12.714069
            ],
            [
              77.663217,
              12.712848
            ],
            [
              77.664304,
              12.711551
            ],
            [
              77.664134,
              12.707336
            ],
            [
              77.66092,
              12.707188
            ],
            [
              77.65992,
              12.708162
            ],
            [
              77.65792,
              12.707136
            ],
            [
              77.65292,
              12.707012
            ],
            [
              77.651492,
              12.708123
            ],
            [
              77.65092,
              12.709837
            ],
            [
              77.650341,
              12.707129
            ],
            [
              77.64692,
              12.706715
            ],
            [
              77.646644,
              12.705826
            ],
            [
              77.645155,
              12.705551
            ],
            [
              77.64692,
              12.704474
            ],
            [
              77.647215,
              12.705255
            ],
            [
              77.64992,
              12.70524
            ],
            [
              77.650701,
              12.703332
            ],
            [
              77.652324,
              12.702955
            ],
            [
              77.65234,
              12.70213
            ],
            [
              77.650655,
              12.700551
            ],
            [
              77.653806,
              12.699551
            ],
            [
              77.65292,
              12.698704
            ],
            [
              77.65192,
              12.699089
            ],
            [
              77.65192,
              12.697646
            ],
            [
              77.65307,
              12.697551
            ],
            [
              77.652538,
              12.696551
            ],
            [
              77.65401,
              12.696461
            ],
            [
              77.654377,
              12.698093
            ],
            [
              77.655373,
              12.698004
            ],
            [
              77.655653,
              12.696551
            ],
            [
              77.6548,
              12.69567
            ],
            [
              77.654898,
              12.694529
            ],
            [
              77.655865,
              12.693551
            ],
            [
              77.65692,
              12.694023
            ],
            [
              77.657248,
              12.695222
            ],
            [
              77.661258,
              12.695889
            ],
            [
              77.661336,
              12.693134
            ],
            [
              77.658763,
              12.692707
            ],
            [
              77.658792,
              12.690678
            ],
            [
              77.65792,
              12.690305
            ],
            [
              77.658958,
              12.690512
            ],
            [
              77.65992,
              12.692257
            ],
            [
              77.66092,
              12.691247
            ],
            [
              77.664408,
              12.691039
            ],
            [
              77.665502,
              12.689551
            ],
            [
              77.665416,
              12.686551
            ],
            [
              77.664459,
              12.685551
            ],
            [
              77.665635,
              12.684266
            ],
            [
              77.667345,
              12.683976
            ],
            [
              77.667627,
              12.682843
            ],
            [
              77.666644,
              12.682551
            ],
            [
              77.667704,
              12.682335
            ],
            [
              77.66792,
              12.680012
            ],
            [
              77.668192,
              12.681278
            ],
            [
              77.670395,
              12.681551
            ],
            [
              77.669224,
              12.681855
            ],
            [
              77.669158,
              12.683551
            ],
            [
              77.671118,
              12.685551
            ],
            [
              77.668504,
              12.686135
            ],
            [
              77.66863,
              12.68784
            ],
            [
              77.671328,
              12.689142
            ],
            [
              77.67572,
              12.69375
            ],
            [
              77.677395,
              12.694075
            ],
            [
              77.67892,
              12.6978
            ],
            [
              77.681181,
              12.695551
            ],
            [
              77.680195,
              12.694551
            ],
            [
              77.680208,
              12.692551
            ],
            [
              77.67923,
              12.690551
            ],
            [
              77.680477,
              12.688108
            ],
            [
              77.683308,
              12.686551
            ],
            [
              77.67992,
              12.686062
            ],
            [
              77.679579,
              12.68521
            ],
            [
              77.68692,
              12.684898
            ],
            [
              77.68792,
              12.685876
            ],
            [
              77.688166,
              12.684304
            ],
            [
              77.685348,
              12.683551
            ],
            [
              77.689301,
              12.682551
            ],
            [
              77.689364,
              12.679551
            ],
            [
              77.68792,
              12.678014
            ],
            [
              77.685216,
              12.679551
            ],
            [
              77.686144,
              12.680551
            ],
            [
              77.68592,
              12.681699
            ],
            [
              77.685499,
              12.680971
            ],
            [
              77.68392,
              12.680724
            ],
            [
              77.683073,
              12.680704
            ],
            [
              77.68295,
              12.681581
            ],
            [
              77.68234,
              12.681551
            ],
            [
              77.682834,
              12.681465
            ],
            [
              77.682715,
              12.678755
            ],
            [
              77.681799,
              12.678551
            ],
            [
              77.68292,
              12.678458
            ],
            [
              77.68392,
              12.679296
            ],
            [
              77.68566,
              12.677291
            ],
            [
              77.688268,
              12.676899
            ],
            [
              77.687536,
              12.675551
            ],
            [
              77.688512,
              12.674551
            ],
            [
              77.68792,
              12.673853
            ],
            [
              77.68718,
              12.674811
            ],
            [
              77.685108,
              12.674739
            ],
            [
              77.68492,
              12.675571
            ],
            [
              77.684185,
              12.674551
            ],
            [
              77.688366,
              12.672997
            ],
            [
              77.68892,
              12.668807
            ],
            [
              77.689446,
              12.672024
            ],
            [
              77.69192,
              12.672395
            ],
            [
              77.69292,
              12.671647
            ],
            [
              77.696122,
              12.672753
            ],
            [
              77.696477,
              12.672108
            ],
            [
              77.69792,
              12.672012
            ],
            [
              77.698519,
              12.673951
            ],
            [
              77.69992,
              12.675067
            ],
            [
              77.702206,
              12.675264
            ],
            [
              77.70292,
              12.676976
            ],
            [
              77.703575,
              12.674206
            ],
            [
              77.705359,
              12.674111
            ],
            [
              77.704462,
              12.675551
            ],
            [
              77.70492,
              12.677938
            ],
            [
              77.706378,
              12.674551
            ],
            [
              77.705544,
              12.673926
            ],
            [
              77.703831,
              12.668639
            ],
            [
              77.703098,
              12.668551
            ],
            [
              77.704711,
              12.668342
            ],
            [
              77.704936,
              12.667534
            ],
            [
              77.705473,
              12.670997
            ],
            [
              77.70692,
              12.670178
            ],
            [
              77.70792,
              12.671156
            ],
            [
              77.709689,
              12.669551
            ],
            [
              77.709885,
              12.667516
            ],
            [
              77.71292,
              12.667045
            ],
            [
              77.713858,
              12.665489
            ],
            [
              77.715035,
              12.665435
            ],
            [
              77.715376,
              12.668094
            ],
            [
              77.71796,
              12.66951
            ],
            [
              77.718202,
              12.671268
            ],
            [
              77.719349,
              12.671551
            ],
            [
              77.71892,
              12.672571
            ],
            [
              77.71692,
              12.671796
            ],
            [
              77.716381,
              12.672551
            ],
            [
              77.718413,
              12.674551
            ],
            [
              77.718437,
              12.677033
            ],
            [
              77.719434,
              12.676551
            ],
            [
              77.71992,
              12.674186
            ],
            [
              77.72114,
              12.67433
            ],
            [
              77.721217,
              12.675551
            ],
            [
              77.722245,
              12.676551
            ],
            [
              77.720433,
              12.677551
            ],
            [
              77.72223,
              12.67824
            ],
            [
              77.722391,
              12.679551
            ],
            [
              77.720615,
              12.680246
            ],
            [
              77.719606,
              12.681864
            ],
            [
              77.725236,
              12.682234
            ],
            [
              77.724485,
              12.684551
            ],
            [
              77.726296,
              12.685174
            ],
            [
              77.72692,
              12.687942
            ],
            [
              77.72892,
              12.687977
            ],
            [
              77.731343,
              12.685974
            ],
            [
              77.731757,
              12.682388
            ],
            [
              77.73292,
              12.680837
            ],
            [
              77.733087,
              12.683383
            ],
            [
              77.734446,
              12.683551
            ],
            [
              77.733093,
              12.683724
            ],
            [
              77.733429,
              12.686042
            ],
            [
              77.73492,
              12.686321
            ],
            [
              77.73592,
              12.685454
            ],
            [
              77.737646,
              12.685551
            ],
            [
              77.736123,
              12.685754
            ],
            [
              77.736025,
              12.686656
            ],
            [
              77.73444,
              12.687071
            ],
            [
              77.734148,
              12.690322
            ],
            [
              77.735771,
              12.690551
            ],
            [
              77.734194,
              12.690825
            ],
            [
              77.734125,
              12.691551
            ],
            [
              77.73792,
              12.694318
            ],
            [
              77.73892,
              12.693454
            ],
            [
              77.739873,
              12.693504
            ],
            [
              77.73992,
              12.693133
            ],
            [
              77.739935,
              12.693566
            ],
            [
              77.739113,
              12.693744
            ],
            [
              77.739027,
              12.694658
            ],
            [
              77.737432,
              12.695063
            ],
            [
              77.736289,
              12.696551
            ],
            [
              77.739045,
              12.699425
            ],
            [
              77.739198,
              12.700551
            ],
            [
              77.735157,
              12.699551
            ],
            [
              77.73661,
              12.699241
            ],
            [
              77.736392,
              12.698078
            ],
            [
              77.733273,
              12.695197
            ],
            [
              77.731477,
              12.695993
            ],
            [
              77.73092,
              12.695042
            ],
            [
              77.730396,
              12.695551
            ],
            [
              77.73135,
              12.69612
            ],
            [
              77.731411,
              12.698059
            ],
            [
              77.733152,
              12.698318
            ],
            [
              77.731697,
              12.700551
            ],
            [
              77.72892,
              12.70099
            ],
            [
              77.728502,
              12.702133
            ],
            [
              77.72692,
              12.702252
            ],
            [
              77.72592,
              12.703264
            ],
            [
              77.72492,
              12.702275
            ],
            [
              77.723657,
              12.702288
            ],
            [
              77.724648,
              12.703551
            ],
            [
              77.723647,
              12.704551
            ],
            [
              77.723645,
              12.707825
            ],
            [
              77.72492,
              12.70906
            ],
            [
              77.725678,
              12.704551
            ],
            [
              77.727052,
              12.704418
            ],
            [
              77.726234,
              12.705551
            ],
            [
              77.726387,
              12.709551
            ],
            [
              77.725609,
              12.710861
            ],
            [
              77.72692,
              12.711046
            ],
            [
              77.72792,
              12.710082
            ],
            [
              77.735955,
              12.710551
            ],
            [
              77.72892,
              12.710986
            ],
            [
              77.72792,
              12.712027
            ],
            [
              77.72592,
              12.712081
            ],
            [
              77.725656,
              12.715814
            ],
            [
              77.729261,
              12.715892
            ],
            [
              77.730515,
              12.714551
            ],
            [
              77.73092,
              12.712285
            ],
            [
              77.731503,
              12.713967
            ],
            [
              77.7344,
              12.714551
            ],
            [
              77.73428,
              12.716551
            ],
            [
              77.73492,
              12.717283
            ],
            [
              77.73692,
              12.715837
            ],
            [
              77.737404,
              12.716551
            ],
            [
              77.736278,
              12.717909
            ],
            [
              77.736166,
              12.719304
            ],
            [
              77.73696,
              12.71951
            ],
            [
              77.737006,
              12.720551
            ],
            [
              77.736902,
              12.720533
            ],
            [
              77.736798,
              12.719672
            ],
            [
              77.73292,
              12.717947
            ],
            [
              77.73192,
              12.718916
            ],
            [
              77.72992,
              12.71797
            ],
            [
              77.726454,
              12.720085
            ],
            [
              77.724713,
              12.720344
            ],
            [
              77.722648,
              12.723551
            ],
            [
              77.725382,
              12.724088
            ],
            [
              77.725382,
              12.725013
            ],
            [
              77.723727,
              12.725358
            ],
            [
              77.723635,
              12.726551
            ],
            [
              77.72592,
              12.72888
            ],
            [
              77.727339,
              12.727551
            ],
            [
              77.727387,
              12.725551
            ],
            [
              77.728413,
              12.724551
            ],
            [
              77.72892,
              12.722106
            ],
            [
              77.72992,
              12.726019
            ],
            [
              77.730607,
              12.724238
            ],
            [
              77.73334,
              12.722971
            ],
            [
              77.73392,
              12.721293
            ],
            [
              77.73507,
              12.7214
            ],
            [
              77.734234,
              12.722551
            ],
            [
              77.73492,
              12.723223
            ],
            [
              77.736519,
              12.72315
            ],
            [
              77.737194,
              12.722276
            ],
            [
              77.739077,
              12.722394
            ],
            [
              77.73892,
              12.723708
            ],
            [
              77.73792,
              12.723148
            ],
            [
              77.737255,
              12.724551
            ],
            [
              77.736592,
              12.723879
            ],
            [
              77.735457,
              12.724088
            ],
            [
              77.736047,
              12.727551
            ],
            [
              77.734441,
              12.728072
            ],
            [
              77.734365,
              12.730551
            ],
            [
              77.73592,
              12.732171
            ],
            [
              77.73792,
              12.732272
            ],
            [
              77.73892,
              12.733368
            ],
            [
              77.740664,
              12.733551
            ],
            [
              77.73992,
              12.735284
            ],
            [
              77.739841,
              12.73463
            ],
            [
              77.737184,
              12.733286
            ],
            [
              77.734548,
              12.732922
            ],
            [
              77.73392,
              12.732022
            ],
            [
              77.732588,
              12.732219
            ],
            [
              77.732586,
              12.733884
            ],
            [
              77.734236,
              12.733234
            ],
            [
              77.735131,
              12.734339
            ],
            [
              77.735505,
              12.736966
            ],
            [
              77.736477,
              12.737108
            ],
            [
              77.73692,
              12.735751
            ],
            [
              77.737123,
              12.737551
            ],
            [
              77.736215,
              12.739551
            ],
            [
              77.737176,
              12.742294
            ],
            [
              77.738135,
              12.742766
            ],
            [
              77.73792,
              12.743593
            ],
            [
              77.737792,
              12.742678
            ],
            [
              77.736832,
              12.742638
            ],
            [
              77.73492,
              12.740862
            ],
            [
              77.734159,
              12.741551
            ],
            [
              77.73392,
              12.744076
            ],
            [
              77.733222,
              12.743551
            ],
            [
              77.733805,
              12.743436
            ],
            [
              77.73368,
              12.741551
            ],
            [
              77.73092,
              12.737066
            ],
            [
              77.730375,
              12.738551
            ],
            [
              77.731194,
              12.739825
            ],
            [
              77.729459,
              12.74109
            ],
            [
              77.72892,
              12.742727
            ],
            [
              77.726477,
              12.743551
            ],
            [
              77.726563,
              12.737551
            ],
            [
              77.725635,
              12.736551
            ],
            [
              77.72792,
              12.7361
            ],
            [
              77.729348,
              12.734551
            ],
            [
              77.72692,
              12.732196
            ],
            [
              77.72492,
              12.732173
            ],
            [
              77.722648,
              12.733279
            ],
            [
              77.722486,
              12.734551
            ],
            [
              77.723432,
              12.735551
            ],
            [
              77.723374,
              12.738551
            ],
            [
              77.724291,
              12.739551
            ],
            [
              77.724436,
              12.743551
            ],
            [
              77.72392,
              12.743994
            ],
            [
              77.723596,
              12.741551
            ],
            [
              77.722299,
              12.739172
            ],
            [
              77.720641,
              12.738829
            ],
            [
              77.71892,
              12.737111
            ],
            [
              77.718239,
              12.73987
            ],
            [
              77.71744,
              12.739551
            ],
            [
              77.717329,
              12.734551
            ],
            [
              77.718291,
              12.733551
            ],
            [
              77.718136,
              12.730334
            ],
            [
              77.714656,
              12.731287
            ],
            [
              77.715504,
              12.736551
            ],
            [
              77.716503,
              12.737551
            ],
            [
              77.715474,
              12.739551
            ],
            [
              77.716314,
              12.740945
            ],
            [
              77.71492,
              12.741309
            ],
            [
              77.714227,
              12.740244
            ],
            [
              77.712581,
              12.739889
            ],
            [
              77.713183,
              12.738287
            ],
            [
              77.71092,
              12.738212
            ],
            [
              77.709616,
              12.739551
            ],
            [
              77.709567,
              12.743551
            ],
            [
              77.708534,
              12.745551
            ],
            [
              77.70992,
              12.745991
            ],
            [
              77.710585,
              12.744216
            ],
            [
              77.71292,
              12.7441
            ],
            [
              77.71322,
              12.744851
            ],
            [
              77.711589,
              12.74522
            ],
            [
              77.711603,
              12.745867
            ],
            [
              77.71292,
              12.747064
            ],
            [
              77.71492,
              12.747128
            ],
            [
              77.71592,
              12.743967
            ],
            [
              77.718102,
              12.744368
            ],
            [
              77.71992,
              12.745762
            ],
            [
              77.720053,
              12.747551
            ],
            [
              77.718415,
              12.748046
            ],
            [
              77.71892,
              12.750442
            ],
            [
              77.71792,
              12.751186
            ],
            [
              77.714697,
              12.750328
            ],
            [
              77.7155,
              12.751551
            ],
            [
              77.714408,
              12.752039
            ],
            [
              77.71392,
              12.753677
            ],
            [
              77.713393,
              12.752077
            ],
            [
              77.710634,
              12.750836
            ],
            [
              77.710427,
              12.748551
            ],
            [
              77.709612,
              12.748243
            ],
            [
              77.709343,
              12.751551
            ],
            [
              77.710239,
              12.756551
            ],
            [
              77.70992,
              12.756709
            ],
            [
              77.709613,
              12.755857
            ],
            [
              77.707191,
              12.755822
            ],
            [
              77.706971,
              12.757602
            ],
            [
              77.70492,
              12.758934
            ]
          ]
        ],
        "type": "Polygon"
      },
      "type": "Feature"
    }
  ]
}