{
  "type": "FeatureCollection",
  "metadata": {
    "provider_name": "SRI BALAJI HOTEL",
    "center_lat": 12.708495,
    "center_lon": 77.699261,
    "mode": "motorcycle",
    "total_zones": 4,
    "distance_zones": [
      3,
      4,
      5,
      6
    ],
    "generated_at": "2025-12-28T08:25:23.016920Z"
  },
  "features": [
    {
      "properties": {
        "fill-opacity": 0.33,
        "fillColor": "#bf4040",
        "opacity": 0.33,
        "fill": "#bf4040",
        "fillOpacity": 0.33,
        "color": "#bf4040",
        "contour": 3.0,
        "metric": "distance",
        "provider_name": "SRI BALAJI HOTEL",
        "zone_type": "distance",
        "distance_km": 3,
        "mode": "motorcycle",
        "center_lat": 12.708495,
        "center_lon": 77.699261,
        "label": "3km"
      },
      "geometry": {
        "coordinates": [
          [
            [
              77.706261,
              12.732511
            ],
            [
              77.7034,
              12.730355
            ],
            [
              77.703698,
              12.728057
            ],
            [
              77.700151,
              12.727604
            ],
            [
              77.70009,
              12.726665
            ],
            [
              77.699209,
              12.726443
            ],
            [
              77.700332,
              12.725423
            ],
            [
              77.699261,
              12.725398
            ],
            [
              77.697261,
              12.723886
            ],
            [
              77.696541,
              12.726495
            ],
            [
              77.697463,
              12.727495
            ],
            [
              77.697329,
              12.729426
            ],
            [
              77.697871,
              12.729495
            ],
            [
              77.697237,
              12.729518
            ],
            [
              77.696889,
              12.727866
            ],
            [
              77.696261,
              12.727697
            ],
            [
              77.694464,
              12.727698
            ],
            [
              77.694261,
              12.728649
            ],
            [
              77.693503,
              12.727495
            ],
            [
              77.694942,
              12.727176
            ],
            [
              77.694753,
              12.726002
            ],
            [
              77.691444,
              12.726495
            ],
            [
              77.692033,
              12.726267
            ],
            [
              77.691781,
              12.724974
            ],
            [
              77.688679,
              12.722076
            ],
            [
              77.687046,
              12.721709
            ],
            [
              77.686961,
              12.718495
            ],
            [
              77.685929,
              12.716826
            ],
            [
              77.684261,
              12.716801
            ],
            [
              77.684261,
              12.716486
            ],
            [
              77.68654,
              12.716215
            ],
            [
              77.688842,
              12.718913
            ],
            [
              77.689617,
              12.718851
            ],
            [
              77.689564,
              12.717191
            ],
            [
              77.687817,
              12.716938
            ],
            [
              77.686822,
              12.715933
            ],
            [
              77.686547,
              12.713208
            ],
            [
              77.684261,
              12.712062
            ],
            [
              77.681068,
              12.713688
            ],
            [
              77.679261,
              12.709852
            ],
            [
              77.678404,
              12.710495
            ],
            [
              77.678261,
              12.712057
            ],
            [
              77.677261,
              12.712358
            ],
            [
              77.676964,
              12.710791
            ],
            [
              77.675427,
              12.710495
            ],
            [
              77.676902,
              12.710136
            ],
            [
              77.676822,
              12.708933
            ],
            [
              77.674265,
              12.708495
            ],
            [
              77.676261,
              12.707188
            ],
            [
              77.678261,
              12.708738
            ],
            [
              77.678533,
              12.707495
            ],
            [
              77.68067,
              12.706904
            ],
            [
              77.682664,
              12.704898
            ],
            [
              77.682887,
              12.703495
            ],
            [
              77.681261,
              12.70277
            ],
            [
              77.680132,
              12.703623
            ],
            [
              77.680944,
              12.700811
            ],
            [
              77.679261,
              12.700883
            ],
            [
              77.679158,
              12.700392
            ],
            [
              77.680261,
              12.699362
            ],
            [
              77.683885,
              12.699119
            ],
            [
              77.684952,
              12.698186
            ],
            [
              77.685261,
              12.696377
            ],
            [
              77.685475,
              12.699495
            ],
            [
              77.68693,
              12.700164
            ],
            [
              77.687581,
              12.697495
            ],
            [
              77.689915,
              12.696495
            ],
            [
              77.690078,
              12.692495
            ],
            [
              77.692088,
              12.691322
            ],
            [
              77.692261,
              12.690404
            ],
            [
              77.692374,
              12.691608
            ],
            [
              77.691602,
              12.694495
            ],
            [
              77.694261,
              12.696019
            ],
            [
              77.695881,
              12.694495
            ],
            [
              77.696057,
              12.692495
            ],
            [
              77.695916,
              12.691839
            ],
            [
              77.694262,
              12.691495
            ],
            [
              77.69595,
              12.691184
            ],
            [
              77.696261,
              12.68946
            ],
            [
              77.696601,
              12.691154
            ],
            [
              77.698316,
              12.691439
            ],
            [
              77.699261,
              12.693222
            ],
            [
              77.700745,
              12.692979
            ],
            [
              77.701261,
              12.690585
            ],
            [
              77.702261,
              12.690066
            ],
            [
              77.70241,
              12.691495
            ],
            [
              77.701485,
              12.692495
            ],
            [
              77.703261,
              12.693119
            ],
            [
              77.704726,
              12.69096
            ],
            [
              77.707399,
              12.689633
            ],
            [
              77.707559,
              12.687793
            ],
            [
              77.710261,
              12.685585
            ],
            [
              77.710575,
              12.68718
            ],
            [
              77.712261,
              12.687182
            ],
            [
              77.712261,
              12.687521
            ],
            [
              77.710634,
              12.687868
            ],
            [
              77.710819,
              12.689936
            ],
            [
              77.71588,
              12.690495
            ],
            [
              77.714548,
              12.690782
            ],
            [
              77.715261,
              12.692258
            ],
            [
              77.716261,
              12.690638
            ],
            [
              77.718584,
              12.691495
            ],
            [
              77.717361,
              12.691595
            ],
            [
              77.717261,
              12.693194
            ],
            [
              77.715762,
              12.692996
            ],
            [
              77.715268,
              12.694487
            ],
            [
              77.715951,
              12.695495
            ],
            [
              77.715338,
              12.695572
            ],
            [
              77.715261,
              12.697419
            ],
            [
              77.715075,
              12.69668
            ],
            [
              77.713713,
              12.696947
            ],
            [
              77.713675,
              12.69908
            ],
            [
              77.715261,
              12.698903
            ],
            [
              77.716068,
              12.699495
            ],
            [
              77.715313,
              12.700495
            ],
            [
              77.717401,
              12.700635
            ],
            [
              77.717488,
              12.699268
            ],
            [
              77.716485,
              12.698495
            ],
            [
              77.717261,
              12.697096
            ],
            [
              77.718345,
              12.697495
            ],
            [
              77.718851,
              12.701904
            ],
            [
              77.723065,
              12.702299
            ],
            [
              77.723246,
              12.70148
            ],
            [
              77.724062,
              12.701495
            ],
            [
              77.723307,
              12.701541
            ],
            [
              77.723698,
              12.703495
            ],
            [
              77.722489,
              12.703723
            ],
            [
              77.722261,
              12.705636
            ],
            [
              77.720142,
              12.704613
            ],
            [
              77.719261,
              12.70286
            ],
            [
              77.718261,
              12.703865
            ],
            [
              77.717261,
              12.702937
            ],
            [
              77.716697,
              12.703495
            ],
            [
              77.71656,
              12.706495
            ],
            [
              77.71747,
              12.707495
            ],
            [
              77.717375,
              12.709495
            ],
            [
              77.718522,
              12.710495
            ],
            [
              77.717579,
              12.711495
            ],
            [
              77.718261,
              12.712232
            ],
            [
              77.721261,
              12.712476
            ],
            [
              77.721102,
              12.713336
            ],
            [
              77.716261,
              12.712862
            ],
            [
              77.715668,
              12.712087
            ],
            [
              77.714261,
              12.711949
            ],
            [
              77.709825,
              12.715495
            ],
            [
              77.711261,
              12.715981
            ],
            [
              77.714261,
              12.714125
            ],
            [
              77.715261,
              12.715101
            ],
            [
              77.717403,
              12.714352
            ],
            [
              77.717524,
              12.716495
            ],
            [
              77.715434,
              12.717495
            ],
            [
              77.717579,
              12.718495
            ],
            [
              77.715481,
              12.719495
            ],
            [
              77.716261,
              12.720222
            ],
            [
              77.718183,
              12.720417
            ],
            [
              77.718261,
              12.719915
            ],
            [
              77.719139,
              12.720616
            ],
            [
              77.719261,
              12.72267
            ],
            [
              77.718239,
              12.722517
            ],
            [
              77.718025,
              12.72173
            ],
            [
              77.716656,
              12.72189
            ],
            [
              77.716261,
              12.723291
            ],
            [
              77.713458,
              12.724692
            ],
            [
              77.713261,
              12.725773
            ],
            [
              77.713159,
              12.724495
            ],
            [
              77.714044,
              12.723495
            ],
            [
              77.712962,
              12.722196
            ],
            [
              77.713729,
              12.721963
            ],
            [
              77.713676,
              12.721079
            ],
            [
              77.710837,
              12.723071
            ],
            [
              77.710342,
              12.724576
            ],
            [
              77.708261,
              12.725061
            ],
            [
              77.706623,
              12.721132
            ],
            [
              77.703962,
              12.721196
            ],
            [
              77.703957,
              12.721798
            ],
            [
              77.705681,
              12.722495
            ],
            [
              77.704997,
              12.724758
            ],
            [
              77.705787,
              12.727968
            ],
            [
              77.708351,
              12.728495
            ],
            [
              77.708368,
              12.729602
            ],
            [
              77.706261,
              12.732511
            ]
          ]
        ],
        "type": "Polygon"
      },
      "type": "Feature"
    },
    {
      "properties": {
        "fill-opacity": 0.33,
        "fillColor": "#bf4040",
        "opacity": 0.33,
        "fill": "#bf4040",
        "fillOpacity": 0.33,
        "color": "#bf4040",
        "contour": 4.0,
        "metric": "distance",
        "provider_name": "SRI BALAJI HOTEL",
        "zone_type": "distance",
        "distance_km": 4,
        "mode": "motorcycle",
        "center_lat": 12.708495,
        "center_lon": 77.699261,
        "label": "4km"
      },
      "geometry": {
        "coordinates": [
          [
            [
              77.709261,
              12.741184
            ],
            [
              77.7072,
              12.739555
            ],
            [
              77.707972,
              12.739206
            ],
            [
              77.707708,
              12.737047
            ],
            [
              77.705674,
              12.736908
            ],
            [
              77.705261,
              12.738527
            ],
            [
              77.704998,
              12.737758
            ],
            [
              77.703232,
              12.737524
            ],
            [
              77.70516,
              12.735394
            ],
            [
              77.706692,
              12.734926
            ],
            [
              77.7066,
              12.733155
            ],
            [
              77.702261,
              12.732894
            ],
            [
              77.700409,
              12.734495
            ],
            [
              77.700261,
              12.736166
            ],
            [
              77.699261,
              12.735591
            ],
            [
              77.698694,
              12.733061
            ],
            [
              77.697061,
              12.732694
            ],
            [
              77.695148,
              12.730495
            ],
            [
              77.696538,
              12.730217
            ],
            [
              77.697261,
              12.73121
            ],
            [
              77.697788,
              12.730495
            ],
            [
              77.696836,
              12.729919
            ],
            [
              77.696261,
              12.727076
            ],
            [
              77.694261,
              12.729907
            ],
            [
              77.692261,
              12.727026
            ],
            [
              77.689878,
              12.728112
            ],
            [
              77.689577,
              12.729495
            ],
            [
              77.690473,
              12.730495
            ],
            [
              77.690454,
              12.732301
            ],
            [
              77.691242,
              12.732495
            ],
            [
              77.689354,
              12.732495
            ],
            [
              77.689154,
              12.731388
            ],
            [
              77.689108,
              12.732495
            ],
            [
              77.688261,
              12.733053
            ],
            [
              77.687893,
              12.730862
            ],
            [
              77.686602,
              12.730836
            ],
            [
              77.686143,
              12.731613
            ],
            [
              77.683996,
              12.730495
            ],
            [
              77.685061,
              12.730295
            ],
            [
              77.685041,
              12.728714
            ],
            [
              77.684155,
              12.727495
            ],
            [
              77.685261,
              12.726344
            ],
            [
              77.690261,
              12.727032
            ],
            [
              77.691706,
              12.725495
            ],
            [
              77.688518,
              12.722238
            ],
            [
              77.686863,
              12.721892
            ],
            [
              77.686673,
              12.718495
            ],
            [
              77.685261,
              12.717023
            ],
            [
              77.682632,
              12.720495
            ],
            [
              77.684432,
              12.721323
            ],
            [
              77.684261,
              12.721934
            ],
            [
              77.682796,
              12.72203
            ],
            [
              77.680261,
              12.724836
            ],
            [
              77.679526,
              12.724495
            ],
            [
              77.680178,
              12.724412
            ],
            [
              77.679968,
              12.722788
            ],
            [
              77.678042,
              12.722495
            ],
            [
              77.679136,
              12.72237
            ],
            [
              77.678642,
              12.719495
            ],
            [
              77.680113,
              12.719347
            ],
            [
              77.68096,
              12.718194
            ],
            [
              77.681261,
              12.71567
            ],
            [
              77.68157,
              12.717185
            ],
            [
              77.682261,
              12.717311
            ],
            [
              77.684261,
              12.715992
            ],
            [
              77.686634,
              12.715868
            ],
            [
              77.686587,
              12.713495
            ],
            [
              77.685454,
              12.712301
            ],
            [
              77.682009,
              12.713243
            ],
            [
              77.681261,
              12.714411
            ],
            [
              77.680261,
              12.713703
            ],
            [
              77.679463,
              12.714697
            ],
            [
              77.677845,
              12.715079
            ],
            [
              77.677261,
              12.718071
            ],
            [
              77.676702,
              12.716053
            ],
            [
              77.675961,
              12.715794
            ],
            [
              77.675713,
              12.713042
            ],
            [
              77.674746,
              12.712495
            ],
            [
              77.676261,
              12.712182
            ],
            [
              77.676571,
              12.711184
            ],
            [
              77.672261,
              12.710886
            ],
            [
              77.671261,
              12.712403
            ],
            [
              77.666665,
              12.712495
            ],
            [
              77.668885,
              12.712119
            ],
            [
              77.670072,
              12.710306
            ],
            [
              77.671681,
              12.709915
            ],
            [
              77.671835,
              12.708495
            ],
            [
              77.671261,
              12.70789
            ],
            [
              77.667261,
              12.707684
            ],
            [
              77.666994,
              12.706761
            ],
            [
              77.665453,
              12.706495
            ],
            [
              77.666836,
              12.705495
            ],
            [
              77.667502,
              12.706253
            ],
            [
              77.668812,
              12.706046
            ],
            [
              77.668968,
              12.704787
            ],
            [
              77.668261,
              12.704089
            ],
            [
              77.670176,
              12.703495
            ],
            [
              77.671166,
              12.704495
            ],
            [
              77.669565,
              12.704799
            ],
            [
              77.6698,
              12.706955
            ],
            [
              77.671261,
              12.7071
            ],
            [
              77.672261,
              12.706108
            ],
            [
              77.674261,
              12.707995
            ],
            [
              77.675626,
              12.706129
            ],
            [
              77.674005,
              12.70575
            ],
            [
              77.673261,
              12.703773
            ],
            [
              77.672261,
              12.704691
            ],
            [
              77.671304,
              12.704495
            ],
            [
              77.671443,
              12.703495
            ],
            [
              77.674261,
              12.703148
            ],
            [
              77.67656,
              12.705196
            ],
            [
              77.67692,
              12.706835
            ],
            [
              77.680514,
              12.706748
            ],
            [
              77.682512,
              12.704746
            ],
            [
              77.682522,
              12.703233
            ],
            [
              77.681261,
              12.703074
            ],
            [
              77.680261,
              12.704048
            ],
            [
              77.679733,
              12.702022
            ],
            [
              77.677019,
              12.701736
            ],
            [
              77.677624,
              12.700131
            ],
            [
              77.675261,
              12.699841
            ],
            [
              77.674261,
              12.698738
            ],
            [
              77.6714,
              12.698495
            ],
            [
              77.674755,
              12.697989
            ],
            [
              77.674261,
              12.694249
            ],
            [
              77.676261,
              12.694305
            ],
            [
              77.677452,
              12.695303
            ],
            [
              77.679261,
              12.699019
            ],
            [
              77.680941,
              12.696495
            ],
            [
              77.681014,
              12.693495
            ],
            [
              77.68012,
              12.692495
            ],
            [
              77.680261,
              12.690744
            ],
            [
              77.680536,
              12.692219
            ],
            [
              77.682261,
              12.692333
            ],
            [
              77.683261,
              12.69132
            ],
            [
              77.685261,
              12.693096
            ],
            [
              77.687022,
              12.690495
            ],
            [
              77.686228,
              12.689495
            ],
            [
              77.68708,
              12.688314
            ],
            [
              77.688214,
              12.688495
            ],
            [
              77.687376,
              12.68861
            ],
            [
              77.687499,
              12.691495
            ],
            [
              77.688261,
              12.692259
            ],
            [
              77.691579,
              12.690813
            ],
            [
              77.691832,
              12.688495
            ],
            [
              77.693261,
              12.687103
            ],
            [
              77.693862,
              12.688893
            ],
            [
              77.695609,
              12.688843
            ],
            [
              77.696831,
              12.687495
            ],
            [
              77.696695,
              12.68606
            ],
            [
              77.694054,
              12.686701
            ],
            [
              77.694046,
              12.685709
            ],
            [
              77.692929,
              12.685495
            ],
            [
              77.69411,
              12.685344
            ],
            [
              77.694188,
              12.684422
            ],
            [
              77.695947,
              12.683181
            ],
            [
              77.696261,
              12.681078
            ],
            [
              77.697498,
              12.683258
            ],
            [
              77.701095,
              12.683495
            ],
            [
              77.699501,
              12.683735
            ],
            [
              77.699795,
              12.68596
            ],
            [
              77.704261,
              12.68627
            ],
            [
              77.704923,
              12.685495
            ],
            [
              77.703825,
              12.683495
            ],
            [
              77.707261,
              12.683201
            ],
            [
              77.708076,
              12.682495
            ],
            [
              77.707801,
              12.680954
            ],
            [
              77.705368,
              12.680495
            ],
            [
              77.705964,
              12.679198
            ],
            [
              77.706488,
              12.680267
            ],
            [
              77.707853,
              12.680087
            ],
            [
              77.708261,
              12.67822
            ],
            [
              77.709261,
              12.677939
            ],
            [
              77.709533,
              12.680495
            ],
            [
              77.711261,
              12.683062
            ],
            [
              77.712038,
              12.680495
            ],
            [
              77.711135,
              12.679495
            ],
            [
              77.711999,
              12.679233
            ],
            [
              77.712261,
              12.677922
            ],
            [
              77.713261,
              12.679428
            ],
            [
              77.714261,
              12.678975
            ],
            [
              77.716507,
              12.680495
            ],
            [
              77.716261,
              12.681233
            ],
            [
              77.716208,
              12.680547
            ],
            [
              77.715261,
              12.680635
            ],
            [
              77.714501,
              12.681495
            ],
            [
              77.715261,
              12.682329
            ],
            [
              77.716125,
              12.682359
            ],
            [
              77.716261,
              12.681605
            ],
            [
              77.71652,
              12.683495
            ],
            [
              77.715396,
              12.68363
            ],
            [
              77.71461,
              12.684844
            ],
            [
              77.714443,
              12.686313
            ],
            [
              77.715002,
              12.686495
            ],
            [
              77.714261,
              12.68659
            ],
            [
              77.713261,
              12.685675
            ],
            [
              77.712598,
              12.687832
            ],
            [
              77.710962,
              12.688196
            ],
            [
              77.710995,
              12.68976
            ],
            [
              77.714261,
              12.689955
            ],
            [
              77.715261,
              12.688668
            ],
            [
              77.716261,
              12.689742
            ],
            [
              77.718661,
              12.688895
            ],
            [
              77.718952,
              12.687495
            ],
            [
              77.717181,
              12.685495
            ],
            [
              77.717261,
              12.684068
            ],
            [
              77.718261,
              12.684348
            ],
            [
              77.719832,
              12.686495
            ],
            [
              77.719848,
              12.688907
            ],
            [
              77.721261,
              12.689162
            ],
            [
              77.722261,
              12.688311
            ],
            [
              77.723261,
              12.689269
            ],
            [
              77.724261,
              12.688256
            ],
            [
              77.726261,
              12.689131
            ],
            [
              77.727457,
              12.690691
            ],
            [
              77.72561,
              12.690844
            ],
            [
              77.724495,
              12.691729
            ],
            [
              77.724261,
              12.69317
            ],
            [
              77.723977,
              12.691778
            ],
            [
              77.721044,
              12.691711
            ],
            [
              77.720261,
              12.690936
            ],
            [
              77.719735,
              12.691495
            ],
            [
              77.720352,
              12.692586
            ],
            [
              77.718261,
              12.692006
            ],
            [
              77.717582,
              12.693816
            ],
            [
              77.716773,
              12.693982
            ],
            [
              77.716261,
              12.693057
            ],
            [
              77.715847,
              12.693495
            ],
            [
              77.71881,
              12.697495
            ],
            [
              77.719007,
              12.701748
            ],
            [
              77.722261,
              12.701946
            ],
            [
              77.723261,
              12.700989
            ],
            [
              77.726261,
              12.701077
            ],
            [
              77.727261,
              12.700163
            ],
            [
              77.727532,
              12.701495
            ],
            [
              77.726261,
              12.702921
            ],
            [
              77.724804,
              12.702951
            ],
            [
              77.724615,
              12.702141
            ],
            [
              77.723934,
              12.702168
            ],
            [
              77.724744,
              12.703495
            ],
            [
              77.722761,
              12.704495
            ],
            [
              77.723683,
              12.706495
            ],
            [
              77.723261,
              12.707875
            ],
            [
              77.719895,
              12.70486
            ],
            [
              77.719531,
              12.703224
            ],
            [
              77.718261,
              12.704108
            ],
            [
              77.717508,
              12.703247
            ],
            [
              77.7169,
              12.703495
            ],
            [
              77.716849,
              12.706495
            ],
            [
              77.717819,
              12.707495
            ],
            [
              77.717791,
              12.709495
            ],
            [
              77.718836,
              12.710495
            ],
            [
              77.717855,
              12.711495
            ],
            [
              77.721611,
              12.712144
            ],
            [
              77.721399,
              12.715495
            ],
            [
              77.723036,
              12.717495
            ],
            [
              77.720813,
              12.719047
            ],
            [
              77.721656,
              12.72089
            ],
            [
              77.71976,
              12.722495
            ],
            [
              77.721642,
              12.723113
            ],
            [
              77.722261,
              12.724234
            ],
            [
              77.724389,
              12.724366
            ],
            [
              77.722607,
              12.725495
            ],
            [
              77.725261,
              12.729213
            ],
            [
              77.724261,
              12.729102
            ],
            [
              77.723928,
              12.727828
            ],
            [
              77.722261,
              12.727654
            ],
            [
              77.719706,
              12.72794
            ],
            [
              77.719309,
              12.729543
            ],
            [
              77.71869,
              12.729495
            ],
            [
              77.71746,
              12.728495
            ],
            [
              77.718112,
              12.728346
            ],
            [
              77.718218,
              12.726495
            ],
            [
              77.717261,
              12.724946
            ],
            [
              77.716625,
              12.727495
            ],
            [
              77.717216,
              12.728495
            ],
            [
              77.716261,
              12.72912
            ],
            [
              77.715644,
              12.728495
            ],
            [
              77.715845,
              12.726495
            ],
            [
              77.714818,
              12.725495
            ],
            [
              77.715786,
              12.724495
            ],
            [
              77.715261,
              12.724005
            ],
            [
              77.713768,
              12.725495
            ],
            [
              77.713835,
              12.728495
            ],
            [
              77.711999,
              12.728757
            ],
            [
              77.712734,
              12.724495
            ],
            [
              77.7137,
              12.723495
            ],
            [
              77.712659,
              12.722096
            ],
            [
              77.712009,
              12.722243
            ],
            [
              77.710616,
              12.72485
            ],
            [
              77.70868,
              12.725495
            ],
            [
              77.708847,
              12.726908
            ],
            [
              77.710609,
              12.728495
            ],
            [
              77.709694,
              12.730495
            ],
            [
              77.710608,
              12.731495
            ],
            [
              77.710606,
              12.733149
            ],
            [
              77.712031,
              12.733265
            ],
            [
              77.712274,
              12.732481
            ],
            [
              77.712439,
              12.733316
            ],
            [
              77.712286,
              12.73552
            ],
            [
              77.711261,
              12.736263
            ],
            [
              77.711026,
              12.735729
            ],
            [
              77.709261,
              12.735822
            ],
            [
              77.708614,
              12.736495
            ],
            [
              77.709261,
              12.737313
            ],
            [
              77.710762,
              12.737495
            ],
            [
              77.70962,
              12.737854
            ],
            [
              77.709261,
              12.741184
            ]
          ]
        ],
        "type": "Polygon"
      },
      "type": "Feature"
    },
    {
      "properties": {
        "fill-opacity": 0.33,
        "fillColor": "#bf4040",
        "opacity": 0.33,
        "fill": "#bf4040",
        "fillOpacity": 0.33,
        "color": "#bf4040",
        "contour": 5.0,
        "metric": "distance",
        "provider_name": "SRI BALAJI HOTEL",
        "zone_type": "distance",
        "distance_km": 5,
        "mode": "motorcycle",
        "center_lat": 12.708495,
        "center_lon": 77.699261,
        "label": "5km"
      },
      "geometry": {
        "coordinates": [
          [
            [
              77.707261,
              12.749946
            ],
            [
              77.707036,
              12.748719
            ],
            [
              77.706286,
              12.748469
            ],
            [
              77.707662,
              12.744093
            ],
            [
              77.701261,
              12.743672
            ],
            [
              77.700261,
              12.742688
            ],
            [
              77.699253,
              12.743502
            ],
            [
              77.69922,
              12.741535
            ],
            [
              77.698234,
              12.741468
            ],
            [
              77.700001,
              12.740235
            ],
            [
              77.69981,
              12.737495
            ],
            [
              77.699261,
              12.73696
            ],
            [
              77.698261,
              12.737891
            ],
            [
              77.696261,
              12.738029
            ],
            [
              77.694999,
              12.736495
            ],
            [
              77.695018,
              12.733737
            ],
            [
              77.688904,
              12.734138
            ],
            [
              77.688261,
              12.741743
            ],
            [
              77.688026,
              12.74073
            ],
            [
              77.686459,
              12.740495
            ],
            [
              77.687983,
              12.738495
            ],
            [
              77.686039,
              12.737495
            ],
            [
              77.687837,
              12.735495
            ],
            [
              77.68756,
              12.731195
            ],
            [
              77.685924,
              12.732158
            ],
            [
              77.686689,
              12.733495
            ],
            [
              77.685534,
              12.734768
            ],
            [
              77.684261,
              12.73392
            ],
            [
              77.682817,
              12.735051
            ],
            [
              77.682261,
              12.737595
            ],
            [
              77.681055,
              12.736495
            ],
            [
              77.681005,
              12.735495
            ],
            [
              77.684589,
              12.731166
            ],
            [
              77.683915,
              12.731149
            ],
            [
              77.683716,
              12.73195
            ],
            [
              77.681866,
              12.7321
            ],
            [
              77.681595,
              12.733829
            ],
            [
              77.680261,
              12.733792
            ],
            [
              77.679698,
              12.732058
            ],
            [
              77.678069,
              12.731686
            ],
            [
              77.676862,
              12.729894
            ],
            [
              77.67452,
              12.729754
            ],
            [
              77.674261,
              12.730697
            ],
            [
              77.673236,
              12.73052
            ],
            [
              77.674105,
              12.730339
            ],
            [
              77.674178,
              12.729412
            ],
            [
              77.675785,
              12.72902
            ],
            [
              77.676718,
              12.727952
            ],
            [
              77.675972,
              12.726495
            ],
            [
              77.677036,
              12.724495
            ],
            [
              77.675858,
              12.724092
            ],
            [
              77.67442,
              12.725495
            ],
            [
              77.674261,
              12.726613
            ],
            [
              77.672261,
              12.724738
            ],
            [
              77.671631,
              12.724865
            ],
            [
              77.671261,
              12.72675
            ],
            [
              77.671005,
              12.72575
            ],
            [
              77.669409,
              12.725495
            ],
            [
              77.670826,
              12.72506
            ],
            [
              77.671083,
              12.724317
            ],
            [
              77.673261,
              12.724192
            ],
            [
              77.674261,
              12.723142
            ],
            [
              77.676261,
              12.72306
            ],
            [
              77.676841,
              12.721495
            ],
            [
              77.674261,
              12.720827
            ],
            [
              77.673261,
              12.721755
            ],
            [
              77.671527,
              12.721761
            ],
            [
              77.6712,
              12.722555
            ],
            [
              77.67026,
              12.722494
            ],
            [
              77.670178,
              12.721577
            ],
            [
              77.671907,
              12.721141
            ],
            [
              77.672029,
              12.719263
            ],
            [
              77.673261,
              12.71923
            ],
            [
              77.674261,
              12.720162
            ],
            [
              77.67664,
              12.718874
            ],
            [
              77.676526,
              12.716229
            ],
            [
              77.667261,
              12.720728
            ],
            [
              77.666981,
              12.719495
            ],
            [
              77.670635,
              12.717869
            ],
            [
              77.671932,
              12.716166
            ],
            [
              77.67553,
              12.714764
            ],
            [
              77.67553,
              12.713225
            ],
            [
              77.666261,
              12.712983
            ],
            [
              77.665374,
              12.713495
            ],
            [
              77.665261,
              12.714627
            ],
            [
              77.665068,
              12.713687
            ],
            [
              77.663752,
              12.713495
            ],
            [
              77.663629,
              12.707126
            ],
            [
              77.661261,
              12.706843
            ],
            [
              77.660261,
              12.707741
            ],
            [
              77.658261,
              12.707569
            ],
            [
              77.657969,
              12.706786
            ],
            [
              77.65639,
              12.706495
            ],
            [
              77.656711,
              12.705495
            ],
            [
              77.657307,
              12.705448
            ],
            [
              77.657427,
              12.706328
            ],
            [
              77.659261,
              12.706246
            ],
            [
              77.660261,
              12.705176
            ],
            [
              77.661261,
              12.706126
            ],
            [
              77.663261,
              12.706064
            ],
            [
              77.664261,
              12.704012
            ],
            [
              77.665261,
              12.706
            ],
            [
              77.666261,
              12.705007
            ],
            [
              77.667749,
              12.704983
            ],
            [
              77.667964,
              12.702198
            ],
            [
              77.669604,
              12.702838
            ],
            [
              77.670261,
              12.701085
            ],
            [
              77.671261,
              12.70301
            ],
            [
              77.674664,
              12.703091
            ],
            [
              77.67669,
              12.705065
            ],
            [
              77.677035,
              12.70672
            ],
            [
              77.680444,
              12.706678
            ],
            [
              77.682443,
              12.704677
            ],
            [
              77.682448,
              12.703307
            ],
            [
              77.6798,
              12.703955
            ],
            [
              77.679581,
              12.702174
            ],
            [
              77.676853,
              12.701902
            ],
            [
              77.677261,
              12.700132
            ],
            [
              77.675261,
              12.700099
            ],
            [
              77.674261,
              12.699064
            ],
            [
              77.671261,
              12.698991
            ],
            [
              77.670261,
              12.699926
            ],
            [
              77.668261,
              12.699894
            ],
            [
              77.667261,
              12.698848
            ],
            [
              77.665261,
              12.699725
            ],
            [
              77.664261,
              12.698658
            ],
            [
              77.662529,
              12.698495
            ],
            [
              77.66672,
              12.697954
            ],
            [
              77.668033,
              12.695495
            ],
            [
              77.667146,
              12.694495
            ],
            [
              77.667261,
              12.692757
            ],
            [
              77.667514,
              12.694241
            ],
            [
              77.669261,
              12.695193
            ],
            [
              77.673602,
              12.693836
            ],
            [
              77.671688,
              12.691067
            ],
            [
              77.669137,
              12.689618
            ],
            [
              77.669029,
              12.688726
            ],
            [
              77.667422,
              12.688495
            ],
            [
              77.669261,
              12.68839
            ],
            [
              77.670779,
              12.689976
            ],
            [
              77.6725,
              12.690255
            ],
            [
              77.674565,
              12.69219
            ],
            [
              77.674933,
              12.693822
            ],
            [
              77.676261,
              12.693942
            ],
            [
              77.67765,
              12.695105
            ],
            [
              77.67788,
              12.697495
            ],
            [
              77.679261,
              12.698838
            ],
            [
              77.680665,
              12.696495
            ],
            [
              77.68069,
              12.693495
            ],
            [
              77.679723,
              12.692495
            ],
            [
              77.679992,
              12.688226
            ],
            [
              77.681685,
              12.687919
            ],
            [
              77.683049,
              12.686495
            ],
            [
              77.682912,
              12.685843
            ],
            [
              77.681594,
              12.685495
            ],
            [
              77.686261,
              12.685109
            ],
            [
              77.687637,
              12.685871
            ],
            [
              77.688715,
              12.684041
            ],
            [
              77.686158,
              12.683495
            ],
            [
              77.688738,
              12.682972
            ],
            [
              77.690261,
              12.67947
            ],
            [
              77.690638,
              12.682117
            ],
            [
              77.693965,
              12.682495
            ],
            [
              77.692461,
              12.682695
            ],
            [
              77.692398,
              12.683632
            ],
            [
              77.689815,
              12.684049
            ],
            [
              77.688713,
              12.686495
            ],
            [
              77.68876,
              12.688495
            ],
            [
              77.686848,
              12.691495
            ],
            [
              77.688261,
              12.691928
            ],
            [
              77.689261,
              12.690962
            ],
            [
              77.691476,
              12.69071
            ],
            [
              77.691836,
              12.68807
            ],
            [
              77.693714,
              12.686495
            ],
            [
              77.69178,
              12.685495
            ],
            [
              77.693446,
              12.68468
            ],
            [
              77.694341,
              12.682575
            ],
            [
              77.695344,
              12.682578
            ],
            [
              77.695749,
              12.681495
            ],
            [
              77.693829,
              12.680495
            ],
            [
              77.694913,
              12.679147
            ],
            [
              77.695261,
              12.673275
            ],
            [
              77.69652,
              12.675495
            ],
            [
              77.695637,
              12.677495
            ],
            [
              77.696665,
              12.678495
            ],
            [
              77.696772,
              12.681495
            ],
            [
              77.697944,
              12.682811
            ],
            [
              77.707261,
              12.682909
            ],
            [
              77.707261,
              12.681046
            ],
            [
              77.705261,
              12.681968
            ],
            [
              77.704044,
              12.681712
            ],
            [
              77.703841,
              12.679495
            ],
            [
              77.702261,
              12.677849
            ],
            [
              77.700186,
              12.679569
            ],
            [
              77.700087,
              12.678495
            ],
            [
              77.700957,
              12.677495
            ],
            [
              77.699888,
              12.675867
            ],
            [
              77.698223,
              12.675532
            ],
            [
              77.698209,
              12.674495
            ],
            [
              77.698275,
              12.674509
            ],
            [
              77.69838,
              12.675375
            ],
            [
              77.701261,
              12.675392
            ],
            [
              77.702261,
              12.67714
            ],
            [
              77.703666,
              12.6769
            ],
            [
              77.704085,
              12.674319
            ],
            [
              77.705461,
              12.674294
            ],
            [
              77.70458,
              12.675495
            ],
            [
              77.705261,
              12.678035
            ],
            [
              77.705928,
              12.675162
            ],
            [
              77.706943,
              12.674495
            ],
            [
              77.706075,
              12.673309
            ],
            [
              77.707261,
              12.671617
            ],
            [
              77.707676,
              12.673079
            ],
            [
              77.710019,
              12.673495
            ],
            [
              77.709429,
              12.673663
            ],
            [
              77.708709,
              12.676495
            ],
            [
              77.70974,
              12.677495
            ],
            [
              77.709839,
              12.680495
            ],
            [
              77.711261,
              12.681885
            ],
            [
              77.711698,
              12.680495
            ],
            [
              77.710727,
              12.679495
            ],
            [
              77.711772,
              12.677495
            ],
            [
              77.710846,
              12.675495
            ],
            [
              77.711261,
              12.67508
            ],
            [
              77.712261,
              12.676045
            ],
            [
              77.713728,
              12.674962
            ],
            [
              77.713806,
              12.673949
            ],
            [
              77.712173,
              12.673495
            ],
            [
              77.713873,
              12.673107
            ],
            [
              77.714261,
              12.670878
            ],
            [
              77.714799,
              12.674956
            ],
            [
              77.715996,
              12.674495
            ],
            [
              77.716261,
              12.671178
            ],
            [
              77.716605,
              12.67315
            ],
            [
              77.718393,
              12.674495
            ],
            [
              77.716871,
              12.677885
            ],
            [
              77.719953,
              12.676187
            ],
            [
              77.720261,
              12.67498
            ],
            [
              77.721914,
              12.676495
            ],
            [
              77.72132,
              12.676554
            ],
            [
              77.721396,
              12.67963
            ],
            [
              77.72046,
              12.680694
            ],
            [
              77.718797,
              12.681031
            ],
            [
              77.718798,
              12.681957
            ],
            [
              77.725261,
              12.682312
            ],
            [
              77.724618,
              12.684495
            ],
            [
              77.726533,
              12.686222
            ],
            [
              77.727261,
              12.688046
            ],
            [
              77.731261,
              12.686668
            ],
            [
              77.732092,
              12.687495
            ],
            [
              77.730407,
              12.688495
            ],
            [
              77.73085,
              12.691905
            ],
            [
              77.734957,
              12.694495
            ],
            [
              77.734557,
              12.695791
            ],
            [
              77.734031,
              12.694724
            ],
            [
              77.732642,
              12.694876
            ],
            [
              77.732261,
              12.695621
            ],
            [
              77.73188,
              12.694876
            ],
            [
              77.730683,
              12.694917
            ],
            [
              77.730261,
              12.697318
            ],
            [
              77.729953,
              12.695802
            ],
            [
              77.729096,
              12.695495
            ],
            [
              77.729041,
              12.694275
            ],
            [
              77.729951,
              12.693495
            ],
            [
              77.729651,
              12.692104
            ],
            [
              77.72791,
              12.692144
            ],
            [
              77.728606,
              12.69384
            ],
            [
              77.727261,
              12.693919
            ],
            [
              77.726261,
              12.691026
            ],
            [
              77.724778,
              12.692495
            ],
            [
              77.725729,
              12.693495
            ],
            [
              77.725501,
              12.696735
            ],
            [
              77.724261,
              12.695911
            ],
            [
              77.721797,
              12.696031
            ],
            [
              77.720261,
              12.699071
            ],
            [
              77.720016,
              12.697739
            ],
            [
              77.719261,
              12.697525
            ],
            [
              77.719261,
              12.701774
            ],
            [
              77.722261,
              12.701805
            ],
            [
              77.723261,
              12.700825
            ],
            [
              77.726261,
              12.700863
            ],
            [
              77.727261,
              12.699895
            ],
            [
              77.728036,
              12.700495
            ],
            [
              77.726684,
              12.702918
            ],
            [
              77.723044,
              12.704278
            ],
            [
              77.722931,
              12.705495
            ],
            [
              77.723895,
              12.706495
            ],
            [
              77.723261,
              12.708413
            ],
            [
              77.719801,
              12.704954
            ],
            [
              77.719453,
              12.703302
            ],
            [
              77.718261,
              12.704216
            ],
            [
              77.716996,
              12.703495
            ],
            [
              77.716969,
              12.706495
            ],
            [
              77.717954,
              12.707495
            ],
            [
              77.717941,
              12.709495
            ],
            [
              77.718962,
              12.710495
            ],
            [
              77.718066,
              12.711689
            ],
            [
              77.722261,
              12.712298
            ],
            [
              77.723084,
              12.711495
            ],
            [
              77.723261,
              12.709588
            ],
            [
              77.723695,
              12.71206
            ],
            [
              77.725048,
              12.712282
            ],
            [
              77.725261,
              12.710788
            ],
            [
              77.725975,
              12.711495
            ],
            [
              77.724523,
              12.713495
            ],
            [
              77.725781,
              12.715974
            ],
            [
              77.729253,
              12.716495
            ],
            [
              77.724917,
              12.716838
            ],
            [
              77.724716,
              12.716039
            ],
            [
              77.723862,
              12.716096
            ],
            [
              77.725797,
              12.719495
            ],
            [
              77.723961,
              12.721195
            ],
            [
              77.723647,
              12.722881
            ],
            [
              77.722,
              12.723234
            ],
            [
              77.722261,
              12.72392
            ],
            [
              77.724814,
              12.724495
            ],
            [
              77.722987,
              12.725768
            ],
            [
              77.726261,
              12.729028
            ],
            [
              77.728043,
              12.727495
            ],
            [
              77.728261,
              12.725203
            ],
            [
              77.728493,
              12.726262
            ],
            [
              77.730261,
              12.726238
            ],
            [
              77.730739,
              12.730017
            ],
            [
              77.732581,
              12.730815
            ],
            [
              77.732261,
              12.731482
            ],
            [
              77.731261,
              12.730693
            ],
            [
              77.729261,
              12.730809
            ],
            [
              77.728617,
              12.731495
            ],
            [
              77.728793,
              12.732963
            ],
            [
              77.7315,
              12.734255
            ],
            [
              77.731261,
              12.736045
            ],
            [
              77.730261,
              12.7362
            ],
            [
              77.729261,
              12.735386
            ],
            [
              77.727261,
              12.731898
            ],
            [
              77.722261,
              12.732691
            ],
            [
              77.721261,
              12.734661
            ],
            [
              77.720923,
              12.731495
            ],
            [
              77.721998,
              12.730232
            ],
            [
              77.723624,
              12.729858
            ],
            [
              77.723725,
              12.728495
            ],
            [
              77.719969,
              12.728203
            ],
            [
              77.718738,
              12.730495
            ],
            [
              77.719697,
              12.731495
            ],
            [
              77.719581,
              12.734495
            ],
            [
              77.718549,
              12.735495
            ],
            [
              77.718261,
              12.738136
            ],
            [
              77.717994,
              12.734495
            ],
            [
              77.718851,
              12.732495
            ],
            [
              77.717261,
              12.729949
            ],
            [
              77.714815,
              12.731049
            ],
            [
              77.711751,
              12.736495
            ],
            [
              77.713714,
              12.736948
            ],
            [
              77.714261,
              12.734015
            ],
            [
              77.714686,
              12.736069
            ],
            [
              77.716421,
              12.738495
            ],
            [
              77.715626,
              12.73886
            ],
            [
              77.715261,
              12.740687
            ],
            [
              77.715052,
              12.739703
            ],
            [
              77.71352,
              12.739495
            ],
            [
              77.714153,
              12.739387
            ],
            [
              77.713737,
              12.738019
            ],
            [
              77.709957,
              12.738191
            ],
            [
              77.709723,
              12.742495
            ],
            [
              77.708683,
              12.743495
            ],
            [
              77.708603,
              12.745495
            ],
            [
              77.709261,
              12.746296
            ],
            [
              77.711119,
              12.745636
            ],
            [
              77.711322,
              12.747495
            ],
            [
              77.709447,
              12.747681
            ],
            [
              77.709261,
              12.748673
            ],
            [
              77.70886,
              12.746895
            ],
            [
              77.70776,
              12.746994
            ],
            [
              77.707261,
              12.749946
            ]
          ]
        ],
        "type": "Polygon"
      },
      "type": "Feature"
    },
    {
      "properties": {
        "fill-opacity": 0.33,
        "fillColor": "#bf4040",
        "opacity": 0.33,
        "fill": "#bf4040",
        "fillOpacity": 0.33,
        "color": "#bf4040",
        "contour": 6.0,
        "metric": "distance",
        "provider_name": "SRI BALAJI HOTEL",
        "zone_type": "distance",
        "distance_km": 6,
        "mode": "motorcycle",
        "center_lat": 12.708495,
        "center_lon": 77.699261,
        "label": "6km"
      },
      "geometry": {
        "coordinates": [
          [
            [
              77.706261,
              12.75775
            ],
            [
              77.704261,
              12.758441
            ],
            [
              77.703106,
              12.756649
            ],
            [
              77.703218,
              12.755495
            ],
            [
              77.705737,
              12.754971
            ],
            [
              77.705669,
              12.753086
            ],
            [
              77.704261,
              12.752811
            ],
            [
              77.703261,
              12.753667
            ],
            [
              77.701495,
              12.752729
            ],
            [
              77.701261,
              12.754275
            ],
            [
              77.70021,
              12.753495
            ],
            [
              77.700868,
              12.751102
            ],
            [
              77.702261,
              12.750133
            ],
            [
              77.702667,
              12.752088
            ],
            [
              77.703261,
              12.752235
            ],
            [
              77.705261,
              12.750777
            ],
            [
              77.706623,
              12.750857
            ],
            [
              77.706583,
              12.749172
            ],
            [
              77.704366,
              12.749389
            ],
            [
              77.703999,
              12.747756
            ],
            [
              77.702843,
              12.747495
            ],
            [
              77.703111,
              12.746345
            ],
            [
              77.705261,
              12.746157
            ],
            [
              77.707511,
              12.744244
            ],
            [
              77.701261,
              12.744043
            ],
            [
              77.700261,
              12.743048
            ],
            [
              77.699261,
              12.743997
            ],
            [
              77.697261,
              12.74094
            ],
            [
              77.696261,
              12.741884
            ],
            [
              77.693771,
              12.742005
            ],
            [
              77.693261,
              12.745291
            ],
            [
              77.693093,
              12.741327
            ],
            [
              77.695261,
              12.741137
            ],
            [
              77.696835,
              12.739495
            ],
            [
              77.694565,
              12.73419
            ],
            [
              77.689261,
              12.734139
            ],
            [
              77.688797,
              12.740495
            ],
            [
              77.690653,
              12.740887
            ],
            [
              77.691405,
              12.73735
            ],
            [
              77.691668,
              12.741495
            ],
            [
              77.689903,
              12.742137
            ],
            [
              77.689697,
              12.743495
            ],
            [
              77.69144,
              12.747315
            ],
            [
              77.692422,
              12.747495
            ],
            [
              77.690503,
              12.747737
            ],
            [
              77.688261,
              12.749724
            ],
            [
              77.687433,
              12.749322
            ],
            [
              77.687157,
              12.747391
            ],
            [
              77.688571,
              12.746805
            ],
            [
              77.688503,
              12.746252
            ],
            [
              77.686884,
              12.746118
            ],
            [
              77.685261,
              12.746957
            ],
            [
              77.684491,
              12.746264
            ],
            [
              77.685045,
              12.744495
            ],
            [
              77.681742,
              12.741013
            ],
            [
              77.679422,
              12.741333
            ],
            [
              77.678322,
              12.740495
            ],
            [
              77.679882,
              12.740116
            ],
            [
              77.681747,
              12.737981
            ],
            [
              77.680703,
              12.736495
            ],
            [
              77.681658,
              12.734097
            ],
            [
              77.67982,
              12.733935
            ],
            [
              77.679525,
              12.732231
            ],
            [
              77.677261,
              12.731745
            ],
            [
              77.676716,
              12.733039
            ],
            [
              77.677909,
              12.733495
            ],
            [
              77.678261,
              12.73452
            ],
            [
              77.676261,
              12.73467
            ],
            [
              77.675261,
              12.733696
            ],
            [
              77.670261,
              12.733824
            ],
            [
              77.669519,
              12.734495
            ],
            [
              77.669261,
              12.737643
            ],
            [
              77.667244,
              12.735495
            ],
            [
              77.668882,
              12.735116
            ],
            [
              77.668778,
              12.733977
            ],
            [
              77.666756,
              12.733495
            ],
            [
              77.667969,
              12.733203
            ],
            [
              77.66874,
              12.731015
            ],
            [
              77.667835,
              12.72992
            ],
            [
              77.665275,
              12.729495
            ],
            [
              77.666261,
              12.728567
            ],
            [
              77.666451,
              12.729304
            ],
            [
              77.667863,
              12.729097
            ],
            [
              77.66825,
              12.727484
            ],
            [
              77.669261,
              12.727776
            ],
            [
              77.670577,
              12.726178
            ],
            [
              77.666261,
              12.726066
            ],
            [
              77.6649,
              12.723855
            ],
            [
              77.662501,
              12.723735
            ],
            [
              77.662261,
              12.724612
            ],
            [
              77.661261,
              12.724508
            ],
            [
              77.662261,
              12.722593
            ],
            [
              77.663434,
              12.722495
            ],
            [
              77.662397,
              12.721495
            ],
            [
              77.663911,
              12.721145
            ],
            [
              77.663677,
              12.718078
            ],
            [
              77.662052,
              12.717703
            ],
            [
              77.661261,
              12.716588
            ],
            [
              77.660261,
              12.716987
            ],
            [
              77.659104,
              12.715495
            ],
            [
              77.658084,
              12.715318
            ],
            [
              77.657261,
              12.716728
            ],
            [
              77.656964,
              12.715791
            ],
            [
              77.654732,
              12.715495
            ],
            [
              77.656083,
              12.715317
            ],
            [
              77.656261,
              12.714349
            ],
            [
              77.661261,
              12.71408
            ],
            [
              77.661955,
              12.713189
            ],
            [
              77.66359,
              12.712824
            ],
            [
              77.663498,
              12.707257
            ],
            [
              77.661261,
              12.7071
            ],
            [
              77.660261,
              12.708065
            ],
            [
              77.658261,
              12.708014
            ],
            [
              77.657261,
              12.707014
            ],
            [
              77.652261,
              12.706852
            ],
            [
              77.651529,
              12.707495
            ],
            [
              77.651261,
              12.709627
            ],
            [
              77.650743,
              12.707012
            ],
            [
              77.647251,
              12.706485
            ],
            [
              77.64916,
              12.705394
            ],
            [
              77.650424,
              12.705331
            ],
            [
              77.651261,
              12.706186
            ],
            [
              77.655604,
              12.705838
            ],
            [
              77.654261,
              12.703879
            ],
            [
              77.651683,
              12.703917
            ],
            [
              77.651141,
              12.704614
            ],
            [
              77.65112,
              12.703354
            ],
            [
              77.652949,
              12.702495
            ],
            [
              77.651261,
              12.700201
            ],
            [
              77.654261,
              12.699754
            ],
            [
              77.654571,
              12.701495
            ],
            [
              77.655855,
              12.7029
            ],
            [
              77.6575,
              12.703256
            ],
            [
              77.658261,
              12.704186
            ],
            [
              77.662191,
              12.704564
            ],
            [
              77.66226,
              12.705495
            ],
            [
              77.663498,
              12.705732
            ],
            [
              77.664045,
              12.703495
            ],
            [
              77.662023,
              12.701732
            ],
            [
              77.661614,
              12.699141
            ],
            [
              77.653389,
              12.698495
            ],
            [
              77.655846,
              12.69808
            ],
            [
              77.656261,
              12.695467
            ],
            [
              77.656745,
              12.69801
            ],
            [
              77.659649,
              12.697883
            ],
            [
              77.659678,
              12.697077
            ],
            [
              77.657576,
              12.695495
            ],
            [
              77.661646,
              12.69588
            ],
            [
              77.661899,
              12.694495
            ],
            [
              77.660789,
              12.692966
            ],
            [
              77.658436,
              12.692495
            ],
            [
              77.660261,
              12.692313
            ],
            [
              77.661261,
              12.691336
            ],
            [
              77.662992,
              12.691495
            ],
            [
              77.663506,
              12.692249
            ],
            [
              77.662869,
              12.695886
            ],
            [
              77.665261,
              12.696191
            ],
            [
              77.666564,
              12.695191
            ],
            [
              77.666831,
              12.695924
            ],
            [
              77.667551,
              12.695786
            ],
            [
              77.666597,
              12.693158
            ],
            [
              77.665261,
              12.691629
            ],
            [
              77.663874,
              12.691495
            ],
            [
              77.664991,
              12.691225
            ],
            [
              77.664919,
              12.688495
            ],
            [
              77.665813,
              12.687495
            ],
            [
              77.664872,
              12.685495
            ],
            [
              77.668261,
              12.682107
            ],
            [
              77.668611,
              12.684144
            ],
            [
              77.670005,
              12.684495
            ],
            [
              77.670093,
              12.685495
            ],
            [
              77.668748,
              12.685982
            ],
            [
              77.667928,
              12.687827
            ],
            [
              77.672667,
              12.690088
            ],
            [
              77.674692,
              12.692063
            ],
            [
              77.675041,
              12.693714
            ],
            [
              77.677731,
              12.695024
            ],
            [
              77.67943,
              12.698664
            ],
            [
              77.680549,
              12.696495
            ],
            [
              77.680561,
              12.693495
            ],
            [
              77.679577,
              12.692495
            ],
            [
              77.679635,
              12.688495
            ],
            [
              77.682701,
              12.686495
            ],
            [
              77.678843,
              12.685495
            ],
            [
              77.688512,
              12.684745
            ],
            [
              77.688261,
              12.684068
            ],
            [
              77.685733,
              12.683495
            ],
            [
              77.688539,
              12.682773
            ],
            [
              77.68976,
              12.679495
            ],
            [
              77.688643,
              12.678112
            ],
            [
              77.686799,
              12.678033
            ],
            [
              77.685427,
              12.679495
            ],
            [
              77.685747,
              12.680495
            ],
            [
              77.684399,
              12.680495
            ],
            [
              77.683132,
              12.679495
            ],
            [
              77.684919,
              12.679153
            ],
            [
              77.686261,
              12.6772
            ],
            [
              77.688655,
              12.676889
            ],
            [
              77.687791,
              12.674964
            ],
            [
              77.686364,
              12.674495
            ],
            [
              77.687128,
              12.674362
            ],
            [
              77.687198,
              12.673432
            ],
            [
              77.688844,
              12.673078
            ],
            [
              77.689261,
              12.670809
            ],
            [
              77.689554,
              12.672201
            ],
            [
              77.693207,
              12.673495
            ],
            [
              77.690671,
              12.673905
            ],
            [
              77.690702,
              12.677495
            ],
            [
              77.691731,
              12.678495
            ],
            [
              77.690955,
              12.6818
            ],
            [
              77.695261,
              12.682041
            ],
            [
              77.695486,
              12.681269
            ],
            [
              77.693623,
              12.680495
            ],
            [
              77.694618,
              12.679495
            ],
            [
              77.694791,
              12.672025
            ],
            [
              77.697261,
              12.671924
            ],
            [
              77.69894,
              12.674815
            ],
            [
              77.701261,
              12.674968
            ],
            [
              77.70199,
              12.676765
            ],
            [
              77.703261,
              12.67687
            ],
            [
              77.703877,
              12.674111
            ],
            [
              77.705703,
              12.673936
            ],
            [
              77.705808,
              12.672495
            ],
            [
              77.703857,
              12.671495
            ],
            [
              77.703261,
              12.667362
            ],
            [
              77.704261,
              12.668199
            ],
            [
              77.705408,
              12.667347
            ],
            [
              77.705863,
              12.669893
            ],
            [
              77.707261,
              12.670027
            ],
            [
              77.708261,
              12.671026
            ],
            [
              77.709903,
              12.669495
            ],
            [
              77.710261,
              12.665042
            ],
            [
              77.711498,
              12.666258
            ],
            [
              77.713261,
              12.666483
            ],
            [
              77.715261,
              12.664425
            ],
            [
              77.716785,
              12.665495
            ],
            [
              77.715649,
              12.665883
            ],
            [
              77.715543,
              12.667495
            ],
            [
              77.719475,
              12.671495
            ],
            [
              77.718495,
              12.672495
            ],
            [
              77.718796,
              12.674495
            ],
            [
              77.717014,
              12.677741
            ],
            [
              77.718668,
              12.677902
            ],
            [
              77.718735,
              12.676495
            ],
            [
              77.720261,
              12.674017
            ],
            [
              77.72271,
              12.676495
            ],
            [
              77.721704,
              12.677495
            ],
            [
              77.721631,
              12.679865
            ],
            [
              77.718988,
              12.681767
            ],
            [
              77.725632,
              12.682123
            ],
            [
              77.72487,
              12.684495
            ],
            [
              77.72668,
              12.686076
            ],
            [
              77.727261,
              12.68785
            ],
            [
              77.729538,
              12.687772
            ],
            [
              77.731261,
              12.685046
            ],
            [
              77.731939,
              12.686817
            ],
            [
              77.732627,
              12.686861
            ],
            [
              77.732887,
              12.685495
            ],
            [
              77.731835,
              12.68492
            ],
            [
              77.732261,
              12.681798
            ],
            [
              77.733261,
              12.683239
            ],
            [
              77.734961,
              12.683195
            ],
            [
              77.735261,
              12.681835
            ],
            [
              77.736285,
              12.682495
            ],
            [
              77.735388,
              12.682622
            ],
            [
              77.73536,
              12.683594
            ],
            [
              77.733775,
              12.684009
            ],
            [
              77.733634,
              12.685495
            ],
            [
              77.734261,
              12.686095
            ],
            [
              77.736261,
              12.685227
            ],
            [
              77.739089,
              12.685323
            ],
            [
              77.739343,
              12.684495
            ],
            [
              77.739316,
              12.68555
            ],
            [
              77.737261,
              12.685731
            ],
            [
              77.736261,
              12.68679
            ],
            [
              77.73371,
              12.687495
            ],
            [
              77.734917,
              12.688495
            ],
            [
              77.734504,
              12.689495
            ],
            [
              77.735261,
              12.690234
            ],
            [
              77.737062,
              12.690296
            ],
            [
              77.737261,
              12.689122
            ],
            [
              77.737322,
              12.690556
            ],
            [
              77.734796,
              12.69103
            ],
            [
              77.734876,
              12.692879
            ],
            [
              77.737261,
              12.693183
            ],
            [
              77.738261,
              12.694136
            ],
            [
              77.739517,
              12.693238
            ],
            [
              77.739458,
              12.694692
            ],
            [
              77.737847,
              12.695081
            ],
            [
              77.736711,
              12.696495
            ],
            [
              77.738261,
              12.698315
            ],
            [
              77.741876,
              12.700495
            ],
            [
              77.74053,
              12.700764
            ],
            [
              77.740329,
              12.702426
            ],
            [
              77.740859,
              12.702495
            ],
            [
              77.740261,
              12.702792
            ],
            [
              77.740022,
              12.701733
            ],
            [
              77.737261,
              12.699829
            ],
            [
              77.733261,
              12.699847
            ],
            [
              77.732104,
              12.701338
            ],
            [
              77.729168,
              12.701402
            ],
            [
              77.728308,
              12.703542
            ],
            [
              77.727472,
              12.703495
            ],
            [
              77.72807,
              12.702495
            ],
            [
              77.727261,
              12.702217
            ],
            [
              77.727182,
              12.703416
            ],
            [
              77.725001,
              12.703235
            ],
            [
              77.724758,
              12.703992
            ],
            [
              77.723011,
              12.704495
            ],
            [
              77.724261,
              12.709012
            ],
            [
              77.725895,
              12.707495
            ],
            [
              77.726086,
              12.704495
            ],
            [
              77.727261,
              12.703743
            ],
            [
              77.727299,
              12.704533
            ],
            [
              77.726505,
              12.705495
            ],
            [
              77.726658,
              12.708495
            ],
            [
              77.725752,
              12.710495
            ],
            [
              77.727722,
              12.711495
            ],
            [
              77.725936,
              12.71217
            ],
            [
              77.724836,
              12.713495
            ],
            [
              77.725982,
              12.715774
            ],
            [
              77.729622,
              12.715856
            ],
            [
              77.730058,
              12.712495
            ],
            [
              77.731261,
              12.712328
            ],
            [
              77.730803,
              12.713952
            ],
            [
              77.732474,
              12.714281
            ],
            [
              77.733261,
              12.715209
            ],
            [
              77.734605,
              12.714495
            ],
            [
              77.733599,
              12.716495
            ],
            [
              77.73474,
              12.718015
            ],
            [
              77.735982,
              12.718216
            ],
            [
              77.736261,
              12.716717
            ],
            [
              77.737261,
              12.717256
            ],
            [
              77.736396,
              12.71763
            ],
            [
              77.736564,
              12.719495
            ],
            [
              77.736233,
              12.719522
            ],
            [
              77.735988,
              12.718767
            ],
            [
              77.733261,
              12.718789
            ],
            [
              77.732261,
              12.717871
            ],
            [
              77.731261,
              12.719761
            ],
            [
              77.730261,
              12.717886
            ],
            [
              77.725043,
              12.720277
            ],
            [
              77.72373,
              12.722964
            ],
            [
              77.721982,
              12.723216
            ],
            [
              77.722261,
              12.723793
            ],
            [
              77.724721,
              12.724034
            ],
            [
              77.724721,
              12.724955
            ],
            [
              77.722977,
              12.725495
            ],
            [
              77.726261,
              12.728842
            ],
            [
              77.7277,
              12.727495
            ],
            [
              77.727781,
              12.724495
            ],
            [
              77.728994,
              12.722228
            ],
            [
              77.730261,
              12.724086
            ],
            [
              77.732675,
              12.723909
            ],
            [
              77.734261,
              12.721301
            ],
            [
              77.735261,
              12.723234
            ],
            [
              77.736261,
              12.72238
            ],
            [
              77.738433,
              12.722495
            ],
            [
              77.737261,
              12.724132
            ],
            [
              77.736261,
              12.723689
            ],
            [
              77.735495,
              12.724495
            ],
            [
              77.735452,
              12.727304
            ],
            [
              77.736283,
              12.727517
            ],
            [
              77.734261,
              12.727654
            ],
            [
              77.73357,
              12.728495
            ],
            [
              77.735831,
              12.731924
            ],
            [
              77.739838,
              12.733495
            ],
            [
              77.739261,
              12.734742
            ],
            [
              77.739124,
              12.733631
            ],
            [
              77.737261,
              12.734032
            ],
            [
              77.736746,
              12.733009
            ],
            [
              77.734932,
              12.732823
            ],
            [
              77.734261,
              12.731917
            ],
            [
              77.732701,
              12.732495
            ],
            [
              77.735425,
              12.73433
            ],
            [
              77.735801,
              12.736954
            ],
            [
              77.737063,
              12.737297
            ],
            [
              77.737261,
              12.73666
            ],
            [
              77.737317,
              12.737551
            ],
            [
              77.735546,
              12.739495
            ],
            [
              77.736434,
              12.740495
            ],
            [
              77.736407,
              12.742348
            ],
            [
              77.737261,
              12.742884
            ],
            [
              77.736216,
              12.74254
            ],
            [
              77.73588,
              12.740875
            ],
            [
              77.735261,
              12.740751
            ],
            [
              77.734433,
              12.741495
            ],
            [
              77.734261,
              12.743157
            ],
            [
              77.733846,
              12.74091
            ],
            [
              77.732077,
              12.739678
            ],
            [
              77.731261,
              12.736985
            ],
            [
              77.730487,
              12.740721
            ],
            [
              77.729261,
              12.742131
            ],
            [
              77.727261,
              12.742732
            ],
            [
              77.726003,
              12.737237
            ],
            [
              77.726101,
              12.736335
            ],
            [
              77.728768,
              12.735495
            ],
            [
              77.727519,
              12.732236
            ],
            [
              77.725261,
              12.73211
            ],
            [
              77.724261,
              12.733079
            ],
            [
              77.721975,
              12.733209
            ],
            [
              77.723715,
              12.736495
            ],
            [
              77.723531,
              12.741495
            ],
            [
              77.72443,
              12.742495
            ],
            [
              77.724261,
              12.743794
            ],
            [
              77.723054,
              12.742495
            ],
            [
              77.722635,
              12.73812
            ],
            [
              77.72003,
              12.738725
            ],
            [
              77.719874,
              12.735882
            ],
            [
              77.719261,
              12.735641
            ],
            [
              77.718717,
              12.739495
            ],
            [
              77.717956,
              12.739799
            ],
            [
              77.717684,
              12.734495
            ],
            [
              77.718632,
              12.732495
            ],
            [
              77.717261,
              12.730141
            ],
            [
              77.714994,
              12.731228
            ],
            [
              77.713963,
              12.732792
            ],
            [
              77.715737,
              12.734495
            ],
            [
              77.714804,
              12.735495
            ],
            [
              77.716804,
              12.738495
            ],
            [
              77.715793,
              12.739495
            ],
            [
              77.715624,
              12.741858
            ],
            [
              77.714897,
              12.741858
            ],
            [
              77.714582,
              12.740173
            ],
            [
              77.71195,
              12.739805
            ],
            [
              77.71195,
              12.739184
            ],
            [
              77.713587,
              12.738821
            ],
            [
              77.713538,
              12.738217
            ],
            [
              77.710053,
              12.738287
            ],
            [
              77.709911,
              12.742495
            ],
            [
              77.708894,
              12.743495
            ],
            [
              77.708864,
              12.745495
            ],
            [
              77.709574,
              12.745808
            ],
            [
              77.71095,
              12.744184
            ],
            [
              77.712261,
              12.74406
            ],
            [
              77.712659,
              12.745495
            ],
            [
              77.711925,
              12.746831
            ],
            [
              77.715261,
              12.747131
            ],
            [
              77.716261,
              12.744632
            ],
            [
              77.717172,
              12.744583
            ],
            [
              77.719261,
              12.746123
            ],
            [
              77.719369,
              12.747495
            ],
            [
              77.718592,
              12.747826
            ],
            [
              77.718261,
              12.750272
            ],
            [
              77.714933,
              12.750167
            ],
            [
              77.714261,
              12.753531
            ],
            [
              77.713844,
              12.751911
            ],
            [
              77.712261,
              12.751817
            ],
            [
              77.711,
              12.750755
            ],
            [
              77.710798,
              12.748495
            ],
            [
              77.709937,
              12.748171
            ],
            [
              77.708704,
              12.750495
            ],
            [
              77.708612,
              12.752495
            ],
            [
              77.710312,
              12.754443
            ],
            [
              77.710261,
              12.755509
            ],
            [
              77.707437,
              12.755495
            ],
            [
              77.70796,
              12.753495
            ],
            [
              77.707008,
              12.752242
            ],
            [
              77.706585,
              12.754495
            ],
            [
              77.707307,
              12.756448
            ],
            [
              77.706444,
              12.756678
            ],
            [
              77.706261,
              12.75775
            ]
          ]
        ],
        "type": "Polygon"
      },
      "type": "Feature"
    }
  ]
}