{
  "type": "FeatureCollection",
  "metadata": {
    "provider_name": "Shri Ram Sweets & Restaurant",
    "center_lat": 28.44257067,
    "center_lon": 76.82308251,
    "mode": "motorcycle",
    "total_zones": 4,
    "distance_zones": [
      3,
      4,
      5,
      6
    ],
    "generated_at": "2025-12-26T05:32:54.495024Z"
  },
  "features": [
    {
      "properties": {
        "fill-opacity": 0.33,
        "fillColor": "#bf4040",
        "opacity": 0.33,
        "fill": "#bf4040",
        "fillOpacity": 0.33,
        "color": "#bf4040",
        "contour": 3.0,
        "metric": "distance",
        "provider_name": "Shri Ram Sweets & Restaurant",
        "zone_type": "distance",
        "distance_km": 3,
        "mode": "motorcycle",
        "center_lat": 28.44257067,
        "center_lon": 76.82308251,
        "label": "3km"
      },
      "geometry": {
        "coordinates": [
          [
            [
              76.825082,
              28.466764
            ],
            [
              76.823717,
              28.46657
            ],
            [
              76.82494,
              28.466428
            ],
            [
              76.825527,
              28.463125
            ],
            [
              76.823082,
              28.462865
            ],
            [
              76.822082,
              28.463776
            ],
            [
              76.821082,
              28.46273
            ],
            [
              76.820082,
              28.462751
            ],
            [
              76.819764,
              28.460889
            ],
            [
              76.818841,
              28.46057
            ],
            [
              76.819812,
              28.45957
            ],
            [
              76.819552,
              28.45257
            ],
            [
              76.818393,
              28.451259
            ],
            [
              76.817082,
              28.452047
            ],
            [
              76.813639,
              28.452127
            ],
            [
              76.814408,
              28.454245
            ],
            [
              76.815707,
              28.45457
            ],
            [
              76.814947,
              28.45557
            ],
            [
              76.813299,
              28.455787
            ],
            [
              76.813082,
              28.456818
            ],
            [
              76.812561,
              28.453091
            ],
            [
              76.808215,
              28.45257
            ],
            [
              76.812082,
              28.452298
            ],
            [
              76.813082,
              28.451243
            ],
            [
              76.816082,
              28.451125
            ],
            [
              76.818362,
              28.449851
            ],
            [
              76.818404,
              28.44757
            ],
            [
              76.817412,
              28.44657
            ],
            [
              76.817819,
              28.44557
            ],
            [
              76.807082,
              28.445142
            ],
            [
              76.806318,
              28.448806
            ],
            [
              76.804656,
              28.449144
            ],
            [
              76.804082,
              28.450825
            ],
            [
              76.80349,
              28.448162
            ],
            [
              76.801613,
              28.448101
            ],
            [
              76.801082,
              28.451308
            ],
            [
              76.800781,
              28.44727
            ],
            [
              76.805082,
              28.44712
            ],
            [
              76.805391,
              28.445262
            ],
            [
              76.801082,
              28.444991
            ],
            [
              76.800082,
              28.446852
            ],
            [
              76.799082,
              28.444913
            ],
            [
              76.793589,
              28.44457
            ],
            [
              76.796647,
              28.444135
            ],
            [
              76.796915,
              28.442738
            ],
            [
              76.796082,
              28.44242
            ],
            [
              76.797136,
              28.442516
            ],
            [
              76.798082,
              28.444263
            ],
            [
              76.799082,
              28.443262
            ],
            [
              76.800082,
              28.444178
            ],
            [
              76.807363,
              28.443851
            ],
            [
              76.806558,
              28.44257
            ],
            [
              76.807545,
              28.44157
            ],
            [
              76.807469,
              28.440184
            ],
            [
              76.806082,
              28.440788
            ],
            [
              76.8058,
              28.43957
            ],
            [
              76.807501,
              28.43899
            ],
            [
              76.8086,
              28.43757
            ],
            [
              76.806814,
              28.436839
            ],
            [
              76.804941,
              28.432711
            ],
            [
              76.803082,
              28.43268
            ],
            [
              76.802954,
              28.431698
            ],
            [
              76.802221,
              28.43157
            ],
            [
              76.803082,
              28.430962
            ],
            [
              76.803313,
              28.432339
            ],
            [
              76.806797,
              28.432286
            ],
            [
              76.807082,
              28.431463
            ],
            [
              76.809615,
              28.431103
            ],
            [
              76.809858,
              28.429795
            ],
            [
              76.80888,
              28.42957
            ],
            [
              76.809892,
              28.42938
            ],
            [
              76.810082,
              28.428338
            ],
            [
              76.810408,
              28.430245
            ],
            [
              76.811213,
              28.43057
            ],
            [
              76.810341,
              28.43157
            ],
            [
              76.810695,
              28.434958
            ],
            [
              76.814082,
              28.43531
            ],
            [
              76.815082,
              28.434435
            ],
            [
              76.815269,
              28.435383
            ],
            [
              76.812082,
              28.436829
            ],
            [
              76.811082,
              28.435964
            ],
            [
              76.810594,
              28.43757
            ],
            [
              76.813468,
              28.439184
            ],
            [
              76.813853,
              28.443799
            ],
            [
              76.8164,
              28.442888
            ],
            [
              76.817367,
              28.44157
            ],
            [
              76.816082,
              28.441208
            ],
            [
              76.814673,
              28.44198
            ],
            [
              76.814445,
              28.43757
            ],
            [
              76.817308,
              28.436796
            ],
            [
              76.81749,
              28.43257
            ],
            [
              76.813761,
              28.431891
            ],
            [
              76.81369,
              28.42857
            ],
            [
              76.814429,
              28.428223
            ],
            [
              76.81545,
              28.428939
            ],
            [
              76.814866,
              28.427786
            ],
            [
              76.815858,
              28.425346
            ],
            [
              76.818082,
              28.424013
            ],
            [
              76.818629,
              28.43057
            ],
            [
              76.819625,
              28.43157
            ],
            [
              76.818674,
              28.43257
            ],
            [
              76.818722,
              28.43557
            ],
            [
              76.820706,
              28.43657
            ],
            [
              76.818851,
              28.437339
            ],
            [
              76.818772,
              28.43957
            ],
            [
              76.820364,
              28.439853
            ],
            [
              76.820608,
              28.438096
            ],
            [
              76.822373,
              28.43728
            ],
            [
              76.822412,
              28.43357
            ],
            [
              76.820444,
              28.43257
            ],
            [
              76.821439,
              28.43157
            ],
            [
              76.82049,
              28.42957
            ],
            [
              76.822487,
              28.42857
            ],
            [
              76.822725,
              28.425213
            ],
            [
              76.825082,
              28.425088
            ],
            [
              76.82669,
              28.42357
            ],
            [
              76.826082,
              28.422887
            ],
            [
              76.821324,
              28.42257
            ],
            [
              76.826533,
              28.422021
            ],
            [
              76.825861,
              28.42057
            ],
            [
              76.826916,
              28.41957
            ],
            [
              76.826312,
              28.41857
            ],
            [
              76.827082,
              28.41781
            ],
            [
              76.827583,
              28.42107
            ],
            [
              76.828721,
              28.421209
            ],
            [
              76.829098,
              28.41957
            ],
            [
              76.82931,
              28.42257
            ],
            [
              76.828425,
              28.42357
            ],
            [
              76.828665,
              28.424988
            ],
            [
              76.834082,
              28.425416
            ],
            [
              76.83471,
              28.432943
            ],
            [
              76.84083,
              28.433318
            ],
            [
              76.841082,
              28.431561
            ],
            [
              76.841162,
              28.43365
            ],
            [
              76.839082,
              28.433816
            ],
            [
              76.83868,
              28.434973
            ],
            [
              76.843082,
              28.435376
            ],
            [
              76.844082,
              28.434567
            ],
            [
              76.845176,
              28.43557
            ],
            [
              76.845082,
              28.436497
            ],
            [
              76.84498,
              28.435672
            ],
            [
              76.843424,
              28.435912
            ],
            [
              76.843082,
              28.436707
            ],
            [
              76.842689,
              28.435963
            ],
            [
              76.840631,
              28.436119
            ],
            [
              76.84132,
              28.43757
            ],
            [
              76.841099,
              28.440553
            ],
            [
              76.843611,
              28.440099
            ],
            [
              76.845041,
              28.438529
            ],
            [
              76.846144,
              28.438508
            ],
            [
              76.846894,
              28.43857
            ],
            [
              76.845212,
              28.438701
            ],
            [
              76.844615,
              28.441037
            ],
            [
              76.846784,
              28.440273
            ],
            [
              76.847082,
              28.438655
            ],
            [
              76.847382,
              28.44027
            ],
            [
              76.849535,
              28.44057
            ],
            [
              76.847082,
              28.443451
            ],
            [
              76.846082,
              28.443678
            ],
            [
              76.84607,
              28.44257
            ],
            [
              76.845082,
              28.441885
            ],
            [
              76.844443,
              28.44257
            ],
            [
              76.844888,
              28.44357
            ],
            [
              76.842082,
              28.443783
            ],
            [
              76.840587,
              28.44557
            ],
            [
              76.841082,
              28.446125
            ],
            [
              76.841646,
              28.445134
            ],
            [
              76.846082,
              28.444781
            ],
            [
              76.84885,
              28.44557
            ],
            [
              76.847082,
              28.447621
            ],
            [
              76.846411,
              28.44757
            ],
            [
              76.846978,
              28.447466
            ],
            [
              76.846676,
              28.445977
            ],
            [
              76.844629,
              28.446117
            ],
            [
              76.844539,
              28.447113
            ],
            [
              76.845966,
              28.44757
            ],
            [
              76.843559,
              28.448047
            ],
            [
              76.843158,
              28.44957
            ],
            [
              76.84342,
              28.450232
            ],
            [
              76.845122,
              28.45053
            ],
            [
              76.845088,
              28.451577
            ],
            [
              76.844965,
              28.450688
            ],
            [
              76.843436,
              28.450924
            ],
            [
              76.843082,
              28.451699
            ],
            [
              76.841567,
              28.450086
            ],
            [
              76.840604,
              28.450092
            ],
            [
              76.840501,
              28.45157
            ],
            [
              76.841646,
              28.453006
            ],
            [
              76.845223,
              28.45357
            ],
            [
              76.845692,
              28.45457
            ],
            [
              76.844423,
              28.454911
            ],
            [
              76.844082,
              28.456343
            ],
            [
              76.842082,
              28.453893
            ],
            [
              76.838976,
              28.456677
            ],
            [
              76.838254,
              28.45657
            ],
            [
              76.838957,
              28.456445
            ],
            [
              76.838972,
              28.45557
            ],
            [
              76.838082,
              28.453975
            ],
            [
              76.837082,
              28.454949
            ],
            [
              76.836082,
              28.453953
            ],
            [
              76.835082,
              28.454997
            ],
            [
              76.834082,
              28.453067
            ],
            [
              76.833082,
              28.454069
            ],
            [
              76.830781,
              28.45327
            ],
            [
              76.830738,
              28.454914
            ],
            [
              76.832524,
              28.45557
            ],
            [
              76.829564,
              28.45657
            ],
            [
              76.8313,
              28.457352
            ],
            [
              76.83221,
              28.459698
            ],
            [
              76.830909,
              28.459743
            ],
            [
              76.830525,
              28.458127
            ],
            [
              76.829082,
              28.458953
            ],
            [
              76.82844,
              28.457212
            ],
            [
              76.826767,
              28.457255
            ],
            [
              76.826895,
              28.465383
            ],
            [
              76.825082,
              28.466764
            ]
          ]
        ],
        "type": "Polygon"
      },
      "type": "Feature"
    },
    {
      "properties": {
        "fill-opacity": 0.33,
        "fillColor": "#bf4040",
        "opacity": 0.33,
        "fill": "#bf4040",
        "fillOpacity": 0.33,
        "color": "#bf4040",
        "contour": 4.0,
        "metric": "distance",
        "provider_name": "Shri Ram Sweets & Restaurant",
        "zone_type": "distance",
        "distance_km": 4,
        "mode": "motorcycle",
        "center_lat": 28.44257067,
        "center_lon": 76.82308251,
        "label": "4km"
      },
      "geometry": {
        "coordinates": [
          [
            [
              76.828082,
              28.475128
            ],
            [
              76.826082,
              28.468022
            ],
            [
              76.823082,
              28.467396
            ],
            [
              76.820672,
              28.46816
            ],
            [
              76.820082,
              28.468934
            ],
            [
              76.815082,
              28.470944
            ],
            [
              76.815062,
              28.470551
            ],
            [
              76.815854,
              28.470342
            ],
            [
              76.815987,
              28.469475
            ],
            [
              76.819832,
              28.46732
            ],
            [
              76.822082,
              28.466113
            ],
            [
              76.824399,
              28.465887
            ],
            [
              76.825491,
              28.46357
            ],
            [
              76.823082,
              28.463157
            ],
            [
              76.822082,
              28.464128
            ],
            [
              76.821082,
              28.463114
            ],
            [
              76.819082,
              28.464008
            ],
            [
              76.819394,
              28.461258
            ],
            [
              76.81678,
              28.460872
            ],
            [
              76.817082,
              28.459161
            ],
            [
              76.818082,
              28.460086
            ],
            [
              76.819504,
              28.45957
            ],
            [
              76.819402,
              28.45257
            ],
            [
              76.818294,
              28.451358
            ],
            [
              76.817082,
              28.452227
            ],
            [
              76.813675,
              28.45257
            ],
            [
              76.816572,
              28.45457
            ],
            [
              76.816394,
              28.455882
            ],
            [
              76.813589,
              28.45657
            ],
            [
              76.814367,
              28.458856
            ],
            [
              76.812785,
              28.458867
            ],
            [
              76.812082,
              28.457023
            ],
            [
              76.809082,
              28.456924
            ],
            [
              76.805268,
              28.458756
            ],
            [
              76.805082,
              28.459906
            ],
            [
              76.805021,
              28.45851
            ],
            [
              76.80788,
              28.456368
            ],
            [
              76.812415,
              28.455904
            ],
            [
              76.812361,
              28.453292
            ],
            [
              76.805082,
              28.452984
            ],
            [
              76.804082,
              28.455777
            ],
            [
              76.802024,
              28.455629
            ],
            [
              76.803812,
              28.45457
            ],
            [
              76.802082,
              28.453013
            ],
            [
              76.800307,
              28.454795
            ],
            [
              76.798589,
              28.455077
            ],
            [
              76.798179,
              28.456667
            ],
            [
              76.796688,
              28.45757
            ],
            [
              76.796027,
              28.45557
            ],
            [
              76.797834,
              28.45457
            ],
            [
              76.79768,
              28.453972
            ],
            [
              76.79582,
              28.45357
            ],
            [
              76.799082,
              28.453325
            ],
            [
              76.800589,
              28.45157
            ],
            [
              76.800496,
              28.447156
            ],
            [
              76.799694,
              28.446958
            ],
            [
              76.799343,
              28.44531
            ],
            [
              76.794734,
              28.445222
            ],
            [
              76.793589,
              28.447063
            ],
            [
              76.795871,
              28.44757
            ],
            [
              76.793445,
              28.447933
            ],
            [
              76.793082,
              28.450178
            ],
            [
              76.792661,
              28.447991
            ],
            [
              76.789591,
              28.448079
            ],
            [
              76.789082,
              28.450998
            ],
            [
              76.788603,
              28.44805
            ],
            [
              76.786082,
              28.448136
            ],
            [
              76.784361,
              28.44657
            ],
            [
              76.785816,
              28.446304
            ],
            [
              76.786082,
              28.4421
            ],
            [
              76.788082,
              28.44235
            ],
            [
              76.788875,
              28.44157
            ],
            [
              76.78884,
              28.440812
            ],
            [
              76.787623,
              28.44057
            ],
            [
              76.789048,
              28.439536
            ],
            [
              76.789082,
              28.43688
            ],
            [
              76.78938,
              28.438272
            ],
            [
              76.792082,
              28.438318
            ],
            [
              76.794082,
              28.439192
            ],
            [
              76.795845,
              28.43757
            ],
            [
              76.796082,
              28.434777
            ],
            [
              76.796378,
              28.43857
            ],
            [
              76.795513,
              28.44057
            ],
            [
              76.79743,
              28.442223
            ],
            [
              76.797796,
              28.443857
            ],
            [
              76.799082,
              28.442979
            ],
            [
              76.800082,
              28.443948
            ],
            [
              76.80728,
              28.443768
            ],
            [
              76.806405,
              28.44257
            ],
            [
              76.807398,
              28.44157
            ],
            [
              76.807327,
              28.440326
            ],
            [
              76.806082,
              28.441131
            ],
            [
              76.8055,
              28.43957
            ],
            [
              76.808423,
              28.43757
            ],
            [
              76.806665,
              28.436988
            ],
            [
              76.806341,
              28.435311
            ],
            [
              76.804374,
              28.433278
            ],
            [
              76.802729,
              28.432923
            ],
            [
              76.801082,
              28.431029
            ],
            [
              76.800082,
              28.431983
            ],
            [
              76.799082,
              28.430972
            ],
            [
              76.792338,
              28.43057
            ],
            [
              76.797082,
              28.430251
            ],
            [
              76.797783,
              28.42957
            ],
            [
              76.796675,
              28.426977
            ],
            [
              76.795029,
              28.426623
            ],
            [
              76.794541,
              28.42557
            ],
            [
              76.795082,
              28.425393
            ],
            [
              76.795257,
              28.426395
            ],
            [
              76.796758,
              28.426246
            ],
            [
              76.797082,
              28.425011
            ],
            [
              76.797263,
              28.42657
            ],
            [
              76.798627,
              28.428025
            ],
            [
              76.802082,
              28.429157
            ],
            [
              76.802664,
              28.42857
            ],
            [
              76.801772,
              28.42657
            ],
            [
              76.802801,
              28.42557
            ],
            [
              76.803082,
              28.422067
            ],
            [
              76.803698,
              28.428954
            ],
            [
              76.809082,
              28.429065
            ],
            [
              76.809501,
              28.425151
            ],
            [
              76.805894,
              28.42457
            ],
            [
              76.808538,
              28.424026
            ],
            [
              76.808082,
              28.422742
            ],
            [
              76.806042,
              28.42257
            ],
            [
              76.808689,
              28.422177
            ],
            [
              76.809082,
              28.42021
            ],
            [
              76.810587,
              28.423066
            ],
            [
              76.81411,
              28.423542
            ],
            [
              76.813351,
              28.423839
            ],
            [
              76.814275,
              28.42557
            ],
            [
              76.813465,
              28.42757
            ],
            [
              76.814493,
              28.427982
            ],
            [
              76.815681,
              28.42517
            ],
            [
              76.817723,
              28.42357
            ],
            [
              76.815756,
              28.42257
            ],
            [
              76.816082,
              28.417814
            ],
            [
              76.816246,
              28.41957
            ],
            [
              76.817306,
              28.42057
            ],
            [
              76.816381,
              28.42157
            ],
            [
              76.817082,
              28.422196
            ],
            [
              76.826351,
              28.421839
            ],
            [
              76.82552,
              28.42057
            ],
            [
              76.826402,
              28.419251
            ],
            [
              76.824768,
              28.418884
            ],
            [
              76.823653,
              28.41757
            ],
            [
              76.824082,
              28.415237
            ],
            [
              76.825731,
              28.417921
            ],
            [
              76.826589,
              28.41757
            ],
            [
              76.824821,
              28.41357
            ],
            [
              76.825849,
              28.41157
            ],
            [
              76.82513,
              28.40957
            ],
            [
              76.826082,
              28.408698
            ],
            [
              76.827082,
              28.409086
            ],
            [
              76.827556,
              28.41057
            ],
            [
              76.826382,
              28.410871
            ],
            [
              76.826374,
              28.41257
            ],
            [
              76.828328,
              28.41357
            ],
            [
              76.82647,
              28.41457
            ],
            [
              76.827727,
              28.416925
            ],
            [
              76.832708,
              28.417196
            ],
            [
              76.833082,
              28.415878
            ],
            [
              76.833413,
              28.417239
            ],
            [
              76.836083,
              28.41757
            ],
            [
              76.835082,
              28.41757
            ],
            [
              76.835291,
              28.41957
            ],
            [
              76.836632,
              28.42202
            ],
            [
              76.837571,
              28.42206
            ],
            [
              76.838082,
              28.420386
            ],
            [
              76.839516,
              28.42057
            ],
            [
              76.838235,
              28.420723
            ],
            [
              76.83855,
              28.422102
            ],
            [
              76.84174,
              28.42257
            ],
            [
              76.841887,
              28.42357
            ],
            [
              76.843281,
              28.42457
            ],
            [
              76.840489,
              28.424977
            ],
            [
              76.840599,
              28.426053
            ],
            [
              76.842387,
              28.42757
            ],
            [
              76.842267,
              28.428756
            ],
            [
              76.840523,
              28.42957
            ],
            [
              76.844479,
              28.43157
            ],
            [
              76.842082,
              28.432032
            ],
            [
              76.841437,
              28.433925
            ],
            [
              76.839082,
              28.43414
            ],
            [
              76.838831,
              28.434821
            ],
            [
              76.843082,
              28.435016
            ],
            [
              76.844082,
              28.434069
            ],
            [
              76.845484,
              28.434972
            ],
            [
              76.846926,
              28.433414
            ],
            [
              76.84862,
              28.433109
            ],
            [
              76.849082,
              28.430628
            ],
            [
              76.849275,
              28.431378
            ],
            [
              76.850503,
              28.43157
            ],
            [
              76.849317,
              28.431806
            ],
            [
              76.849308,
              28.43357
            ],
            [
              76.847478,
              28.43557
            ],
            [
              76.847772,
              28.43988
            ],
            [
              76.850082,
              28.440082
            ],
            [
              76.851471,
              28.438959
            ],
            [
              76.853082,
              28.433268
            ],
            [
              76.853425,
              28.435227
            ],
            [
              76.857112,
              28.43657
            ],
            [
              76.854531,
              28.437019
            ],
            [
              76.85434,
              28.437828
            ],
            [
              76.852645,
              28.438133
            ],
            [
              76.852682,
              28.43897
            ],
            [
              76.854082,
              28.43921
            ],
            [
              76.854811,
              28.438299
            ],
            [
              76.859016,
              28.438505
            ],
            [
              76.859082,
              28.437981
            ],
            [
              76.859137,
              28.438515
            ],
            [
              76.851709,
              28.440197
            ],
            [
              76.851575,
              28.444078
            ],
            [
              76.854082,
              28.444476
            ],
            [
              76.854176,
              28.445476
            ],
            [
              76.855263,
              28.44557
            ],
            [
              76.854052,
              28.445601
            ],
            [
              76.853884,
              28.444768
            ],
            [
              76.852082,
              28.4448
            ],
            [
              76.851082,
              28.446985
            ],
            [
              76.849082,
              28.446061
            ],
            [
              76.847082,
              28.448083
            ],
            [
              76.843638,
              28.44857
            ],
            [
              76.843775,
              28.449878
            ],
            [
              76.845201,
              28.449451
            ],
            [
              76.847082,
              28.454103
            ],
            [
              76.849082,
              28.453214
            ],
            [
              76.853231,
              28.453422
            ],
            [
              76.853082,
              28.454117
            ],
            [
              76.84966,
              28.454148
            ],
            [
              76.848705,
              28.455947
            ],
            [
              76.852895,
              28.456384
            ],
            [
              76.853082,
              28.455655
            ],
            [
              76.854339,
              28.458313
            ],
            [
              76.855914,
              28.45857
            ],
            [
              76.854082,
              28.458702
            ],
            [
              76.853754,
              28.457898
            ],
            [
              76.852082,
              28.457851
            ],
            [
              76.851082,
              28.458833
            ],
            [
              76.849404,
              28.458893
            ],
            [
              76.849082,
              28.460561
            ],
            [
              76.848281,
              28.45957
            ],
            [
              76.848975,
              28.458463
            ],
            [
              76.85057,
              28.458058
            ],
            [
              76.85052,
              28.457132
            ],
            [
              76.848082,
              28.457004
            ],
            [
              76.845082,
              28.455105
            ],
            [
              76.84438,
              28.459868
            ],
            [
              76.841583,
              28.460071
            ],
            [
              76.841147,
              28.461635
            ],
            [
              76.840082,
              28.461811
            ],
            [
              76.840148,
              28.461504
            ],
            [
              76.840885,
              28.461373
            ],
            [
              76.840905,
              28.46057
            ],
            [
              76.839977,
              28.458465
            ],
            [
              76.84362,
              28.45757
            ],
            [
              76.843413,
              28.456239
            ],
            [
              76.842082,
              28.457008
            ],
            [
              76.841555,
              28.455098
            ],
            [
              76.840791,
              28.455279
            ],
            [
              76.834986,
              28.46057
            ],
            [
              76.835303,
              28.46257
            ],
            [
              76.834361,
              28.46285
            ],
            [
              76.834082,
              28.464523
            ],
            [
              76.833746,
              28.462906
            ],
            [
              76.833082,
              28.462794
            ],
            [
              76.832082,
              28.463824
            ],
            [
              76.830082,
              28.463955
            ],
            [
              76.827732,
              28.465221
            ],
            [
              76.827647,
              28.470006
            ],
            [
              76.830879,
              28.470367
            ],
            [
              76.831086,
              28.469566
            ],
            [
              76.83214,
              28.47057
            ],
            [
              76.831082,
              28.471723
            ],
            [
              76.830863,
              28.470789
            ],
            [
              76.828602,
              28.47109
            ],
            [
              76.828082,
              28.475128
            ]
          ]
        ],
        "type": "Polygon"
      },
      "type": "Feature"
    },
    {
      "properties": {
        "fill-opacity": 0.33,
        "fillColor": "#bf4040",
        "opacity": 0.33,
        "fill": "#bf4040",
        "fillOpacity": 0.33,
        "color": "#bf4040",
        "contour": 5.0,
        "metric": "distance",
        "provider_name": "Shri Ram Sweets & Restaurant",
        "zone_type": "distance",
        "distance_km": 5,
        "mode": "motorcycle",
        "center_lat": 28.44257067,
        "center_lon": 76.82308251,
        "label": "5km"
      },
      "geometry": {
        "coordinates": [
          [
            [
              76.832082,
              28.483109
            ],
            [
              76.83021,
              28.481443
            ],
            [
              76.829082,
              28.48231
            ],
            [
              76.826873,
              28.48057
            ],
            [
              76.826931,
              28.479419
            ],
            [
              76.828659,
              28.47757
            ],
            [
              76.827624,
              28.47657
            ],
            [
              76.826082,
              28.468216
            ],
            [
              76.821082,
              28.468201
            ],
            [
              76.815407,
              28.471895
            ],
            [
              76.813717,
              28.472206
            ],
            [
              76.812416,
              28.47457
            ],
            [
              76.812204,
              28.478449
            ],
            [
              76.813082,
              28.478953
            ],
            [
              76.812082,
              28.478822
            ],
            [
              76.811517,
              28.474135
            ],
            [
              76.809768,
              28.47357
            ],
            [
              76.809937,
              28.472425
            ],
            [
              76.812737,
              28.46957
            ],
            [
              76.811896,
              28.468384
            ],
            [
              76.813278,
              28.468375
            ],
            [
              76.814082,
              28.471091
            ],
            [
              76.815082,
              28.470063
            ],
            [
              76.816429,
              28.469918
            ],
            [
              76.817695,
              28.468183
            ],
            [
              76.822082,
              28.465929
            ],
            [
              76.824297,
              28.465785
            ],
            [
              76.825372,
              28.46357
            ],
            [
              76.823082,
              28.463278
            ],
            [
              76.822082,
              28.464263
            ],
            [
              76.821082,
              28.463257
            ],
            [
              76.819082,
              28.46421
            ],
            [
              76.818442,
              28.46357
            ],
            [
              76.819413,
              28.46257
            ],
            [
              76.819295,
              28.461358
            ],
            [
              76.816651,
              28.461001
            ],
            [
              76.816663,
              28.459151
            ],
            [
              76.818082,
              28.459911
            ],
            [
              76.819379,
              28.45957
            ],
            [
              76.819324,
              28.45257
            ],
            [
              76.818243,
              28.451409
            ],
            [
              76.817082,
              28.452315
            ],
            [
              76.813892,
              28.45238
            ],
            [
              76.814873,
              28.45378
            ],
            [
              76.816744,
              28.45457
            ],
            [
              76.816517,
              28.456005
            ],
            [
              76.813866,
              28.456354
            ],
            [
              76.813739,
              28.45757
            ],
            [
              76.814718,
              28.45857
            ],
            [
              76.814082,
              28.459206
            ],
            [
              76.812653,
              28.458999
            ],
            [
              76.812082,
              28.457217
            ],
            [
              76.809082,
              28.457178
            ],
            [
              76.808082,
              28.458155
            ],
            [
              76.806638,
              28.458127
            ],
            [
              76.805592,
              28.45957
            ],
            [
              76.805379,
              28.461867
            ],
            [
              76.804292,
              28.46278
            ],
            [
              76.802082,
              28.462857
            ],
            [
              76.80113,
              28.46157
            ],
            [
              76.804448,
              28.460936
            ],
            [
              76.803608,
              28.45957
            ],
            [
              76.804733,
              28.458221
            ],
            [
              76.806526,
              28.458014
            ],
            [
              76.808082,
              28.455981
            ],
            [
              76.8124,
              28.45557
            ],
            [
              76.812082,
              28.453274
            ],
            [
              76.805082,
              28.453201
            ],
            [
              76.804454,
              28.455942
            ],
            [
              76.802082,
              28.456093
            ],
            [
              76.801733,
              28.455222
            ],
            [
              76.803504,
              28.45457
            ],
            [
              76.802082,
              28.453212
            ],
            [
              76.800483,
              28.454971
            ],
            [
              76.798799,
              28.455287
            ],
            [
              76.798442,
              28.45693
            ],
            [
              76.796546,
              28.45857
            ],
            [
              76.798489,
              28.461163
            ],
            [
              76.800744,
              28.46157
            ],
            [
              76.798451,
              28.461939
            ],
            [
              76.798082,
              28.463999
            ],
            [
              76.797865,
              28.46157
            ],
            [
              76.796508,
              28.460144
            ],
            [
              76.793082,
              28.459929
            ],
            [
              76.792352,
              28.46057
            ],
            [
              76.792126,
              28.463526
            ],
            [
              76.792857,
              28.46357
            ],
            [
              76.792093,
              28.463581
            ],
            [
              76.791255,
              28.45957
            ],
            [
              76.794464,
              28.458953
            ],
            [
              76.793797,
              28.457286
            ],
            [
              76.795426,
              28.456914
            ],
            [
              76.795739,
              28.455228
            ],
            [
              76.797377,
              28.454865
            ],
            [
              76.797379,
              28.454273
            ],
            [
              76.792082,
              28.453814
            ],
            [
              76.789649,
              28.455137
            ],
            [
              76.789168,
              28.459484
            ],
            [
              76.789858,
              28.45957
            ],
            [
              76.789082,
              28.45995
            ],
            [
              76.788492,
              28.45416
            ],
            [
              76.786082,
              28.454793
            ],
            [
              76.785517,
              28.452136
            ],
            [
              76.780996,
              28.45157
            ],
            [
              76.785497,
              28.450985
            ],
            [
              76.784643,
              28.44957
            ],
            [
              76.785414,
              28.448238
            ],
            [
              76.784514,
              28.449002
            ],
            [
              76.781082,
              28.448871
            ],
            [
              76.781689,
              28.44757
            ],
            [
              76.781082,
              28.446982
            ],
            [
              76.773984,
              28.44657
            ],
            [
              76.775082,
              28.445675
            ],
            [
              76.777368,
              28.445856
            ],
            [
              76.778082,
              28.442562
            ],
            [
              76.779096,
              28.44357
            ],
            [
              76.778608,
              28.446044
            ],
            [
              76.781468,
              28.445956
            ],
            [
              76.782082,
              28.444209
            ],
            [
              76.78373,
              28.445922
            ],
            [
              76.785398,
              28.445886
            ],
            [
              76.78462,
              28.44457
            ],
            [
              76.785559,
              28.44357
            ],
            [
              76.785455,
              28.441197
            ],
            [
              76.782082,
              28.440826
            ],
            [
              76.781837,
              28.43957
            ],
            [
              76.783082,
              28.439266
            ],
            [
              76.785082,
              28.440166
            ],
            [
              76.786082,
              28.439185
            ],
            [
              76.787082,
              28.440085
            ],
            [
              76.788409,
              28.438897
            ],
            [
              76.788423,
              28.43723
            ],
            [
              76.782082,
              28.43677
            ],
            [
              76.781809,
              28.435843
            ],
            [
              76.780796,
              28.43557
            ],
            [
              76.783671,
              28.43516
            ],
            [
              76.784082,
              28.432739
            ],
            [
              76.784554,
              28.435098
            ],
            [
              76.78849,
              28.434979
            ],
            [
              76.788719,
              28.43257
            ],
            [
              76.787718,
              28.43157
            ],
            [
              76.789082,
              28.429859
            ],
            [
              76.79735,
              28.429839
            ],
            [
              76.79736,
              28.428293
            ],
            [
              76.794735,
              28.426917
            ],
            [
              76.793082,
              28.425017
            ],
            [
              76.790604,
              28.426092
            ],
            [
              76.790082,
              28.428306
            ],
            [
              76.789815,
              28.426838
            ],
            [
              76.788922,
              28.42657
            ],
            [
              76.788759,
              28.423894
            ],
            [
              76.786711,
              28.42357
            ],
            [
              76.786423,
              28.42057
            ],
            [
              76.787082,
              28.419818
            ],
            [
              76.787205,
              28.420447
            ],
            [
              76.788796,
              28.420284
            ],
            [
              76.790082,
              28.418279
            ],
            [
              76.790303,
              28.42057
            ],
            [
              76.792082,
              28.422215
            ],
            [
              76.795082,
              28.422393
            ],
            [
              76.796082,
              28.421412
            ],
            [
              76.800295,
              28.421357
            ],
            [
              76.799377,
              28.424865
            ],
            [
              76.797584,
              28.425072
            ],
            [
              76.797632,
              28.42657
            ],
            [
              76.798812,
              28.427841
            ],
            [
              76.802082,
              28.42894
            ],
            [
              76.80149,
              28.42657
            ],
            [
              76.8025,
              28.42557
            ],
            [
              76.802631,
              28.42057
            ],
            [
              76.801696,
              28.41957
            ],
            [
              76.801753,
              28.41757
            ],
            [
              76.802806,
              28.41657
            ],
            [
              76.803082,
              28.413306
            ],
            [
              76.803358,
              28.41657
            ],
            [
              76.804082,
              28.41731
            ],
            [
              76.805082,
              28.416414
            ],
            [
              76.807082,
              28.416677
            ],
            [
              76.807644,
              28.416132
            ],
            [
              76.808082,
              28.412228
            ],
            [
              76.809418,
              28.416235
            ],
            [
              76.811082,
              28.416303
            ],
            [
              76.812082,
              28.417238
            ],
            [
              76.813082,
              28.415249
            ],
            [
              76.815082,
              28.417124
            ],
            [
              76.815513,
              28.414139
            ],
            [
              76.814082,
              28.4128
            ],
            [
              76.811097,
              28.41257
            ],
            [
              76.814582,
              28.41207
            ],
            [
              76.815082,
              28.409394
            ],
            [
              76.815371,
              28.41257
            ],
            [
              76.816611,
              28.41357
            ],
            [
              76.816627,
              28.41957
            ],
            [
              76.817645,
              28.42057
            ],
            [
              76.816816,
              28.421837
            ],
            [
              76.826274,
              28.421762
            ],
            [
              76.825387,
              28.42057
            ],
            [
              76.826298,
              28.419354
            ],
            [
              76.824646,
              28.419006
            ],
            [
              76.823446,
              28.41757
            ],
            [
              76.824082,
              28.41497
            ],
            [
              76.824838,
              28.416814
            ],
            [
              76.826418,
              28.41757
            ],
            [
              76.824507,
              28.41357
            ],
            [
              76.825516,
              28.41157
            ],
            [
              76.824434,
              28.409218
            ],
            [
              76.822654,
              28.409142
            ],
            [
              76.822227,
              28.41157
            ],
            [
              76.821004,
              28.412648
            ],
            [
              76.820783,
              28.41087
            ],
            [
              76.81896,
              28.41057
            ],
            [
              76.821611,
              28.410099
            ],
            [
              76.821536,
              28.409116
            ],
            [
              76.816786,
              28.40857
            ],
            [
              76.817867,
              28.408355
            ],
            [
              76.818082,
              28.407498
            ],
            [
              76.822082,
              28.407185
            ],
            [
              76.823527,
              28.406015
            ],
            [
              76.824082,
              28.401725
            ],
            [
              76.824388,
              28.40557
            ],
            [
              76.825479,
              28.405967
            ],
            [
              76.825799,
              28.401853
            ],
            [
              76.824321,
              28.40157
            ],
            [
              76.826798,
              28.401286
            ],
            [
              76.827082,
              28.399843
            ],
            [
              76.827351,
              28.401302
            ],
            [
              76.828993,
              28.40157
            ],
            [
              76.82738,
              28.401868
            ],
            [
              76.826629,
              28.404023
            ],
            [
              76.832009,
              28.40457
            ],
            [
              76.827082,
              28.404887
            ],
            [
              76.826686,
              28.405966
            ],
            [
              76.829082,
              28.406261
            ],
            [
              76.830082,
              28.40724
            ],
            [
              76.835054,
              28.40757
            ],
            [
              76.83254,
              28.408028
            ],
            [
              76.832647,
              28.410005
            ],
            [
              76.838085,
              28.410568
            ],
            [
              76.838082,
              28.410571
            ],
            [
              76.837159,
              28.410647
            ],
            [
              76.836998,
              28.410655
            ],
            [
              76.836243,
              28.410731
            ],
            [
              76.836082,
              28.410738
            ],
            [
              76.835453,
              28.410941
            ],
            [
              76.835199,
              28.41257
            ],
            [
              76.835076,
              28.41257
            ],
            [
              76.83466,
              28.410993
            ],
            [
              76.832082,
              28.410937
            ],
            [
              76.831427,
              28.41157
            ],
            [
              76.83164,
              28.413013
            ],
            [
              76.833082,
              28.413152
            ],
            [
              76.834082,
              28.414125
            ],
            [
              76.838279,
              28.414373
            ],
            [
              76.833727,
              28.415215
            ],
            [
              76.8336,
              28.41657
            ],
            [
              76.834779,
              28.417874
            ],
            [
              76.835569,
              28.418057
            ],
            [
              76.835749,
              28.417237
            ],
            [
              76.838082,
              28.416157
            ],
            [
              76.838686,
              28.418966
            ],
            [
              76.840082,
              28.418259
            ],
            [
              76.841082,
              28.419316
            ],
            [
              76.843082,
              28.419443
            ],
            [
              76.843866,
              28.416786
            ],
            [
              76.842345,
              28.41657
            ],
            [
              76.845073,
              28.41657
            ],
            [
              76.844281,
              28.41677
            ],
            [
              76.844595,
              28.419057
            ],
            [
              76.846852,
              28.41934
            ],
            [
              76.847082,
              28.418357
            ],
            [
              76.847279,
              28.419373
            ],
            [
              76.848359,
              28.41957
            ],
            [
              76.84462,
              28.420108
            ],
            [
              76.844669,
              28.420983
            ],
            [
              76.846373,
              28.42157
            ],
            [
              76.844682,
              28.42217
            ],
            [
              76.843534,
              28.42357
            ],
            [
              76.851198,
              28.424455
            ],
            [
              76.850082,
              28.425996
            ],
            [
              76.848082,
              28.424903
            ],
            [
              76.847349,
              28.42557
            ],
            [
              76.848308,
              28.426344
            ],
            [
              76.847686,
              28.427967
            ],
            [
              76.850493,
              28.428159
            ],
            [
              76.84955,
              28.42957
            ],
            [
              76.850082,
              28.431059
            ],
            [
              76.852082,
              28.430165
            ],
            [
              76.853082,
              28.431163
            ],
            [
              76.853693,
              28.43057
            ],
            [
              76.851847,
              28.427805
            ],
            [
              76.85062,
              28.42757
            ],
            [
              76.851882,
              28.42737
            ],
            [
              76.852082,
              28.426366
            ],
            [
              76.85227,
              28.427382
            ],
            [
              76.853082,
              28.427563
            ],
            [
              76.854102,
              28.426551
            ],
            [
              76.855082,
              28.428303
            ],
            [
              76.857082,
              28.426713
            ],
            [
              76.857286,
              28.42757
            ],
            [
              76.85637,
              28.427858
            ],
            [
              76.855624,
              28.430028
            ],
            [
              76.858082,
              28.431422
            ],
            [
              76.858959,
              28.431447
            ],
            [
              76.859082,
              28.430794
            ],
            [
              76.859548,
              28.43157
            ],
            [
              76.856082,
              28.431823
            ],
            [
              76.854673,
              28.431161
            ],
            [
              76.853776,
              28.434877
            ],
            [
              76.85759,
              28.43657
            ],
            [
              76.855082,
              28.43712
            ],
            [
              76.854657,
              28.437996
            ],
            [
              76.858082,
              28.438043
            ],
            [
              76.861082,
              28.436162
            ],
            [
              76.862082,
              28.437306
            ],
            [
              76.865082,
              28.435234
            ],
            [
              76.86677,
              28.435258
            ],
            [
              76.867082,
              28.434482
            ],
            [
              76.868696,
              28.43457
            ],
            [
              76.867267,
              28.434755
            ],
            [
              76.866219,
              28.436707
            ],
            [
              76.86366,
              28.437149
            ],
            [
              76.864082,
              28.438297
            ],
            [
              76.866183,
              28.438671
            ],
            [
              76.862878,
              28.439366
            ],
            [
              76.863082,
              28.440178
            ],
            [
              76.864589,
              28.44057
            ],
            [
              76.861566,
              28.441054
            ],
            [
              76.861125,
              28.44357
            ],
            [
              76.858082,
              28.443924
            ],
            [
              76.857378,
              28.445866
            ],
            [
              76.854082,
              28.446082
            ],
            [
              76.852082,
              28.445135
            ],
            [
              76.851082,
              28.447201
            ],
            [
              76.849082,
              28.446233
            ],
            [
              76.847082,
              28.448243
            ],
            [
              76.843774,
              28.44857
            ],
            [
              76.844082,
              28.449886
            ],
            [
              76.845448,
              28.449204
            ],
            [
              76.847082,
              28.453918
            ],
            [
              76.849082,
              28.452962
            ],
            [
              76.852688,
              28.45257
            ],
            [
              76.852082,
              28.451815
            ],
            [
              76.849027,
              28.451625
            ],
            [
              76.849815,
              28.451303
            ],
            [
              76.850082,
              28.449735
            ],
            [
              76.850389,
              28.451263
            ],
            [
              76.851593,
              28.451081
            ],
            [
              76.852082,
              28.449345
            ],
            [
              76.854245,
              28.450408
            ],
            [
              76.855361,
              28.45157
            ],
            [
              76.853707,
              28.453195
            ],
            [
              76.854558,
              28.45557
            ],
            [
              76.853606,
              28.45657
            ],
            [
              76.855082,
              28.458048
            ],
            [
              76.856784,
              28.45657
            ],
            [
              76.856839,
              28.45357
            ],
            [
              76.857924,
              28.45257
            ],
            [
              76.857082,
              28.450753
            ],
            [
              76.858811,
              28.45157
            ],
            [
              76.858667,
              28.457985
            ],
            [
              76.859542,
              28.45803
            ],
            [
              76.859953,
              28.456441
            ],
            [
              76.86077,
              28.456258
            ],
            [
              76.860962,
              28.45445
            ],
            [
              76.861082,
              28.45445
            ],
            [
              76.861274,
              28.455378
            ],
            [
              76.862281,
              28.45557
            ],
            [
              76.861301,
              28.455789
            ],
            [
              76.861505,
              28.457148
            ],
            [
              76.864082,
              28.456946
            ],
            [
              76.864093,
              28.457581
            ],
            [
              76.863258,
              28.457746
            ],
            [
              76.863082,
              28.459523
            ],
            [
              76.861782,
              28.45957
            ],
            [
              76.864645,
              28.46057
            ],
            [
              76.862479,
              28.460967
            ],
            [
              76.862263,
              28.462389
            ],
            [
              76.863596,
              28.46357
            ],
            [
              76.863082,
              28.464262
            ],
            [
              76.862972,
              28.46368
            ],
            [
              76.861397,
              28.463885
            ],
            [
              76.861082,
              28.46527
            ],
            [
              76.859958,
              28.46457
            ],
            [
              76.860899,
              28.464387
            ],
            [
              76.860637,
              28.463016
            ],
            [
              76.856821,
              28.46257
            ],
            [
              76.858643,
              28.462131
            ],
            [
              76.8575,
              28.460152
            ],
            [
              76.856082,
              28.460046
            ],
            [
              76.853082,
              28.458133
            ],
            [
              76.849778,
              28.459266
            ],
            [
              76.849082,
              28.461082
            ],
            [
              76.848082,
              28.460063
            ],
            [
              76.846082,
              28.460972
            ],
            [
              76.844821,
              28.460831
            ],
            [
              76.844549,
              28.460103
            ],
            [
              76.841797,
              28.460285
            ],
            [
              76.840633,
              28.463019
            ],
            [
              76.841867,
              28.463356
            ],
            [
              76.842012,
              28.4625
            ],
            [
              76.843177,
              28.46257
            ],
            [
              76.842153,
              28.462642
            ],
            [
              76.842082,
              28.463675
            ],
            [
              76.838629,
              28.464117
            ],
            [
              76.835465,
              28.46757
            ],
            [
              76.836082,
              28.468282
            ],
            [
              76.836839,
              28.467327
            ],
            [
              76.838082,
              28.467393
            ],
            [
              76.83833,
              28.468322
            ],
            [
              76.840073,
              28.46857
            ],
            [
              76.83831,
              28.468798
            ],
            [
              76.838153,
              28.469641
            ],
            [
              76.836082,
              28.469808
            ],
            [
              76.835082,
              28.470783
            ],
            [
              76.834082,
              28.469978
            ],
            [
              76.831426,
              28.47257
            ],
            [
              76.832586,
              28.476066
            ],
            [
              76.835045,
              28.47757
            ],
            [
              76.833757,
              28.478246
            ],
            [
              76.834069,
              28.47957
            ],
            [
              76.832423,
              28.479912
            ],
            [
              76.832765,
              28.48157
            ],
            [
              76.832082,
              28.483109
            ]
          ]
        ],
        "type": "Polygon"
      },
      "type": "Feature"
    },
    {
      "properties": {
        "fill-opacity": 0.33,
        "fillColor": "#bf4040",
        "opacity": 0.33,
        "fill": "#bf4040",
        "fillOpacity": 0.33,
        "color": "#bf4040",
        "contour": 6.0,
        "metric": "distance",
        "provider_name": "Shri Ram Sweets & Restaurant",
        "zone_type": "distance",
        "distance_km": 6,
        "mode": "motorcycle",
        "center_lat": 28.44257067,
        "center_lon": 76.82308251,
        "label": "6km"
      },
      "geometry": {
        "coordinates": [
          [
            [
              76.828082,
              28.49064
            ],
            [
              76.826082,
              28.490581
            ],
            [
              76.825968,
              28.489684
            ],
            [
              76.82615,
              28.48757
            ],
            [
              76.827762,
              28.48657
            ],
            [
              76.827497,
              28.485155
            ],
            [
              76.825765,
              28.48457
            ],
            [
              76.828631,
              28.48357
            ],
            [
              76.828401,
              28.482252
            ],
            [
              76.826524,
              28.48057
            ],
            [
              76.826706,
              28.479194
            ],
            [
              76.828448,
              28.47757
            ],
            [
              76.827434,
              28.47657
            ],
            [
              76.827397,
              28.47357
            ],
            [
              76.826393,
              28.47257
            ],
            [
              76.826082,
              28.468309
            ],
            [
              76.821082,
              28.4683
            ],
            [
              76.817464,
              28.470953
            ],
            [
              76.813846,
              28.472335
            ],
            [
              76.812682,
              28.47457
            ],
            [
              76.812621,
              28.47757
            ],
            [
              76.81359,
              28.47857
            ],
            [
              76.813082,
              28.488123
            ],
            [
              76.812484,
              28.482168
            ],
            [
              76.805267,
              28.48157
            ],
            [
              76.806082,
              28.481054
            ],
            [
              76.808082,
              28.481356
            ],
            [
              76.808756,
              28.48057
            ],
            [
              76.805082,
              28.478436
            ],
            [
              76.807082,
              28.478415
            ],
            [
              76.808082,
              28.479267
            ],
            [
              76.810082,
              28.47919
            ],
            [
              76.811457,
              28.479945
            ],
            [
              76.811482,
              28.47457
            ],
            [
              76.810726,
              28.473926
            ],
            [
              76.80955,
              28.474038
            ],
            [
              76.808439,
              28.475928
            ],
            [
              76.806082,
              28.477054
            ],
            [
              76.802332,
              28.47782
            ],
            [
              76.801244,
              28.479732
            ],
            [
              76.799185,
              28.479673
            ],
            [
              76.799082,
              28.480681
            ],
            [
              76.79772,
              28.48057
            ],
            [
              76.798867,
              28.480355
            ],
            [
              76.798951,
              28.478702
            ],
            [
              76.798266,
              28.47857
            ],
            [
              76.799082,
              28.478506
            ],
            [
              76.800082,
              28.479344
            ],
            [
              76.801855,
              28.477343
            ],
            [
              76.804447,
              28.475936
            ],
            [
              76.802846,
              28.47257
            ],
            [
              76.804503,
              28.472991
            ],
            [
              76.805822,
              28.47057
            ],
            [
              76.806082,
              28.467418
            ],
            [
              76.806385,
              28.47157
            ],
            [
              76.805447,
              28.47257
            ],
            [
              76.805525,
              28.47457
            ],
            [
              76.807082,
              28.475046
            ],
            [
              76.812341,
              28.469829
            ],
            [
              76.811695,
              28.468183
            ],
            [
              76.813473,
              28.46818
            ],
            [
              76.814082,
              28.470912
            ],
            [
              76.817612,
              28.468101
            ],
            [
              76.822082,
              28.46583
            ],
            [
              76.824244,
              28.465733
            ],
            [
              76.82523,
              28.463422
            ],
            [
              76.823082,
              28.463344
            ],
            [
              76.822082,
              28.464335
            ],
            [
              76.821082,
              28.463332
            ],
            [
              76.819082,
              28.464306
            ],
            [
              76.818347,
              28.46357
            ],
            [
              76.819331,
              28.46257
            ],
            [
              76.819243,
              28.461409
            ],
            [
              76.817082,
              28.461309
            ],
            [
              76.816343,
              28.46057
            ],
            [
              76.817082,
              28.458841
            ],
            [
              76.818082,
              28.459824
            ],
            [
              76.819311,
              28.45957
            ],
            [
              76.819277,
              28.45257
            ],
            [
              76.818212,
              28.451441
            ],
            [
              76.817082,
              28.452367
            ],
            [
              76.813858,
              28.45257
            ],
            [
              76.816829,
              28.45457
            ],
            [
              76.816577,
              28.456065
            ],
            [
              76.813834,
              28.45657
            ],
            [
              76.814571,
              28.459059
            ],
            [
              76.812591,
              28.459062
            ],
            [
              76.812082,
              28.457309
            ],
            [
              76.809082,
              28.457288
            ],
            [
              76.805868,
              28.459356
            ],
            [
              76.805725,
              28.46157
            ],
            [
              76.804082,
              28.463309
            ],
            [
              76.802082,
              28.463154
            ],
            [
              76.801082,
              28.462063
            ],
            [
              76.798779,
              28.462267
            ],
            [
              76.799082,
              28.464157
            ],
            [
              76.802478,
              28.46457
            ],
            [
              76.801372,
              28.46557
            ],
            [
              76.802201,
              28.467689
            ],
            [
              76.799082,
              28.467864
            ],
            [
              76.79786,
              28.468792
            ],
            [
              76.797462,
              28.46619
            ],
            [
              76.794701,
              28.46557
            ],
            [
              76.794936,
              28.461424
            ],
            [
              76.79652,
              28.461132
            ],
            [
              76.797082,
              28.462213
            ],
            [
              76.797366,
              28.461287
            ],
            [
              76.796082,
              28.460195
            ],
            [
              76.793082,
              28.46018
            ],
            [
              76.792612,
              28.46257
            ],
            [
              76.793581,
              28.46357
            ],
            [
              76.790534,
              28.464022
            ],
            [
              76.790481,
              28.466171
            ],
            [
              76.791183,
              28.46657
            ],
            [
              76.789443,
              28.466931
            ],
            [
              76.789025,
              28.468627
            ],
            [
              76.788893,
              28.46657
            ],
            [
              76.789642,
              28.466131
            ],
            [
              76.789751,
              28.46457
            ],
            [
              76.786842,
              28.46357
            ],
            [
              76.789498,
              28.462986
            ],
            [
              76.788422,
              28.46023
            ],
            [
              76.787082,
              28.460985
            ],
            [
              76.780208,
              28.46057
            ],
            [
              76.786082,
              28.460196
            ],
            [
              76.788547,
              28.45857
            ],
            [
              76.788336,
              28.454316
            ],
            [
              76.786082,
              28.455133
            ],
            [
              76.785345,
              28.452307
            ],
            [
              76.78056,
              28.45157
            ],
            [
              76.785338,
              28.450826
            ],
            [
              76.784444,
              28.449209
            ],
            [
              76.78069,
              28.448963
            ],
            [
              76.781082,
              28.4472
            ],
            [
              76.772082,
              28.447019
            ],
            [
              76.769639,
              28.448127
            ],
            [
              76.769082,
              28.45158
            ],
            [
              76.768546,
              28.448106
            ],
            [
              76.767561,
              28.448049
            ],
            [
              76.767329,
              28.44957
            ],
            [
              76.766082,
              28.449846
            ],
            [
              76.766958,
              28.449446
            ],
            [
              76.766665,
              28.447987
            ],
            [
              76.763904,
              28.44757
            ],
            [
              76.764773,
              28.44657
            ],
            [
              76.768582,
              28.44607
            ],
            [
              76.768671,
              28.444982
            ],
            [
              76.767354,
              28.44457
            ],
            [
              76.768243,
              28.443731
            ],
            [
              76.770082,
              28.444271
            ],
            [
              76.772729,
              28.442217
            ],
            [
              76.778417,
              28.442236
            ],
            [
              76.779586,
              28.44357
            ],
            [
              76.779082,
              28.445973
            ],
            [
              76.781326,
              28.445815
            ],
            [
              76.782082,
              28.44396
            ],
            [
              76.783852,
              28.4458
            ],
            [
              76.785408,
              28.44557
            ],
            [
              76.784432,
              28.44457
            ],
            [
              76.785405,
              28.44357
            ],
            [
              76.785321,
              28.441331
            ],
            [
              76.782082,
              28.441143
            ],
            [
              76.781512,
              28.43957
            ],
            [
              76.783082,
              28.438981
            ],
            [
              76.785082,
              28.439944
            ],
            [
              76.786082,
              28.438951
            ],
            [
              76.787082,
              28.43991
            ],
            [
              76.788301,
              28.438789
            ],
            [
              76.788308,
              28.437345
            ],
            [
              76.782082,
              28.437126
            ],
            [
              76.781082,
              28.436078
            ],
            [
              76.776082,
              28.435916
            ],
            [
              76.775331,
              28.43657
            ],
            [
              76.775082,
              28.439474
            ],
            [
              76.774834,
              28.43657
            ],
            [
              76.77388,
              28.435772
            ],
            [
              76.773774,
              28.433878
            ],
            [
              76.77296,
              28.43357
            ],
            [
              76.776709,
              28.43357
            ],
            [
              76.774412,
              28.433901
            ],
            [
              76.775082,
              28.435263
            ],
            [
              76.783082,
              28.43502
            ],
            [
              76.784082,
              28.431104
            ],
            [
              76.784793,
              28.434859
            ],
            [
              76.788507,
              28.43457
            ],
            [
              76.788471,
              28.43257
            ],
            [
              76.787471,
              28.43157
            ],
            [
              76.789563,
              28.42757
            ],
            [
              76.788539,
              28.42657
            ],
            [
              76.788383,
              28.424269
            ],
            [
              76.786082,
              28.424048
            ],
            [
              76.785082,
              28.424989
            ],
            [
              76.784082,
              28.422951
            ],
            [
              76.776467,
              28.42257
            ],
            [
              76.777853,
              28.422342
            ],
            [
              76.778082,
              28.421429
            ],
            [
              76.782082,
              28.421208
            ],
            [
              76.78268,
              28.42057
            ],
            [
              76.780918,
              28.419734
            ],
            [
              76.780784,
              28.418868
            ],
            [
              76.778956,
              28.41857
            ],
            [
              76.779909,
              28.418397
            ],
            [
              76.779745,
              28.41657
            ],
            [
              76.781049,
              28.41557
            ],
            [
              76.781082,
              28.412353
            ],
            [
              76.784143,
              28.41351
            ],
            [
              76.783373,
              28.413861
            ],
            [
              76.783599,
              28.415053
            ],
            [
              76.785262,
              28.41539
            ],
            [
              76.785707,
              28.417946
            ],
            [
              76.788082,
              28.420029
            ],
            [
              76.789574,
              28.41857
            ],
            [
              76.789786,
              28.41357
            ],
            [
              76.790879,
              28.41257
            ],
            [
              76.79003,
              28.411518
            ],
            [
              76.792082,
              28.411216
            ],
            [
              76.792119,
              28.411608
            ],
            [
              76.791338,
              28.411827
            ],
            [
              76.79135,
              28.41357
            ],
            [
              76.790429,
              28.41457
            ],
            [
              76.791082,
              28.417118
            ],
            [
              76.792467,
              28.416955
            ],
            [
              76.794927,
              28.414415
            ],
            [
              76.796757,
              28.414245
            ],
            [
              76.797082,
              28.412971
            ],
            [
              76.798082,
              28.412837
            ],
            [
              76.798845,
              28.41357
            ],
            [
              76.797256,
              28.413744
            ],
            [
              76.79719,
              28.414679
            ],
            [
              76.795588,
              28.415076
            ],
            [
              76.794448,
              28.41657
            ],
            [
              76.797259,
              28.41857
            ],
            [
              76.796174,
              28.42057
            ],
            [
              76.800479,
              28.421174
            ],
            [
              76.800673,
              28.42257
            ],
            [
              76.79951,
              28.424998
            ],
            [
              76.797859,
              28.425347
            ],
            [
              76.797772,
              28.42657
            ],
            [
              76.79889,
              28.427763
            ],
            [
              76.802082,
              28.42884
            ],
            [
              76.801372,
              28.42657
            ],
            [
              76.802377,
              28.42557
            ],
            [
              76.802436,
              28.42057
            ],
            [
              76.801463,
              28.41957
            ],
            [
              76.801475,
              28.417963
            ],
            [
              76.802502,
              28.41657
            ],
            [
              76.802412,
              28.41157
            ],
            [
              76.79856,
              28.41057
            ],
            [
              76.801082,
              28.410227
            ],
            [
              76.801733,
              28.409222
            ],
            [
              76.803534,
              28.410022
            ],
            [
              76.804662,
              28.40915
            ],
            [
              76.805082,
              28.406738
            ],
            [
              76.805358,
              28.408294
            ],
            [
              76.806136,
              28.40857
            ],
            [
              76.805406,
              28.408894
            ],
            [
              76.805494,
              28.411158
            ],
            [
              76.807082,
              28.411554
            ],
            [
              76.807901,
              28.406389
            ],
            [
              76.809082,
              28.405397
            ],
            [
              76.811746,
              28.405234
            ],
            [
              76.812082,
              28.402915
            ],
            [
              76.81234,
              28.404313
            ],
            [
              76.813237,
              28.40457
            ],
            [
              76.813398,
              28.406886
            ],
            [
              76.812082,
              28.405765
            ],
            [
              76.810082,
              28.405698
            ],
            [
              76.808408,
              28.40757
            ],
            [
              76.8087,
              28.409952
            ],
            [
              76.810333,
              28.410319
            ],
            [
              76.811082,
              28.412071
            ],
            [
              76.814368,
              28.411856
            ],
            [
              76.813735,
              28.407223
            ],
            [
              76.817082,
              28.407431
            ],
            [
              76.818082,
              28.406673
            ],
            [
              76.821906,
              28.40657
            ],
            [
              76.821472,
              28.40218
            ],
            [
              76.818603,
              28.402092
            ],
            [
              76.818082,
              28.405448
            ],
            [
              76.817587,
              28.402065
            ],
            [
              76.8142,
              28.40157
            ],
            [
              76.817597,
              28.401085
            ],
            [
              76.818082,
              28.39799
            ],
            [
              76.8186,
              28.401052
            ],
            [
              76.821476,
              28.400964
            ],
            [
              76.820777,
              28.39957
            ],
            [
              76.821804,
              28.39857
            ],
            [
              76.821985,
              28.396473
            ],
            [
              76.823082,
              28.398226
            ],
            [
              76.824491,
              28.39798
            ],
            [
              76.825726,
              28.39657
            ],
            [
              76.823882,
              28.39557
            ],
            [
              76.825787,
              28.39457
            ],
            [
              76.82522,
              28.39157
            ],
            [
              76.826082,
              28.390925
            ],
            [
              76.827495,
              28.39157
            ],
            [
              76.827944,
              28.393708
            ],
            [
              76.829335,
              28.39457
            ],
            [
              76.826618,
              28.395106
            ],
            [
              76.8277,
              28.397952
            ],
            [
              76.831257,
              28.398395
            ],
            [
              76.831694,
              28.400958
            ],
            [
              76.833454,
              28.40157
            ],
            [
              76.827774,
              28.402262
            ],
            [
              76.826667,
              28.40357
            ],
            [
              76.827082,
              28.403976
            ],
            [
              76.831082,
              28.404052
            ],
            [
              76.832082,
              28.403101
            ],
            [
              76.833518,
              28.40357
            ],
            [
              76.832082,
              28.405069
            ],
            [
              76.827082,
              28.405164
            ],
            [
              76.826834,
              28.405819
            ],
            [
              76.829082,
              28.405979
            ],
            [
              76.830082,
              28.406971
            ],
            [
              76.836082,
              28.4071
            ],
            [
              76.836668,
              28.40657
            ],
            [
              76.835733,
              28.40557
            ],
            [
              76.835911,
              28.4034
            ],
            [
              76.837082,
              28.404303
            ],
            [
              76.840771,
              28.40457
            ],
            [
              76.83931,
              28.404799
            ],
            [
              76.839055,
              28.40657
            ],
            [
              76.835082,
              28.409049
            ],
            [
              76.834082,
              28.408095
            ],
            [
              76.832792,
              28.40828
            ],
            [
              76.833082,
              28.409971
            ],
            [
              76.837082,
              28.410049
            ],
            [
              76.839082,
              28.408788
            ],
            [
              76.839545,
              28.40957
            ],
            [
              76.839424,
              28.410912
            ],
            [
              76.83561,
              28.41157
            ],
            [
              76.839429,
              28.412223
            ],
            [
              76.839082,
              28.412954
            ],
            [
              76.835082,
              28.413072
            ],
            [
              76.834377,
              28.411276
            ],
            [
              76.831825,
              28.411313
            ],
            [
              76.831816,
              28.412836
            ],
            [
              76.834082,
              28.413927
            ],
            [
              76.838082,
              28.413983
            ],
            [
              76.838669,
              28.41457
            ],
            [
              76.838082,
              28.415157
            ],
            [
              76.834082,
              28.415213
            ],
            [
              76.833872,
              28.416781
            ],
            [
              76.837082,
              28.416913
            ],
            [
              76.838082,
              28.41594
            ],
            [
              76.839082,
              28.418956
            ],
            [
              76.840082,
              28.417978
            ],
            [
              76.841082,
              28.418998
            ],
            [
              76.843371,
              28.418859
            ],
            [
              76.843394,
              28.417258
            ],
            [
              76.84159,
              28.41657
            ],
            [
              76.841674,
              28.41457
            ],
            [
              76.842354,
              28.414298
            ],
            [
              76.84274,
              28.415912
            ],
            [
              76.844413,
              28.415901
            ],
            [
              76.844548,
              28.413104
            ],
            [
              76.843324,
              28.41157
            ],
            [
              76.846624,
              28.411112
            ],
            [
              76.846843,
              28.40981
            ],
            [
              76.846031,
              28.40957
            ],
            [
              76.846881,
              28.409369
            ],
            [
              76.847082,
              28.408361
            ],
            [
              76.847373,
              28.41257
            ],
            [
              76.848613,
              28.414039
            ],
            [
              76.852541,
              28.41457
            ],
            [
              76.853995,
              28.41557
            ],
            [
              76.852371,
              28.415859
            ],
            [
              76.853082,
              28.417315
            ],
            [
              76.854082,
              28.415616
            ],
            [
              76.854357,
              28.416295
            ],
            [
              76.856027,
              28.41657
            ],
            [
              76.85441,
              28.416898
            ],
            [
              76.855082,
              28.418337
            ],
            [
              76.856082,
              28.41661
            ],
            [
              76.857902,
              28.41757
            ],
            [
              76.856488,
              28.418976
            ],
            [
              76.855082,
              28.418804
            ],
            [
              76.852412,
              28.42057
            ],
            [
              76.852137,
              28.42457
            ],
            [
              76.853551,
              28.426039
            ],
            [
              76.852757,
              28.426895
            ],
            [
              76.854082,
              28.426063
            ],
            [
              76.855375,
              28.427864
            ],
            [
              76.856616,
              28.42557
            ],
            [
              76.85669,
              28.42357
            ],
            [
              76.854816,
              28.42257
            ],
            [
              76.856535,
              28.422023
            ],
            [
              76.857082,
              28.419875
            ],
            [
              76.858241,
              28.420411
            ],
            [
              76.857625,
              28.422027
            ],
            [
              76.859717,
              28.422205
            ],
            [
              76.860082,
              28.421438
            ],
            [
              76.861199,
              28.42257
            ],
            [
              76.857646,
              28.423134
            ],
            [
              76.858082,
              28.426111
            ],
            [
              76.860082,
              28.426172
            ],
            [
              76.861082,
              28.424587
            ],
            [
              76.863668,
              28.424156
            ],
            [
              76.864082,
              28.421815
            ],
            [
              76.865082,
              28.421807
            ],
            [
              76.865949,
              28.424437
            ],
            [
              76.864316,
              28.424804
            ],
            [
              76.864487,
              28.42857
            ],
            [
              76.863414,
              28.42957
            ],
            [
              76.862762,
              28.43589
            ],
            [
              76.864357,
              28.435845
            ],
            [
              76.864082,
              28.434403
            ],
            [
              76.866082,
              28.435007
            ],
            [
              76.870468,
              28.432956
            ],
            [
              76.869681,
              28.429971
            ],
            [
              76.868961,
              28.429691
            ],
            [
              76.868921,
              28.428732
            ],
            [
              76.867989,
              28.42857
            ],
            [
              76.868082,
              28.428166
            ],
            [
              76.868127,
              28.428525
            ],
            [
              76.869082,
              28.428496
            ],
            [
              76.870082,
              28.429388
            ],
            [
              76.870804,
              28.429292
            ],
            [
              76.871082,
              28.428217
            ],
            [
              76.871335,
              28.432317
            ],
            [
              76.872908,
              28.432396
            ],
            [
              76.87398,
              28.431468
            ],
            [
              76.875762,
              28.43125
            ],
            [
              76.876082,
              28.430478
            ],
            [
              76.877763,
              28.43057
            ],
            [
              76.877082,
              28.431975
            ],
            [
              76.875082,
              28.431799
            ],
            [
              76.87247,
              28.43357
            ],
            [
              76.87552,
              28.43757
            ],
            [
              76.875082,
              28.438223
            ],
            [
              76.873731,
              28.43757
            ],
            [
              76.873657,
              28.435995
            ],
            [
              76.872266,
              28.43657
            ],
            [
              76.872392,
              28.437881
            ],
            [
              76.871224,
              28.43957
            ],
            [
              76.873126,
              28.44257
            ],
            [
              76.872082,
              28.444235
            ],
            [
              76.871768,
              28.442885
            ],
            [
              76.870082,
              28.441884
            ],
            [
              76.869082,
              28.442883
            ],
            [
              76.868082,
              28.441965
            ],
            [
              76.865082,
              28.442045
            ],
            [
              76.864082,
              28.44108
            ],
            [
              76.862082,
              28.441127
            ],
            [
              76.86161,
              28.44257
            ],
            [
              76.863082,
              28.444158
            ],
            [
              76.866082,
              28.443341
            ],
            [
              76.867082,
              28.444326
            ],
            [
              76.870234,
              28.44457
            ],
            [
              76.866592,
              28.44508
            ],
            [
              76.865082,
              28.447675
            ],
            [
              76.864537,
              28.445116
            ],
            [
              76.862082,
              28.44501
            ],
            [
              76.861082,
              28.444072
            ],
            [
              76.860175,
              28.44457
            ],
            [
              76.860526,
              28.45057
            ],
            [
              76.863379,
              28.45157
            ],
            [
              76.861686,
              28.452174
            ],
            [
              76.861758,
              28.454895
            ],
            [
              76.864452,
              28.454941
            ],
            [
              76.868082,
              28.451353
            ],
            [
              76.870082,
              28.451451
            ],
            [
              76.8708,
              28.45257
            ],
            [
              76.870082,
              28.453561
            ],
            [
              76.869831,
              28.451822
            ],
            [
              76.868527,
              28.452015
            ],
            [
              76.867416,
              28.45357
            ],
            [
              76.868251,
              28.45457
            ],
            [
              76.868153,
              28.45657
            ],
            [
              76.86772,
              28.454933
            ],
            [
              76.865698,
              28.455186
            ],
            [
              76.863618,
              28.45857
            ],
            [
              76.863761,
              28.459892
            ],
            [
              76.869082,
              28.460443
            ],
            [
              76.870082,
              28.45986
            ],
            [
              76.87078,
              28.46057
            ],
            [
              76.869942,
              28.46171
            ],
            [
              76.873193,
              28.462459
            ],
            [
              76.873189,
              28.464463
            ],
            [
              76.873819,
              28.46457
            ],
            [
              76.870493,
              28.464982
            ],
            [
              76.870082,
              28.467216
            ],
            [
              76.869805,
              28.465847
            ],
            [
              76.867902,
              28.465751
            ],
            [
              76.867507,
              28.464145
            ],
            [
              76.863747,
              28.464236
            ],
            [
              76.864464,
              28.46757
            ],
            [
              76.865381,
              28.46857
            ],
            [
              76.865369,
              28.471283
            ],
            [
              76.866175,
              28.47157
            ],
            [
              76.865314,
              28.471803
            ],
            [
              76.865082,
              28.473015
            ],
            [
              76.864181,
              28.47157
            ],
            [
              76.864824,
              28.471312
            ],
            [
              76.864797,
              28.46957
            ],
            [
              76.862082,
              28.464104
            ],
            [
              76.861408,
              28.465897
            ],
            [
              76.860082,
              28.465074
            ],
            [
              76.856653,
              28.467141
            ],
            [
              76.856082,
              28.472163
            ],
            [
              76.854995,
              28.470657
            ],
            [
              76.855782,
              28.47027
            ],
            [
              76.855547,
              28.468106
            ],
            [
              76.8522,
              28.468688
            ],
            [
              76.852082,
              28.469572
            ],
            [
              76.851986,
              28.468666
            ],
            [
              76.852819,
              28.468307
            ],
            [
              76.853082,
              28.466622
            ],
            [
              76.853333,
              28.467319
            ],
            [
              76.855535,
              28.467023
            ],
            [
              76.855082,
              28.465761
            ],
            [
              76.853175,
              28.465663
            ],
            [
              76.853082,
              28.466422
            ],
            [
              76.853008,
              28.465645
            ],
            [
              76.855662,
              28.46515
            ],
            [
              76.855998,
              28.46357
            ],
            [
              76.853082,
              28.461907
            ],
            [
              76.849082,
              28.461614
            ],
            [
              76.848222,
              28.46371
            ],
            [
              76.846677,
              28.463165
            ],
            [
              76.847276,
              28.464764
            ],
            [
              76.845082,
              28.464947
            ],
            [
              76.84214,
              28.46657
            ],
            [
              76.842696,
              28.467957
            ],
            [
              76.844441,
              28.46857
            ],
            [
              76.844507,
              28.47157
            ],
            [
              76.843446,
              28.47157
            ],
            [
              76.843509,
              28.469143
            ],
            [
              76.841082,
              28.469041
            ],
            [
              76.840082,
              28.470035
            ],
            [
              76.839082,
              28.469096
            ],
            [
              76.835082,
              28.47113
            ],
            [
              76.834082,
              28.470198
            ],
            [
              76.831848,
              28.472336
            ],
            [
              76.831699,
              28.47357
            ],
            [
              76.833082,
              28.476062
            ],
            [
              76.834082,
              28.473189
            ],
            [
              76.836313,
              28.47334
            ],
            [
              76.837082,
              28.475166
            ],
            [
              76.838082,
              28.474282
            ],
            [
              76.841806,
              28.473294
            ],
            [
              76.842042,
              28.47253
            ],
            [
              76.843082,
              28.472307
            ],
            [
              76.842999,
              28.472653
            ],
            [
              76.842212,
              28.4727
            ],
            [
              76.841335,
              28.47457
            ],
            [
              76.841484,
              28.476169
            ],
            [
              76.843045,
              28.47757
            ],
            [
              76.842082,
              28.477669
            ],
            [
              76.840577,
              28.476075
            ],
            [
              76.839082,
              28.47593
            ],
            [
              76.837479,
              28.477968
            ],
            [
              76.834745,
              28.478233
            ],
            [
              76.834736,
              28.478916
            ],
            [
              76.836082,
              28.479122
            ],
            [
              76.837492,
              28.47898
            ],
            [
              76.837711,
              28.478199
            ],
            [
              76.83929,
              28.478363
            ],
            [
              76.838393,
              28.479881
            ],
            [
              76.836512,
              28.48057
            ],
            [
              76.839054,
              28.48157
            ],
            [
              76.835687,
              28.481966
            ],
            [
              76.835082,
              28.480049
            ],
            [
              76.833082,
              28.480095
            ],
            [
              76.832764,
              28.480889
            ],
            [
              76.834384,
              28.481269
            ],
            [
              76.836082,
              28.483221
            ],
            [
              76.838707,
              28.483195
            ],
            [
              76.839082,
              28.481677
            ],
            [
              76.839402,
              28.48325
            ],
            [
              76.841471,
              28.48357
            ],
            [
              76.835082,
              28.483952
            ],
            [
              76.833082,
              28.483042
            ],
            [
              76.832568,
              28.48357
            ],
            [
              76.833487,
              28.48457
            ],
            [
              76.832502,
              28.48557
            ],
            [
              76.832644,
              28.487008
            ],
            [
              76.837345,
              28.48757
            ],
            [
              76.836205,
              28.488693
            ],
            [
              76.835849,
              28.487804
            ],
            [
              76.834082,
              28.487815
            ],
            [
              76.833082,
              28.489766
            ],
            [
              76.83148,
              28.486172
            ],
            [
              76.829082,
              28.485881
            ],
            [
              76.828402,
              28.48657
            ],
            [
              76.828082,
              28.49064
            ]
          ]
        ],
        "type": "Polygon"
      },
      "type": "Feature"
    }
  ]
}