{
  "type": "FeatureCollection",
  "metadata": {
    "provider_name": "Go 69 Pizza",
    "center_lat": 25.73718644,
    "center_lon": 82.68351283,
    "mode": "motorcycle",
    "total_zones": 4,
    "distance_zones": [
      3,
      4,
      5,
      6
    ],
    "generated_at": "2025-12-27T20:12:32.958814Z"
  },
  "features": [
    {
      "properties": {
        "fill-opacity": 0.33,
        "fillColor": "#bf4040",
        "opacity": 0.33,
        "fill": "#bf4040",
        "fillOpacity": 0.33,
        "color": "#bf4040",
        "contour": 3.0,
        "metric": "distance",
        "provider_name": "Go 69 Pizza",
        "zone_type": "distance",
        "distance_km": 3,
        "mode": "motorcycle",
        "center_lat": 25.73718644,
        "center_lon": 82.68351283,
        "label": "3km"
      },
      "geometry": {
        "coordinates": [
          [
            [
              82.693512,
              25.759789
            ],
            [
              82.691512,
              25.7574
            ],
            [
              82.689512,
              25.757537
            ],
            [
              82.687512,
              25.759916
            ],
            [
              82.686512,
              25.759009
            ],
            [
              82.683785,
              25.758913
            ],
            [
              82.682175,
              25.757523
            ],
            [
              82.680499,
              25.7572
            ],
            [
              82.678512,
              25.755037
            ],
            [
              82.677497,
              25.755186
            ],
            [
              82.677325,
              25.754186
            ],
            [
              82.679133,
              25.753807
            ],
            [
              82.679633,
              25.752186
            ],
            [
              82.681929,
              25.751603
            ],
            [
              82.681936,
              25.749186
            ],
            [
              82.680512,
              25.747778
            ],
            [
              82.679512,
              25.749723
            ],
            [
              82.676217,
              25.749482
            ],
            [
              82.675512,
              25.747674
            ],
            [
              82.673512,
              25.748591
            ],
            [
              82.672512,
              25.747574
            ],
            [
              82.669442,
              25.748256
            ],
            [
              82.670281,
              25.747186
            ],
            [
              82.668398,
              25.746301
            ],
            [
              82.668358,
              25.745031
            ],
            [
              82.668876,
              25.745823
            ],
            [
              82.670974,
              25.745648
            ],
            [
              82.671245,
              25.743919
            ],
            [
              82.673026,
              25.743186
            ],
            [
              82.672802,
              25.740896
            ],
            [
              82.670217,
              25.740891
            ],
            [
              82.669825,
              25.743499
            ],
            [
              82.668126,
              25.7438
            ],
            [
              82.666512,
              25.745553
            ],
            [
              82.664512,
              25.745471
            ],
            [
              82.664025,
              25.745186
            ],
            [
              82.665358,
              25.744186
            ],
            [
              82.665008,
              25.74269
            ],
            [
              82.663039,
              25.742713
            ],
            [
              82.662512,
              25.74404
            ],
            [
              82.660266,
              25.742186
            ],
            [
              82.662148,
              25.741822
            ],
            [
              82.662006,
              25.740692
            ],
            [
              82.659775,
              25.740449
            ],
            [
              82.659512,
              25.741432
            ],
            [
              82.658373,
              25.741186
            ],
            [
              82.657892,
              25.740186
            ],
            [
              82.658461,
              25.739186
            ],
            [
              82.657385,
              25.738186
            ],
            [
              82.657926,
              25.736599
            ],
            [
              82.660512,
              25.736407
            ],
            [
              82.661512,
              25.737879
            ],
            [
              82.662169,
              25.735842
            ],
            [
              82.664349,
              25.735186
            ],
            [
              82.66345,
              25.733248
            ],
            [
              82.66429,
              25.732186
            ],
            [
              82.666512,
              25.733417
            ],
            [
              82.668442,
              25.732186
            ],
            [
              82.668315,
              25.731383
            ],
            [
              82.66335,
              25.730186
            ],
            [
              82.665169,
              25.729842
            ],
            [
              82.665217,
              25.728482
            ],
            [
              82.664039,
              25.728186
            ],
            [
              82.66549,
              25.725164
            ],
            [
              82.667138,
              25.724812
            ],
            [
              82.66728,
              25.723419
            ],
            [
              82.666092,
              25.723186
            ],
            [
              82.666512,
              25.722391
            ],
            [
              82.669512,
              25.72495
            ],
            [
              82.674078,
              25.725186
            ],
            [
              82.675512,
              25.727036
            ],
            [
              82.676843,
              25.726516
            ],
            [
              82.675661,
              25.724037
            ],
            [
              82.672319,
              25.721379
            ],
            [
              82.67226,
              25.719439
            ],
            [
              82.671433,
              25.719107
            ],
            [
              82.671512,
              25.71827
            ],
            [
              82.67262,
              25.719079
            ],
            [
              82.673512,
              25.720886
            ],
            [
              82.675189,
              25.719862
            ],
            [
              82.67531,
              25.718388
            ],
            [
              82.674307,
              25.718186
            ],
            [
              82.675411,
              25.715085
            ],
            [
              82.677512,
              25.716019
            ],
            [
              82.677592,
              25.717106
            ],
            [
              82.679512,
              25.716765
            ],
            [
              82.679608,
              25.718091
            ],
            [
              82.683346,
              25.718186
            ],
            [
              82.684512,
              25.71913
            ],
            [
              82.685403,
              25.719077
            ],
            [
              82.686512,
              25.716673
            ],
            [
              82.68674,
              25.717959
            ],
            [
              82.688512,
              25.718111
            ],
            [
              82.689512,
              25.716389
            ],
            [
              82.692512,
              25.714878
            ],
            [
              82.693861,
              25.716186
            ],
            [
              82.694367,
              25.718331
            ],
            [
              82.696241,
              25.718458
            ],
            [
              82.69717,
              25.720186
            ],
            [
              82.698512,
              25.719022
            ],
            [
              82.698659,
              25.720039
            ],
            [
              82.701589,
              25.71911
            ],
            [
              82.69909,
              25.723608
            ],
            [
              82.699977,
              25.72365
            ],
            [
              82.700512,
              25.722622
            ],
            [
              82.702512,
              25.723011
            ],
            [
              82.703294,
              25.722967
            ],
            [
              82.703512,
              25.722092
            ],
            [
              82.704267,
              25.722432
            ],
            [
              82.704472,
              25.723186
            ],
            [
              82.702124,
              25.723798
            ],
            [
              82.701512,
              25.726928
            ],
            [
              82.700512,
              25.724489
            ],
            [
              82.699098,
              25.724772
            ],
            [
              82.698657,
              25.726186
            ],
            [
              82.698825,
              25.726874
            ],
            [
              82.700619,
              25.727079
            ],
            [
              82.702228,
              25.72847
            ],
            [
              82.70201,
              25.730186
            ],
            [
              82.702835,
              25.730863
            ],
            [
              82.703732,
              25.735186
            ],
            [
              82.702713,
              25.735387
            ],
            [
              82.701733,
              25.737186
            ],
            [
              82.701832,
              25.737867
            ],
            [
              82.703518,
              25.738186
            ],
            [
              82.702512,
              25.739075
            ],
            [
              82.702283,
              25.738415
            ],
            [
              82.699512,
              25.738635
            ],
            [
              82.698796,
              25.74147
            ],
            [
              82.695895,
              25.742186
            ],
            [
              82.700512,
              25.744768
            ],
            [
              82.701553,
              25.743145
            ],
            [
              82.704284,
              25.744186
            ],
            [
              82.703047,
              25.745721
            ],
            [
              82.702965,
              25.747186
            ],
            [
              82.70528,
              25.747954
            ],
            [
              82.705512,
              25.746715
            ],
            [
              82.705623,
              25.748186
            ],
            [
              82.703817,
              25.749491
            ],
            [
              82.703763,
              25.751186
            ],
            [
              82.706219,
              25.753186
            ],
            [
              82.705512,
              25.753605
            ],
            [
              82.704846,
              25.752852
            ],
            [
              82.702512,
              25.752672
            ],
            [
              82.700934,
              25.750765
            ],
            [
              82.69903,
              25.750704
            ],
            [
              82.698712,
              25.752186
            ],
            [
              82.6997,
              25.754186
            ],
            [
              82.697512,
              25.754204
            ],
            [
              82.696974,
              25.752725
            ],
            [
              82.696116,
              25.752789
            ],
            [
              82.69486,
              25.755186
            ],
            [
              82.696076,
              25.756186
            ],
            [
              82.695448,
              25.758186
            ],
            [
              82.693512,
              25.759789
            ]
          ]
        ],
        "type": "Polygon"
      },
      "type": "Feature"
    },
    {
      "properties": {
        "fill-opacity": 0.33,
        "fillColor": "#bf4040",
        "opacity": 0.33,
        "fill": "#bf4040",
        "fillOpacity": 0.33,
        "color": "#bf4040",
        "contour": 4.0,
        "metric": "distance",
        "provider_name": "Go 69 Pizza",
        "zone_type": "distance",
        "distance_km": 4,
        "mode": "motorcycle",
        "center_lat": 25.73718644,
        "center_lon": 82.68351283,
        "label": "4km"
      },
      "geometry": {
        "coordinates": [
          [
            [
              82.689512,
              25.76873
            ],
            [
              82.68621,
              25.765488
            ],
            [
              82.683738,
              25.765186
            ],
            [
              82.684422,
              25.764186
            ],
            [
              82.683512,
              25.762569
            ],
            [
              82.681795,
              25.763186
            ],
            [
              82.681624,
              25.766074
            ],
            [
              82.682255,
              25.766186
            ],
            [
              82.681512,
              25.766704
            ],
            [
              82.680512,
              25.766222
            ],
            [
              82.681397,
              25.766071
            ],
            [
              82.681111,
              25.764587
            ],
            [
              82.678365,
              25.764333
            ],
            [
              82.678374,
              25.764186
            ],
            [
              82.679308,
              25.763981
            ],
            [
              82.678983,
              25.761715
            ],
            [
              82.675512,
              25.761814
            ],
            [
              82.673512,
              25.760618
            ],
            [
              82.671839,
              25.761186
            ],
            [
              82.671083,
              25.758186
            ],
            [
              82.673794,
              25.755186
            ],
            [
              82.675512,
              25.755023
            ],
            [
              82.676857,
              25.75353
            ],
            [
              82.676224,
              25.751898
            ],
            [
              82.677807,
              25.751891
            ],
            [
              82.678512,
              25.753653
            ],
            [
              82.679186,
              25.751859
            ],
            [
              82.681769,
              25.751443
            ],
            [
              82.68181,
              25.749186
            ],
            [
              82.680706,
              25.747992
            ],
            [
              82.679512,
              25.74987
            ],
            [
              82.676512,
              25.749828
            ],
            [
              82.675512,
              25.747848
            ],
            [
              82.673512,
              25.748813
            ],
            [
              82.672512,
              25.747806
            ],
            [
              82.671512,
              25.748699
            ],
            [
              82.669512,
              25.748714
            ],
            [
              82.668985,
              25.748186
            ],
            [
              82.669947,
              25.747186
            ],
            [
              82.669512,
              25.746757
            ],
            [
              82.664512,
              25.746468
            ],
            [
              82.662361,
              25.749337
            ],
            [
              82.661512,
              25.749204
            ],
            [
              82.661514,
              25.749184
            ],
            [
              82.662335,
              25.749009
            ],
            [
              82.661975,
              25.747724
            ],
            [
              82.659032,
              25.747706
            ],
            [
              82.658774,
              25.748924
            ],
            [
              82.659528,
              25.749201
            ],
            [
              82.658097,
              25.750186
            ],
            [
              82.657136,
              25.748562
            ],
            [
              82.654614,
              25.748186
            ],
            [
              82.655199,
              25.747186
            ],
            [
              82.655692,
              25.748006
            ],
            [
              82.657089,
              25.747762
            ],
            [
              82.65742,
              25.745278
            ],
            [
              82.656512,
              25.745015
            ],
            [
              82.657512,
              25.745144
            ],
            [
              82.657951,
              25.743747
            ],
            [
              82.656512,
              25.74402
            ],
            [
              82.655938,
              25.74276
            ],
            [
              82.653512,
              25.742469
            ],
            [
              82.652512,
              25.741275
            ],
            [
              82.651401,
              25.741298
            ],
            [
              82.650512,
              25.739418
            ],
            [
              82.649848,
              25.739521
            ],
            [
              82.649512,
              25.741083
            ],
            [
              82.64758,
              25.740186
            ],
            [
              82.649227,
              25.7389
            ],
            [
              82.649512,
              25.736829
            ],
            [
              82.651512,
              25.738906
            ],
            [
              82.652313,
              25.736987
            ],
            [
              82.653936,
              25.73661
            ],
            [
              82.655111,
              25.735186
            ],
            [
              82.654512,
              25.734542
            ],
            [
              82.652512,
              25.735312
            ],
            [
              82.649965,
              25.734733
            ],
            [
              82.649397,
              25.734186
            ],
            [
              82.651174,
              25.733848
            ],
            [
              82.651335,
              25.733186
            ],
            [
              82.651346,
              25.732352
            ],
            [
              82.650478,
              25.73222
            ],
            [
              82.650512,
              25.731683
            ],
            [
              82.650608,
              25.732091
            ],
            [
              82.651584,
              25.732114
            ],
            [
              82.652512,
              25.732952
            ],
            [
              82.65337,
              25.732186
            ],
            [
              82.653307,
              25.730981
            ],
            [
              82.655512,
              25.731915
            ],
            [
              82.653844,
              25.732518
            ],
            [
              82.654512,
              25.73383
            ],
            [
              82.656512,
              25.733831
            ],
            [
              82.659224,
              25.731898
            ],
            [
              82.659488,
              25.731186
            ],
            [
              82.657256,
              25.729442
            ],
            [
              82.656512,
              25.726556
            ],
            [
              82.657512,
              25.727095
            ],
            [
              82.658512,
              25.725915
            ],
            [
              82.658892,
              25.726806
            ],
            [
              82.660095,
              25.726768
            ],
            [
              82.660471,
              25.725228
            ],
            [
              82.659392,
              25.725306
            ],
            [
              82.659123,
              25.724186
            ],
            [
              82.660078,
              25.723751
            ],
            [
              82.66018,
              25.721519
            ],
            [
              82.65858,
              25.721186
            ],
            [
              82.661109,
              25.720783
            ],
            [
              82.662961,
              25.718635
            ],
            [
              82.663005,
              25.717693
            ],
            [
              82.660642,
              25.717186
            ],
            [
              82.66223,
              25.715904
            ],
            [
              82.662512,
              25.714539
            ],
            [
              82.665281,
              25.716186
            ],
            [
              82.665908,
              25.718186
            ],
            [
              82.667349,
              25.719349
            ],
            [
              82.670999,
              25.719699
            ],
            [
              82.671048,
              25.720651
            ],
            [
              82.67185,
              25.720523
            ],
            [
              82.670512,
              25.718477
            ],
            [
              82.669512,
              25.71839
            ],
            [
              82.669372,
              25.717326
            ],
            [
              82.668555,
              25.717186
            ],
            [
              82.671907,
              25.71558
            ],
            [
              82.671135,
              25.714186
            ],
            [
              82.673082,
              25.713186
            ],
            [
              82.672239,
              25.712186
            ],
            [
              82.673263,
              25.709186
            ],
            [
              82.672343,
              25.707186
            ],
            [
              82.673512,
              25.706206
            ],
            [
              82.675512,
              25.707992
            ],
            [
              82.677512,
              25.707578
            ],
            [
              82.677445,
              25.709186
            ],
            [
              82.674875,
              25.711186
            ],
            [
              82.677127,
              25.713571
            ],
            [
              82.678221,
              25.713186
            ],
            [
              82.678512,
              25.710608
            ],
            [
              82.680512,
              25.710311
            ],
            [
              82.680866,
              25.711833
            ],
            [
              82.682236,
              25.71191
            ],
            [
              82.682512,
              25.71097
            ],
            [
              82.682639,
              25.71206
            ],
            [
              82.683542,
              25.712157
            ],
            [
              82.68353,
              25.714186
            ],
            [
              82.682668,
              25.714341
            ],
            [
              82.682541,
              25.715214
            ],
            [
              82.682389,
              25.714309
            ],
            [
              82.680769,
              25.714443
            ],
            [
              82.679895,
              25.717186
            ],
            [
              82.680512,
              25.717773
            ],
            [
              82.682512,
              25.717825
            ],
            [
              82.683512,
              25.716876
            ],
            [
              82.685512,
              25.716734
            ],
            [
              82.68603,
              25.716186
            ],
            [
              82.685512,
              25.714913
            ],
            [
              82.691852,
              25.714526
            ],
            [
              82.691512,
              25.713604
            ],
            [
              82.689306,
              25.713393
            ],
            [
              82.689305,
              25.711394
            ],
            [
              82.688467,
              25.711231
            ],
            [
              82.688438,
              25.710186
            ],
            [
              82.68948,
              25.710154
            ],
            [
              82.689755,
              25.707428
            ],
            [
              82.690512,
              25.707407
            ],
            [
              82.690852,
              25.708846
            ],
            [
              82.69298,
              25.709653
            ],
            [
              82.693276,
              25.707422
            ],
            [
              82.6919,
              25.707186
            ],
            [
              82.693555,
              25.706143
            ],
            [
              82.693856,
              25.707843
            ],
            [
              82.695512,
              25.70772
            ],
            [
              82.697413,
              25.711186
            ],
            [
              82.696066,
              25.713186
            ],
            [
              82.696467,
              25.714231
            ],
            [
              82.698276,
              25.713949
            ],
            [
              82.698512,
              25.713153
            ],
            [
              82.700512,
              25.713991
            ],
            [
              82.703512,
              25.7139
            ],
            [
              82.704306,
              25.713186
            ],
            [
              82.704263,
              25.712435
            ],
            [
              82.703271,
              25.712186
            ],
            [
              82.703512,
              25.711197
            ],
            [
              82.704512,
              25.711602
            ],
            [
              82.705512,
              25.710958
            ],
            [
              82.705735,
              25.713963
            ],
            [
              82.706481,
              25.714186
            ],
            [
              82.705607,
              25.715281
            ],
            [
              82.706066,
              25.718632
            ],
            [
              82.706953,
              25.718627
            ],
            [
              82.70737,
              25.717044
            ],
            [
              82.709745,
              25.714953
            ],
            [
              82.710844,
              25.717186
            ],
            [
              82.709779,
              25.718452
            ],
            [
              82.70985,
              25.719849
            ],
            [
              82.711902,
              25.720186
            ],
            [
              82.711822,
              25.721186
            ],
            [
              82.710746,
              25.72142
            ],
            [
              82.711161,
              25.723186
            ],
            [
              82.710512,
              25.724155
            ],
            [
              82.710255,
              25.722443
            ],
            [
              82.707909,
              25.723186
            ],
            [
              82.709512,
              25.72505
            ],
            [
              82.710411,
              25.725085
            ],
            [
              82.710512,
              25.724228
            ],
            [
              82.710817,
              25.724882
            ],
            [
              82.710855,
              25.726186
            ],
            [
              82.709151,
              25.727186
            ],
            [
              82.710512,
              25.727835
            ],
            [
              82.710512,
              25.72956
            ],
            [
              82.709512,
              25.72984
            ],
            [
              82.70922,
              25.728478
            ],
            [
              82.707804,
              25.729186
            ],
            [
              82.709512,
              25.730501
            ],
            [
              82.710595,
              25.733103
            ],
            [
              82.71357,
              25.735186
            ],
            [
              82.712609,
              25.736282
            ],
            [
              82.708843,
              25.736517
            ],
            [
              82.707512,
              25.736553
            ],
            [
              82.706512,
              25.735607
            ],
            [
              82.704512,
              25.736648
            ],
            [
              82.703512,
              25.735692
            ],
            [
              82.702074,
              25.737186
            ],
            [
              82.704014,
              25.738186
            ],
            [
              82.702843,
              25.739516
            ],
            [
              82.701512,
              25.738726
            ],
            [
              82.699512,
              25.738831
            ],
            [
              82.698936,
              25.741609
            ],
            [
              82.696131,
              25.742186
            ],
            [
              82.699952,
              25.743626
            ],
            [
              82.702512,
              25.741717
            ],
            [
              82.703512,
              25.74275
            ],
            [
              82.705512,
              25.742752
            ],
            [
              82.706512,
              25.741803
            ],
            [
              82.707512,
              25.742793
            ],
            [
              82.710434,
              25.740108
            ],
            [
              82.712334,
              25.740186
            ],
            [
              82.711855,
              25.741186
            ],
            [
              82.709996,
              25.741669
            ],
            [
              82.709806,
              25.743479
            ],
            [
              82.708102,
              25.743776
            ],
            [
              82.707792,
              25.745466
            ],
            [
              82.704205,
              25.749878
            ],
            [
              82.704084,
              25.751186
            ],
            [
              82.706512,
              25.752694
            ],
            [
              82.709512,
              25.752836
            ],
            [
              82.710434,
              25.751264
            ],
            [
              82.70995,
              25.750186
            ],
            [
              82.711512,
              25.749649
            ],
            [
              82.713219,
              25.750186
            ],
            [
              82.71259,
              25.750264
            ],
            [
              82.712678,
              25.752021
            ],
            [
              82.714368,
              25.753186
            ],
            [
              82.712803,
              25.753477
            ],
            [
              82.712891,
              25.754807
            ],
            [
              82.715202,
              25.756875
            ],
            [
              82.71092,
              25.757594
            ],
            [
              82.710715,
              25.758983
            ],
            [
              82.711677,
              25.759186
            ],
            [
              82.710682,
              25.759355
            ],
            [
              82.710512,
              25.760379
            ],
            [
              82.710339,
              25.759359
            ],
            [
              82.708563,
              25.759186
            ],
            [
              82.707512,
              25.758278
            ],
            [
              82.706086,
              25.758612
            ],
            [
              82.705512,
              25.756525
            ],
            [
              82.704512,
              25.757683
            ],
            [
              82.704026,
              25.756672
            ],
            [
              82.702512,
              25.75641
            ],
            [
              82.701512,
              25.758277
            ],
            [
              82.701084,
              25.756614
            ],
            [
              82.698512,
              25.756601
            ],
            [
              82.697905,
              25.757186
            ],
            [
              82.698974,
              25.758186
            ],
            [
              82.698512,
              25.765887
            ],
            [
              82.698357,
              25.764342
            ],
            [
              82.696512,
              25.764258
            ],
            [
              82.695047,
              25.76472
            ],
            [
              82.694512,
              25.766301
            ],
            [
              82.691233,
              25.766465
            ],
            [
              82.691365,
              25.765186
            ],
            [
              82.690512,
              25.764445
            ],
            [
              82.68974,
              25.765186
            ],
            [
              82.690713,
              25.767186
            ],
            [
              82.689512,
              25.76873
            ]
          ]
        ],
        "type": "Polygon"
      },
      "type": "Feature"
    },
    {
      "properties": {
        "fill-opacity": 0.33,
        "fillColor": "#bf4040",
        "opacity": 0.33,
        "fill": "#bf4040",
        "fillOpacity": 0.33,
        "color": "#bf4040",
        "contour": 5.0,
        "metric": "distance",
        "provider_name": "Go 69 Pizza",
        "zone_type": "distance",
        "distance_km": 5,
        "mode": "motorcycle",
        "center_lat": 25.73718644,
        "center_lon": 82.68351283,
        "label": "5km"
      },
      "geometry": {
        "coordinates": [
          [
            [
              82.686512,
              25.775813
            ],
            [
              82.686387,
              25.774186
            ],
            [
              82.687261,
              25.773186
            ],
            [
              82.686512,
              25.771262
            ],
            [
              82.684512,
              25.771401
            ],
            [
              82.683775,
              25.772186
            ],
            [
              82.684648,
              25.773186
            ],
            [
              82.684512,
              25.775301
            ],
            [
              82.684227,
              25.773472
            ],
            [
              82.682809,
              25.773483
            ],
            [
              82.682512,
              25.774858
            ],
            [
              82.681533,
              25.773165
            ],
            [
              82.680512,
              25.77407
            ],
            [
              82.678512,
              25.773186
            ],
            [
              82.679357,
              25.773031
            ],
            [
              82.679249,
              25.771449
            ],
            [
              82.677512,
              25.771574
            ],
            [
              82.67633,
              25.770368
            ],
            [
              82.674116,
              25.770186
            ],
            [
              82.676012,
              25.768686
            ],
            [
              82.675939,
              25.766759
            ],
            [
              82.67308,
              25.768186
            ],
            [
              82.671512,
              25.770013
            ],
            [
              82.669784,
              25.769186
            ],
            [
              82.670431,
              25.769105
            ],
            [
              82.670307,
              25.767391
            ],
            [
              82.668512,
              25.766882
            ],
            [
              82.669253,
              25.765927
            ],
            [
              82.669241,
              25.763186
            ],
            [
              82.670276,
              25.762186
            ],
            [
              82.667122,
              25.758186
            ],
            [
              82.668092,
              25.757186
            ],
            [
              82.667951,
              25.755747
            ],
            [
              82.666931,
              25.755605
            ],
            [
              82.666512,
              25.756346
            ],
            [
              82.666313,
              25.755186
            ],
            [
              82.668195,
              25.754186
            ],
            [
              82.667267,
              25.753186
            ],
            [
              82.668321,
              25.752186
            ],
            [
              82.66824,
              25.750186
            ],
            [
              82.668526,
              25.750172
            ],
            [
              82.6687,
              25.750999
            ],
            [
              82.669455,
              25.751186
            ],
            [
              82.668735,
              25.751408
            ],
            [
              82.668768,
              25.753186
            ],
            [
              82.669798,
              25.754186
            ],
            [
              82.668876,
              25.755186
            ],
            [
              82.670141,
              25.756558
            ],
            [
              82.671512,
              25.756689
            ],
            [
              82.672209,
              25.754883
            ],
            [
              82.675512,
              25.754642
            ],
            [
              82.676739,
              25.753413
            ],
            [
              82.676087,
              25.751761
            ],
            [
              82.67794,
              25.751758
            ],
            [
              82.678512,
              25.753504
            ],
            [
              82.679071,
              25.751744
            ],
            [
              82.681698,
              25.751371
            ],
            [
              82.681742,
              25.749186
            ],
            [
              82.680662,
              25.748036
            ],
            [
              82.679512,
              25.749946
            ],
            [
              82.676512,
              25.749923
            ],
            [
              82.675512,
              25.747933
            ],
            [
              82.673512,
              25.748914
            ],
            [
              82.672512,
              25.747911
            ],
            [
              82.671512,
              25.748859
            ],
            [
              82.669512,
              25.748865
            ],
            [
              82.668912,
              25.747786
            ],
            [
              82.667512,
              25.747667
            ],
            [
              82.666835,
              25.746863
            ],
            [
              82.664512,
              25.746768
            ],
            [
              82.663877,
              25.748551
            ],
            [
              82.662182,
              25.749856
            ],
            [
              82.661817,
              25.751491
            ],
            [
              82.659871,
              25.753186
            ],
            [
              82.660512,
              25.753909
            ],
            [
              82.661666,
              25.753186
            ],
            [
              82.662122,
              25.756186
            ],
            [
              82.660572,
              25.757246
            ],
            [
              82.66,
              25.754698
            ],
            [
              82.658512,
              25.754957
            ],
            [
              82.657512,
              25.75332
            ],
            [
              82.656793,
              25.753467
            ],
            [
              82.656512,
              25.75471
            ],
            [
              82.655453,
              25.754245
            ],
            [
              82.654191,
              25.751186
            ],
            [
              82.652512,
              25.74963
            ],
            [
              82.651096,
              25.74977
            ],
            [
              82.651512,
              25.751326
            ],
            [
              82.649512,
              25.751432
            ],
            [
              82.648512,
              25.750458
            ],
            [
              82.6468,
              25.750473
            ],
            [
              82.646512,
              25.752088
            ],
            [
              82.644788,
              25.750186
            ],
            [
              82.647141,
              25.749815
            ],
            [
              82.647323,
              25.748375
            ],
            [
              82.646165,
              25.747839
            ],
            [
              82.647512,
              25.74783
            ],
            [
              82.650512,
              25.746022
            ],
            [
              82.652144,
              25.746554
            ],
            [
              82.652116,
              25.748186
            ],
            [
              82.65307,
              25.748628
            ],
            [
              82.653855,
              25.748529
            ],
            [
              82.654512,
              25.746691
            ],
            [
              82.656807,
              25.74748
            ],
            [
              82.655772,
              25.742926
            ],
            [
              82.653512,
              25.742769
            ],
            [
              82.652512,
              25.741709
            ],
            [
              82.651149,
              25.74155
            ],
            [
              82.650512,
              25.739752
            ],
            [
              82.649512,
              25.741683
            ],
            [
              82.648074,
              25.741625
            ],
            [
              82.647512,
              25.740685
            ],
            [
              82.646949,
              25.741186
            ],
            [
              82.647928,
              25.74177
            ],
            [
              82.647859,
              25.743186
            ],
            [
              82.648781,
              25.744186
            ],
            [
              82.648512,
              25.745935
            ],
            [
              82.648008,
              25.74469
            ],
            [
              82.646334,
              25.744365
            ],
            [
              82.644931,
              25.741767
            ],
            [
              82.643025,
              25.741699
            ],
            [
              82.642733,
              25.742966
            ],
            [
              82.643278,
              25.743186
            ],
            [
              82.64269,
              25.743364
            ],
            [
              82.640512,
              25.741361
            ],
            [
              82.639746,
              25.741419
            ],
            [
              82.639512,
              25.742605
            ],
            [
              82.639233,
              25.740466
            ],
            [
              82.6377,
              25.740186
            ],
            [
              82.640316,
              25.739989
            ],
            [
              82.640531,
              25.738167
            ],
            [
              82.641512,
              25.739906
            ],
            [
              82.642249,
              25.738923
            ],
            [
              82.644921,
              25.738595
            ],
            [
              82.644512,
              25.737483
            ],
            [
              82.64168,
              25.737353
            ],
            [
              82.641512,
              25.737915
            ],
            [
              82.641512,
              25.736896
            ],
            [
              82.645512,
              25.736863
            ],
            [
              82.646912,
              25.737585
            ],
            [
              82.647878,
              25.73482
            ],
            [
              82.646512,
              25.735534
            ],
            [
              82.645001,
              25.734186
            ],
            [
              82.646512,
              25.732759
            ],
            [
              82.650817,
              25.733491
            ],
            [
              82.649214,
              25.730888
            ],
            [
              82.651837,
              25.729511
            ],
            [
              82.654809,
              25.726483
            ],
            [
              82.655722,
              25.724186
            ],
            [
              82.655382,
              25.721316
            ],
            [
              82.654775,
              25.721186
            ],
            [
              82.656294,
              25.720968
            ],
            [
              82.656336,
              25.720009
            ],
            [
              82.657918,
              25.719592
            ],
            [
              82.65782,
              25.718186
            ],
            [
              82.65905,
              25.717186
            ],
            [
              82.657908,
              25.716186
            ],
            [
              82.659164,
              25.715838
            ],
            [
              82.658512,
              25.714506
            ],
            [
              82.657181,
              25.716186
            ],
            [
              82.655648,
              25.716322
            ],
            [
              82.655512,
              25.716875
            ],
            [
              82.654821,
              25.716186
            ],
            [
              82.655871,
              25.715545
            ],
            [
              82.655512,
              25.712576
            ],
            [
              82.657332,
              25.712006
            ],
            [
              82.658078,
              25.710752
            ],
            [
              82.658131,
              25.709568
            ],
            [
              82.656556,
              25.70923
            ],
            [
              82.656512,
              25.709905
            ],
            [
              82.656486,
              25.709186
            ],
            [
              82.658512,
              25.706291
            ],
            [
              82.658659,
              25.70704
            ],
            [
              82.662512,
              25.707959
            ],
            [
              82.663137,
              25.709186
            ],
            [
              82.66181,
              25.710186
            ],
            [
              82.6631,
              25.711598
            ],
            [
              82.664979,
              25.711653
            ],
            [
              82.666642,
              25.710056
            ],
            [
              82.669089,
              25.711186
            ],
            [
              82.667753,
              25.712427
            ],
            [
              82.667999,
              25.7137
            ],
            [
              82.670369,
              25.714042
            ],
            [
              82.670725,
              25.713399
            ],
            [
              82.672759,
              25.713433
            ],
            [
              82.671665,
              25.712186
            ],
            [
              82.672921,
              25.710186
            ],
            [
              82.67282,
              25.708879
            ],
            [
              82.671165,
              25.708533
            ],
            [
              82.670068,
              25.707186
            ],
            [
              82.67028,
              25.705954
            ],
            [
              82.673044,
              25.705186
            ],
            [
              82.672972,
              25.703727
            ],
            [
              82.672141,
              25.703186
            ],
            [
              82.67222,
              25.700478
            ],
            [
              82.671375,
              25.700186
            ],
            [
              82.672512,
              25.697903
            ],
            [
              82.673552,
              25.698147
            ],
            [
              82.672713,
              25.698387
            ],
            [
              82.673024,
              25.700675
            ],
            [
              82.675525,
              25.700173
            ],
            [
              82.675705,
              25.701993
            ],
            [
              82.677271,
              25.703186
            ],
            [
              82.676889,
              25.704186
            ],
            [
              82.678139,
              25.70556
            ],
            [
              82.681632,
              25.703186
            ],
            [
              82.681704,
              25.704378
            ],
            [
              82.679927,
              25.706186
            ],
            [
              82.681033,
              25.707665
            ],
            [
              82.682628,
              25.708071
            ],
            [
              82.683951,
              25.714186
            ],
            [
              82.682512,
              25.715756
            ],
            [
              82.681133,
              25.714806
            ],
            [
              82.680512,
              25.717422
            ],
            [
              82.685739,
              25.716413
            ],
            [
              82.684875,
              25.715186
            ],
            [
              82.685512,
              25.714579
            ],
            [
              82.686512,
              25.715527
            ],
            [
              82.687512,
              25.714589
            ],
            [
              82.691738,
              25.714411
            ],
            [
              82.688921,
              25.713186
            ],
            [
              82.689092,
              25.712186
            ],
            [
              82.68811,
              25.711186
            ],
            [
              82.688996,
              25.709186
            ],
            [
              82.688231,
              25.706186
            ],
            [
              82.689512,
              25.704975
            ],
            [
              82.690512,
              25.705942
            ],
            [
              82.693853,
              25.705526
            ],
            [
              82.694219,
              25.700186
            ],
            [
              82.692978,
              25.699186
            ],
            [
              82.695207,
              25.698881
            ],
            [
              82.695512,
              25.697714
            ],
            [
              82.696512,
              25.698026
            ],
            [
              82.69658,
              25.699118
            ],
            [
              82.695004,
              25.700678
            ],
            [
              82.695099,
              25.702599
            ],
            [
              82.695956,
              25.702629
            ],
            [
              82.697512,
              25.701025
            ],
            [
              82.700052,
              25.703186
            ],
            [
              82.697053,
              25.704727
            ],
            [
              82.697512,
              25.705795
            ],
            [
              82.699764,
              25.705934
            ],
            [
              82.700512,
              25.707161
            ],
            [
              82.701512,
              25.706225
            ],
            [
              82.701759,
              25.70694
            ],
            [
              82.705512,
              25.706879
            ],
            [
              82.706007,
              25.705692
            ],
            [
              82.704437,
              25.704186
            ],
            [
              82.705915,
              25.703589
            ],
            [
              82.706512,
              25.702209
            ],
            [
              82.706678,
              25.70302
            ],
            [
              82.708626,
              25.704072
            ],
            [
              82.710432,
              25.704267
            ],
            [
              82.710602,
              25.707097
            ],
            [
              82.712896,
              25.709803
            ],
            [
              82.715282,
              25.708956
            ],
            [
              82.715512,
              25.708047
            ],
            [
              82.716395,
              25.708303
            ],
            [
              82.714725,
              25.713186
            ],
            [
              82.714815,
              25.713883
            ],
            [
              82.71621,
              25.714186
            ],
            [
              82.714765,
              25.714438
            ],
            [
              82.714533,
              25.715207
            ],
            [
              82.713817,
              25.715186
            ],
            [
              82.714443,
              25.715117
            ],
            [
              82.714106,
              25.713593
            ],
            [
              82.712512,
              25.713281
            ],
            [
              82.712134,
              25.714564
            ],
            [
              82.713492,
              25.715186
            ],
            [
              82.711012,
              25.716186
            ],
            [
              82.712954,
              25.717186
            ],
            [
              82.711179,
              25.717853
            ],
            [
              82.710206,
              25.719493
            ],
            [
              82.715512,
              25.719806
            ],
            [
              82.717304,
              25.718186
            ],
            [
              82.716512,
              25.717114
            ],
            [
              82.717362,
              25.717036
            ],
            [
              82.718585,
              25.717113
            ],
            [
              82.719816,
              25.719186
            ],
            [
              82.718512,
              25.721716
            ],
            [
              82.715912,
              25.721586
            ],
            [
              82.715856,
              25.722842
            ],
            [
              82.718525,
              25.723186
            ],
            [
              82.717573,
              25.723247
            ],
            [
              82.71758,
              25.724254
            ],
            [
              82.715776,
              25.725186
            ],
            [
              82.716631,
              25.726186
            ],
            [
              82.715727,
              25.727186
            ],
            [
              82.716918,
              25.728186
            ],
            [
              82.716882,
              25.729555
            ],
            [
              82.716312,
              25.728386
            ],
            [
              82.715394,
              25.728304
            ],
            [
              82.712512,
              25.725619
            ],
            [
              82.711994,
              25.726186
            ],
            [
              82.712948,
              25.727186
            ],
            [
              82.711168,
              25.727842
            ],
            [
              82.710993,
              25.730186
            ],
            [
              82.710036,
              25.731186
            ],
            [
              82.711512,
              25.731738
            ],
            [
              82.714512,
              25.729936
            ],
            [
              82.716512,
              25.730346
            ],
            [
              82.717997,
              25.732701
            ],
            [
              82.719708,
              25.73299
            ],
            [
              82.720525,
              25.736198
            ],
            [
              82.719512,
              25.735817
            ],
            [
              82.719063,
              25.734636
            ],
            [
              82.717512,
              25.734545
            ],
            [
              82.716918,
              25.735186
            ],
            [
              82.717854,
              25.736186
            ],
            [
              82.717899,
              25.737799
            ],
            [
              82.718864,
              25.738186
            ],
            [
              82.717746,
              25.739186
            ],
            [
              82.718862,
              25.740186
            ],
            [
              82.718949,
              25.741622
            ],
            [
              82.718512,
              25.741981
            ],
            [
              82.718262,
              25.740436
            ],
            [
              82.715969,
              25.738729
            ],
            [
              82.714305,
              25.738394
            ],
            [
              82.712898,
              25.7368
            ],
            [
              82.707512,
              25.736798
            ],
            [
              82.706512,
              25.735819
            ],
            [
              82.704512,
              25.736836
            ],
            [
              82.703512,
              25.735855
            ],
            [
              82.702208,
              25.737186
            ],
            [
              82.70418,
              25.738186
            ],
            [
              82.702955,
              25.739629
            ],
            [
              82.699512,
              25.738924
            ],
            [
              82.699001,
              25.741674
            ],
            [
              82.696236,
              25.742186
            ],
            [
              82.699818,
              25.743491
            ],
            [
              82.702512,
              25.741533
            ],
            [
              82.703512,
              25.742546
            ],
            [
              82.705512,
              25.742548
            ],
            [
              82.706512,
              25.741568
            ],
            [
              82.707512,
              25.742564
            ],
            [
              82.710158,
              25.739832
            ],
            [
              82.712831,
              25.738868
            ],
            [
              82.713972,
              25.740186
            ],
            [
              82.713512,
              25.742063
            ],
            [
              82.712955,
              25.742628
            ],
            [
              82.711512,
              25.741705
            ],
            [
              82.710225,
              25.741899
            ],
            [
              82.710875,
              25.745549
            ],
            [
              82.710149,
              25.745549
            ],
            [
              82.709935,
              25.743763
            ],
            [
              82.708258,
              25.743932
            ],
            [
              82.705966,
              25.748639
            ],
            [
              82.704188,
              25.750186
            ],
            [
              82.704309,
              25.751389
            ],
            [
              82.706512,
              25.752523
            ],
            [
              82.709785,
              25.752459
            ],
            [
              82.709995,
              25.751186
            ],
            [
              82.708221,
              25.748894
            ],
            [
              82.709963,
              25.748637
            ],
            [
              82.712298,
              25.745972
            ],
            [
              82.714001,
              25.745675
            ],
            [
              82.714457,
              25.743241
            ],
            [
              82.713408,
              25.743081
            ],
            [
              82.71447,
              25.743144
            ],
            [
              82.714772,
              25.746186
            ],
            [
              82.712892,
              25.747186
            ],
            [
              82.715959,
              25.751186
            ],
            [
              82.715152,
              25.753547
            ],
            [
              82.717787,
              25.754911
            ],
            [
              82.720064,
              25.758634
            ],
            [
              82.723372,
              25.759045
            ],
            [
              82.723512,
              25.75849
            ],
            [
              82.7246,
              25.760186
            ],
            [
              82.722512,
              25.761337
            ],
            [
              82.721873,
              25.759825
            ],
            [
              82.719512,
              25.759523
            ],
            [
              82.718512,
              25.758579
            ],
            [
              82.716512,
              25.759489
            ],
            [
              82.715512,
              25.758607
            ],
            [
              82.714129,
              25.758802
            ],
            [
              82.71412,
              25.759578
            ],
            [
              82.716575,
              25.761186
            ],
            [
              82.716593,
              25.762105
            ],
            [
              82.71752,
              25.762186
            ],
            [
              82.716434,
              25.765108
            ],
            [
              82.715643,
              25.765317
            ],
            [
              82.715841,
              25.767186
            ],
            [
              82.715512,
              25.767468
            ],
            [
              82.715341,
              25.766358
            ],
            [
              82.713889,
              25.766563
            ],
            [
              82.713575,
              25.768123
            ],
            [
              82.714512,
              25.768442
            ],
            [
              82.713064,
              25.768186
            ],
            [
              82.712512,
              25.767291
            ],
            [
              82.711512,
              25.76817
            ],
            [
              82.710512,
              25.76637
            ],
            [
              82.708512,
              25.767387
            ],
            [
              82.707512,
              25.766696
            ],
            [
              82.706044,
              25.767186
            ],
            [
              82.705688,
              25.766186
            ],
            [
              82.706507,
              25.765186
            ],
            [
              82.705797,
              25.762902
            ],
            [
              82.704512,
              25.76251
            ],
            [
              82.702512,
              25.763214
            ],
            [
              82.700637,
              25.762186
            ],
            [
              82.700172,
              25.759526
            ],
            [
              82.699512,
              25.75924
            ],
            [
              82.698848,
              25.767522
            ],
            [
              82.698007,
              25.767186
            ],
            [
              82.697512,
              25.764707
            ],
            [
              82.695238,
              25.764912
            ],
            [
              82.694512,
              25.766708
            ],
            [
              82.692128,
              25.766802
            ],
            [
              82.690902,
              25.768186
            ],
            [
              82.692719,
              25.76998
            ],
            [
              82.692638,
              25.771312
            ],
            [
              82.691103,
              25.771777
            ],
            [
              82.690512,
              25.773372
            ],
            [
              82.690129,
              25.772569
            ],
            [
              82.687791,
              25.772464
            ],
            [
              82.687574,
              25.774248
            ],
            [
              82.686761,
              25.774434
            ],
            [
              82.686512,
              25.775813
            ]
          ]
        ],
        "type": "Polygon"
      },
      "type": "Feature"
    },
    {
      "properties": {
        "fill-opacity": 0.33,
        "fillColor": "#bf4040",
        "opacity": 0.33,
        "fill": "#bf4040",
        "fillOpacity": 0.33,
        "color": "#bf4040",
        "contour": 6.0,
        "metric": "distance",
        "provider_name": "Go 69 Pizza",
        "zone_type": "distance",
        "distance_km": 6,
        "mode": "motorcycle",
        "center_lat": 25.73718644,
        "center_lon": 82.68351283,
        "label": "6km"
      },
      "geometry": {
        "coordinates": [
          [
            [
              82.677512,
              25.781091
            ],
            [
              82.67562,
              25.780186
            ],
            [
              82.676333,
              25.779186
            ],
            [
              82.675512,
              25.778429
            ],
            [
              82.674682,
              25.779186
            ],
            [
              82.674647,
              25.780051
            ],
            [
              82.675354,
              25.780186
            ],
            [
              82.673337,
              25.780186
            ],
            [
              82.67305,
              25.779186
            ],
            [
              82.674172,
              25.778846
            ],
            [
              82.674109,
              25.777589
            ],
            [
              82.671725,
              25.777399
            ],
            [
              82.671512,
              25.778371
            ],
            [
              82.670512,
              25.777729
            ],
            [
              82.669974,
              25.774725
            ],
            [
              82.668774,
              25.775186
            ],
            [
              82.66851,
              25.778188
            ],
            [
              82.666496,
              25.777186
            ],
            [
              82.667506,
              25.775186
            ],
            [
              82.666205,
              25.773493
            ],
            [
              82.664938,
              25.773612
            ],
            [
              82.664512,
              25.775272
            ],
            [
              82.662754,
              25.774944
            ],
            [
              82.661731,
              25.773186
            ],
            [
              82.662462,
              25.772136
            ],
            [
              82.662674,
              25.773025
            ],
            [
              82.664099,
              25.772772
            ],
            [
              82.663293,
              25.771186
            ],
            [
              82.664234,
              25.770186
            ],
            [
              82.663397,
              25.769071
            ],
            [
              82.667861,
              25.767534
            ],
            [
              82.668972,
              25.765186
            ],
            [
              82.668934,
              25.763186
            ],
            [
              82.669945,
              25.762186
            ],
            [
              82.666891,
              25.758186
            ],
            [
              82.667879,
              25.757186
            ],
            [
              82.667777,
              25.755921
            ],
            [
              82.666512,
              25.75673
            ],
            [
              82.665969,
              25.756186
            ],
            [
              82.666142,
              25.754816
            ],
            [
              82.667918,
              25.754186
            ],
            [
              82.666942,
              25.753186
            ],
            [
              82.667982,
              25.751186
            ],
            [
              82.66523,
              25.750469
            ],
            [
              82.665242,
              25.748915
            ],
            [
              82.666512,
              25.74878
            ],
            [
              82.669512,
              25.750688
            ],
            [
              82.672787,
              25.750911
            ],
            [
              82.672512,
              25.751598
            ],
            [
              82.669065,
              25.752186
            ],
            [
              82.670096,
              25.754186
            ],
            [
              82.669259,
              25.755439
            ],
            [
              82.671512,
              25.756521
            ],
            [
              82.672081,
              25.754754
            ],
            [
              82.675512,
              25.754499
            ],
            [
              82.676682,
              25.753355
            ],
            [
              82.676023,
              25.751697
            ],
            [
              82.678003,
              25.751695
            ],
            [
              82.678512,
              25.753427
            ],
            [
              82.679014,
              25.751688
            ],
            [
              82.681657,
              25.751331
            ],
            [
              82.681699,
              25.749186
            ],
            [
              82.680635,
              25.748063
            ],
            [
              82.680125,
              25.749799
            ],
            [
              82.676512,
              25.749978
            ],
            [
              82.675512,
              25.747984
            ],
            [
              82.673512,
              25.748972
            ],
            [
              82.672512,
              25.74797
            ],
            [
              82.671512,
              25.748939
            ],
            [
              82.669512,
              25.748943
            ],
            [
              82.666512,
              25.746873
            ],
            [
              82.664317,
              25.746991
            ],
            [
              82.663971,
              25.748645
            ],
            [
              82.662292,
              25.749965
            ],
            [
              82.661138,
              25.752186
            ],
            [
              82.662989,
              25.756186
            ],
            [
              82.662004,
              25.757186
            ],
            [
              82.663721,
              25.757978
            ],
            [
              82.663836,
              25.760186
            ],
            [
              82.664749,
              25.761186
            ],
            [
              82.664512,
              25.764203
            ],
            [
              82.664327,
              25.763371
            ],
            [
              82.662867,
              25.76354
            ],
            [
              82.662512,
              25.765775
            ],
            [
              82.662273,
              25.764425
            ],
            [
              82.660951,
              25.764186
            ],
            [
              82.662227,
              25.763901
            ],
            [
              82.662297,
              25.763186
            ],
            [
              82.660235,
              25.761186
            ],
            [
              82.662084,
              25.759186
            ],
            [
              82.660173,
              25.757526
            ],
            [
              82.659794,
              25.754904
            ],
            [
              82.65696,
              25.756186
            ],
            [
              82.65567,
              25.760186
            ],
            [
              82.655654,
              25.761044
            ],
            [
              82.656512,
              25.761447
            ],
            [
              82.655003,
              25.761186
            ],
            [
              82.655,
              25.758698
            ],
            [
              82.652724,
              25.758186
            ],
            [
              82.652536,
              25.757186
            ],
            [
              82.654512,
              25.756891
            ],
            [
              82.656041,
              25.755186
            ],
            [
              82.652512,
              25.749829
            ],
            [
              82.65112,
              25.750186
            ],
            [
              82.65205,
              25.751186
            ],
            [
              82.651512,
              25.751724
            ],
            [
              82.649512,
              25.751756
            ],
            [
              82.648512,
              25.750765
            ],
            [
              82.647037,
              25.751186
            ],
            [
              82.647105,
              25.754593
            ],
            [
              82.649668,
              25.75503
            ],
            [
              82.649642,
              25.756315
            ],
            [
              82.648512,
              25.75549
            ],
            [
              82.646512,
              25.757459
            ],
            [
              82.644512,
              25.756434
            ],
            [
              82.642604,
              25.758278
            ],
            [
              82.641556,
              25.75823
            ],
            [
              82.641512,
              25.758894
            ],
            [
              82.641492,
              25.758166
            ],
            [
              82.643046,
              25.75672
            ],
            [
              82.642967,
              25.755732
            ],
            [
              82.640945,
              25.755619
            ],
            [
              82.640582,
              25.757256
            ],
            [
              82.639512,
              25.756324
            ],
            [
              82.638613,
              25.756286
            ],
            [
              82.638512,
              25.757095
            ],
            [
              82.638481,
              25.756154
            ],
            [
              82.643904,
              25.753578
            ],
            [
              82.644851,
              25.751847
            ],
            [
              82.63657,
              25.752244
            ],
            [
              82.636532,
              25.753205
            ],
            [
              82.635459,
              25.753186
            ],
            [
              82.636457,
              25.751131
            ],
            [
              82.639362,
              25.751035
            ],
            [
              82.638912,
              25.744786
            ],
            [
              82.636512,
              25.742538
            ],
            [
              82.635816,
              25.74249
            ],
            [
              82.634552,
              25.744225
            ],
            [
              82.633439,
              25.744186
            ],
            [
              82.634388,
              25.744061
            ],
            [
              82.634291,
              25.742186
            ],
            [
              82.632669,
              25.741186
            ],
            [
              82.63295,
              25.739749
            ],
            [
              82.630959,
              25.739633
            ],
            [
              82.630768,
              25.74093
            ],
            [
              82.632094,
              25.741186
            ],
            [
              82.631512,
              25.742417
            ],
            [
              82.630052,
              25.741647
            ],
            [
              82.629252,
              25.739447
            ],
            [
              82.62783,
              25.739186
            ],
            [
              82.630138,
              25.738812
            ],
            [
              82.630512,
              25.736618
            ],
            [
              82.630796,
              25.737902
            ],
            [
              82.632014,
              25.738685
            ],
            [
              82.633927,
              25.738601
            ],
            [
              82.633986,
              25.736712
            ],
            [
              82.63194,
              25.736186
            ],
            [
              82.633716,
              25.734186
            ],
            [
              82.636512,
              25.733782
            ],
            [
              82.637591,
              25.735108
            ],
            [
              82.636725,
              25.736186
            ],
            [
              82.63779,
              25.737186
            ],
            [
              82.637857,
              25.739186
            ],
            [
              82.639512,
              25.739734
            ],
            [
              82.641097,
              25.73577
            ],
            [
              82.644512,
              25.732842
            ],
            [
              82.647681,
              25.732017
            ],
            [
              82.649283,
              25.733415
            ],
            [
              82.650721,
              25.733395
            ],
            [
              82.649737,
              25.731961
            ],
            [
              82.648651,
              25.732047
            ],
            [
              82.648623,
              25.730297
            ],
            [
              82.649541,
              25.730215
            ],
            [
              82.650512,
              25.727205
            ],
            [
              82.650612,
              25.728086
            ],
            [
              82.652124,
              25.728574
            ],
            [
              82.652896,
              25.727802
            ],
            [
              82.651512,
              25.726287
            ],
            [
              82.649512,
              25.726665
            ],
            [
              82.648512,
              25.7232
            ],
            [
              82.649782,
              25.723916
            ],
            [
              82.654512,
              25.723744
            ],
            [
              82.654997,
              25.722186
            ],
            [
              82.651257,
              25.721442
            ],
            [
              82.651147,
              25.720821
            ],
            [
              82.653056,
              25.720186
            ],
            [
              82.651914,
              25.717784
            ],
            [
              82.650512,
              25.716489
            ],
            [
              82.648419,
              25.71628
            ],
            [
              82.647461,
              25.715134
            ],
            [
              82.647512,
              25.714319
            ],
            [
              82.647619,
              25.715079
            ],
            [
              82.650512,
              25.714931
            ],
            [
              82.651295,
              25.713968
            ],
            [
              82.652512,
              25.714857
            ],
            [
              82.65403,
              25.714186
            ],
            [
              82.652839,
              25.711186
            ],
            [
              82.653512,
              25.710228
            ],
            [
              82.655304,
              25.709978
            ],
            [
              82.655322,
              25.709186
            ],
            [
              82.653807,
              25.708481
            ],
            [
              82.653512,
              25.709975
            ],
            [
              82.652159,
              25.709186
            ],
            [
              82.652472,
              25.708146
            ],
            [
              82.654512,
              25.707974
            ],
            [
              82.656103,
              25.706186
            ],
            [
              82.655512,
              25.705578
            ],
            [
              82.649903,
              25.705186
            ],
            [
              82.650512,
              25.704091
            ],
            [
              82.650678,
              25.70502
            ],
            [
              82.653512,
              25.704889
            ],
            [
              82.655169,
              25.703186
            ],
            [
              82.653234,
              25.700465
            ],
            [
              82.652068,
              25.700186
            ],
            [
              82.652512,
              25.698933
            ],
            [
              82.652703,
              25.699995
            ],
            [
              82.655512,
              25.699459
            ],
            [
              82.656838,
              25.700186
            ],
            [
              82.655719,
              25.700392
            ],
            [
              82.656512,
              25.701882
            ],
            [
              82.658082,
              25.701756
            ],
            [
              82.660512,
              25.700126
            ],
            [
              82.662512,
              25.702849
            ],
            [
              82.665084,
              25.702758
            ],
            [
              82.665512,
              25.701881
            ],
            [
              82.666754,
              25.702945
            ],
            [
              82.668574,
              25.703186
            ],
            [
              82.668644,
              25.705186
            ],
            [
              82.66777,
              25.706186
            ],
            [
              82.669512,
              25.70784
            ],
            [
              82.669648,
              25.705321
            ],
            [
              82.672859,
              25.705186
            ],
            [
              82.671898,
              25.701186
            ],
            [
              82.67086,
              25.700186
            ],
            [
              82.671967,
              25.699186
            ],
            [
              82.672378,
              25.694051
            ],
            [
              82.673512,
              25.695745
            ],
            [
              82.676512,
              25.693954
            ],
            [
              82.677656,
              25.694043
            ],
            [
              82.676818,
              25.695186
            ],
            [
              82.676778,
              25.697452
            ],
            [
              82.674167,
              25.697841
            ],
            [
              82.67308,
              25.700186
            ],
            [
              82.673512,
              25.700612
            ],
            [
              82.674512,
              25.69967
            ],
            [
              82.675849,
              25.699849
            ],
            [
              82.676194,
              25.701504
            ],
            [
              82.67797,
              25.703186
            ],
            [
              82.677128,
              25.704186
            ],
            [
              82.678512,
              25.705541
            ],
            [
              82.681789,
              25.702909
            ],
            [
              82.681902,
              25.704575
            ],
            [
              82.680143,
              25.706186
            ],
            [
              82.681234,
              25.707465
            ],
            [
              82.682877,
              25.707821
            ],
            [
              82.683273,
              25.711186
            ],
            [
              82.684351,
              25.712186
            ],
            [
              82.683965,
              25.716186
            ],
            [
              82.685512,
              25.716447
            ],
            [
              82.68577,
              25.715928
            ],
            [
              82.6846,
              25.716098
            ],
            [
              82.684697,
              25.714371
            ],
            [
              82.686082,
              25.714617
            ],
            [
              82.686254,
              25.715444
            ],
            [
              82.687512,
              25.714473
            ],
            [
              82.691681,
              25.714354
            ],
            [
              82.688802,
              25.713186
            ],
            [
              82.688781,
              25.711186
            ],
            [
              82.687746,
              25.710186
            ],
            [
              82.688845,
              25.708186
            ],
            [
              82.687888,
              25.706186
            ],
            [
              82.689512,
              25.70465
            ],
            [
              82.690512,
              25.705652
            ],
            [
              82.693738,
              25.705411
            ],
            [
              82.693847,
              25.700852
            ],
            [
              82.691512,
              25.700407
            ],
            [
              82.691647,
              25.699186
            ],
            [
              82.692512,
              25.697725
            ],
            [
              82.693512,
              25.698669
            ],
            [
              82.694821,
              25.698495
            ],
            [
              82.69525,
              25.694924
            ],
            [
              82.697132,
              25.694186
            ],
            [
              82.696512,
              25.693465
            ],
            [
              82.694075,
              25.693186
            ],
            [
              82.693802,
              25.692186
            ],
            [
              82.697064,
              25.691738
            ],
            [
              82.69843,
              25.690103
            ],
            [
              82.699361,
              25.690034
            ],
            [
              82.699512,
              25.689365
            ],
            [
              82.69995,
              25.690186
            ],
            [
              82.698772,
              25.690446
            ],
            [
              82.698957,
              25.691741
            ],
            [
              82.700278,
              25.691952
            ],
            [
              82.700512,
              25.69088
            ],
            [
              82.701704,
              25.691186
            ],
            [
              82.70061,
              25.691284
            ],
            [
              82.701622,
              25.695186
            ],
            [
              82.697133,
              25.695807
            ],
            [
              82.697962,
              25.697186
            ],
            [
              82.697711,
              25.699384
            ],
            [
              82.695226,
              25.700899
            ],
            [
              82.695123,
              25.702186
            ],
            [
              82.695779,
              25.702452
            ],
            [
              82.697512,
              25.700642
            ],
            [
              82.70182,
              25.702878
            ],
            [
              82.702963,
              25.705186
            ],
            [
              82.702201,
              25.706497
            ],
            [
              82.705919,
              25.706186
            ],
            [
              82.703993,
              25.704186
            ],
            [
              82.705051,
              25.702186
            ],
            [
              82.704129,
              25.700803
            ],
            [
              82.705512,
              25.699821
            ],
            [
              82.706512,
              25.700718
            ],
            [
              82.706929,
              25.699769
            ],
            [
              82.705512,
              25.698437
            ],
            [
              82.703512,
              25.698268
            ],
            [
              82.702748,
              25.699186
            ],
            [
              82.703874,
              25.700547
            ],
            [
              82.702512,
              25.700481
            ],
            [
              82.702277,
              25.699186
            ],
            [
              82.702476,
              25.69815
            ],
            [
              82.704421,
              25.698095
            ],
            [
              82.705512,
              25.696373
            ],
            [
              82.70602,
              25.697679
            ],
            [
              82.706976,
              25.69765
            ],
            [
              82.706713,
              25.694387
            ],
            [
              82.708668,
              25.694186
            ],
            [
              82.708854,
              25.695844
            ],
            [
              82.709512,
              25.696035
            ],
            [
              82.710234,
              25.695908
            ],
            [
              82.710512,
              25.694702
            ],
            [
              82.712229,
              25.695186
            ],
            [
              82.711627,
              25.6953
            ],
            [
              82.711547,
              25.697152
            ],
            [
              82.71283,
              25.697868
            ],
            [
              82.712466,
              25.699232
            ],
            [
              82.716092,
              25.700186
            ],
            [
              82.714845,
              25.701186
            ],
            [
              82.716458,
              25.704186
            ],
            [
              82.716122,
              25.705576
            ],
            [
              82.717512,
              25.705757
            ],
            [
              82.718946,
              25.704619
            ],
            [
              82.718512,
              25.703345
            ],
            [
              82.716843,
              25.704186
            ],
            [
              82.717462,
              25.703136
            ],
            [
              82.719078,
              25.702752
            ],
            [
              82.718791,
              25.701186
            ],
            [
              82.719512,
              25.70015
            ],
            [
              82.719832,
              25.701866
            ],
            [
              82.721373,
              25.702047
            ],
            [
              82.721512,
              25.701261
            ],
            [
              82.721646,
              25.702053
            ],
            [
              82.723009,
              25.702186
            ],
            [
              82.722512,
              25.703443
            ],
            [
              82.720935,
              25.703608
            ],
            [
              82.720795,
              25.705904
            ],
            [
              82.721532,
              25.706166
            ],
            [
              82.721512,
              25.70712
            ],
            [
              82.720512,
              25.706734
            ],
            [
              82.719512,
              25.707964
            ],
            [
              82.718512,
              25.707588
            ],
            [
              82.717171,
              25.708845
            ],
            [
              82.716997,
              25.710186
            ],
            [
              82.720512,
              25.71157
            ],
            [
              82.721512,
              25.711143
            ],
            [
              82.722512,
              25.713938
            ],
            [
              82.723512,
              25.713036
            ],
            [
              82.725162,
              25.713186
            ],
            [
              82.722775,
              25.715186
            ],
            [
              82.723512,
              25.716051
            ],
            [
              82.724512,
              25.715961
            ],
            [
              82.724635,
              25.717186
            ],
            [
              82.723512,
              25.717299
            ],
            [
              82.723221,
              25.716477
            ],
            [
              82.721512,
              25.716433
            ],
            [
              82.718512,
              25.714619
            ],
            [
              82.716935,
              25.716186
            ],
            [
              82.718865,
              25.716833
            ],
            [
              82.720512,
              25.718734
            ],
            [
              82.721802,
              25.718897
            ],
            [
              82.720825,
              25.720498
            ],
            [
              82.719055,
              25.721186
            ],
            [
              82.720145,
              25.722554
            ],
            [
              82.723958,
              25.722186
            ],
            [
              82.722946,
              25.724752
            ],
            [
              82.725274,
              25.724424
            ],
            [
              82.723692,
              25.730186
            ],
            [
              82.723873,
              25.730825
            ],
            [
              82.725932,
              25.731186
            ],
            [
              82.725362,
              25.732336
            ],
            [
              82.725909,
              25.733186
            ],
            [
              82.724512,
              25.733261
            ],
            [
              82.724202,
              25.732496
            ],
            [
              82.721512,
              25.732508
            ],
            [
              82.72017,
              25.733844
            ],
            [
              82.721043,
              25.735186
            ],
            [
              82.719964,
              25.737186
            ],
            [
              82.720106,
              25.738592
            ],
            [
              82.722601,
              25.738097
            ],
            [
              82.721924,
              25.740186
            ],
            [
              82.722512,
              25.740799
            ],
            [
              82.723512,
              25.739854
            ],
            [
              82.723856,
              25.741186
            ],
            [
              82.720161,
              25.741835
            ],
            [
              82.720927,
              25.746186
            ],
            [
              82.717986,
              25.747659
            ],
            [
              82.71641,
              25.747186
            ],
            [
              82.71609,
              25.743186
            ],
            [
              82.717987,
              25.741186
            ],
            [
              82.712512,
              25.736864
            ],
            [
              82.707512,
              25.736907
            ],
            [
              82.705777,
              25.735921
            ],
            [
              82.704512,
              25.736927
            ],
            [
              82.703512,
              25.735938
            ],
            [
              82.702279,
              25.737186
            ],
            [
              82.704263,
              25.738186
            ],
            [
              82.703012,
              25.739685
            ],
            [
              82.699512,
              25.738978
            ],
            [
              82.699091,
              25.741764
            ],
            [
              82.696296,
              25.742186
            ],
            [
              82.698097,
              25.742601
            ],
            [
              82.698512,
              25.743391
            ],
            [
              82.699746,
              25.74342
            ],
            [
              82.702512,
              25.741443
            ],
            [
              82.703512,
              25.742451
            ],
            [
              82.705512,
              25.742452
            ],
            [
              82.706512,
              25.741462
            ],
            [
              82.707512,
              25.74246
            ],
            [
              82.710059,
              25.739732
            ],
            [
              82.71295,
              25.738748
            ],
            [
              82.714162,
              25.740186
            ],
            [
              82.714035,
              25.743664
            ],
            [
              82.71505,
              25.744186
            ],
            [
              82.714895,
              25.746569
            ],
            [
              82.713129,
              25.747186
            ],
            [
              82.716156,
              25.751186
            ],
            [
              82.715278,
              25.75342
            ],
            [
              82.717932,
              25.754766
            ],
            [
              82.720512,
              25.758599
            ],
            [
              82.722512,
              25.75864
            ],
            [
              82.723512,
              25.757694
            ],
            [
              82.724898,
              25.758572
            ],
            [
              82.726209,
              25.757186
            ],
            [
              82.725299,
              25.756186
            ],
            [
              82.725512,
              25.755048
            ],
            [
              82.727512,
              25.755476
            ],
            [
              82.728452,
              25.755126
            ],
            [
              82.729854,
              25.755186
            ],
            [
              82.728653,
              25.755327
            ],
            [
              82.728668,
              25.756341
            ],
            [
              82.725924,
              25.759186
            ],
            [
              82.726512,
              25.75974
            ],
            [
              82.727158,
              25.758832
            ],
            [
              82.728979,
              25.758653
            ],
            [
              82.729399,
              25.757073
            ],
            [
              82.730026,
              25.758672
            ],
            [
              82.731073,
              25.758747
            ],
            [
              82.732512,
              25.756888
            ],
            [
              82.733575,
              25.758123
            ],
            [
              82.732746,
              25.758419
            ],
            [
              82.733112,
              25.760186
            ],
            [
              82.731803,
              25.760477
            ],
            [
              82.73162,
              25.761186
            ],
            [
              82.731868,
              25.761831
            ],
            [
              82.733512,
              25.762
            ],
            [
              82.733909,
              25.763186
            ],
            [
              82.733512,
              25.763329
            ],
            [
              82.733409,
              25.762289
            ],
            [
              82.730949,
              25.762622
            ],
            [
              82.729688,
              25.764186
            ],
            [
              82.730512,
              25.765537
            ],
            [
              82.728581,
              25.765254
            ],
            [
              82.728512,
              25.765806
            ],
            [
              82.726512,
              25.764303
            ],
            [
              82.7238,
              25.764474
            ],
            [
              82.723512,
              25.765468
            ],
            [
              82.723091,
              25.764608
            ],
            [
              82.721042,
              25.764716
            ],
            [
              82.720965,
              25.766186
            ],
            [
              82.719111,
              25.766784
            ],
            [
              82.718072,
              25.768626
            ],
            [
              82.718512,
              25.769068
            ],
            [
              82.719124,
              25.767798
            ],
            [
              82.722223,
              25.767475
            ],
            [
              82.723724,
              25.769186
            ],
            [
              82.720512,
              25.768526
            ],
            [
              82.717084,
              25.770758
            ],
            [
              82.718022,
              25.772677
            ],
            [
              82.720643,
              25.773317
            ],
            [
              82.720633,
              25.775306
            ],
            [
              82.717993,
              25.775666
            ],
            [
              82.716512,
              25.774381
            ],
            [
              82.713856,
              25.77453
            ],
            [
              82.71328,
              25.775418
            ],
            [
              82.712386,
              25.774312
            ],
            [
              82.712284,
              25.772414
            ],
            [
              82.711512,
              25.77228
            ],
            [
              82.709454,
              25.772128
            ],
            [
              82.707512,
              25.774625
            ],
            [
              82.705512,
              25.772343
            ],
            [
              82.703803,
              25.772477
            ],
            [
              82.703512,
              25.773651
            ],
            [
              82.702512,
              25.774136
            ],
            [
              82.702331,
              25.772186
            ],
            [
              82.701512,
              25.771452
            ],
            [
              82.699852,
              25.771526
            ],
            [
              82.698512,
              25.773098
            ],
            [
              82.698316,
              25.772186
            ],
            [
              82.700104,
              25.770778
            ],
            [
              82.700383,
              25.768186
            ],
            [
              82.699512,
              25.767451
            ],
            [
              82.698512,
              25.76901
            ],
            [
              82.697938,
              25.76876
            ],
            [
              82.696227,
              25.767186
            ],
            [
              82.696512,
              25.765985
            ],
            [
              82.696612,
              25.767086
            ],
            [
              82.697512,
              25.767047
            ],
            [
              82.697545,
              25.765153
            ],
            [
              82.695512,
              25.764892
            ],
            [
              82.695413,
              25.767086
            ],
            [
              82.692512,
              25.767035
            ],
            [
              82.691376,
              25.76805
            ],
            [
              82.692907,
              25.769792
            ],
            [
              82.693069,
              25.771186
            ],
            [
              82.691259,
              25.771932
            ],
            [
              82.690891,
              25.773565
            ],
            [
              82.689512,
              25.772711
            ],
            [
              82.688171,
              25.772845
            ],
            [
              82.686771,
              25.776444
            ],
            [
              82.684512,
              25.776475
            ],
            [
              82.683512,
              25.775648
            ],
            [
              82.680512,
              25.779312
            ],
            [
              82.679512,
              25.777533
            ],
            [
              82.677042,
              25.777715
            ],
            [
              82.676586,
              25.780112
            ],
            [
              82.678267,
              25.780186
            ],
            [
              82.677567,
              25.78024
            ],
            [
              82.677512,
              25.781091
            ]
          ]
        ],
        "type": "Polygon"
      },
      "type": "Feature"
    }
  ]
}