{
  "type": "FeatureCollection",
  "metadata": {
    "provider_name": "Pizza Hut",
    "center_lat": 9.981579,
    "center_lon": 76.580044,
    "mode": "motorcycle",
    "total_zones": 4,
    "distance_zones": [
      3,
      4,
      5,
      6
    ],
    "generated_at": "2025-12-24T06:42:27.422921Z"
  },
  "features": [
    {
      "properties": {
        "fill-opacity": 0.33,
        "fillColor": "#bf4040",
        "opacity": 0.33,
        "fill": "#bf4040",
        "fillOpacity": 0.33,
        "color": "#bf4040",
        "contour": 3.0,
        "metric": "distance",
        "provider_name": "Pizza Hut",
        "zone_type": "distance",
        "distance_km": 3,
        "mode": "motorcycle",
        "center_lat": 9.981579,
        "center_lon": 76.580044,
        "label": "3km"
      },
      "geometry": {
        "coordinates": [
          [
            [
              76.571044,
              10.003298
            ],
            [
              76.570648,
              10.000974
            ],
            [
              76.569193,
              10.000728
            ],
            [
              76.569044,
              10.001474
            ],
            [
              76.56874,
              9.999882
            ],
            [
              76.567044,
              10.000079
            ],
            [
              76.566038,
              9.998579
            ],
            [
              76.566686,
              9.997579
            ],
            [
              76.567859,
              9.997394
            ],
            [
              76.567924,
              9.994698
            ],
            [
              76.567044,
              9.994152
            ],
            [
              76.565815,
              9.994579
            ],
            [
              76.564079,
              9.993579
            ],
            [
              76.564901,
              9.993436
            ],
            [
              76.565215,
              9.991579
            ],
            [
              76.56385,
              9.990579
            ],
            [
              76.564064,
              9.989579
            ],
            [
              76.565643,
              9.989178
            ],
            [
              76.565809,
              9.987813
            ],
            [
              76.564952,
              9.987579
            ],
            [
              76.563863,
              9.985579
            ],
            [
              76.566602,
              9.986137
            ],
            [
              76.566968,
              9.984503
            ],
            [
              76.568828,
              9.984363
            ],
            [
              76.569044,
              9.98335
            ],
            [
              76.569247,
              9.984376
            ],
            [
              76.572277,
              9.985345
            ],
            [
              76.573044,
              9.987146
            ],
            [
              76.573596,
              9.986579
            ],
            [
              76.573357,
              9.984579
            ],
            [
              76.569567,
              9.982055
            ],
            [
              76.569301,
              9.980321
            ],
            [
              76.568453,
              9.979579
            ],
            [
              76.569324,
              9.978298
            ],
            [
              76.566696,
              9.977926
            ],
            [
              76.565565,
              9.976579
            ],
            [
              76.565432,
              9.97519
            ],
            [
              76.562044,
              9.974299
            ],
            [
              76.564044,
              9.974365
            ],
            [
              76.565044,
              9.972965
            ],
            [
              76.570044,
              9.97311
            ],
            [
              76.571044,
              9.97402
            ],
            [
              76.571578,
              9.973579
            ],
            [
              76.570387,
              9.971236
            ],
            [
              76.566002,
              9.97062
            ],
            [
              76.564653,
              9.969579
            ],
            [
              76.565822,
              9.969357
            ],
            [
              76.565895,
              9.966728
            ],
            [
              76.565253,
              9.966579
            ],
            [
              76.567044,
              9.9662
            ],
            [
              76.567432,
              9.966579
            ],
            [
              76.566204,
              9.966739
            ],
            [
              76.567044,
              9.968317
            ],
            [
              76.56849,
              9.968025
            ],
            [
              76.569875,
              9.96641
            ],
            [
              76.571127,
              9.966495
            ],
            [
              76.571298,
              9.968579
            ],
            [
              76.56962,
              9.969155
            ],
            [
              76.570044,
              9.970117
            ],
            [
              76.572388,
              9.969923
            ],
            [
              76.573044,
              9.967243
            ],
            [
              76.574383,
              9.967239
            ],
            [
              76.575044,
              9.970067
            ],
            [
              76.577044,
              9.970016
            ],
            [
              76.57831,
              9.968845
            ],
            [
              76.577044,
              9.967099
            ],
            [
              76.574632,
              9.96699
            ],
            [
              76.574614,
              9.965579
            ],
            [
              76.573499,
              9.964124
            ],
            [
              76.570283,
              9.963579
            ],
            [
              76.570007,
              9.962542
            ],
            [
              76.574044,
              9.96327
            ],
            [
              76.575304,
              9.964318
            ],
            [
              76.575686,
              9.965936
            ],
            [
              76.578044,
              9.96604
            ],
            [
              76.57847,
              9.963153
            ],
            [
              76.57686,
              9.962762
            ],
            [
              76.57587,
              9.960752
            ],
            [
              76.574905,
              9.96044
            ],
            [
              76.576044,
              9.959959
            ],
            [
              76.577564,
              9.962059
            ],
            [
              76.579044,
              9.962225
            ],
            [
              76.580625,
              9.96116
            ],
            [
              76.581044,
              9.959555
            ],
            [
              76.581258,
              9.960364
            ],
            [
              76.582622,
              9.960579
            ],
            [
              76.581314,
              9.960849
            ],
            [
              76.579614,
              9.963149
            ],
            [
              76.579488,
              9.964579
            ],
            [
              76.580521,
              9.965579
            ],
            [
              76.579557,
              9.966579
            ],
            [
              76.582044,
              9.967064
            ],
            [
              76.582558,
              9.966579
            ],
            [
              76.581633,
              9.965579
            ],
            [
              76.583462,
              9.963997
            ],
            [
              76.583815,
              9.96235
            ],
            [
              76.584765,
              9.961579
            ],
            [
              76.584627,
              9.960162
            ],
            [
              76.586695,
              9.96023
            ],
            [
              76.5869,
              9.959435
            ],
            [
              76.589778,
              9.958313
            ],
            [
              76.590044,
              9.957086
            ],
            [
              76.590186,
              9.958579
            ],
            [
              76.588363,
              9.960579
            ],
            [
              76.588618,
              9.962004
            ],
            [
              76.590044,
              9.963252
            ],
            [
              76.591044,
              9.9614
            ],
            [
              76.593741,
              9.961579
            ],
            [
              76.593119,
              9.962579
            ],
            [
              76.593702,
              9.963579
            ],
            [
              76.593009,
              9.963613
            ],
            [
              76.592881,
              9.962741
            ],
            [
              76.592044,
              9.962739
            ],
            [
              76.591242,
              9.964579
            ],
            [
              76.592044,
              9.965526
            ],
            [
              76.595278,
              9.965344
            ],
            [
              76.593386,
              9.966579
            ],
            [
              76.594316,
              9.967579
            ],
            [
              76.59438,
              9.969242
            ],
            [
              76.595115,
              9.969579
            ],
            [
              76.594044,
              9.970626
            ],
            [
              76.593044,
              9.9706
            ],
            [
              76.592701,
              9.971921
            ],
            [
              76.601044,
              9.973334
            ],
            [
              76.601658,
              9.973193
            ],
            [
              76.601914,
              9.971708
            ],
            [
              76.60096,
              9.971579
            ],
            [
              76.601946,
              9.971481
            ],
            [
              76.602317,
              9.972305
            ],
            [
              76.603826,
              9.972579
            ],
            [
              76.602306,
              9.974841
            ],
            [
              76.600044,
              9.973891
            ],
            [
              76.599406,
              9.974579
            ],
            [
              76.5999,
              9.975579
            ],
            [
              76.599348,
              9.978579
            ],
            [
              76.597451,
              9.979579
            ],
            [
              76.597243,
              9.984379
            ],
            [
              76.598517,
              9.985579
            ],
            [
              76.596044,
              9.988477
            ],
            [
              76.59435,
              9.988885
            ],
            [
              76.594044,
              9.990501
            ],
            [
              76.59373,
              9.988892
            ],
            [
              76.592044,
              9.988137
            ],
            [
              76.591047,
              9.988582
            ],
            [
              76.591289,
              9.990333
            ],
            [
              76.592273,
              9.990808
            ],
            [
              76.59112,
              9.991655
            ],
            [
              76.590748,
              9.990874
            ],
            [
              76.58956,
              9.991095
            ],
            [
              76.589588,
              9.992034
            ],
            [
              76.591507,
              9.994115
            ],
            [
              76.593442,
              9.99518
            ],
            [
              76.593044,
              9.996449
            ],
            [
              76.592899,
              9.995723
            ],
            [
              76.590401,
              9.995936
            ],
            [
              76.587278,
              9.997813
            ],
            [
              76.585933,
              9.999579
            ],
            [
              76.584324,
              9.999859
            ],
            [
              76.584044,
              10.001331
            ],
            [
              76.583875,
              10.000747
            ],
            [
              76.582208,
              10.000743
            ],
            [
              76.582044,
              10.001508
            ],
            [
              76.581658,
              10.000579
            ],
            [
              76.582799,
              10.000334
            ],
            [
              76.582732,
              9.997579
            ],
            [
              76.582044,
              9.996827
            ],
            [
              76.580044,
              9.996946
            ],
            [
              76.578196,
              10.000731
            ],
            [
              76.576044,
              10.001746
            ],
            [
              76.575044,
              9.999835
            ],
            [
              76.574103,
              10.001638
            ],
            [
              76.573044,
              10.002133
            ],
            [
              76.573004,
              10.001539
            ],
            [
              76.573858,
              10.001393
            ],
            [
              76.573791,
              9.999326
            ],
            [
              76.574719,
              9.998579
            ],
            [
              76.574044,
              9.997813
            ],
            [
              76.571275,
              10.000579
            ],
            [
              76.571044,
              10.003298
            ]
          ]
        ],
        "type": "Polygon"
      },
      "type": "Feature"
    },
    {
      "properties": {
        "fill-opacity": 0.33,
        "fillColor": "#bf4040",
        "opacity": 0.33,
        "fill": "#bf4040",
        "fillOpacity": 0.33,
        "color": "#bf4040",
        "contour": 4.0,
        "metric": "distance",
        "provider_name": "Pizza Hut",
        "zone_type": "distance",
        "distance_km": 4,
        "mode": "motorcycle",
        "center_lat": 9.981579,
        "center_lon": 76.580044,
        "label": "4km"
      },
      "geometry": {
        "coordinates": [
          [
            [
              76.568044,
              10.011586
            ],
            [
              76.566932,
              10.010579
            ],
            [
              76.566044,
              10.008079
            ],
            [
              76.565044,
              10.007694
            ],
            [
              76.564911,
              10.006711
            ],
            [
              76.563968,
              10.006654
            ],
            [
              76.56361,
              10.005012
            ],
            [
              76.560955,
              10.004667
            ],
            [
              76.560975,
              10.00351
            ],
            [
              76.562567,
              10.003102
            ],
            [
              76.562803,
              10.002338
            ],
            [
              76.565437,
              10.001972
            ],
            [
              76.566381,
              10.000242
            ],
            [
              76.564639,
              9.999983
            ],
            [
              76.564044,
              9.999016
            ],
            [
              76.563424,
              9.999579
            ],
            [
              76.564245,
              10.00078
            ],
            [
              76.562358,
              10.000893
            ],
            [
              76.5621,
              10.001635
            ],
            [
              76.560044,
              9.999834
            ],
            [
              76.557011,
              9.999579
            ],
            [
              76.560517,
              9.999052
            ],
            [
              76.56084,
              9.996579
            ],
            [
              76.561667,
              9.995579
            ],
            [
              76.55789,
              9.994732
            ],
            [
              76.55779,
              9.992832
            ],
            [
              76.556415,
              9.992579
            ],
            [
              76.558122,
              9.9925
            ],
            [
              76.559044,
              9.994274
            ],
            [
              76.561434,
              9.993969
            ],
            [
              76.560673,
              9.989579
            ],
            [
              76.563391,
              9.988926
            ],
            [
              76.563569,
              9.987579
            ],
            [
              76.562044,
              9.985019
            ],
            [
              76.558419,
              9.984954
            ],
            [
              76.558044,
              9.986539
            ],
            [
              76.5574,
              9.986222
            ],
            [
              76.556037,
              9.984579
            ],
            [
              76.558044,
              9.984398
            ],
            [
              76.558756,
              9.983579
            ],
            [
              76.555823,
              9.981579
            ],
            [
              76.558814,
              9.981349
            ],
            [
              76.559044,
              9.97988
            ],
            [
              76.559508,
              9.982114
            ],
            [
              76.562044,
              9.983214
            ],
            [
              76.563734,
              9.981579
            ],
            [
              76.564044,
              9.97848
            ],
            [
              76.565294,
              9.981579
            ],
            [
              76.563457,
              9.983579
            ],
            [
              76.566044,
              9.986021
            ],
            [
              76.56669,
              9.984225
            ],
            [
              76.568363,
              9.983898
            ],
            [
              76.569397,
              9.981932
            ],
            [
              76.569229,
              9.980393
            ],
            [
              76.568334,
              9.979579
            ],
            [
              76.569337,
              9.978285
            ],
            [
              76.566593,
              9.978029
            ],
            [
              76.565289,
              9.975333
            ],
            [
              76.562044,
              9.975084
            ],
            [
              76.559777,
              9.972845
            ],
            [
              76.559911,
              9.967711
            ],
            [
              76.558946,
              9.967579
            ],
            [
              76.559044,
              9.966924
            ],
            [
              76.560204,
              9.967579
            ],
            [
              76.560658,
              9.971964
            ],
            [
              76.562717,
              9.973905
            ],
            [
              76.564044,
              9.974019
            ],
            [
              76.564617,
              9.971579
            ],
            [
              76.563583,
              9.970579
            ],
            [
              76.563575,
              9.968579
            ],
            [
              76.564044,
              9.96811
            ],
            [
              76.565044,
              9.969069
            ],
            [
              76.5655,
              9.967579
            ],
            [
              76.563579,
              9.966579
            ],
            [
              76.564564,
              9.965579
            ],
            [
              76.562883,
              9.964579
            ],
            [
              76.563786,
              9.961836
            ],
            [
              76.562528,
              9.961579
            ],
            [
              76.563167,
              9.960702
            ],
            [
              76.56736,
              9.960262
            ],
            [
              76.569044,
              9.96255
            ],
            [
              76.571445,
              9.96198
            ],
            [
              76.571501,
              9.960121
            ],
            [
              76.56803,
              9.959592
            ],
            [
              76.568945,
              9.95948
            ],
            [
              76.571044,
              9.959311
            ],
            [
              76.572044,
              9.958712
            ],
            [
              76.573044,
              9.959188
            ],
            [
              76.574425,
              9.95796
            ],
            [
              76.574678,
              9.956579
            ],
            [
              76.573548,
              9.956083
            ],
            [
              76.572229,
              9.956764
            ],
            [
              76.572044,
              9.957911
            ],
            [
              76.571767,
              9.954855
            ],
            [
              76.570451,
              9.954579
            ],
            [
              76.572044,
              9.954431
            ],
            [
              76.572411,
              9.955211
            ],
            [
              76.574044,
              9.955272
            ],
            [
              76.576044,
              9.952064
            ],
            [
              76.577044,
              9.952001
            ],
            [
              76.576502,
              9.953579
            ],
            [
              76.575471,
              9.954006
            ],
            [
              76.575562,
              9.95506
            ],
            [
              76.577894,
              9.955429
            ],
            [
              76.578044,
              9.954875
            ],
            [
              76.578357,
              9.956265
            ],
            [
              76.580689,
              9.956579
            ],
            [
              76.575649,
              9.958184
            ],
            [
              76.575715,
              9.959907
            ],
            [
              76.578044,
              9.960134
            ],
            [
              76.580388,
              9.958923
            ],
            [
              76.580575,
              9.95711
            ],
            [
              76.581044,
              9.95664
            ],
            [
              76.58348,
              9.957015
            ],
            [
              76.583876,
              9.955411
            ],
            [
              76.585303,
              9.956319
            ],
            [
              76.586044,
              9.960048
            ],
            [
              76.589355,
              9.95789
            ],
            [
              76.590716,
              9.954251
            ],
            [
              76.592747,
              9.952579
            ],
            [
              76.592044,
              9.951769
            ],
            [
              76.591236,
              9.951771
            ],
            [
              76.591044,
              9.952514
            ],
            [
              76.590098,
              9.951579
            ],
            [
              76.592044,
              9.949755
            ],
            [
              76.59241,
              9.951212
            ],
            [
              76.593666,
              9.951201
            ],
            [
              76.593948,
              9.950483
            ],
            [
              76.594929,
              9.950464
            ],
            [
              76.595044,
              9.949335
            ],
            [
              76.595254,
              9.951368
            ],
            [
              76.596193,
              9.951728
            ],
            [
              76.594394,
              9.951929
            ],
            [
              76.593564,
              9.953099
            ],
            [
              76.594209,
              9.954744
            ],
            [
              76.591658,
              9.955193
            ],
            [
              76.590402,
              9.958937
            ],
            [
              76.588639,
              9.960579
            ],
            [
              76.588784,
              9.961838
            ],
            [
              76.590044,
              9.962003
            ],
            [
              76.591044,
              9.96103
            ],
            [
              76.594044,
              9.961087
            ],
            [
              76.595044,
              9.960126
            ],
            [
              76.599044,
              9.960288
            ],
            [
              76.600044,
              9.959422
            ],
            [
              76.602044,
              9.959033
            ],
            [
              76.602114,
              9.959508
            ],
            [
              76.60038,
              9.959915
            ],
            [
              76.599044,
              9.962688
            ],
            [
              76.598044,
              9.960921
            ],
            [
              76.596044,
              9.961005
            ],
            [
              76.593717,
              9.962252
            ],
            [
              76.593716,
              9.962906
            ],
            [
              76.596044,
              9.964158
            ],
            [
              76.598251,
              9.964371
            ],
            [
              76.598342,
              9.965579
            ],
            [
              76.596044,
              9.964999
            ],
            [
              76.595417,
              9.965952
            ],
            [
              76.59377,
              9.966305
            ],
            [
              76.595562,
              9.969579
            ],
            [
              76.592817,
              9.971805
            ],
            [
              76.597044,
              9.971963
            ],
            [
              76.598044,
              9.972967
            ],
            [
              76.60134,
              9.972875
            ],
            [
              76.601363,
              9.97226
            ],
            [
              76.599731,
              9.971891
            ],
            [
              76.599745,
              9.97028
            ],
            [
              76.601967,
              9.968579
            ],
            [
              76.602008,
              9.967543
            ],
            [
              76.60371,
              9.967245
            ],
            [
              76.605051,
              9.965571
            ],
            [
              76.605382,
              9.969579
            ],
            [
              76.606044,
              9.970207
            ],
            [
              76.607789,
              9.969579
            ],
            [
              76.606927,
              9.968579
            ],
            [
              76.607739,
              9.968274
            ],
            [
              76.608044,
              9.966674
            ],
            [
              76.60883,
              9.967792
            ],
            [
              76.610688,
              9.967579
            ],
            [
              76.611044,
              9.968212
            ],
            [
              76.611044,
              9.968787
            ],
            [
              76.609377,
              9.968912
            ],
            [
              76.60923,
              9.972765
            ],
            [
              76.608331,
              9.973579
            ],
            [
              76.609044,
              9.974371
            ],
            [
              76.610516,
              9.973579
            ],
            [
              76.611208,
              9.974579
            ],
            [
              76.608044,
              9.974836
            ],
            [
              76.607044,
              9.97392
            ],
            [
              76.605649,
              9.974184
            ],
            [
              76.605325,
              9.97686
            ],
            [
              76.604479,
              9.977014
            ],
            [
              76.604044,
              9.978462
            ],
            [
              76.603845,
              9.976579
            ],
            [
              76.604697,
              9.975579
            ],
            [
              76.604044,
              9.973072
            ],
            [
              76.60137,
              9.977579
            ],
            [
              76.602645,
              9.979579
            ],
            [
              76.60247,
              9.981005
            ],
            [
              76.601044,
              9.980709
            ],
            [
              76.600763,
              9.979859
            ],
            [
              76.597672,
              9.979579
            ],
            [
              76.598044,
              9.983155
            ],
            [
              76.599044,
              9.981814
            ],
            [
              76.601044,
              9.983197
            ],
            [
              76.602044,
              9.98175
            ],
            [
              76.602893,
              9.98273
            ],
            [
              76.606727,
              9.982579
            ],
            [
              76.602603,
              9.985138
            ],
            [
              76.602306,
              9.986579
            ],
            [
              76.603293,
              9.987579
            ],
            [
              76.603172,
              9.988707
            ],
            [
              76.602044,
              9.987884
            ],
            [
              76.600044,
              9.988005
            ],
            [
              76.59933,
              9.989865
            ],
            [
              76.596672,
              9.990207
            ],
            [
              76.59544,
              9.991975
            ],
            [
              76.594616,
              9.992006
            ],
            [
              76.594044,
              9.991076
            ],
            [
              76.593478,
              9.992013
            ],
            [
              76.590596,
              9.992131
            ],
            [
              76.592044,
              9.994031
            ],
            [
              76.5934,
              9.993935
            ],
            [
              76.593642,
              9.992177
            ],
            [
              76.59444,
              9.992182
            ],
            [
              76.595044,
              9.99415
            ],
            [
              76.595782,
              9.993579
            ],
            [
              76.595784,
              9.992319
            ],
            [
              76.599494,
              9.993128
            ],
            [
              76.599939,
              9.993579
            ],
            [
              76.598387,
              9.993922
            ],
            [
              76.598286,
              9.994579
            ],
            [
              76.599274,
              9.995579
            ],
            [
              76.5976,
              9.996135
            ],
            [
              76.597605,
              9.997017
            ],
            [
              76.602044,
              9.997765
            ],
            [
              76.601239,
              9.998579
            ],
            [
              76.599241,
              9.998776
            ],
            [
              76.599044,
              10.000274
            ],
            [
              76.598562,
              9.99806
            ],
            [
              76.593044,
              9.997967
            ],
            [
              76.591271,
              9.999579
            ],
            [
              76.590756,
              10.002579
            ],
            [
              76.587899,
              10.003724
            ],
            [
              76.585044,
              10.002947
            ],
            [
              76.584044,
              10.004936
            ],
            [
              76.582595,
              10.00413
            ],
            [
              76.582228,
              10.005763
            ],
            [
              76.580293,
              10.006579
            ],
            [
              76.580373,
              10.008579
            ],
            [
              76.580044,
              10.008621
            ],
            [
              76.579044,
              10.008033
            ],
            [
              76.578687,
              10.006935
            ],
            [
              76.577044,
              10.005843
            ],
            [
              76.576044,
              10.006829
            ],
            [
              76.574367,
              10.006902
            ],
            [
              76.57437,
              10.008252
            ],
            [
              76.57518,
              10.008715
            ],
            [
              76.573213,
              10.008748
            ],
            [
              76.573044,
              10.009661
            ],
            [
              76.572044,
              10.007853
            ],
            [
              76.569468,
              10.009003
            ],
            [
              76.569212,
              10.01041
            ],
            [
              76.569905,
              10.010579
            ],
            [
              76.568044,
              10.011586
            ]
          ]
        ],
        "type": "Polygon"
      },
      "type": "Feature"
    },
    {
      "properties": {
        "fill-opacity": 0.33,
        "fillColor": "#bf4040",
        "opacity": 0.33,
        "fill": "#bf4040",
        "fillOpacity": 0.33,
        "color": "#bf4040",
        "contour": 5.0,
        "metric": "distance",
        "provider_name": "Pizza Hut",
        "zone_type": "distance",
        "distance_km": 5,
        "mode": "motorcycle",
        "center_lat": 9.981579,
        "center_lon": 76.580044,
        "label": "5km"
      },
      "geometry": {
        "coordinates": [
          [
            [
              76.564044,
              10.019228
            ],
            [
              76.563044,
              10.01874
            ],
            [
              76.562783,
              10.017579
            ],
            [
              76.56374,
              10.017275
            ],
            [
              76.56381,
              10.015812
            ],
            [
              76.558413,
              10.012579
            ],
            [
              76.562504,
              10.012039
            ],
            [
              76.563723,
              10.009579
            ],
            [
              76.563044,
              10.008988
            ],
            [
              76.562044,
              10.009934
            ],
            [
              76.558236,
              10.009771
            ],
            [
              76.557965,
              10.010658
            ],
            [
              76.557737,
              10.009579
            ],
            [
              76.559599,
              10.009134
            ],
            [
              76.558956,
              10.006579
            ],
            [
              76.560383,
              10.004918
            ],
            [
              76.560692,
              10.003227
            ],
            [
              76.562332,
              10.002867
            ],
            [
              76.562496,
              10.002126
            ],
            [
              76.560044,
              10.000152
            ],
            [
              76.556695,
              10.00023
            ],
            [
              76.556242,
              10.005579
            ],
            [
              76.557096,
              10.006579
            ],
            [
              76.557044,
              10.007783
            ],
            [
              76.556044,
              10.007139
            ],
            [
              76.555438,
              10.002184
            ],
            [
              76.553599,
              10.002134
            ],
            [
              76.554162,
              10.003697
            ],
            [
              76.552349,
              10.003884
            ],
            [
              76.552044,
              10.004958
            ],
            [
              76.551765,
              10.003857
            ],
            [
              76.549163,
              10.003579
            ],
            [
              76.552525,
              10.00106
            ],
            [
              76.552697,
              9.999925
            ],
            [
              76.551199,
              9.999579
            ],
            [
              76.551098,
              9.998579
            ],
            [
              76.552085,
              9.997579
            ],
            [
              76.555044,
              9.99719
            ],
            [
              76.555058,
              9.997593
            ],
            [
              76.554343,
              9.997878
            ],
            [
              76.55427,
              9.998579
            ],
            [
              76.555044,
              10.000161
            ],
            [
              76.556044,
              9.99911
            ],
            [
              76.56032,
              9.998855
            ],
            [
              76.560487,
              9.996579
            ],
            [
              76.561427,
              9.995579
            ],
            [
              76.557667,
              9.994955
            ],
            [
              76.557352,
              9.99327
            ],
            [
              76.555644,
              9.992978
            ],
            [
              76.555509,
              9.991113
            ],
            [
              76.553665,
              9.989957
            ],
            [
              76.552241,
              9.989776
            ],
            [
              76.552089,
              9.990624
            ],
            [
              76.551384,
              9.990579
            ],
            [
              76.551917,
              9.990452
            ],
            [
              76.551764,
              9.987579
            ],
            [
              76.552814,
              9.986349
            ],
            [
              76.554426,
              9.985961
            ],
            [
              76.554817,
              9.983579
            ],
            [
              76.553044,
              9.98194
            ],
            [
              76.551161,
              9.983696
            ],
            [
              76.550221,
              9.983756
            ],
            [
              76.550044,
              9.984838
            ],
            [
              76.549987,
              9.983522
            ],
            [
              76.552474,
              9.981009
            ],
            [
              76.552464,
              9.980158
            ],
            [
              76.547522,
              9.979579
            ],
            [
              76.548044,
              9.978927
            ],
            [
              76.548178,
              9.979444
            ],
            [
              76.549653,
              9.979188
            ],
            [
              76.550688,
              9.978223
            ],
            [
              76.551044,
              9.976195
            ],
            [
              76.551264,
              9.977358
            ],
            [
              76.55205,
              9.977579
            ],
            [
              76.551303,
              9.977838
            ],
            [
              76.55157,
              9.979052
            ],
            [
              76.554044,
              9.980146
            ],
            [
              76.555706,
              9.978579
            ],
            [
              76.555958,
              9.975493
            ],
            [
              76.557968,
              9.975579
            ],
            [
              76.556323,
              9.975858
            ],
            [
              76.556381,
              9.978579
            ],
            [
              76.557044,
              9.979232
            ],
            [
              76.558044,
              9.979284
            ],
            [
              76.559044,
              9.978131
            ],
            [
              76.564394,
              9.978228
            ],
            [
              76.565615,
              9.981579
            ],
            [
              76.563674,
              9.983579
            ],
            [
              76.566247,
              9.985782
            ],
            [
              76.56659,
              9.984125
            ],
            [
              76.568259,
              9.983794
            ],
            [
              76.568605,
              9.98214
            ],
            [
              76.569305,
              9.98184
            ],
            [
              76.569256,
              9.980579
            ],
            [
              76.568269,
              9.979579
            ],
            [
              76.569271,
              9.978351
            ],
            [
              76.566533,
              9.978089
            ],
            [
              76.565223,
              9.975399
            ],
            [
              76.562044,
              9.975248
            ],
            [
              76.559584,
              9.973038
            ],
            [
              76.559615,
              9.968579
            ],
            [
              76.557566,
              9.966579
            ],
            [
              76.557929,
              9.962464
            ],
            [
              76.559434,
              9.964579
            ],
            [
              76.559529,
              9.966579
            ],
            [
              76.560587,
              9.967579
            ],
            [
              76.560668,
              9.971579
            ],
            [
              76.563044,
              9.973895
            ],
            [
              76.564234,
              9.973769
            ],
            [
              76.564423,
              9.972579
            ],
            [
              76.563394,
              9.970579
            ],
            [
              76.563391,
              9.968579
            ],
            [
              76.564044,
              9.967926
            ],
            [
              76.565044,
              9.968907
            ],
            [
              76.565357,
              9.967579
            ],
            [
              76.563609,
              9.967013
            ],
            [
              76.564295,
              9.965327
            ],
            [
              76.5625,
              9.964579
            ],
            [
              76.563496,
              9.962579
            ],
            [
              76.56156,
              9.961579
            ],
            [
              76.562394,
              9.960228
            ],
            [
              76.560483,
              9.958139
            ],
            [
              76.559025,
              9.957597
            ],
            [
              76.55805,
              9.955579
            ],
            [
              76.560613,
              9.955148
            ],
            [
              76.561017,
              9.953552
            ],
            [
              76.562044,
              9.953476
            ],
            [
              76.562009,
              9.953613
            ],
            [
              76.561133,
              9.953668
            ],
            [
              76.561986,
              9.955579
            ],
            [
              76.561417,
              9.957579
            ],
            [
              76.563703,
              9.95992
            ],
            [
              76.567044,
              9.960012
            ],
            [
              76.568044,
              9.959077
            ],
            [
              76.571339,
              9.958874
            ],
            [
              76.571044,
              9.955094
            ],
            [
              76.566585,
              9.95512
            ],
            [
              76.567044,
              9.957645
            ],
            [
              76.565044,
              9.954836
            ],
            [
              76.564044,
              9.95575
            ],
            [
              76.562202,
              9.955579
            ],
            [
              76.563723,
              9.955258
            ],
            [
              76.564044,
              9.954388
            ],
            [
              76.567452,
              9.953987
            ],
            [
              76.567707,
              9.950915
            ],
            [
              76.56683,
              9.950579
            ],
            [
              76.56784,
              9.949375
            ],
            [
              76.569664,
              9.950579
            ],
            [
              76.56965,
              9.951579
            ],
            [
              76.56838,
              9.952579
            ],
            [
              76.568653,
              9.953969
            ],
            [
              76.572044,
              9.954039
            ],
            [
              76.573044,
              9.955007
            ],
            [
              76.574319,
              9.954854
            ],
            [
              76.575409,
              9.952213
            ],
            [
              76.574044,
              9.951869
            ],
            [
              76.572913,
              9.952709
            ],
            [
              76.572842,
              9.95078
            ],
            [
              76.571435,
              9.950579
            ],
            [
              76.572855,
              9.95039
            ],
            [
              76.572828,
              9.948794
            ],
            [
              76.571121,
              9.947579
            ],
            [
              76.573582,
              9.947117
            ],
            [
              76.573899,
              9.944723
            ],
            [
              76.573025,
              9.94456
            ],
            [
              76.574044,
              9.944066
            ],
            [
              76.574302,
              9.94532
            ],
            [
              76.575075,
              9.945579
            ],
            [
              76.574348,
              9.945883
            ],
            [
              76.574559,
              9.947063
            ],
            [
              76.577816,
              9.946351
            ],
            [
              76.578031,
              9.945566
            ],
            [
              76.578727,
              9.945579
            ],
            [
              76.578084,
              9.945619
            ],
            [
              76.578119,
              9.946654
            ],
            [
              76.576493,
              9.947028
            ],
            [
              76.576605,
              9.948017
            ],
            [
              76.581044,
              9.948452
            ],
            [
              76.581111,
              9.949511
            ],
            [
              76.584044,
              9.95044
            ],
            [
              76.585044,
              9.949911
            ],
            [
              76.585078,
              9.950613
            ],
            [
              76.583044,
              9.950807
            ],
            [
              76.582316,
              9.951579
            ],
            [
              76.582414,
              9.954208
            ],
            [
              76.584464,
              9.954999
            ],
            [
              76.586789,
              9.952324
            ],
            [
              76.589396,
              9.950931
            ],
            [
              76.589413,
              9.948948
            ],
            [
              76.590044,
              9.948659
            ],
            [
              76.590677,
              9.949945
            ],
            [
              76.591377,
              9.949912
            ],
            [
              76.591526,
              9.949097
            ],
            [
              76.590639,
              9.948579
            ],
            [
              76.591824,
              9.948359
            ],
            [
              76.592771,
              9.946579
            ],
            [
              76.592044,
              9.945772
            ],
            [
              76.589904,
              9.945579
            ],
            [
              76.591701,
              9.945236
            ],
            [
              76.591838,
              9.943784
            ],
            [
              76.590637,
              9.943579
            ],
            [
              76.592798,
              9.943333
            ],
            [
              76.593405,
              9.942579
            ],
            [
              76.593479,
              9.944143
            ],
            [
              76.595044,
              9.944267
            ],
            [
              76.596647,
              9.943182
            ],
            [
              76.597017,
              9.941552
            ],
            [
              76.597794,
              9.941579
            ],
            [
              76.597129,
              9.941664
            ],
            [
              76.597236,
              9.943771
            ],
            [
              76.595593,
              9.945128
            ],
            [
              76.595623,
              9.945999
            ],
            [
              76.597589,
              9.946124
            ],
            [
              76.597971,
              9.944506
            ],
            [
              76.599058,
              9.944564
            ],
            [
              76.598184,
              9.944719
            ],
            [
              76.598575,
              9.947047
            ],
            [
              76.600044,
              9.947342
            ],
            [
              76.601044,
              9.946452
            ],
            [
              76.602692,
              9.946579
            ],
            [
              76.601296,
              9.946831
            ],
            [
              76.601044,
              9.947745
            ],
            [
              76.598044,
              9.947936
            ],
            [
              76.596044,
              9.949024
            ],
            [
              76.595557,
              9.950579
            ],
            [
              76.597044,
              9.951116
            ],
            [
              76.600044,
              9.94931
            ],
            [
              76.603044,
              9.949
            ],
            [
              76.603506,
              9.949579
            ],
            [
              76.601044,
              9.949817
            ],
            [
              76.600341,
              9.950579
            ],
            [
              76.601532,
              9.95309
            ],
            [
              76.602789,
              9.953324
            ],
            [
              76.603489,
              9.952579
            ],
            [
              76.603044,
              9.954288
            ],
            [
              76.599044,
              9.955811
            ],
            [
              76.595044,
              9.952111
            ],
            [
              76.593643,
              9.953579
            ],
            [
              76.594424,
              9.954959
            ],
            [
              76.591799,
              9.955334
            ],
            [
              76.5905,
              9.959035
            ],
            [
              76.588846,
              9.960381
            ],
            [
              76.588857,
              9.961765
            ],
            [
              76.590044,
              9.961877
            ],
            [
              76.591044,
              9.960889
            ],
            [
              76.594044,
              9.960916
            ],
            [
              76.595044,
              9.959932
            ],
            [
              76.599044,
              9.959994
            ],
            [
              76.601368,
              9.958903
            ],
            [
              76.604044,
              9.955821
            ],
            [
              76.605439,
              9.956579
            ],
            [
              76.602384,
              9.959919
            ],
            [
              76.599754,
              9.961289
            ],
            [
              76.600553,
              9.962579
            ],
            [
              76.600044,
              9.963088
            ],
            [
              76.598691,
              9.962931
            ],
            [
              76.598044,
              9.961182
            ],
            [
              76.596044,
              9.961214
            ],
            [
              76.593824,
              9.962359
            ],
            [
              76.596044,
              9.963945
            ],
            [
              76.598438,
              9.964184
            ],
            [
              76.598631,
              9.965579
            ],
            [
              76.598044,
              9.966166
            ],
            [
              76.597311,
              9.965311
            ],
            [
              76.596044,
              9.965212
            ],
            [
              76.595506,
              9.966041
            ],
            [
              76.59385,
              9.966385
            ],
            [
              76.595719,
              9.969579
            ],
            [
              76.592871,
              9.971751
            ],
            [
              76.597044,
              9.971856
            ],
            [
              76.598044,
              9.972858
            ],
            [
              76.601249,
              9.972784
            ],
            [
              76.599608,
              9.972014
            ],
            [
              76.599614,
              9.970149
            ],
            [
              76.601524,
              9.968579
            ],
            [
              76.601701,
              9.967236
            ],
            [
              76.603351,
              9.966886
            ],
            [
              76.605413,
              9.964948
            ],
            [
              76.606044,
              9.963328
            ],
            [
              76.6097,
              9.966922
            ],
            [
              76.611396,
              9.966931
            ],
            [
              76.611459,
              9.965163
            ],
            [
              76.610044,
              9.963748
            ],
            [
              76.608985,
              9.963637
            ],
            [
              76.60898,
              9.962579
            ],
            [
              76.609232,
              9.96339
            ],
            [
              76.610571,
              9.963106
            ],
            [
              76.611857,
              9.961579
            ],
            [
              76.612044,
              9.959739
            ],
            [
              76.612409,
              9.964579
            ],
            [
              76.613044,
              9.965182
            ],
            [
              76.614738,
              9.964579
            ],
            [
              76.615044,
              9.96121
            ],
            [
              76.616044,
              9.963108
            ],
            [
              76.618044,
              9.962149
            ],
            [
              76.617984,
              9.963579
            ],
            [
              76.61646,
              9.963995
            ],
            [
              76.615362,
              9.965579
            ],
            [
              76.616169,
              9.966579
            ],
            [
              76.615351,
              9.966886
            ],
            [
              76.615262,
              9.968579
            ],
            [
              76.616044,
              9.969362
            ],
            [
              76.619255,
              9.969579
            ],
            [
              76.618244,
              9.969779
            ],
            [
              76.618044,
              9.97081
            ],
            [
              76.617804,
              9.969819
            ],
            [
              76.617044,
              9.969778
            ],
            [
              76.615559,
              9.971094
            ],
            [
              76.615343,
              9.973279
            ],
            [
              76.616091,
              9.973579
            ],
            [
              76.616044,
              9.974781
            ],
            [
              76.614651,
              9.973971
            ],
            [
              76.613044,
              9.97401
            ],
            [
              76.612044,
              9.975028
            ],
            [
              76.608044,
              9.975153
            ],
            [
              76.607044,
              9.974181
            ],
            [
              76.605665,
              9.974579
            ],
            [
              76.605618,
              9.977004
            ],
            [
              76.606418,
              9.977204
            ],
            [
              76.607044,
              9.979096
            ],
            [
              76.609044,
              9.979162
            ],
            [
              76.611044,
              9.980249
            ],
            [
              76.612044,
              9.979365
            ],
            [
              76.615044,
              9.979267
            ],
            [
              76.615044,
              9.979603
            ],
            [
              76.613044,
              9.979775
            ],
            [
              76.612228,
              9.980763
            ],
            [
              76.610613,
              9.981148
            ],
            [
              76.60943,
              9.983579
            ],
            [
              76.611044,
              9.984313
            ],
            [
              76.612044,
              9.983448
            ],
            [
              76.613044,
              9.983578
            ],
            [
              76.613247,
              9.984375
            ],
            [
              76.614353,
              9.984579
            ],
            [
              76.613261,
              9.984797
            ],
            [
              76.613044,
              9.986258
            ],
            [
              76.612781,
              9.984841
            ],
            [
              76.608044,
              9.984924
            ],
            [
              76.606402,
              9.986579
            ],
            [
              76.607274,
              9.987579
            ],
            [
              76.607164,
              9.988699
            ],
            [
              76.605044,
              9.989697
            ],
            [
              76.604044,
              9.989312
            ],
            [
              76.603044,
              9.99009
            ],
            [
              76.602044,
              9.988169
            ],
            [
              76.59968,
              9.988579
            ],
            [
              76.599572,
              9.99005
            ],
            [
              76.60044,
              9.990579
            ],
            [
              76.600474,
              9.994009
            ],
            [
              76.598742,
              9.994277
            ],
            [
              76.599609,
              9.995579
            ],
            [
              76.597779,
              9.996843
            ],
            [
              76.601372,
              9.996907
            ],
            [
              76.600692,
              9.994227
            ],
            [
              76.604044,
              9.992303
            ],
            [
              76.605582,
              9.995041
            ],
            [
              76.607204,
              9.995418
            ],
            [
              76.608044,
              9.996401
            ],
            [
              76.608849,
              9.996384
            ],
            [
              76.60905,
              9.995579
            ],
            [
              76.609044,
              9.997235
            ],
            [
              76.606961,
              9.999496
            ],
            [
              76.605044,
              9.998933
            ],
            [
              76.604044,
              9.999994
            ],
            [
              76.602044,
              9.999054
            ],
            [
              76.599561,
              9.999579
            ],
            [
              76.603044,
              10.002241
            ],
            [
              76.605177,
              10.002445
            ],
            [
              76.605197,
              10.004425
            ],
            [
              76.605829,
              10.004579
            ],
            [
              76.60437,
              10.004905
            ],
            [
              76.604195,
              10.005579
            ],
            [
              76.604179,
              10.006443
            ],
            [
              76.605044,
              10.006708
            ],
            [
              76.600044,
              10.005716
            ],
            [
              76.598044,
              10.008216
            ],
            [
              76.596169,
              10.006579
            ],
            [
              76.597704,
              10.006239
            ],
            [
              76.596953,
              10.003579
            ],
            [
              76.598044,
              10.004327
            ],
            [
              76.59864,
              10.002579
            ],
            [
              76.595682,
              10.001579
            ],
            [
              76.59677,
              10.000305
            ],
            [
              76.598386,
              9.999921
            ],
            [
              76.59852,
              9.998579
            ],
            [
              76.593044,
              9.998199
            ],
            [
              76.591608,
              9.999579
            ],
            [
              76.591528,
              10.001579
            ],
            [
              76.594247,
              10.004375
            ],
            [
              76.594207,
              10.005742
            ],
            [
              76.591761,
              10.004861
            ],
            [
              76.591044,
              10.00307
            ],
            [
              76.587044,
              10.005067
            ],
            [
              76.586338,
              10.003284
            ],
            [
              76.585044,
              10.003192
            ],
            [
              76.584449,
              10.004984
            ],
            [
              76.583044,
              10.004166
            ],
            [
              76.58243,
              10.005965
            ],
            [
              76.580768,
              10.006303
            ],
            [
              76.581044,
              10.008083
            ],
            [
              76.584044,
              10.007376
            ],
            [
              76.584422,
              10.008201
            ],
            [
              76.587044,
              10.008311
            ],
            [
              76.587367,
              10.009255
            ],
            [
              76.586243,
              10.009778
            ],
            [
              76.58522,
              10.011755
            ],
            [
              76.583491,
              10.010131
            ],
            [
              76.58264,
              10.010175
            ],
            [
              76.583328,
              10.011579
            ],
            [
              76.582187,
              10.013722
            ],
            [
              76.581378,
              10.013913
            ],
            [
              76.581044,
              10.01575
            ],
            [
              76.580781,
              10.011579
            ],
            [
              76.581431,
              10.010191
            ],
            [
              76.57863,
              10.010165
            ],
            [
              76.578234,
              10.011769
            ],
            [
              76.576044,
              10.012791
            ],
            [
              76.575481,
              10.010141
            ],
            [
              76.574044,
              10.009123
            ],
            [
              76.573308,
              10.011579
            ],
            [
              76.5742,
              10.013579
            ],
            [
              76.574044,
              10.015311
            ],
            [
              76.572831,
              10.015579
            ],
            [
              76.573021,
              10.014579
            ],
            [
              76.571495,
              10.013127
            ],
            [
              76.569044,
              10.013005
            ],
            [
              76.567868,
              10.015579
            ],
            [
              76.567947,
              10.017482
            ],
            [
              76.565323,
              10.017858
            ],
            [
              76.564044,
              10.019228
            ]
          ]
        ],
        "type": "Polygon"
      },
      "type": "Feature"
    },
    {
      "properties": {
        "fill-opacity": 0.33,
        "fillColor": "#bf4040",
        "opacity": 0.33,
        "fill": "#bf4040",
        "fillOpacity": 0.33,
        "color": "#bf4040",
        "contour": 6.0,
        "metric": "distance",
        "provider_name": "Pizza Hut",
        "zone_type": "distance",
        "distance_km": 6,
        "mode": "motorcycle",
        "center_lat": 9.981579,
        "center_lon": 76.580044,
        "label": "6km"
      },
      "geometry": {
        "coordinates": [
          [
            [
              76.560044,
              10.026819
            ],
            [
              76.559044,
              10.026894
            ],
            [
              76.559011,
              10.026546
            ],
            [
              76.559931,
              10.026466
            ],
            [
              76.559885,
              10.025579
            ],
            [
              76.558672,
              10.02395
            ],
            [
              76.557301,
              10.023836
            ],
            [
              76.557044,
              10.024973
            ],
            [
              76.556262,
              10.024579
            ],
            [
              76.556627,
              10.021579
            ],
            [
              76.557044,
              10.021086
            ],
            [
              76.557337,
              10.022285
            ],
            [
              76.558044,
              10.022332
            ],
            [
              76.558725,
              10.021579
            ],
            [
              76.558123,
              10.017499
            ],
            [
              76.55516,
              10.016695
            ],
            [
              76.55377,
              10.017853
            ],
            [
              76.550056,
              10.015579
            ],
            [
              76.5517,
              10.015235
            ],
            [
              76.552044,
              10.012882
            ],
            [
              76.553044,
              10.012875
            ],
            [
              76.553515,
              10.014107
            ],
            [
              76.555044,
              10.01421
            ],
            [
              76.556594,
              10.012579
            ],
            [
              76.556044,
              10.011887
            ],
            [
              76.553786,
              10.011837
            ],
            [
              76.552803,
              10.010579
            ],
            [
              76.555616,
              10.009579
            ],
            [
              76.553641,
              10.008579
            ],
            [
              76.555572,
              10.007579
            ],
            [
              76.555292,
              10.002331
            ],
            [
              76.553777,
              10.002312
            ],
            [
              76.554409,
              10.003944
            ],
            [
              76.552736,
              10.004271
            ],
            [
              76.552362,
              10.005897
            ],
            [
              76.549169,
              10.008579
            ],
            [
              76.549044,
              10.010149
            ],
            [
              76.547667,
              10.010202
            ],
            [
              76.547044,
              10.010977
            ],
            [
              76.546793,
              10.00983
            ],
            [
              76.542214,
              10.009579
            ],
            [
              76.54188,
              10.008579
            ],
            [
              76.542815,
              10.00835
            ],
            [
              76.543044,
              10.006835
            ],
            [
              76.546044,
              10.006219
            ],
            [
              76.547584,
              10.004579
            ],
            [
              76.546499,
              10.001123
            ],
            [
              76.544894,
              10.000728
            ],
            [
              76.543914,
              9.999579
            ],
            [
              76.543887,
              9.998579
            ],
            [
              76.544044,
              9.998471
            ],
            [
              76.544274,
              9.999348
            ],
            [
              76.545481,
              10.000141
            ],
            [
              76.547243,
              10.000379
            ],
            [
              76.548044,
              10.002164
            ],
            [
              76.548694,
              10.001579
            ],
            [
              76.548621,
              9.999579
            ],
            [
              76.549626,
              9.998579
            ],
            [
              76.549044,
              9.997955
            ],
            [
              76.544709,
              9.997579
            ],
            [
              76.546793,
              9.996579
            ],
            [
              76.546655,
              9.995967
            ],
            [
              76.544995,
              9.995627
            ],
            [
              76.545044,
              9.994462
            ],
            [
              76.546553,
              9.994088
            ],
            [
              76.548772,
              9.991307
            ],
            [
              76.550513,
              9.991109
            ],
            [
              76.547567,
              9.994102
            ],
            [
              76.547224,
              9.995579
            ],
            [
              76.549044,
              9.997202
            ],
            [
              76.554044,
              9.997036
            ],
            [
              76.554437,
              9.995185
            ],
            [
              76.553044,
              9.995858
            ],
            [
              76.552751,
              9.994579
            ],
            [
              76.553814,
              9.993349
            ],
            [
              76.555375,
              9.99291
            ],
            [
              76.555395,
              9.991579
            ],
            [
              76.553044,
              9.990126
            ],
            [
              76.552044,
              9.991096
            ],
            [
              76.55057,
              9.991052
            ],
            [
              76.55152,
              9.989579
            ],
            [
              76.551044,
              9.988823
            ],
            [
              76.548044,
              9.988864
            ],
            [
              76.547044,
              9.989777
            ],
            [
              76.545044,
              9.990104
            ],
            [
              76.544988,
              9.989523
            ],
            [
              76.548445,
              9.98698
            ],
            [
              76.549625,
              9.98316
            ],
            [
              76.552301,
              9.980321
            ],
            [
              76.547705,
              9.98024
            ],
            [
              76.54761,
              9.982012
            ],
            [
              76.549162,
              9.982697
            ],
            [
              76.548044,
              9.982751
            ],
            [
              76.545138,
              9.985673
            ],
            [
              76.544194,
              9.985729
            ],
            [
              76.544044,
              9.986562
            ],
            [
              76.542831,
              9.984579
            ],
            [
              76.545528,
              9.984063
            ],
            [
              76.545428,
              9.981194
            ],
            [
              76.542545,
              9.98108
            ],
            [
              76.542044,
              9.982869
            ],
            [
              76.5416,
              9.980022
            ],
            [
              76.538711,
              9.979579
            ],
            [
              76.542044,
              9.979372
            ],
            [
              76.543044,
              9.98025
            ],
            [
              76.546397,
              9.979932
            ],
            [
              76.546399,
              9.979223
            ],
            [
              76.542854,
              9.977768
            ],
            [
              76.542893,
              9.975579
            ],
            [
              76.543566,
              9.977056
            ],
            [
              76.54545,
              9.976985
            ],
            [
              76.545831,
              9.973579
            ],
            [
              76.544962,
              9.97266
            ],
            [
              76.544827,
              9.971579
            ],
            [
              76.545106,
              9.971641
            ],
            [
              76.545271,
              9.972351
            ],
            [
              76.547044,
              9.972583
            ],
            [
              76.548044,
              9.971939
            ],
            [
              76.550044,
              9.972478
            ],
            [
              76.550733,
              9.971579
            ],
            [
              76.550184,
              9.970579
            ],
            [
              76.550935,
              9.968579
            ],
            [
              76.552044,
              9.968032
            ],
            [
              76.553354,
              9.968579
            ],
            [
              76.552222,
              9.968757
            ],
            [
              76.552586,
              9.972036
            ],
            [
              76.557017,
              9.972579
            ],
            [
              76.554044,
              9.97283
            ],
            [
              76.551492,
              9.974579
            ],
            [
              76.551556,
              9.976579
            ],
            [
              76.552545,
              9.977579
            ],
            [
              76.551601,
              9.978579
            ],
            [
              76.554284,
              9.979819
            ],
            [
              76.555442,
              9.978579
            ],
            [
              76.555687,
              9.975222
            ],
            [
              76.557553,
              9.974579
            ],
            [
              76.557492,
              9.97313
            ],
            [
              76.556656,
              9.971966
            ],
            [
              76.556598,
              9.970024
            ],
            [
              76.555728,
              9.969263
            ],
            [
              76.557215,
              9.969407
            ],
            [
              76.558689,
              9.973933
            ],
            [
              76.559654,
              9.973579
            ],
            [
              76.559286,
              9.968579
            ],
            [
              76.557387,
              9.966579
            ],
            [
              76.557446,
              9.962579
            ],
            [
              76.558044,
              9.962039
            ],
            [
              76.559665,
              9.964579
            ],
            [
              76.559704,
              9.966579
            ],
            [
              76.56073,
              9.967579
            ],
            [
              76.560771,
              9.971579
            ],
            [
              76.563044,
              9.973819
            ],
            [
              76.564287,
              9.973335
            ],
            [
              76.563301,
              9.968579
            ],
            [
              76.564044,
              9.967836
            ],
            [
              76.565279,
              9.968579
            ],
            [
              76.565207,
              9.967415
            ],
            [
              76.563302,
              9.966579
            ],
            [
              76.564226,
              9.965396
            ],
            [
              76.562357,
              9.964579
            ],
            [
              76.563355,
              9.962579
            ],
            [
              76.561384,
              9.961579
            ],
            [
              76.562273,
              9.960349
            ],
            [
              76.560309,
              9.958314
            ],
            [
              76.558705,
              9.957917
            ],
            [
              76.556392,
              9.95423
            ],
            [
              76.554757,
              9.953865
            ],
            [
              76.554044,
              9.95296
            ],
            [
              76.548637,
              9.953579
            ],
            [
              76.549154,
              9.952579
            ],
            [
              76.550689,
              9.952224
            ],
            [
              76.550968,
              9.950654
            ],
            [
              76.550044,
              9.950275
            ],
            [
              76.551065,
              9.950557
            ],
            [
              76.551318,
              9.951304
            ],
            [
              76.553533,
              9.951068
            ],
            [
              76.55299,
              9.948525
            ],
            [
              76.554395,
              9.948227
            ],
            [
              76.555462,
              9.95016
            ],
            [
              76.557044,
              9.950271
            ],
            [
              76.559044,
              9.947557
            ],
            [
              76.55935,
              9.949272
            ],
            [
              76.56085,
              9.949579
            ],
            [
              76.558476,
              9.950011
            ],
            [
              76.557585,
              9.95112
            ],
            [
              76.557709,
              9.953913
            ],
            [
              76.560044,
              9.955005
            ],
            [
              76.561517,
              9.954052
            ],
            [
              76.562044,
              9.952111
            ],
            [
              76.565044,
              9.952246
            ],
            [
              76.565725,
              9.953897
            ],
            [
              76.567297,
              9.953832
            ],
            [
              76.567346,
              9.951276
            ],
            [
              76.564044,
              9.950982
            ],
            [
              76.563023,
              9.949579
            ],
            [
              76.564649,
              9.948184
            ],
            [
              76.565385,
              9.945579
            ],
            [
              76.568509,
              9.944044
            ],
            [
              76.56858,
              9.943042
            ],
            [
              76.567857,
              9.942579
            ],
            [
              76.568044,
              9.940292
            ],
            [
              76.570044,
              9.944195
            ],
            [
              76.570652,
              9.942579
            ],
            [
              76.570096,
              9.941579
            ],
            [
              76.575452,
              9.940987
            ],
            [
              76.5758,
              9.938579
            ],
            [
              76.57687,
              9.937579
            ],
            [
              76.576853,
              9.936769
            ],
            [
              76.576,
              9.936579
            ],
            [
              76.576044,
              9.935723
            ],
            [
              76.576131,
              9.936491
            ],
            [
              76.578175,
              9.936579
            ],
            [
              76.577229,
              9.936764
            ],
            [
              76.577254,
              9.938579
            ],
            [
              76.57636,
              9.939579
            ],
            [
              76.577044,
              9.941211
            ],
            [
              76.57854,
              9.941075
            ],
            [
              76.579994,
              9.939529
            ],
            [
              76.581044,
              9.939399
            ],
            [
              76.580981,
              9.939641
            ],
            [
              76.5802,
              9.939735
            ],
            [
              76.580313,
              9.941309
            ],
            [
              76.58151,
              9.942112
            ],
            [
              76.585044,
              9.942532
            ],
            [
              76.587044,
              9.941751
            ],
            [
              76.588044,
              9.942244
            ],
            [
              76.588628,
              9.940994
            ],
            [
              76.586899,
              9.940579
            ],
            [
              76.588044,
              9.940146
            ],
            [
              76.589179,
              9.940443
            ],
            [
              76.589653,
              9.942969
            ],
            [
              76.592044,
              9.943052
            ],
            [
              76.59358,
              9.941579
            ],
            [
              76.593789,
              9.939324
            ],
            [
              76.596341,
              9.939281
            ],
            [
              76.594641,
              9.940176
            ],
            [
              76.59453,
              9.942579
            ],
            [
              76.593582,
              9.943579
            ],
            [
              76.596465,
              9.944
            ],
            [
              76.596533,
              9.941579
            ],
            [
              76.597561,
              9.940579
            ],
            [
              76.597458,
              9.939164
            ],
            [
              76.59679,
              9.938832
            ],
            [
              76.597044,
              9.93608
            ],
            [
              76.598044,
              9.936081
            ],
            [
              76.598494,
              9.934579
            ],
            [
              76.597751,
              9.933579
            ],
            [
              76.599044,
              9.932529
            ],
            [
              76.6002,
              9.935423
            ],
            [
              76.60129,
              9.935579
            ],
            [
              76.599512,
              9.936047
            ],
            [
              76.59943,
              9.938579
            ],
            [
              76.598495,
              9.939579
            ],
            [
              76.597585,
              9.944037
            ],
            [
              76.602044,
              9.944173
            ],
            [
              76.604044,
              9.942369
            ],
            [
              76.605235,
              9.942579
            ],
            [
              76.603044,
              9.944942
            ],
            [
              76.598725,
              9.94526
            ],
            [
              76.598608,
              9.946579
            ],
            [
              76.600044,
              9.947012
            ],
            [
              76.601044,
              9.946045
            ],
            [
              76.604044,
              9.946122
            ],
            [
              76.60468,
              9.947942
            ],
            [
              76.606044,
              9.947385
            ],
            [
              76.606547,
              9.949075
            ],
            [
              76.609333,
              9.949579
            ],
            [
              76.605598,
              9.950133
            ],
            [
              76.605666,
              9.951956
            ],
            [
              76.607044,
              9.951224
            ],
            [
              76.609302,
              9.951579
            ],
            [
              76.606638,
              9.953173
            ],
            [
              76.605451,
              9.955579
            ],
            [
              76.606617,
              9.956579
            ],
            [
              76.605166,
              9.957579
            ],
            [
              76.605271,
              9.958579
            ],
            [
              76.604044,
              9.958512
            ],
            [
              76.599842,
              9.961377
            ],
            [
              76.600491,
              9.963026
            ],
            [
              76.59859,
              9.963032
            ],
            [
              76.598044,
              9.961294
            ],
            [
              76.596044,
              9.961311
            ],
            [
              76.593879,
              9.962414
            ],
            [
              76.596044,
              9.963847
            ],
            [
              76.598517,
              9.964105
            ],
            [
              76.598752,
              9.965579
            ],
            [
              76.598044,
              9.966287
            ],
            [
              76.596044,
              9.96531
            ],
            [
              76.595575,
              9.96611
            ],
            [
              76.593894,
              9.966429
            ],
            [
              76.595798,
              9.969579
            ],
            [
              76.59455,
              9.971085
            ],
            [
              76.592909,
              9.971713
            ],
            [
              76.601201,
              9.972736
            ],
            [
              76.599549,
              9.972074
            ],
            [
              76.599306,
              9.970579
            ],
            [
              76.601368,
              9.968579
            ],
            [
              76.601595,
              9.96713
            ],
            [
              76.603254,
              9.966789
            ],
            [
              76.605281,
              9.964816
            ],
            [
              76.606044,
              9.963007
            ],
            [
              76.609817,
              9.966805
            ],
            [
              76.611274,
              9.966809
            ],
            [
              76.6113,
              9.965322
            ],
            [
              76.610044,
              9.964125
            ],
            [
              76.608695,
              9.963927
            ],
            [
              76.608527,
              9.962579
            ],
            [
              76.609044,
              9.962062
            ],
            [
              76.610044,
              9.963032
            ],
            [
              76.611334,
              9.961869
            ],
            [
              76.611611,
              9.957579
            ],
            [
              76.610044,
              9.955853
            ],
            [
              76.609044,
              9.956717
            ],
            [
              76.607358,
              9.956579
            ],
            [
              76.608745,
              9.95628
            ],
            [
              76.609044,
              9.955366
            ],
            [
              76.613816,
              9.955351
            ],
            [
              76.614132,
              9.954579
            ],
            [
              76.614104,
              9.955639
            ],
            [
              76.612438,
              9.956579
            ],
            [
              76.613044,
              9.964955
            ],
            [
              76.614453,
              9.964579
            ],
            [
              76.614725,
              9.96026
            ],
            [
              76.616044,
              9.961151
            ],
            [
              76.618044,
              9.961094
            ],
            [
              76.620471,
              9.959006
            ],
            [
              76.621961,
              9.956579
            ],
            [
              76.625044,
              9.956655
            ],
            [
              76.62509,
              9.959625
            ],
            [
              76.623044,
              9.961245
            ],
            [
              76.620635,
              9.96017
            ],
            [
              76.618703,
              9.962238
            ],
            [
              76.618541,
              9.963579
            ],
            [
              76.619044,
              9.964135
            ],
            [
              76.623044,
              9.964155
            ],
            [
              76.622497,
              9.967125
            ],
            [
              76.62565,
              9.967579
            ],
            [
              76.623044,
              9.967818
            ],
            [
              76.622441,
              9.968579
            ],
            [
              76.622574,
              9.971048
            ],
            [
              76.623444,
              9.972179
            ],
            [
              76.62507,
              9.972552
            ],
            [
              76.625216,
              9.973579
            ],
            [
              76.625009,
              9.973544
            ],
            [
              76.624955,
              9.972667
            ],
            [
              76.623044,
              9.97277
            ],
            [
              76.621852,
              9.97177
            ],
            [
              76.621439,
              9.969183
            ],
            [
              76.61872,
              9.970255
            ],
            [
              76.619498,
              9.971579
            ],
            [
              76.619367,
              9.974579
            ],
            [
              76.617587,
              9.976122
            ],
            [
              76.617655,
              9.977967
            ],
            [
              76.619503,
              9.978038
            ],
            [
              76.620594,
              9.977129
            ],
            [
              76.621044,
              9.975494
            ],
            [
              76.621322,
              9.9763
            ],
            [
              76.623044,
              9.976106
            ],
            [
              76.623069,
              9.976604
            ],
            [
              76.621372,
              9.976907
            ],
            [
              76.619184,
              9.980719
            ],
            [
              76.618481,
              9.979141
            ],
            [
              76.616044,
              9.979049
            ],
            [
              76.615044,
              9.980085
            ],
            [
              76.613044,
              9.980133
            ],
            [
              76.610783,
              9.981318
            ],
            [
              76.609663,
              9.983579
            ],
            [
              76.611044,
              9.984002
            ],
            [
              76.613044,
              9.983078
            ],
            [
              76.614044,
              9.98407
            ],
            [
              76.617436,
              9.984186
            ],
            [
              76.618354,
              9.985268
            ],
            [
              76.618044,
              9.987808
            ],
            [
              76.615414,
              9.985208
            ],
            [
              76.613725,
              9.98526
            ],
            [
              76.613493,
              9.987579
            ],
            [
              76.615204,
              9.990579
            ],
            [
              76.612544,
              9.992078
            ],
            [
              76.611425,
              9.993579
            ],
            [
              76.611675,
              9.994947
            ],
            [
              76.613306,
              9.995316
            ],
            [
              76.614579,
              9.997044
            ],
            [
              76.618086,
              9.997579
            ],
            [
              76.617216,
              9.997751
            ],
            [
              76.616461,
              9.999579
            ],
            [
              76.615809,
              9.998813
            ],
            [
              76.614422,
              9.998957
            ],
            [
              76.613336,
              9.999871
            ],
            [
              76.613044,
              10.001531
            ],
            [
              76.612769,
              9.999853
            ],
            [
              76.610044,
              9.999445
            ],
            [
              76.609044,
              9.998064
            ],
            [
              76.607044,
              10.000074
            ],
            [
              76.605044,
              9.999186
            ],
            [
              76.604044,
              10.00021
            ],
            [
              76.602044,
              9.999234
            ],
            [
              76.59983,
              9.999365
            ],
            [
              76.60081,
              10.000812
            ],
            [
              76.603044,
              10.001977
            ],
            [
              76.605414,
              10.002208
            ],
            [
              76.606044,
              10.004084
            ],
            [
              76.607318,
              10.002304
            ],
            [
              76.607347,
              10.004882
            ],
            [
              76.604585,
              10.005579
            ],
            [
              76.605674,
              10.007948
            ],
            [
              76.610044,
              10.008348
            ],
            [
              76.611044,
              10.007511
            ],
            [
              76.612692,
              10.007579
            ],
            [
              76.611264,
              10.008799
            ],
            [
              76.606645,
              10.00918
            ],
            [
              76.607363,
              10.010579
            ],
            [
              76.606349,
              10.011579
            ],
            [
              76.606112,
              10.014579
            ],
            [
              76.605044,
              10.015097
            ],
            [
              76.604505,
              10.013579
            ],
            [
              76.60549,
              10.011132
            ],
            [
              76.602234,
              10.010769
            ],
            [
              76.602044,
              10.012161
            ],
            [
              76.601313,
              10.011579
            ],
            [
              76.601676,
              10.010579
            ],
            [
              76.602735,
              10.01027
            ],
            [
              76.603044,
              10.008582
            ],
            [
              76.604524,
              10.010098
            ],
            [
              76.605468,
              10.010003
            ],
            [
              76.604378,
              10.007244
            ],
            [
              76.602506,
              10.008041
            ],
            [
              76.599044,
              10.007911
            ],
            [
              76.598044,
              10.010031
            ],
            [
              76.597378,
              10.008244
            ],
            [
              76.595554,
              10.007579
            ],
            [
              76.595712,
              10.006247
            ],
            [
              76.597474,
              10.005579
            ],
            [
              76.596492,
              10.004579
            ],
            [
              76.596694,
              10.003229
            ],
            [
              76.598044,
              10.004007
            ],
            [
              76.598425,
              10.00296
            ],
            [
              76.598044,
              10.002197
            ],
            [
              76.596044,
              10.002189
            ],
            [
              76.595433,
              10.001579
            ],
            [
              76.59827,
              9.999805
            ],
            [
              76.598245,
              9.998377
            ],
            [
              76.592856,
              9.998391
            ],
            [
              76.59174,
              9.999579
            ],
            [
              76.591703,
              10.001579
            ],
            [
              76.594437,
              10.004185
            ],
            [
              76.594613,
              10.005579
            ],
            [
              76.59317,
              10.006579
            ],
            [
              76.593141,
              10.007676
            ],
            [
              76.590563,
              10.010098
            ],
            [
              76.590101,
              10.011579
            ],
            [
              76.587591,
              10.012126
            ],
            [
              76.586175,
              10.01371
            ],
            [
              76.584979,
              10.013643
            ],
            [
              76.58583,
              10.012579
            ],
            [
              76.583624,
              10.011159
            ],
            [
              76.581548,
              10.015579
            ],
            [
              76.584044,
              10.017225
            ],
            [
              76.585216,
              10.016407
            ],
            [
              76.585205,
              10.017417
            ],
            [
              76.583348,
              10.017883
            ],
            [
              76.582903,
              10.018719
            ],
            [
              76.582437,
              10.017185
            ],
            [
              76.580684,
              10.017219
            ],
            [
              76.580348,
              10.022274
            ],
            [
              76.581855,
              10.022579
            ],
            [
              76.579362,
              10.022897
            ],
            [
              76.579044,
              10.024513
            ],
            [
              76.578562,
              10.02106
            ],
            [
              76.576025,
              10.020579
            ],
            [
              76.579497,
              10.020032
            ],
            [
              76.579583,
              10.016579
            ],
            [
              76.580539,
              10.015579
            ],
            [
              76.580468,
              10.011579
            ],
            [
              76.581288,
              10.010334
            ],
            [
              76.578788,
              10.010323
            ],
            [
              76.578432,
              10.011967
            ],
            [
              76.576044,
              10.013138
            ],
            [
              76.575446,
              10.010579
            ],
            [
              76.574044,
              10.009266
            ],
            [
              76.573624,
              10.012579
            ],
            [
              76.574586,
              10.013579
            ],
            [
              76.574529,
              10.015579
            ],
            [
              76.573514,
              10.016579
            ],
            [
              76.575343,
              10.018579
            ],
            [
              76.574044,
              10.020206
            ],
            [
              76.571044,
              10.0199
            ],
            [
              76.570412,
              10.020579
            ],
            [
              76.571044,
              10.021375
            ],
            [
              76.573044,
              10.021702
            ],
            [
              76.570555,
              10.02209
            ],
            [
              76.570044,
              10.024057
            ],
            [
              76.567282,
              10.023817
            ],
            [
              76.567044,
              10.024613
            ],
            [
              76.56421,
              10.024745
            ],
            [
              76.564044,
              10.025664
            ],
            [
              76.563044,
              10.022962
            ],
            [
              76.562173,
              10.024708
            ],
            [
              76.560423,
              10.024958
            ],
            [
              76.560044,
              10.026819
            ]
          ]
        ],
        "type": "Polygon"
      },
      "type": "Feature"
    }
  ]
}