{
  "type": "FeatureCollection",
  "metadata": {
    "provider_name": "Hotel Amruta Resto & Bar",
    "center_lat": 18.488407,
    "center_lon": 74.071327,
    "mode": "motorcycle",
    "total_zones": 4,
    "distance_zones": [
      3,
      4,
      5,
      6
    ],
    "generated_at": "2025-12-26T11:07:52.027194Z"
  },
  "features": [
    {
      "properties": {
        "fill-opacity": 0.33,
        "fillColor": "#bf4040",
        "opacity": 0.33,
        "fill": "#bf4040",
        "fillOpacity": 0.33,
        "color": "#bf4040",
        "contour": 3.0,
        "metric": "distance",
        "provider_name": "Hotel Amruta Resto & Bar",
        "zone_type": "distance",
        "distance_km": 3,
        "mode": "motorcycle",
        "center_lat": 18.488407,
        "center_lon": 74.071327,
        "label": "3km"
      },
      "geometry": {
        "coordinates": [
          [
            [
              74.082327,
              18.511583
            ],
            [
              74.080785,
              18.507948
            ],
            [
              74.077676,
              18.505057
            ],
            [
              74.075866,
              18.504867
            ],
            [
              74.074327,
              18.501986
            ],
            [
              74.073971,
              18.503762
            ],
            [
              74.075755,
              18.504978
            ],
            [
              74.074716,
              18.506407
            ],
            [
              74.074559,
              18.509407
            ],
            [
              74.075518,
              18.510407
            ],
            [
              74.075327,
              18.512057
            ],
            [
              74.074104,
              18.51063
            ],
            [
              74.07372,
              18.506014
            ],
            [
              74.068641,
              18.505721
            ],
            [
              74.068327,
              18.50747
            ],
            [
              74.066336,
              18.506407
            ],
            [
              74.067127,
              18.506207
            ],
            [
              74.066816,
              18.503917
            ],
            [
              74.063545,
              18.503407
            ],
            [
              74.066327,
              18.503172
            ],
            [
              74.06775,
              18.50183
            ],
            [
              74.067659,
              18.498074
            ],
            [
              74.065936,
              18.498016
            ],
            [
              74.065542,
              18.499622
            ],
            [
              74.064327,
              18.500658
            ],
            [
              74.061471,
              18.500407
            ],
            [
              74.06122,
              18.498407
            ],
            [
              74.062084,
              18.497407
            ],
            [
              74.058878,
              18.495407
            ],
            [
              74.060327,
              18.495273
            ],
            [
              74.061327,
              18.496182
            ],
            [
              74.062751,
              18.495831
            ],
            [
              74.064146,
              18.494407
            ],
            [
              74.062874,
              18.493859
            ],
            [
              74.062844,
              18.492924
            ],
            [
              74.064646,
              18.492407
            ],
            [
              74.063648,
              18.491407
            ],
            [
              74.063841,
              18.489921
            ],
            [
              74.065448,
              18.489285
            ],
            [
              74.059905,
              18.489407
            ],
            [
              74.056327,
              18.491541
            ],
            [
              74.054327,
              18.48978
            ],
            [
              74.053327,
              18.492827
            ],
            [
              74.05296,
              18.490407
            ],
            [
              74.051963,
              18.490043
            ],
            [
              74.05233,
              18.496403
            ],
            [
              74.051327,
              18.497284
            ],
            [
              74.05068,
              18.489053
            ],
            [
              74.042572,
              18.488407
            ],
            [
              74.044948,
              18.488028
            ],
            [
              74.045327,
              18.486207
            ],
            [
              74.045765,
              18.487968
            ],
            [
              74.049714,
              18.487794
            ],
            [
              74.049763,
              18.48697
            ],
            [
              74.048077,
              18.486407
            ],
            [
              74.049784,
              18.485864
            ],
            [
              74.051018,
              18.484407
            ],
            [
              74.050674,
              18.481407
            ],
            [
              74.051378,
              18.480458
            ],
            [
              74.053327,
              18.481023
            ],
            [
              74.054949,
              18.479407
            ],
            [
              74.053836,
              18.476897
            ],
            [
              74.051492,
              18.476407
            ],
            [
              74.051328,
              18.475407
            ],
            [
              74.053432,
              18.475301
            ],
            [
              74.05797,
              18.479763
            ],
            [
              74.060664,
              18.480069
            ],
            [
              74.062032,
              18.482701
            ],
            [
              74.062614,
              18.482694
            ],
            [
              74.063802,
              18.480407
            ],
            [
              74.063643,
              18.47909
            ],
            [
              74.062327,
              18.477905
            ],
            [
              74.060327,
              18.477843
            ],
            [
              74.059327,
              18.476805
            ],
            [
              74.057327,
              18.476714
            ],
            [
              74.056327,
              18.475657
            ],
            [
              74.055156,
              18.475577
            ],
            [
              74.055051,
              18.474682
            ],
            [
              74.054269,
              18.474464
            ],
            [
              74.054327,
              18.473372
            ],
            [
              74.054445,
              18.474289
            ],
            [
              74.056327,
              18.474258
            ],
            [
              74.059327,
              18.476008
            ],
            [
              74.061327,
              18.475966
            ],
            [
              74.062327,
              18.476908
            ],
            [
              74.064665,
              18.475745
            ],
            [
              74.063752,
              18.473981
            ],
            [
              74.060327,
              18.473562
            ],
            [
              74.060092,
              18.472641
            ],
            [
              74.058664,
              18.472407
            ],
            [
              74.061955,
              18.472035
            ],
            [
              74.062327,
              18.470064
            ],
            [
              74.062849,
              18.472884
            ],
            [
              74.065327,
              18.473945
            ],
            [
              74.067684,
              18.473764
            ],
            [
              74.068257,
              18.468337
            ],
            [
              74.069327,
              18.467967
            ],
            [
              74.069664,
              18.471407
            ],
            [
              74.070682,
              18.471762
            ],
            [
              74.071853,
              18.470407
            ],
            [
              74.070957,
              18.468407
            ],
            [
              74.071968,
              18.467407
            ],
            [
              74.070877,
              18.465856
            ],
            [
              74.06934,
              18.465407
            ],
            [
              74.071327,
              18.462548
            ],
            [
              74.071783,
              18.46495
            ],
            [
              74.074968,
              18.465407
            ],
            [
              74.073641,
              18.465721
            ],
            [
              74.073705,
              18.468407
            ],
            [
              74.07277,
              18.469407
            ],
            [
              74.073327,
              18.469957
            ],
            [
              74.075327,
              18.469056
            ],
            [
              74.076327,
              18.470006
            ],
            [
              74.077711,
              18.469791
            ],
            [
              74.077813,
              18.46792
            ],
            [
              74.076214,
              18.467519
            ],
            [
              74.075956,
              18.466036
            ],
            [
              74.077327,
              18.465986
            ],
            [
              74.077767,
              18.466966
            ],
            [
              74.0791,
              18.46718
            ],
            [
              74.082372,
              18.465361
            ],
            [
              74.082554,
              18.467179
            ],
            [
              74.086419,
              18.469314
            ],
            [
              74.086284,
              18.470407
            ],
            [
              74.083829,
              18.470909
            ],
            [
              74.083539,
              18.472619
            ],
            [
              74.08,
              18.47608
            ],
            [
              74.080813,
              18.478893
            ],
            [
              74.079327,
              18.478965
            ],
            [
              74.079046,
              18.479687
            ],
            [
              74.080327,
              18.479862
            ],
            [
              74.080849,
              18.478929
            ],
            [
              74.082688,
              18.478768
            ],
            [
              74.083976,
              18.476407
            ],
            [
              74.08418,
              18.47426
            ],
            [
              74.086049,
              18.474129
            ],
            [
              74.086327,
              18.473308
            ],
            [
              74.08759,
              18.473407
            ],
            [
              74.086517,
              18.473597
            ],
            [
              74.086442,
              18.474522
            ],
            [
              74.08486,
              18.47594
            ],
            [
              74.084947,
              18.478786
            ],
            [
              74.087797,
              18.478877
            ],
            [
              74.087946,
              18.477787
            ],
            [
              74.087173,
              18.477253
            ],
            [
              74.088327,
              18.475438
            ],
            [
              74.08866,
              18.477073
            ],
            [
              74.090775,
              18.477407
            ],
            [
              74.089632,
              18.477712
            ],
            [
              74.087861,
              18.47994
            ],
            [
              74.08752,
              18.4816
            ],
            [
              74.086434,
              18.482407
            ],
            [
              74.086818,
              18.483915
            ],
            [
              74.089089,
              18.484169
            ],
            [
              74.089327,
              18.48335
            ],
            [
              74.089655,
              18.486079
            ],
            [
              74.090425,
              18.486407
            ],
            [
              74.089658,
              18.487407
            ],
            [
              74.090327,
              18.487947
            ],
            [
              74.098907,
              18.488407
            ],
            [
              74.097327,
              18.489377
            ],
            [
              74.095076,
              18.489156
            ],
            [
              74.09501,
              18.489723
            ],
            [
              74.096404,
              18.490329
            ],
            [
              74.092846,
              18.491926
            ],
            [
              74.092771,
              18.492962
            ],
            [
              74.095096,
              18.493407
            ],
            [
              74.092734,
              18.493814
            ],
            [
              74.092327,
              18.496171
            ],
            [
              74.091882,
              18.493851
            ],
            [
              74.088468,
              18.493548
            ],
            [
              74.08886,
              18.495873
            ],
            [
              74.090793,
              18.497407
            ],
            [
              74.091327,
              18.499269
            ],
            [
              74.089287,
              18.498407
            ],
            [
              74.087745,
              18.494988
            ],
            [
              74.082032,
              18.495112
            ],
            [
              74.081969,
              18.499764
            ],
            [
              74.082711,
              18.499791
            ],
            [
              74.083085,
              18.498165
            ],
            [
              74.084327,
              18.497179
            ],
            [
              74.084628,
              18.498407
            ],
            [
              74.083927,
              18.499806
            ],
            [
              74.090068,
              18.500407
            ],
            [
              74.089327,
              18.501622
            ],
            [
              74.08918,
              18.500553
            ],
            [
              74.087712,
              18.500792
            ],
            [
              74.087327,
              18.502972
            ],
            [
              74.086875,
              18.500858
            ],
            [
              74.081964,
              18.501044
            ],
            [
              74.081556,
              18.506407
            ],
            [
              74.082631,
              18.509102
            ],
            [
              74.083415,
              18.509407
            ],
            [
              74.083141,
              18.511221
            ],
            [
              74.082327,
              18.511583
            ]
          ]
        ],
        "type": "Polygon"
      },
      "type": "Feature"
    },
    {
      "properties": {
        "fill-opacity": 0.33,
        "fillColor": "#bf4040",
        "opacity": 0.33,
        "fill": "#bf4040",
        "fillOpacity": 0.33,
        "color": "#bf4040",
        "contour": 4.0,
        "metric": "distance",
        "provider_name": "Hotel Amruta Resto & Bar",
        "zone_type": "distance",
        "distance_km": 4,
        "mode": "motorcycle",
        "center_lat": 18.488407,
        "center_lon": 74.071327,
        "label": "4km"
      },
      "geometry": {
        "coordinates": [
          [
            [
              74.075327,
              18.521069
            ],
            [
              74.073305,
              18.519407
            ],
            [
              74.074998,
              18.519078
            ],
            [
              74.074798,
              18.516935
            ],
            [
              74.071396,
              18.516476
            ],
            [
              74.071272,
              18.517407
            ],
            [
              74.071327,
              18.516375
            ],
            [
              74.074774,
              18.515854
            ],
            [
              74.074694,
              18.51404
            ],
            [
              74.070327,
              18.513674
            ],
            [
              74.069327,
              18.512626
            ],
            [
              74.067433,
              18.515513
            ],
            [
              74.066939,
              18.513794
            ],
            [
              74.065327,
              18.512658
            ],
            [
              74.064327,
              18.514281
            ],
            [
              74.063037,
              18.514407
            ],
            [
              74.06313,
              18.512407
            ],
            [
              74.065668,
              18.507065
            ],
            [
              74.060327,
              18.507129
            ],
            [
              74.059327,
              18.506412
            ],
            [
              74.057327,
              18.507859
            ],
            [
              74.056313,
              18.507407
            ],
            [
              74.057119,
              18.505407
            ],
            [
              74.055106,
              18.503407
            ],
            [
              74.058748,
              18.502828
            ],
            [
              74.058075,
              18.501155
            ],
            [
              74.060666,
              18.499746
            ],
            [
              74.061612,
              18.497121
            ],
            [
              74.05753,
              18.496203
            ],
            [
              74.05711,
              18.494623
            ],
            [
              74.056327,
              18.494593
            ],
            [
              74.055495,
              18.495407
            ],
            [
              74.056104,
              18.496407
            ],
            [
              74.055327,
              18.497283
            ],
            [
              74.053327,
              18.498184
            ],
            [
              74.050981,
              18.498061
            ],
            [
              74.051465,
              18.502545
            ],
            [
              74.050138,
              18.502595
            ],
            [
              74.049327,
              18.498844
            ],
            [
              74.048327,
              18.500728
            ],
            [
              74.047741,
              18.498992
            ],
            [
              74.045834,
              18.498914
            ],
            [
              74.045221,
              18.501407
            ],
            [
              74.043846,
              18.500407
            ],
            [
              74.045013,
              18.49672
            ],
            [
              74.043648,
              18.496407
            ],
            [
              74.045327,
              18.494719
            ],
            [
              74.045545,
              18.497407
            ],
            [
              74.046327,
              18.498095
            ],
            [
              74.047327,
              18.494884
            ],
            [
              74.047652,
              18.497407
            ],
            [
              74.048716,
              18.497796
            ],
            [
              74.049222,
              18.494511
            ],
            [
              74.048063,
              18.493407
            ],
            [
              74.048857,
              18.492407
            ],
            [
              74.050327,
              18.492332
            ],
            [
              74.050558,
              18.489175
            ],
            [
              74.038327,
              18.488763
            ],
            [
              74.035327,
              18.489518
            ],
            [
              74.035056,
              18.488677
            ],
            [
              74.033039,
              18.488407
            ],
            [
              74.036327,
              18.485608
            ],
            [
              74.039327,
              18.487065
            ],
            [
              74.040327,
              18.486072
            ],
            [
              74.040945,
              18.487788
            ],
            [
              74.04168,
              18.48776
            ],
            [
              74.041812,
              18.483921
            ],
            [
              74.038686,
              18.483407
            ],
            [
              74.042006,
              18.482086
            ],
            [
              74.042327,
              18.480544
            ],
            [
              74.044,
              18.481407
            ],
            [
              74.042711,
              18.482791
            ],
            [
              74.042886,
              18.484848
            ],
            [
              74.046649,
              18.485084
            ],
            [
              74.04681,
              18.486407
            ],
            [
              74.045862,
              18.487407
            ],
            [
              74.046327,
              18.487823
            ],
            [
              74.049572,
              18.487652
            ],
            [
              74.047755,
              18.486407
            ],
            [
              74.050596,
              18.484676
            ],
            [
              74.050643,
              18.48309
            ],
            [
              74.049327,
              18.481857
            ],
            [
              74.044393,
              18.481407
            ],
            [
              74.047732,
              18.480812
            ],
            [
              74.047988,
              18.479407
            ],
            [
              74.04689,
              18.478407
            ],
            [
              74.047124,
              18.476204
            ],
            [
              74.048327,
              18.477034
            ],
            [
              74.050671,
              18.475751
            ],
            [
              74.050672,
              18.475061
            ],
            [
              74.046327,
              18.474716
            ],
            [
              74.045327,
              18.475603
            ],
            [
              74.044911,
              18.474822
            ],
            [
              74.042683,
              18.474407
            ],
            [
              74.042673,
              18.473407
            ],
            [
              74.044198,
              18.473278
            ],
            [
              74.045577,
              18.474157
            ],
            [
              74.048327,
              18.473034
            ],
            [
              74.049327,
              18.473978
            ],
            [
              74.053805,
              18.474885
            ],
            [
              74.053826,
              18.473407
            ],
            [
              74.050327,
              18.472706
            ],
            [
              74.047327,
              18.470239
            ],
            [
              74.049327,
              18.471136
            ],
            [
              74.052327,
              18.471016
            ],
            [
              74.052885,
              18.471848
            ],
            [
              74.05464,
              18.472093
            ],
            [
              74.055006,
              18.473727
            ],
            [
              74.059327,
              18.475782
            ],
            [
              74.061327,
              18.475765
            ],
            [
              74.062327,
              18.476741
            ],
            [
              74.064551,
              18.475631
            ],
            [
              74.063327,
              18.47401
            ],
            [
              74.060327,
              18.473949
            ],
            [
              74.059327,
              18.472924
            ],
            [
              74.055892,
              18.472407
            ],
            [
              74.061628,
              18.471708
            ],
            [
              74.060842,
              18.470407
            ],
            [
              74.060926,
              18.468407
            ],
            [
              74.063167,
              18.465407
            ],
            [
              74.063577,
              18.463407
            ],
            [
              74.061195,
              18.462407
            ],
            [
              74.065327,
              18.462013
            ],
            [
              74.067713,
              18.462793
            ],
            [
              74.068887,
              18.461407
            ],
            [
              74.068759,
              18.459974
            ],
            [
              74.065677,
              18.460407
            ],
            [
              74.065219,
              18.459407
            ],
            [
              74.067824,
              18.458904
            ],
            [
              74.068054,
              18.457679
            ],
            [
              74.066826,
              18.457407
            ],
            [
              74.069884,
              18.456964
            ],
            [
              74.070114,
              18.455619
            ],
            [
              74.069307,
              18.455426
            ],
            [
              74.069327,
              18.454274
            ],
            [
              74.072288,
              18.456407
            ],
            [
              74.070705,
              18.456785
            ],
            [
              74.070577,
              18.457407
            ],
            [
              74.070873,
              18.458861
            ],
            [
              74.072504,
              18.460407
            ],
            [
              74.071784,
              18.461407
            ],
            [
              74.072808,
              18.463407
            ],
            [
              74.072035,
              18.464698
            ],
            [
              74.082327,
              18.464899
            ],
            [
              74.083065,
              18.462145
            ],
            [
              74.085241,
              18.460407
            ],
            [
              74.085327,
              18.459026
            ],
            [
              74.085506,
              18.460227
            ],
            [
              74.087327,
              18.461237
            ],
            [
              74.088139,
              18.461219
            ],
            [
              74.088327,
              18.460344
            ],
            [
              74.089143,
              18.460407
            ],
            [
              74.088446,
              18.460526
            ],
            [
              74.088384,
              18.461464
            ],
            [
              74.086761,
              18.461841
            ],
            [
              74.086327,
              18.465024
            ],
            [
              74.086102,
              18.462407
            ],
            [
              74.084871,
              18.461951
            ],
            [
              74.083765,
              18.463407
            ],
            [
              74.083805,
              18.465407
            ],
            [
              74.08301,
              18.466723
            ],
            [
              74.086327,
              18.46657
            ],
            [
              74.090327,
              18.469069
            ],
            [
              74.091903,
              18.468983
            ],
            [
              74.092327,
              18.467517
            ],
            [
              74.092931,
              18.468803
            ],
            [
              74.094327,
              18.469285
            ],
            [
              74.094327,
              18.470407
            ],
            [
              74.093478,
              18.470558
            ],
            [
              74.093327,
              18.471341
            ],
            [
              74.093055,
              18.470678
            ],
            [
              74.090327,
              18.469744
            ],
            [
              74.087327,
              18.469846
            ],
            [
              74.086327,
              18.470905
            ],
            [
              74.084042,
              18.471122
            ],
            [
              74.083723,
              18.472803
            ],
            [
              74.080007,
              18.476407
            ],
            [
              74.081008,
              18.477407
            ],
            [
              74.080986,
              18.478747
            ],
            [
              74.082561,
              18.478641
            ],
            [
              74.083952,
              18.474032
            ],
            [
              74.088327,
              18.471941
            ],
            [
              74.090327,
              18.472
            ],
            [
              74.090856,
              18.474877
            ],
            [
              74.09336,
              18.475407
            ],
            [
              74.092661,
              18.475741
            ],
            [
              74.09289,
              18.477407
            ],
            [
              74.091788,
              18.478407
            ],
            [
              74.091697,
              18.481407
            ],
            [
              74.089828,
              18.483407
            ],
            [
              74.090057,
              18.485407
            ],
            [
              74.091327,
              18.486868
            ],
            [
              74.093327,
              18.486735
            ],
            [
              74.094015,
              18.487718
            ],
            [
              74.095646,
              18.487726
            ],
            [
              74.096812,
              18.483921
            ],
            [
              74.095641,
              18.483721
            ],
            [
              74.095451,
              18.484531
            ],
            [
              74.093731,
              18.484407
            ],
            [
              74.095111,
              18.484191
            ],
            [
              74.095443,
              18.480523
            ],
            [
              74.096327,
              18.479921
            ],
            [
              74.098327,
              18.480702
            ],
            [
              74.099327,
              18.479886
            ],
            [
              74.100327,
              18.480522
            ],
            [
              74.10064,
              18.482093
            ],
            [
              74.102386,
              18.482407
            ],
            [
              74.103855,
              18.486878
            ],
            [
              74.106327,
              18.485774
            ],
            [
              74.106474,
              18.488259
            ],
            [
              74.108294,
              18.488407
            ],
            [
              74.106091,
              18.490171
            ],
            [
              74.1035,
              18.48958
            ],
            [
              74.103765,
              18.491407
            ],
            [
              74.101613,
              18.492407
            ],
            [
              74.102392,
              18.493407
            ],
            [
              74.093027,
              18.494107
            ],
            [
              74.093327,
              18.497259
            ],
            [
              74.095023,
              18.497103
            ],
            [
              74.096327,
              18.495729
            ],
            [
              74.099327,
              18.499406
            ],
            [
              74.098481,
              18.499561
            ],
            [
              74.098317,
              18.501407
            ],
            [
              74.094845,
              18.501925
            ],
            [
              74.094764,
              18.505407
            ],
            [
              74.094303,
              18.50543
            ],
            [
              74.092327,
              18.503727
            ],
            [
              74.091098,
              18.507407
            ],
            [
              74.087854,
              18.507934
            ],
            [
              74.087643,
              18.510407
            ],
            [
              74.088558,
              18.511638
            ],
            [
              74.087744,
              18.512407
            ],
            [
              74.089653,
              18.513407
            ],
            [
              74.089195,
              18.516407
            ],
            [
              74.086327,
              18.519329
            ],
            [
              74.083889,
              18.518407
            ],
            [
              74.083883,
              18.51685
            ],
            [
              74.080293,
              18.51644
            ],
            [
              74.080327,
              18.515945
            ],
            [
              74.081925,
              18.516005
            ],
            [
              74.081674,
              18.512059
            ],
            [
              74.079327,
              18.510787
            ],
            [
              74.076327,
              18.510643
            ],
            [
              74.075892,
              18.514841
            ],
            [
              74.077055,
              18.515135
            ],
            [
              74.077327,
              18.514038
            ],
            [
              74.078968,
              18.515407
            ],
            [
              74.078407,
              18.516487
            ],
            [
              74.075833,
              18.517913
            ],
            [
              74.075327,
              18.521069
            ]
          ]
        ],
        "type": "Polygon"
      },
      "type": "Feature"
    },
    {
      "properties": {
        "fill-opacity": 0.33,
        "fillColor": "#bf4040",
        "opacity": 0.33,
        "fill": "#bf4040",
        "fillOpacity": 0.33,
        "color": "#bf4040",
        "contour": 5.0,
        "metric": "distance",
        "provider_name": "Hotel Amruta Resto & Bar",
        "zone_type": "distance",
        "distance_km": 5,
        "mode": "motorcycle",
        "center_lat": 18.488407,
        "center_lon": 74.071327,
        "label": "5km"
      },
      "geometry": {
        "coordinates": [
          [
            [
              74.070327,
              18.527449
            ],
            [
              74.070178,
              18.526407
            ],
            [
              74.071085,
              18.526165
            ],
            [
              74.070996,
              18.524737
            ],
            [
              74.069342,
              18.524407
            ],
            [
              74.072811,
              18.522891
            ],
            [
              74.073067,
              18.521147
            ],
            [
              74.071854,
              18.519407
            ],
            [
              74.074629,
              18.518709
            ],
            [
              74.074745,
              18.517407
            ],
            [
              74.072327,
              18.51694
            ],
            [
              74.070327,
              18.518847
            ],
            [
              74.069327,
              18.517853
            ],
            [
              74.067917,
              18.517997
            ],
            [
              74.068627,
              18.519407
            ],
            [
              74.068327,
              18.523273
            ],
            [
              74.067802,
              18.519931
            ],
            [
              74.066327,
              18.519647
            ],
            [
              74.065179,
              18.520554
            ],
            [
              74.063327,
              18.519531
            ],
            [
              74.063327,
              18.51804
            ],
            [
              74.063577,
              18.519156
            ],
            [
              74.065056,
              18.518407
            ],
            [
              74.065015,
              18.517718
            ],
            [
              74.063859,
              18.517407
            ],
            [
              74.06413,
              18.51621
            ],
            [
              74.064479,
              18.517254
            ],
            [
              74.066327,
              18.51808
            ],
            [
              74.067945,
              18.516407
            ],
            [
              74.065327,
              18.512979
            ],
            [
              74.063327,
              18.516199
            ],
            [
              74.061849,
              18.515407
            ],
            [
              74.065552,
              18.507181
            ],
            [
              74.061027,
              18.507107
            ],
            [
              74.060327,
              18.509768
            ],
            [
              74.059327,
              18.508836
            ],
            [
              74.057327,
              18.508883
            ],
            [
              74.055823,
              18.507407
            ],
            [
              74.056769,
              18.505407
            ],
            [
              74.055624,
              18.504109
            ],
            [
              74.054496,
              18.504407
            ],
            [
              74.054327,
              18.505492
            ],
            [
              74.054035,
              18.504698
            ],
            [
              74.052327,
              18.504491
            ],
            [
              74.051766,
              18.502967
            ],
            [
              74.049938,
              18.502795
            ],
            [
              74.049565,
              18.499168
            ],
            [
              74.048327,
              18.501002
            ],
            [
              74.047582,
              18.499151
            ],
            [
              74.046327,
              18.498999
            ],
            [
              74.044764,
              18.503407
            ],
            [
              74.046022,
              18.504407
            ],
            [
              74.046426,
              18.507307
            ],
            [
              74.047342,
              18.507407
            ],
            [
              74.047608,
              18.508407
            ],
            [
              74.045651,
              18.508731
            ],
            [
              74.045327,
              18.510384
            ],
            [
              74.043226,
              18.508507
            ],
            [
              74.043165,
              18.507245
            ],
            [
              74.044816,
              18.506896
            ],
            [
              74.04477,
              18.505963
            ],
            [
              74.043327,
              18.505695
            ],
            [
              74.042512,
              18.506592
            ],
            [
              74.039738,
              18.506407
            ],
            [
              74.04195,
              18.50603
            ],
            [
              74.042987,
              18.504407
            ],
            [
              74.042728,
              18.503005
            ],
            [
              74.040731,
              18.501003
            ],
            [
              74.035123,
              18.500407
            ],
            [
              74.035602,
              18.499407
            ],
            [
              74.036361,
              18.499372
            ],
            [
              74.036571,
              18.500162
            ],
            [
              74.037868,
              18.499948
            ],
            [
              74.039083,
              18.498407
            ],
            [
              74.039327,
              18.496223
            ],
            [
              74.040327,
              18.496407
            ],
            [
              74.041246,
              18.495326
            ],
            [
              74.040975,
              18.493758
            ],
            [
              74.037831,
              18.492407
            ],
            [
              74.038935,
              18.490015
            ],
            [
              74.03861,
              18.489123
            ],
            [
              74.037327,
              18.4903
            ],
            [
              74.035327,
              18.49018
            ],
            [
              74.034327,
              18.489177
            ],
            [
              74.027327,
              18.489997
            ],
            [
              74.026327,
              18.4892
            ],
            [
              74.025327,
              18.489992
            ],
            [
              74.023873,
              18.489407
            ],
            [
              74.023606,
              18.488407
            ],
            [
              74.025223,
              18.487303
            ],
            [
              74.025633,
              18.4881
            ],
            [
              74.026846,
              18.487926
            ],
            [
              74.027101,
              18.486632
            ],
            [
              74.026326,
              18.485406
            ],
            [
              74.028327,
              18.484931
            ],
            [
              74.030327,
              18.48619
            ],
            [
              74.031327,
              18.48529
            ],
            [
              74.031585,
              18.487407
            ],
            [
              74.032327,
              18.487926
            ],
            [
              74.032999,
              18.483407
            ],
            [
              74.031228,
              18.482308
            ],
            [
              74.033327,
              18.482133
            ],
            [
              74.034327,
              18.481208
            ],
            [
              74.035327,
              18.482032
            ],
            [
              74.038327,
              18.481956
            ],
            [
              74.039327,
              18.479075
            ],
            [
              74.039973,
              18.48176
            ],
            [
              74.041327,
              18.481882
            ],
            [
              74.041858,
              18.479407
            ],
            [
              74.04001,
              18.478723
            ],
            [
              74.040119,
              18.478199
            ],
            [
              74.042327,
              18.477014
            ],
            [
              74.045327,
              18.478085
            ],
            [
              74.047327,
              18.475817
            ],
            [
              74.048327,
              18.476792
            ],
            [
              74.050554,
              18.475634
            ],
            [
              74.050327,
              18.47506
            ],
            [
              74.046327,
              18.474998
            ],
            [
              74.045327,
              18.475961
            ],
            [
              74.043327,
              18.474927
            ],
            [
              74.042327,
              18.475879
            ],
            [
              74.037807,
              18.475887
            ],
            [
              74.037327,
              18.477514
            ],
            [
              74.036992,
              18.476741
            ],
            [
              74.035298,
              18.476435
            ],
            [
              74.035327,
              18.475541
            ],
            [
              74.03546,
              18.476274
            ],
            [
              74.036937,
              18.476017
            ],
            [
              74.038986,
              18.473407
            ],
            [
              74.037094,
              18.471407
            ],
            [
              74.037327,
              18.468259
            ],
            [
              74.038876,
              18.471857
            ],
            [
              74.041327,
              18.470983
            ],
            [
              74.042327,
              18.471933
            ],
            [
              74.043327,
              18.469527
            ],
            [
              74.047019,
              18.469099
            ],
            [
              74.047327,
              18.468025
            ],
            [
              74.048327,
              18.467765
            ],
            [
              74.04848,
              18.469253
            ],
            [
              74.049628,
              18.470407
            ],
            [
              74.054762,
              18.471971
            ],
            [
              74.05511,
              18.473623
            ],
            [
              74.05914,
              18.475594
            ],
            [
              74.061327,
              18.475671
            ],
            [
              74.062327,
              18.476657
            ],
            [
              74.064494,
              18.475574
            ],
            [
              74.063327,
              18.474123
            ],
            [
              74.060327,
              18.474093
            ],
            [
              74.059327,
              18.473081
            ],
            [
              74.056327,
              18.473045
            ],
            [
              74.055688,
              18.472407
            ],
            [
              74.056327,
              18.471768
            ],
            [
              74.061534,
              18.471614
            ],
            [
              74.060667,
              18.470407
            ],
            [
              74.060701,
              18.468407
            ],
            [
              74.062783,
              18.465407
            ],
            [
              74.062642,
              18.463091
            ],
            [
              74.056327,
              18.462686
            ],
            [
              74.055327,
              18.461678
            ],
            [
              74.052332,
              18.461407
            ],
            [
              74.05201,
              18.460407
            ],
            [
              74.054529,
              18.460609
            ],
            [
              74.054327,
              18.458318
            ],
            [
              74.056376,
              18.458357
            ],
            [
              74.055501,
              18.458581
            ],
            [
              74.056327,
              18.46016
            ],
            [
              74.057158,
              18.459238
            ],
            [
              74.059095,
              18.459175
            ],
            [
              74.059873,
              18.456407
            ],
            [
              74.064708,
              18.456788
            ],
            [
              74.065055,
              18.453407
            ],
            [
              74.066135,
              18.452407
            ],
            [
              74.065404,
              18.450407
            ],
            [
              74.068136,
              18.448407
            ],
            [
              74.068084,
              18.447649
            ],
            [
              74.066378,
              18.447458
            ],
            [
              74.066327,
              18.448048
            ],
            [
              74.066238,
              18.447407
            ],
            [
              74.068129,
              18.447209
            ],
            [
              74.068327,
              18.446318
            ],
            [
              74.068517,
              18.448407
            ],
            [
              74.069327,
              18.449115
            ],
            [
              74.070867,
              18.448947
            ],
            [
              74.07229,
              18.44737
            ],
            [
              74.073327,
              18.447112
            ],
            [
              74.073495,
              18.447407
            ],
            [
              74.07245,
              18.44753
            ],
            [
              74.072615,
              18.449118
            ],
            [
              74.074379,
              18.449407
            ],
            [
              74.072631,
              18.449711
            ],
            [
              74.07253,
              18.450407
            ],
            [
              74.073327,
              18.451138
            ],
            [
              74.076445,
              18.451288
            ],
            [
              74.076789,
              18.452944
            ],
            [
              74.077901,
              18.452981
            ],
            [
              74.079309,
              18.451389
            ],
            [
              74.080327,
              18.451407
            ],
            [
              74.078459,
              18.453539
            ],
            [
              74.074753,
              18.455407
            ],
            [
              74.074638,
              18.458407
            ],
            [
              74.07642,
              18.459313
            ],
            [
              74.076397,
              18.461336
            ],
            [
              74.07698,
              18.461407
            ],
            [
              74.076304,
              18.461429
            ],
            [
              74.076116,
              18.460617
            ],
            [
              74.074158,
              18.459575
            ],
            [
              74.073728,
              18.457005
            ],
            [
              74.071027,
              18.457107
            ],
            [
              74.071056,
              18.458677
            ],
            [
              74.072875,
              18.460407
            ],
            [
              74.071975,
              18.461407
            ],
            [
              74.072982,
              18.462407
            ],
            [
              74.072327,
              18.464711
            ],
            [
              74.082553,
              18.464633
            ],
            [
              74.082912,
              18.461992
            ],
            [
              74.084804,
              18.460407
            ],
            [
              74.082862,
              18.459407
            ],
            [
              74.084844,
              18.458407
            ],
            [
              74.086327,
              18.452911
            ],
            [
              74.086609,
              18.454124
            ],
            [
              74.088069,
              18.454149
            ],
            [
              74.088277,
              18.453357
            ],
            [
              74.089294,
              18.453407
            ],
            [
              74.088471,
              18.453551
            ],
            [
              74.087604,
              18.455407
            ],
            [
              74.088327,
              18.458091
            ],
            [
              74.089782,
              18.457862
            ],
            [
              74.092327,
              18.455302
            ],
            [
              74.095376,
              18.455357
            ],
            [
              74.095587,
              18.457146
            ],
            [
              74.097268,
              18.457348
            ],
            [
              74.097327,
              18.456398
            ],
            [
              74.097935,
              18.458407
            ],
            [
              74.096617,
              18.458697
            ],
            [
              74.096327,
              18.46024
            ],
            [
              74.095977,
              18.458756
            ],
            [
              74.094842,
              18.458922
            ],
            [
              74.094327,
              18.462304
            ],
            [
              74.093807,
              18.459927
            ],
            [
              74.092327,
              18.4598
            ],
            [
              74.091759,
              18.460407
            ],
            [
              74.092824,
              18.467407
            ],
            [
              74.094635,
              18.468098
            ],
            [
              74.094681,
              18.470761
            ],
            [
              74.093327,
              18.471903
            ],
            [
              74.090327,
              18.470008
            ],
            [
              74.087327,
              18.470047
            ],
            [
              74.086327,
              18.471073
            ],
            [
              74.084127,
              18.471207
            ],
            [
              74.083801,
              18.472881
            ],
            [
              74.080084,
              18.476407
            ],
            [
              74.081085,
              18.477407
            ],
            [
              74.081072,
              18.478661
            ],
            [
              74.0825,
              18.47858
            ],
            [
              74.083863,
              18.473943
            ],
            [
              74.088327,
              18.471755
            ],
            [
              74.090745,
              18.471988
            ],
            [
              74.091327,
              18.474848
            ],
            [
              74.093977,
              18.474057
            ],
            [
              74.094233,
              18.472313
            ],
            [
              74.094393,
              18.472407
            ],
            [
              74.09462,
              18.475407
            ],
            [
              74.094876,
              18.475857
            ],
            [
              74.098327,
              18.475559
            ],
            [
              74.099584,
              18.476407
            ],
            [
              74.09914,
              18.478407
            ],
            [
              74.100327,
              18.478946
            ],
            [
              74.101737,
              18.478817
            ],
            [
              74.101634,
              18.477407
            ],
            [
              74.102635,
              18.477098
            ],
            [
              74.102658,
              18.478407
            ],
            [
              74.103682,
              18.479407
            ],
            [
              74.103526,
              18.481207
            ],
            [
              74.104793,
              18.48194
            ],
            [
              74.105818,
              18.481898
            ],
            [
              74.106327,
              18.479373
            ],
            [
              74.109327,
              18.479848
            ],
            [
              74.109509,
              18.482407
            ],
            [
              74.107661,
              18.483407
            ],
            [
              74.109505,
              18.484228
            ],
            [
              74.109562,
              18.485407
            ],
            [
              74.107838,
              18.485918
            ],
            [
              74.106962,
              18.487771
            ],
            [
              74.108327,
              18.487971
            ],
            [
              74.109327,
              18.487035
            ],
            [
              74.117819,
              18.487407
            ],
            [
              74.115689,
              18.487769
            ],
            [
              74.115327,
              18.490249
            ],
            [
              74.114327,
              18.491299
            ],
            [
              74.112327,
              18.488754
            ],
            [
              74.109914,
              18.489994
            ],
            [
              74.109327,
              18.492629
            ],
            [
              74.108054,
              18.491679
            ],
            [
              74.107683,
              18.49005
            ],
            [
              74.106994,
              18.490074
            ],
            [
              74.106465,
              18.497407
            ],
            [
              74.106687,
              18.498046
            ],
            [
              74.108759,
              18.498407
            ],
            [
              74.106687,
              18.498767
            ],
            [
              74.106327,
              18.500442
            ],
            [
              74.104864,
              18.498869
            ],
            [
              74.10389,
              18.49897
            ],
            [
              74.103327,
              18.504154
            ],
            [
              74.102743,
              18.49899
            ],
            [
              74.100327,
              18.498877
            ],
            [
              74.098999,
              18.500079
            ],
            [
              74.097786,
              18.502407
            ],
            [
              74.099588,
              18.503145
            ],
            [
              74.099577,
              18.504657
            ],
            [
              74.095925,
              18.505005
            ],
            [
              74.095806,
              18.507407
            ],
            [
              74.096327,
              18.508029
            ],
            [
              74.098569,
              18.508164
            ],
            [
              74.099327,
              18.510004
            ],
            [
              74.096569,
              18.510649
            ],
            [
              74.096327,
              18.511651
            ],
            [
              74.092327,
              18.511738
            ],
            [
              74.091707,
              18.512407
            ],
            [
              74.091699,
              18.514407
            ],
            [
              74.09282,
              18.516913
            ],
            [
              74.096327,
              18.517746
            ],
            [
              74.09379,
              18.51787
            ],
            [
              74.092308,
              18.520425
            ],
            [
              74.091746,
              18.516987
            ],
            [
              74.089787,
              18.517407
            ],
            [
              74.090736,
              18.518407
            ],
            [
              74.090624,
              18.519704
            ],
            [
              74.088682,
              18.518052
            ],
            [
              74.087819,
              18.518407
            ],
            [
              74.087887,
              18.521846
            ],
            [
              74.089486,
              18.522247
            ],
            [
              74.089964,
              18.523407
            ],
            [
              74.089312,
              18.526392
            ],
            [
              74.086327,
              18.526081
            ],
            [
              74.086168,
              18.524248
            ],
            [
              74.08704,
              18.523407
            ],
            [
              74.086327,
              18.522688
            ],
            [
              74.084145,
              18.524588
            ],
            [
              74.08323,
              18.524503
            ],
            [
              74.084069,
              18.523407
            ],
            [
              74.082327,
              18.521705
            ],
            [
              74.079321,
              18.522412
            ],
            [
              74.078939,
              18.520794
            ],
            [
              74.077489,
              18.520407
            ],
            [
              74.078841,
              18.519921
            ],
            [
              74.079098,
              18.518178
            ],
            [
              74.08192,
              18.517407
            ],
            [
              74.079327,
              18.515891
            ],
            [
              74.075893,
              18.518407
            ],
            [
              74.075743,
              18.523407
            ],
            [
              74.076327,
              18.524074
            ],
            [
              74.080327,
              18.524
            ],
            [
              74.080327,
              18.524622
            ],
            [
              74.074327,
              18.524754
            ],
            [
              74.073327,
              18.526271
            ],
            [
              74.070448,
              18.526528
            ],
            [
              74.070327,
              18.527449
            ]
          ]
        ],
        "type": "Polygon"
      },
      "type": "Feature"
    },
    {
      "properties": {
        "fill-opacity": 0.33,
        "fillColor": "#bf4040",
        "opacity": 0.33,
        "fill": "#bf4040",
        "fillOpacity": 0.33,
        "color": "#bf4040",
        "contour": 6.0,
        "metric": "distance",
        "provider_name": "Hotel Amruta Resto & Bar",
        "zone_type": "distance",
        "distance_km": 6,
        "mode": "motorcycle",
        "center_lat": 18.488407,
        "center_lon": 74.071327,
        "label": "6km"
      },
      "geometry": {
        "coordinates": [
          [
            [
              74.092327,
              18.533533
            ],
            [
              74.092056,
              18.530407
            ],
            [
              74.08903,
              18.528703
            ],
            [
              74.08866,
              18.527073
            ],
            [
              74.087992,
              18.527072
            ],
            [
              74.087618,
              18.528698
            ],
            [
              74.085649,
              18.530407
            ],
            [
              74.086412,
              18.531492
            ],
            [
              74.084327,
              18.532801
            ],
            [
              74.083316,
              18.530417
            ],
            [
              74.082146,
              18.530407
            ],
            [
              74.081791,
              18.526942
            ],
            [
              74.080501,
              18.527407
            ],
            [
              74.080327,
              18.529299
            ],
            [
              74.079841,
              18.526892
            ],
            [
              74.078475,
              18.526555
            ],
            [
              74.07815,
              18.527583
            ],
            [
              74.077472,
              18.527407
            ],
            [
              74.077327,
              18.526278
            ],
            [
              74.077289,
              18.527369
            ],
            [
              74.075327,
              18.526824
            ],
            [
              74.071004,
              18.527084
            ],
            [
              74.071327,
              18.52796
            ],
            [
              74.074963,
              18.528407
            ],
            [
              74.074646,
              18.531087
            ],
            [
              74.075434,
              18.531407
            ],
            [
              74.073542,
              18.531622
            ],
            [
              74.073327,
              18.532599
            ],
            [
              74.071515,
              18.532595
            ],
            [
              74.071327,
              18.533791
            ],
            [
              74.069888,
              18.529407
            ],
            [
              74.06889,
              18.528407
            ],
            [
              74.068711,
              18.526022
            ],
            [
              74.067913,
              18.525993
            ],
            [
              74.067526,
              18.527606
            ],
            [
              74.067028,
              18.527407
            ],
            [
              74.067078,
              18.525158
            ],
            [
              74.068827,
              18.524407
            ],
            [
              74.06783,
              18.523407
            ],
            [
              74.067758,
              18.520407
            ],
            [
              74.066327,
              18.519975
            ],
            [
              74.065327,
              18.520948
            ],
            [
              74.063981,
              18.520752
            ],
            [
              74.062992,
              18.519407
            ],
            [
              74.062891,
              18.516407
            ],
            [
              74.06167,
              18.515407
            ],
            [
              74.065495,
              18.507238
            ],
            [
              74.06112,
              18.5072
            ],
            [
              74.060327,
              18.510017
            ],
            [
              74.059327,
              18.509043
            ],
            [
              74.056867,
              18.508866
            ],
            [
              74.055859,
              18.507874
            ],
            [
              74.055653,
              18.506407
            ],
            [
              74.056633,
              18.505407
            ],
            [
              74.055327,
              18.504093
            ],
            [
              74.054327,
              18.505929
            ],
            [
              74.052994,
              18.505074
            ],
            [
              74.052623,
              18.506703
            ],
            [
              74.050602,
              18.508682
            ],
            [
              74.046018,
              18.509098
            ],
            [
              74.045927,
              18.512806
            ],
            [
              74.046793,
              18.512873
            ],
            [
              74.047327,
              18.511234
            ],
            [
              74.047837,
              18.512896
            ],
            [
              74.051394,
              18.513407
            ],
            [
              74.048768,
              18.513848
            ],
            [
              74.048327,
              18.51595
            ],
            [
              74.047158,
              18.515575
            ],
            [
              74.046793,
              18.51394
            ],
            [
              74.04591,
              18.51399
            ],
            [
              74.046414,
              18.518494
            ],
            [
              74.045327,
              18.519434
            ],
            [
              74.043425,
              18.517407
            ],
            [
              74.044959,
              18.517039
            ],
            [
              74.044765,
              18.514968
            ],
            [
              74.03911,
              18.514407
            ],
            [
              74.041837,
              18.513917
            ],
            [
              74.041782,
              18.512951
            ],
            [
              74.040327,
              18.512157
            ],
            [
              74.044695,
              18.511775
            ],
            [
              74.044649,
              18.510084
            ],
            [
              74.041327,
              18.509863
            ],
            [
              74.040327,
              18.510766
            ],
            [
              74.038327,
              18.510705
            ],
            [
              74.037045,
              18.509407
            ],
            [
              74.042811,
              18.508407
            ],
            [
              74.042779,
              18.506954
            ],
            [
              74.039327,
              18.506895
            ],
            [
              74.038327,
              18.507838
            ],
            [
              74.036904,
              18.507407
            ],
            [
              74.038327,
              18.505949
            ],
            [
              74.041327,
              18.505866
            ],
            [
              74.042604,
              18.504684
            ],
            [
              74.042577,
              18.503156
            ],
            [
              74.040578,
              18.501155
            ],
            [
              74.034978,
              18.501058
            ],
            [
              74.03493,
              18.501803
            ],
            [
              74.037327,
              18.503167
            ],
            [
              74.038474,
              18.502407
            ],
            [
              74.038327,
              18.503593
            ],
            [
              74.035327,
              18.503762
            ],
            [
              74.034061,
              18.502672
            ],
            [
              74.03385,
              18.500407
            ],
            [
              74.031999,
              18.497407
            ],
            [
              74.03225,
              18.493483
            ],
            [
              74.031266,
              18.493467
            ],
            [
              74.031031,
              18.492702
            ],
            [
              74.029327,
              18.492624
            ],
            [
              74.028327,
              18.493611
            ],
            [
              74.027327,
              18.49272
            ],
            [
              74.026381,
              18.494461
            ],
            [
              74.025021,
              18.494407
            ],
            [
              74.026966,
              18.491407
            ],
            [
              74.026327,
              18.490869
            ],
            [
              74.025712,
              18.491792
            ],
            [
              74.023908,
              18.491988
            ],
            [
              74.023065,
              18.495407
            ],
            [
              74.021327,
              18.495594
            ],
            [
              74.017469,
              18.492407
            ],
            [
              74.019038,
              18.492118
            ],
            [
              74.018808,
              18.489926
            ],
            [
              74.014184,
              18.490407
            ],
            [
              74.015327,
              18.488115
            ],
            [
              74.016327,
              18.487448
            ],
            [
              74.017696,
              18.487776
            ],
            [
              74.017795,
              18.486939
            ],
            [
              74.016889,
              18.486407
            ],
            [
              74.019327,
              18.483158
            ],
            [
              74.020275,
              18.483458
            ],
            [
              74.021327,
              18.482534
            ],
            [
              74.022327,
              18.482632
            ],
            [
              74.022747,
              18.483986
            ],
            [
              74.023737,
              18.483817
            ],
            [
              74.023774,
              18.482959
            ],
            [
              74.021327,
              18.482289
            ],
            [
              74.020327,
              18.48125
            ],
            [
              74.022841,
              18.480921
            ],
            [
              74.023291,
              18.479371
            ],
            [
              74.026327,
              18.477409
            ],
            [
              74.026692,
              18.479042
            ],
            [
              74.027327,
              18.479185
            ],
            [
              74.028327,
              18.477929
            ],
            [
              74.029794,
              18.477939
            ],
            [
              74.029008,
              18.480407
            ],
            [
              74.030327,
              18.4808
            ],
            [
              74.031327,
              18.48024
            ],
            [
              74.032024,
              18.480407
            ],
            [
              74.031442,
              18.480522
            ],
            [
              74.031965,
              18.481768
            ],
            [
              74.033327,
              18.481827
            ],
            [
              74.034327,
              18.480851
            ],
            [
              74.035327,
              18.481791
            ],
            [
              74.038327,
              18.481761
            ],
            [
              74.038927,
              18.479007
            ],
            [
              74.041912,
              18.476992
            ],
            [
              74.043327,
              18.476787
            ],
            [
              74.045327,
              18.477811
            ],
            [
              74.047327,
              18.475698
            ],
            [
              74.048327,
              18.476685
            ],
            [
              74.050496,
              18.475576
            ],
            [
              74.046327,
              18.475116
            ],
            [
              74.045327,
              18.476098
            ],
            [
              74.043327,
              18.475083
            ],
            [
              74.042327,
              18.476061
            ],
            [
              74.038039,
              18.476119
            ],
            [
              74.037327,
              18.477935
            ],
            [
              74.036327,
              18.476948
            ],
            [
              74.034882,
              18.476851
            ],
            [
              74.03498,
              18.47406
            ],
            [
              74.035644,
              18.474089
            ],
            [
              74.036327,
              18.475865
            ],
            [
              74.038724,
              18.473407
            ],
            [
              74.036953,
              18.47178
            ],
            [
              74.036327,
              18.469871
            ],
            [
              74.035327,
              18.470804
            ],
            [
              74.033123,
              18.47061
            ],
            [
              74.034885,
              18.469407
            ],
            [
              74.03504,
              18.464407
            ],
            [
              74.034126,
              18.462607
            ],
            [
              74.032653,
              18.462407
            ],
            [
              74.033327,
              18.461831
            ],
            [
              74.039327,
              18.464106
            ],
            [
              74.041273,
              18.462353
            ],
            [
              74.042327,
              18.462374
            ],
            [
              74.04232,
              18.462413
            ],
            [
              74.041482,
              18.462562
            ],
            [
              74.040732,
              18.463812
            ],
            [
              74.040926,
              18.467807
            ],
            [
              74.046327,
              18.468874
            ],
            [
              74.04702,
              18.4671
            ],
            [
              74.048681,
              18.466761
            ],
            [
              74.049987,
              18.464407
            ],
            [
              74.047987,
              18.462407
            ],
            [
              74.048736,
              18.460997
            ],
            [
              74.045684,
              18.460764
            ],
            [
              74.045327,
              18.461785
            ],
            [
              74.045018,
              18.460715
            ],
            [
              74.043974,
              18.460407
            ],
            [
              74.04411,
              18.459624
            ],
            [
              74.045327,
              18.458428
            ],
            [
              74.045699,
              18.460034
            ],
            [
              74.04971,
              18.45979
            ],
            [
              74.050032,
              18.456407
            ],
            [
              74.049125,
              18.455407
            ],
            [
              74.049327,
              18.453129
            ],
            [
              74.04972,
              18.455013
            ],
            [
              74.051327,
              18.456124
            ],
            [
              74.052154,
              18.455407
            ],
            [
              74.052327,
              18.453498
            ],
            [
              74.054276,
              18.454457
            ],
            [
              74.054551,
              18.455407
            ],
            [
              74.052717,
              18.456797
            ],
            [
              74.052646,
              18.459407
            ],
            [
              74.053375,
              18.459455
            ],
            [
              74.054327,
              18.456941
            ],
            [
              74.056673,
              18.45806
            ],
            [
              74.056861,
              18.458872
            ],
            [
              74.058638,
              18.458718
            ],
            [
              74.058823,
              18.457407
            ],
            [
              74.057881,
              18.456407
            ],
            [
              74.058327,
              18.454997
            ],
            [
              74.059327,
              18.455933
            ],
            [
              74.062327,
              18.455877
            ],
            [
              74.063327,
              18.456807
            ],
            [
              74.064569,
              18.456649
            ],
            [
              74.064748,
              18.453407
            ],
            [
              74.065637,
              18.452097
            ],
            [
              74.064327,
              18.45185
            ],
            [
              74.063327,
              18.452774
            ],
            [
              74.062327,
              18.451774
            ],
            [
              74.058205,
              18.451407
            ],
            [
              74.059327,
              18.450207
            ],
            [
              74.061327,
              18.450114
            ],
            [
              74.062327,
              18.451039
            ],
            [
              74.064684,
              18.450764
            ],
            [
              74.064669,
              18.449064
            ],
            [
              74.060984,
              18.448407
            ],
            [
              74.063327,
              18.44798
            ],
            [
              74.063717,
              18.447016
            ],
            [
              74.062327,
              18.445744
            ],
            [
              74.060327,
              18.44559
            ],
            [
              74.060038,
              18.444695
            ],
            [
              74.058348,
              18.444407
            ],
            [
              74.059159,
              18.444239
            ],
            [
              74.059327,
              18.443131
            ],
            [
              74.061327,
              18.443259
            ],
            [
              74.062327,
              18.444138
            ],
            [
              74.063327,
              18.443199
            ],
            [
              74.065327,
              18.444205
            ],
            [
              74.067716,
              18.443796
            ],
            [
              74.067778,
              18.441955
            ],
            [
              74.064509,
              18.441407
            ],
            [
              74.065327,
              18.440484
            ],
            [
              74.065584,
              18.44115
            ],
            [
              74.067804,
              18.440884
            ],
            [
              74.067183,
              18.43855
            ],
            [
              74.066233,
              18.438407
            ],
            [
              74.067327,
              18.437824
            ],
            [
              74.069125,
              18.438407
            ],
            [
              74.068514,
              18.439407
            ],
            [
              74.06955,
              18.440407
            ],
            [
              74.069508,
              18.441588
            ],
            [
              74.068736,
              18.443407
            ],
            [
              74.070714,
              18.444407
            ],
            [
              74.068855,
              18.447407
            ],
            [
              74.069327,
              18.448821
            ],
            [
              74.070617,
              18.448697
            ],
            [
              74.072659,
              18.446739
            ],
            [
              74.073053,
              18.443133
            ],
            [
              74.074745,
              18.443825
            ],
            [
              74.075327,
              18.439629
            ],
            [
              74.078042,
              18.440407
            ],
            [
              74.076573,
              18.440653
            ],
            [
              74.077327,
              18.444166
            ],
            [
              74.076327,
              18.443606
            ],
            [
              74.075708,
              18.444407
            ],
            [
              74.076222,
              18.445407
            ],
            [
              74.073807,
              18.446407
            ],
            [
              74.076327,
              18.447031
            ],
            [
              74.077327,
              18.445694
            ],
            [
              74.077547,
              18.447627
            ],
            [
              74.072871,
              18.448407
            ],
            [
              74.07484,
              18.449407
            ],
            [
              74.073022,
              18.450102
            ],
            [
              74.073044,
              18.450689
            ],
            [
              74.076327,
              18.450858
            ],
            [
              74.077327,
              18.452826
            ],
            [
              74.078989,
              18.451069
            ],
            [
              74.080677,
              18.450757
            ],
            [
              74.081086,
              18.448166
            ],
            [
              74.08388,
              18.44696
            ],
            [
              74.084327,
              18.444897
            ],
            [
              74.085218,
              18.445407
            ],
            [
              74.08451,
              18.44559
            ],
            [
              74.084535,
              18.447407
            ],
            [
              74.08272,
              18.449407
            ],
            [
              74.083652,
              18.451407
            ],
            [
              74.082698,
              18.453407
            ],
            [
              74.083484,
              18.454564
            ],
            [
              74.082033,
              18.454701
            ],
            [
              74.081715,
              18.452018
            ],
            [
              74.080769,
              18.452407
            ],
            [
              74.080691,
              18.454407
            ],
            [
              74.081613,
              18.45512
            ],
            [
              74.08153,
              18.46061
            ],
            [
              74.080327,
              18.461802
            ],
            [
              74.076327,
              18.461915
            ],
            [
              74.073945,
              18.459788
            ],
            [
              74.073577,
              18.457156
            ],
            [
              74.071327,
              18.457084
            ],
            [
              74.071036,
              18.458407
            ],
            [
              74.073016,
              18.460407
            ],
            [
              74.072066,
              18.461407
            ],
            [
              74.07307,
              18.462407
            ],
            [
              74.072171,
              18.464562
            ],
            [
              74.082495,
              18.464575
            ],
            [
              74.082843,
              18.461923
            ],
            [
              74.08465,
              18.460407
            ],
            [
              74.082675,
              18.459407
            ],
            [
              74.08455,
              18.45863
            ],
            [
              74.084741,
              18.456407
            ],
            [
              74.085766,
              18.455407
            ],
            [
              74.084916,
              18.450407
            ],
            [
              74.087228,
              18.448308
            ],
            [
              74.088379,
              18.448354
            ],
            [
              74.087629,
              18.448709
            ],
            [
              74.087609,
              18.450407
            ],
            [
              74.085773,
              18.451407
            ],
            [
              74.087019,
              18.453715
            ],
            [
              74.089327,
              18.451929
            ],
            [
              74.089804,
              18.452407
            ],
            [
              74.089659,
              18.453739
            ],
            [
              74.087907,
              18.455407
            ],
            [
              74.088327,
              18.457813
            ],
            [
              74.089597,
              18.457677
            ],
            [
              74.091975,
              18.455055
            ],
            [
              74.094932,
              18.454407
            ],
            [
              74.094778,
              18.452955
            ],
            [
              74.093116,
              18.452407
            ],
            [
              74.093327,
              18.449665
            ],
            [
              74.093766,
              18.451967
            ],
            [
              74.095327,
              18.451599
            ],
            [
              74.096327,
              18.453974
            ],
            [
              74.098089,
              18.452407
            ],
            [
              74.09795,
              18.451783
            ],
            [
              74.09632,
              18.451407
            ],
            [
              74.097999,
              18.451079
            ],
            [
              74.098327,
              18.449381
            ],
            [
              74.098802,
              18.451931
            ],
            [
              74.101028,
              18.452108
            ],
            [
              74.101296,
              18.451376
            ],
            [
              74.102327,
              18.45118
            ],
            [
              74.10228,
              18.451453
            ],
            [
              74.101429,
              18.451509
            ],
            [
              74.101458,
              18.456407
            ],
            [
              74.102665,
              18.457407
            ],
            [
              74.100752,
              18.458407
            ],
            [
              74.101572,
              18.460407
            ],
            [
              74.101327,
              18.464334
            ],
            [
              74.101098,
              18.461407
            ],
            [
              74.099714,
              18.459019
            ],
            [
              74.096849,
              18.459407
            ],
            [
              74.09773,
              18.462407
            ],
            [
              74.095625,
              18.465407
            ],
            [
              74.095792,
              18.471941
            ],
            [
              74.097513,
              18.47322
            ],
            [
              74.097962,
              18.474772
            ],
            [
              74.099688,
              18.475768
            ],
            [
              74.100026,
              18.472407
            ],
            [
              74.099154,
              18.471407
            ],
            [
              74.100199,
              18.469535
            ],
            [
              74.099249,
              18.469407
            ],
            [
              74.101327,
              18.469074
            ],
            [
              74.102053,
              18.470407
            ],
            [
              74.100662,
              18.470742
            ],
            [
              74.100838,
              18.471896
            ],
            [
              74.101944,
              18.472024
            ],
            [
              74.102327,
              18.470675
            ],
            [
              74.103468,
              18.472265
            ],
            [
              74.100892,
              18.473972
            ],
            [
              74.10095,
              18.475783
            ],
            [
              74.102772,
              18.475852
            ],
            [
              74.104327,
              18.473303
            ],
            [
              74.104641,
              18.474092
            ],
            [
              74.106472,
              18.474407
            ],
            [
              74.105424,
              18.474504
            ],
            [
              74.105545,
              18.476407
            ],
            [
              74.106327,
              18.477176
            ],
            [
              74.111005,
              18.477728
            ],
            [
              74.112327,
              18.476988
            ],
            [
              74.114957,
              18.477407
            ],
            [
              74.113327,
              18.477548
            ],
            [
              74.112605,
              18.478407
            ],
            [
              74.112563,
              18.480407
            ],
            [
              74.113856,
              18.481877
            ],
            [
              74.117327,
              18.482264
            ],
            [
              74.121848,
              18.486885
            ],
            [
              74.127275,
              18.487407
            ],
            [
              74.126327,
              18.488161
            ],
            [
              74.125327,
              18.487586
            ],
            [
              74.124327,
              18.488583
            ],
            [
              74.121885,
              18.488965
            ],
            [
              74.121596,
              18.490407
            ],
            [
              74.122485,
              18.492407
            ],
            [
              74.122001,
              18.491732
            ],
            [
              74.119841,
              18.491921
            ],
            [
              74.119541,
              18.494192
            ],
            [
              74.120368,
              18.494448
            ],
            [
              74.119327,
              18.495397
            ],
            [
              74.118993,
              18.49374
            ],
            [
              74.117817,
              18.492916
            ],
            [
              74.114016,
              18.492717
            ],
            [
              74.112848,
              18.491407
            ],
            [
              74.112607,
              18.489127
            ],
            [
              74.110072,
              18.490152
            ],
            [
              74.109327,
              18.492969
            ],
            [
              74.107105,
              18.490185
            ],
            [
              74.106864,
              18.497407
            ],
            [
              74.110789,
              18.498407
            ],
            [
              74.107023,
              18.499103
            ],
            [
              74.106327,
              18.500916
            ],
            [
              74.104063,
              18.499143
            ],
            [
              74.103327,
              18.505174
            ],
            [
              74.102482,
              18.504407
            ],
            [
              74.102583,
              18.49915
            ],
            [
              74.100327,
              18.49906
            ],
            [
              74.099107,
              18.500187
            ],
            [
              74.097976,
              18.502407
            ],
            [
              74.099741,
              18.502992
            ],
            [
              74.100898,
              18.507835
            ],
            [
              74.101805,
              18.507885
            ],
            [
              74.102327,
              18.505977
            ],
            [
              74.104327,
              18.507266
            ],
            [
              74.105207,
              18.507287
            ],
            [
              74.105327,
              18.506676
            ],
            [
              74.105426,
              18.507307
            ],
            [
              74.103685,
              18.507765
            ],
            [
              74.102327,
              18.509765
            ],
            [
              74.101842,
              18.508891
            ],
            [
              74.09996,
              18.50904
            ],
            [
              74.099935,
              18.510798
            ],
            [
              74.101808,
              18.512407
            ],
            [
              74.102023,
              18.516103
            ],
            [
              74.101327,
              18.517554
            ],
            [
              74.101132,
              18.516601
            ],
            [
              74.099399,
              18.516479
            ],
            [
              74.099164,
              18.518407
            ],
            [
              74.098327,
              18.519248
            ],
            [
              74.094327,
              18.517973
            ],
            [
              74.092327,
              18.521177
            ],
            [
              74.091005,
              18.520728
            ],
            [
              74.088558,
              18.518175
            ],
            [
              74.08799,
              18.518407
            ],
            [
              74.088062,
              18.521671
            ],
            [
              74.089705,
              18.522028
            ],
            [
              74.091327,
              18.524101
            ],
            [
              74.094108,
              18.524188
            ],
            [
              74.094327,
              18.522816
            ],
            [
              74.094392,
              18.524472
            ],
            [
              74.092327,
              18.524699
            ],
            [
              74.091327,
              18.525773
            ],
            [
              74.090327,
              18.524875
            ],
            [
              74.089837,
              18.525407
            ],
            [
              74.089959,
              18.527774
            ],
            [
              74.091327,
              18.529048
            ],
            [
              74.092823,
              18.528903
            ],
            [
              74.094547,
              18.527407
            ],
            [
              74.094339,
              18.531407
            ],
            [
              74.092327,
              18.533533
            ]
          ]
        ],
        "type": "Polygon"
      },
      "type": "Feature"
    }
  ]
}