{
  "type": "FeatureCollection",
  "metadata": {
    "provider_name": "Khush Dil Kulfi",
    "center_lat": 28.2480921,
    "center_lon": 77.0679881,
    "mode": "motorcycle",
    "total_zones": 4,
    "distance_zones": [
      3,
      4,
      5,
      6
    ],
    "generated_at": "2025-12-24T07:14:20.449407Z"
  },
  "features": [
    {
      "properties": {
        "fill-opacity": 0.33,
        "fillColor": "#bf4040",
        "opacity": 0.33,
        "fill": "#bf4040",
        "fillOpacity": 0.33,
        "color": "#bf4040",
        "contour": 3.0,
        "metric": "distance",
        "provider_name": "Khush Dil Kulfi",
        "zone_type": "distance",
        "distance_km": 3,
        "mode": "motorcycle",
        "center_lat": 28.2480921,
        "center_lon": 77.0679881,
        "label": "3km"
      },
      "geometry": {
        "coordinates": [
          [
            [
              77.066988,
              28.272823
            ],
            [
              77.066714,
              28.271365
            ],
            [
              77.065065,
              28.271092
            ],
            [
              77.063988,
              28.270011
            ],
            [
              77.060988,
              28.270501
            ],
            [
              77.059988,
              28.269501
            ],
            [
              77.056969,
              28.269092
            ],
            [
              77.057446,
              28.268092
            ],
            [
              77.061445,
              28.26855
            ],
            [
              77.061516,
              28.265092
            ],
            [
              77.059988,
              28.262507
            ],
            [
              77.056564,
              28.263668
            ],
            [
              77.056173,
              28.265277
            ],
            [
              77.053988,
              28.267731
            ],
            [
              77.052636,
              28.267092
            ],
            [
              77.052816,
              28.265263
            ],
            [
              77.052027,
              28.265092
            ],
            [
              77.053575,
              28.264679
            ],
            [
              77.05342,
              28.262659
            ],
            [
              77.048988,
              28.262706
            ],
            [
              77.047543,
              28.262092
            ],
            [
              77.048988,
              28.260352
            ],
            [
              77.050375,
              28.261705
            ],
            [
              77.051988,
              28.261794
            ],
            [
              77.052988,
              28.259818
            ],
            [
              77.05634,
              28.261444
            ],
            [
              77.056489,
              28.260092
            ],
            [
              77.054988,
              28.257549
            ],
            [
              77.053988,
              28.25843
            ],
            [
              77.051361,
              28.258465
            ],
            [
              77.048988,
              28.259406
            ],
            [
              77.047988,
              28.257882
            ],
            [
              77.048988,
              28.256517
            ],
            [
              77.04923,
              28.257849
            ],
            [
              77.052424,
              28.257528
            ],
            [
              77.052594,
              28.254698
            ],
            [
              77.053988,
              28.255715
            ],
            [
              77.054543,
              28.255092
            ],
            [
              77.054988,
              28.250705
            ],
            [
              77.055642,
              28.253437
            ],
            [
              77.058357,
              28.253723
            ],
            [
              77.059244,
              28.255348
            ],
            [
              77.060327,
              28.254092
            ],
            [
              77.059381,
              28.253092
            ],
            [
              77.059216,
              28.249864
            ],
            [
              77.056988,
              28.249659
            ],
            [
              77.055988,
              28.248684
            ],
            [
              77.052988,
              28.248632
            ],
            [
              77.051988,
              28.249608
            ],
            [
              77.050623,
              28.249727
            ],
            [
              77.049347,
              28.251092
            ],
            [
              77.050227,
              28.252092
            ],
            [
              77.049225,
              28.253092
            ],
            [
              77.049988,
              28.255042
            ],
            [
              77.048988,
              28.255235
            ],
            [
              77.047428,
              28.254651
            ],
            [
              77.047557,
              28.252522
            ],
            [
              77.044206,
              28.250092
            ],
            [
              77.045988,
              28.249908
            ],
            [
              77.046436,
              28.250644
            ],
            [
              77.047988,
              28.25077
            ],
            [
              77.049988,
              28.247625
            ],
            [
              77.054988,
              28.247509
            ],
            [
              77.059214,
              28.245318
            ],
            [
              77.059423,
              28.243656
            ],
            [
              77.058236,
              28.24334
            ],
            [
              77.056091,
              28.244195
            ],
            [
              77.055988,
              28.245028
            ],
            [
              77.055939,
              28.244092
            ],
            [
              77.056829,
              28.243092
            ],
            [
              77.054988,
              28.24099
            ],
            [
              77.055988,
              28.240862
            ],
            [
              77.056221,
              28.241858
            ],
            [
              77.059988,
              28.241941
            ],
            [
              77.060577,
              28.243502
            ],
            [
              77.061345,
              28.243449
            ],
            [
              77.061638,
              28.240742
            ],
            [
              77.063268,
              28.240372
            ],
            [
              77.063382,
              28.238092
            ],
            [
              77.065376,
              28.236092
            ],
            [
              77.065267,
              28.234812
            ],
            [
              77.062484,
              28.232092
            ],
            [
              77.06268,
              28.228784
            ],
            [
              77.063438,
              28.228642
            ],
            [
              77.063988,
              28.230047
            ],
            [
              77.064988,
              28.226935
            ],
            [
              77.068817,
              28.229092
            ],
            [
              77.069206,
              28.23031
            ],
            [
              77.072719,
              28.229823
            ],
            [
              77.073988,
              28.227109
            ],
            [
              77.074321,
              28.228758
            ],
            [
              77.077777,
              28.228303
            ],
            [
              77.078221,
              28.233092
            ],
            [
              77.076313,
              28.234092
            ],
            [
              77.078168,
              28.234911
            ],
            [
              77.078536,
              28.236543
            ],
            [
              77.081988,
              28.236886
            ],
            [
              77.082823,
              28.236092
            ],
            [
              77.082267,
              28.235092
            ],
            [
              77.083095,
              28.234984
            ],
            [
              77.083534,
              28.238545
            ],
            [
              77.088913,
              28.239092
            ],
            [
              77.085495,
              28.239599
            ],
            [
              77.086088,
              28.241192
            ],
            [
              77.084223,
              28.242092
            ],
            [
              77.085042,
              28.243146
            ],
            [
              77.082988,
              28.243299
            ],
            [
              77.082548,
              28.244531
            ],
            [
              77.084988,
              28.244662
            ],
            [
              77.086988,
              28.246624
            ],
            [
              77.088266,
              28.245814
            ],
            [
              77.088422,
              28.247092
            ],
            [
              77.087463,
              28.248092
            ],
            [
              77.087988,
              28.248605
            ],
            [
              77.092447,
              28.248551
            ],
            [
              77.092988,
              28.245366
            ],
            [
              77.093506,
              28.248573
            ],
            [
              77.097615,
              28.249092
            ],
            [
              77.089988,
              28.249525
            ],
            [
              77.088988,
              28.250541
            ],
            [
              77.084698,
              28.249802
            ],
            [
              77.086301,
              28.251778
            ],
            [
              77.086944,
              28.254135
            ],
            [
              77.087988,
              28.253696
            ],
            [
              77.088988,
              28.255818
            ],
            [
              77.090842,
              28.257092
            ],
            [
              77.089988,
              28.25865
            ],
            [
              77.089801,
              28.257278
            ],
            [
              77.086988,
              28.257237
            ],
            [
              77.084988,
              28.255489
            ],
            [
              77.081988,
              28.255567
            ],
            [
              77.080988,
              28.254609
            ],
            [
              77.078692,
              28.255796
            ],
            [
              77.080663,
              28.258416
            ],
            [
              77.082988,
              28.259659
            ],
            [
              77.088078,
              28.260001
            ],
            [
              77.087328,
              28.262751
            ],
            [
              77.089,
              28.263079
            ],
            [
              77.089127,
              28.264092
            ],
            [
              77.088943,
              28.264047
            ],
            [
              77.088943,
              28.263136
            ],
            [
              77.086988,
              28.26325
            ],
            [
              77.085988,
              28.262339
            ],
            [
              77.083988,
              28.264409
            ],
            [
              77.081988,
              28.264247
            ],
            [
              77.08134,
              28.259739
            ],
            [
              77.080654,
              28.259758
            ],
            [
              77.080284,
              28.261388
            ],
            [
              77.078988,
              28.260556
            ],
            [
              77.077988,
              28.261503
            ],
            [
              77.077701,
              28.259805
            ],
            [
              77.079473,
              28.259092
            ],
            [
              77.077988,
              28.257669
            ],
            [
              77.075988,
              28.25765
            ],
            [
              77.076427,
              28.261092
            ],
            [
              77.074234,
              28.263092
            ],
            [
              77.075376,
              28.266092
            ],
            [
              77.073988,
              28.266532
            ],
            [
              77.073267,
              28.266092
            ],
            [
              77.073842,
              28.265946
            ],
            [
              77.073473,
              28.263606
            ],
            [
              77.071745,
              28.262335
            ],
            [
              77.071364,
              28.260715
            ],
            [
              77.069988,
              28.261479
            ],
            [
              77.069703,
              28.259092
            ],
            [
              77.068585,
              28.258689
            ],
            [
              77.067424,
              28.260092
            ],
            [
              77.066988,
              28.272823
            ]
          ]
        ],
        "type": "Polygon"
      },
      "type": "Feature"
    },
    {
      "properties": {
        "fill-opacity": 0.33,
        "fillColor": "#bf4040",
        "opacity": 0.33,
        "fill": "#bf4040",
        "fillOpacity": 0.33,
        "color": "#bf4040",
        "contour": 4.0,
        "metric": "distance",
        "provider_name": "Khush Dil Kulfi",
        "zone_type": "distance",
        "distance_km": 4,
        "mode": "motorcycle",
        "center_lat": 28.2480921,
        "center_lon": 77.0679881,
        "label": "4km"
      },
      "geometry": {
        "coordinates": [
          [
            [
              77.065988,
              28.281808
            ],
            [
              77.065096,
              28.281092
            ],
            [
              77.065841,
              28.280945
            ],
            [
              77.065485,
              28.278594
            ],
            [
              77.064329,
              28.278433
            ],
            [
              77.063988,
              28.279693
            ],
            [
              77.06298,
              28.279099
            ],
            [
              77.062369,
              28.277092
            ],
            [
              77.063577,
              28.276681
            ],
            [
              77.063457,
              28.275622
            ],
            [
              77.062366,
              28.27547
            ],
            [
              77.060988,
              28.276977
            ],
            [
              77.060561,
              28.274518
            ],
            [
              77.057988,
              28.274221
            ],
            [
              77.057019,
              28.273092
            ],
            [
              77.057814,
              28.272092
            ],
            [
              77.056333,
              28.269746
            ],
            [
              77.054699,
              28.270381
            ],
            [
              77.053317,
              28.267762
            ],
            [
              77.051621,
              28.268725
            ],
            [
              77.050205,
              28.271309
            ],
            [
              77.048779,
              28.271301
            ],
            [
              77.05231,
              28.265769
            ],
            [
              77.050623,
              28.265727
            ],
            [
              77.048988,
              28.267455
            ],
            [
              77.047988,
              28.266465
            ],
            [
              77.046988,
              28.267407
            ],
            [
              77.044836,
              28.267244
            ],
            [
              77.04645,
              28.266554
            ],
            [
              77.046574,
              28.264092
            ],
            [
              77.045988,
              28.263525
            ],
            [
              77.044988,
              28.264431
            ],
            [
              77.043691,
              28.264092
            ],
            [
              77.044714,
              28.261818
            ],
            [
              77.046341,
              28.261445
            ],
            [
              77.047529,
              28.260092
            ],
            [
              77.047335,
              28.257744
            ],
            [
              77.045574,
              28.257092
            ],
            [
              77.046504,
              28.255092
            ],
            [
              77.044988,
              28.253469
            ],
            [
              77.039912,
              28.253167
            ],
            [
              77.041554,
              28.252658
            ],
            [
              77.041847,
              28.250951
            ],
            [
              77.042486,
              28.252594
            ],
            [
              77.04442,
              28.252524
            ],
            [
              77.043335,
              28.249745
            ],
            [
              77.041988,
              28.249462
            ],
            [
              77.040988,
              28.250374
            ],
            [
              77.037988,
              28.250196
            ],
            [
              77.037936,
              28.249092
            ],
            [
              77.03823,
              28.249849
            ],
            [
              77.039988,
              28.249855
            ],
            [
              77.041988,
              28.247511
            ],
            [
              77.043262,
              28.247817
            ],
            [
              77.044652,
              28.249427
            ],
            [
              77.047988,
              28.250496
            ],
            [
              77.049988,
              28.24744
            ],
            [
              77.050988,
              28.248427
            ],
            [
              77.051988,
              28.247415
            ],
            [
              77.053988,
              28.247396
            ],
            [
              77.054988,
              28.246384
            ],
            [
              77.056988,
              28.246366
            ],
            [
              77.059157,
              28.245261
            ],
            [
              77.057988,
              28.243657
            ],
            [
              77.055988,
              28.245591
            ],
            [
              77.048988,
              28.245343
            ],
            [
              77.047988,
              28.246219
            ],
            [
              77.047643,
              28.245437
            ],
            [
              77.045619,
              28.245092
            ],
            [
              77.054988,
              28.244607
            ],
            [
              77.056444,
              28.243092
            ],
            [
              77.054988,
              28.241595
            ],
            [
              77.053988,
              28.242554
            ],
            [
              77.052988,
              28.241504
            ],
            [
              77.050988,
              28.241373
            ],
            [
              77.049875,
              28.242204
            ],
            [
              77.050423,
              28.239657
            ],
            [
              77.047988,
              28.238303
            ],
            [
              77.04693,
              28.239149
            ],
            [
              77.04596,
              28.238119
            ],
            [
              77.045988,
              28.237314
            ],
            [
              77.046075,
              28.238004
            ],
            [
              77.049204,
              28.237875
            ],
            [
              77.049988,
              28.238772
            ],
            [
              77.050684,
              28.237788
            ],
            [
              77.053759,
              28.236863
            ],
            [
              77.053988,
              28.235654
            ],
            [
              77.054105,
              28.237092
            ],
            [
              77.056374,
              28.239092
            ],
            [
              77.056677,
              28.241402
            ],
            [
              77.059988,
              28.241551
            ],
            [
              77.060528,
              28.242092
            ],
            [
              77.059724,
              28.243355
            ],
            [
              77.06122,
              28.243324
            ],
            [
              77.061536,
              28.24064
            ],
            [
              77.063185,
              28.240289
            ],
            [
              77.06327,
              28.238092
            ],
            [
              77.065268,
              28.236092
            ],
            [
              77.062319,
              28.232092
            ],
            [
              77.062461,
              28.228565
            ],
            [
              77.063516,
              28.226092
            ],
            [
              77.061694,
              28.223092
            ],
            [
              77.061674,
              28.220406
            ],
            [
              77.060049,
              28.220092
            ],
            [
              77.060988,
              28.218601
            ],
            [
              77.062343,
              28.219736
            ],
            [
              77.062529,
              28.22255
            ],
            [
              77.063703,
              28.222807
            ],
            [
              77.065643,
              28.222747
            ],
            [
              77.066103,
              28.221976
            ],
            [
              77.072988,
              28.222433
            ],
            [
              77.073742,
              28.221092
            ],
            [
              77.072988,
              28.219358
            ],
            [
              77.07514,
              28.22094
            ],
            [
              77.076988,
              28.22483
            ],
            [
              77.077761,
              28.222318
            ],
            [
              77.076731,
              28.222092
            ],
            [
              77.078911,
              28.222015
            ],
            [
              77.079988,
              28.220814
            ],
            [
              77.081775,
              28.220879
            ],
            [
              77.082069,
              28.220011
            ],
            [
              77.082514,
              28.222565
            ],
            [
              77.085108,
              28.225092
            ],
            [
              77.083261,
              28.225365
            ],
            [
              77.083195,
              28.226092
            ],
            [
              77.085104,
              28.227092
            ],
            [
              77.082875,
              28.229204
            ],
            [
              77.081988,
              28.227419
            ],
            [
              77.078633,
              28.227737
            ],
            [
              77.078554,
              28.233092
            ],
            [
              77.076724,
              28.234355
            ],
            [
              77.078373,
              28.234706
            ],
            [
              77.078988,
              28.236481
            ],
            [
              77.081988,
              28.236534
            ],
            [
              77.082308,
              28.235771
            ],
            [
              77.080526,
              28.235092
            ],
            [
              77.083332,
              28.234436
            ],
            [
              77.083988,
              28.23172
            ],
            [
              77.085379,
              28.233092
            ],
            [
              77.083532,
              28.236092
            ],
            [
              77.083988,
              28.238499
            ],
            [
              77.087988,
              28.238715
            ],
            [
              77.088988,
              28.237776
            ],
            [
              77.093988,
              28.237786
            ],
            [
              77.094988,
              28.236858
            ],
            [
              77.099046,
              28.237092
            ],
            [
              77.098168,
              28.237272
            ],
            [
              77.096047,
              28.240151
            ],
            [
              77.094988,
              28.238384
            ],
            [
              77.093988,
              28.239389
            ],
            [
              77.092988,
              28.238469
            ],
            [
              77.089646,
              28.23875
            ],
            [
              77.089988,
              28.242439
            ],
            [
              77.088734,
              28.242345
            ],
            [
              77.087309,
              28.239771
            ],
            [
              77.085988,
              28.23966
            ],
            [
              77.086348,
              28.241452
            ],
            [
              77.084554,
              28.242092
            ],
            [
              77.085335,
              28.243439
            ],
            [
              77.082988,
              28.243649
            ],
            [
              77.082723,
              28.244357
            ],
            [
              77.084988,
              28.244455
            ],
            [
              77.086988,
              28.246439
            ],
            [
              77.088409,
              28.24567
            ],
            [
              77.087988,
              28.248431
            ],
            [
              77.09226,
              28.248364
            ],
            [
              77.092988,
              28.2446
            ],
            [
              77.093708,
              28.248371
            ],
            [
              77.100988,
              28.24871
            ],
            [
              77.10123,
              28.252849
            ],
            [
              77.102813,
              28.252917
            ],
            [
              77.102988,
              28.251963
            ],
            [
              77.103228,
              28.253851
            ],
            [
              77.104683,
              28.254092
            ],
            [
              77.101098,
              28.254202
            ],
            [
              77.100988,
              28.25478
            ],
            [
              77.099988,
              28.253202
            ],
            [
              77.098988,
              28.254772
            ],
            [
              77.09751,
              28.25457
            ],
            [
              77.098636,
              28.252092
            ],
            [
              77.096988,
              28.251417
            ],
            [
              77.09621,
              28.252092
            ],
            [
              77.096212,
              28.256868
            ],
            [
              77.0978,
              28.257092
            ],
            [
              77.097136,
              28.25724
            ],
            [
              77.097121,
              28.259092
            ],
            [
              77.098317,
              28.260762
            ],
            [
              77.100044,
              28.261148
            ],
            [
              77.097988,
              28.261264
            ],
            [
              77.097578,
              28.260502
            ],
            [
              77.094988,
              28.260433
            ],
            [
              77.093988,
              28.259488
            ],
            [
              77.092398,
              28.260092
            ],
            [
              77.092449,
              28.26263
            ],
            [
              77.09362,
              28.263092
            ],
            [
              77.09241,
              28.263514
            ],
            [
              77.092556,
              28.266523
            ],
            [
              77.093988,
              28.267869
            ],
            [
              77.096911,
              28.268092
            ],
            [
              77.094399,
              28.268503
            ],
            [
              77.094268,
              28.269812
            ],
            [
              77.09506,
              28.270019
            ],
            [
              77.094988,
              28.271183
            ],
            [
              77.094785,
              28.270294
            ],
            [
              77.093901,
              28.270178
            ],
            [
              77.093502,
              28.268577
            ],
            [
              77.092508,
              28.268612
            ],
            [
              77.091827,
              28.270253
            ],
            [
              77.090922,
              28.270092
            ],
            [
              77.09175,
              28.269092
            ],
            [
              77.090988,
              28.268355
            ],
            [
              77.090118,
              28.269222
            ],
            [
              77.088925,
              28.269154
            ],
            [
              77.089758,
              28.268092
            ],
            [
              77.088988,
              28.267305
            ],
            [
              77.088104,
              28.268208
            ],
            [
              77.08718,
              28.268092
            ],
            [
              77.087882,
              28.266986
            ],
            [
              77.089478,
              28.266582
            ],
            [
              77.08951,
              28.264614
            ],
            [
              77.091742,
              28.264092
            ],
            [
              77.091341,
              28.258738
            ],
            [
              77.088492,
              28.259587
            ],
            [
              77.089302,
              28.257777
            ],
            [
              77.086988,
              28.257631
            ],
            [
              77.08525,
              28.255829
            ],
            [
              77.081988,
              28.255747
            ],
            [
              77.080988,
              28.254766
            ],
            [
              77.078781,
              28.255885
            ],
            [
              77.080769,
              28.25831
            ],
            [
              77.082988,
              28.259454
            ],
            [
              77.088484,
              28.259595
            ],
            [
              77.088537,
              28.261092
            ],
            [
              77.087553,
              28.262092
            ],
            [
              77.089469,
              28.264573
            ],
            [
              77.085988,
              28.262662
            ],
            [
              77.083693,
              28.263797
            ],
            [
              77.083507,
              28.264573
            ],
            [
              77.084482,
              28.265092
            ],
            [
              77.083988,
              28.265586
            ],
            [
              77.083469,
              28.264611
            ],
            [
              77.081446,
              28.264092
            ],
            [
              77.081218,
              28.259861
            ],
            [
              77.080416,
              28.26152
            ],
            [
              77.078988,
              28.260743
            ],
            [
              77.077988,
              28.261721
            ],
            [
              77.077351,
              28.260092
            ],
            [
              77.079201,
              28.258878
            ],
            [
              77.077988,
              28.257792
            ],
            [
              77.075786,
              28.25789
            ],
            [
              77.076655,
              28.259092
            ],
            [
              77.076628,
              28.261092
            ],
            [
              77.073568,
              28.263511
            ],
            [
              77.075349,
              28.263731
            ],
            [
              77.075988,
              28.26561
            ],
            [
              77.082226,
              28.266092
            ],
            [
              77.075478,
              28.267092
            ],
            [
              77.079206,
              28.267873
            ],
            [
              77.077579,
              28.268683
            ],
            [
              77.077539,
              28.27054
            ],
            [
              77.081911,
              28.271092
            ],
            [
              77.078492,
              28.271596
            ],
            [
              77.078359,
              28.27272
            ],
            [
              77.079155,
              28.273925
            ],
            [
              77.080281,
              28.274092
            ],
            [
              77.079988,
              28.274547
            ],
            [
              77.077988,
              28.273719
            ],
            [
              77.077732,
              28.272092
            ],
            [
              77.076428,
              28.270651
            ],
            [
              77.074798,
              28.270281
            ],
            [
              77.075362,
              28.268717
            ],
            [
              77.071573,
              28.267506
            ],
            [
              77.073307,
              28.265411
            ],
            [
              77.073407,
              28.263672
            ],
            [
              77.07158,
              28.262499
            ],
            [
              77.071228,
              28.260851
            ],
            [
              77.069572,
              28.261507
            ],
            [
              77.068988,
              28.258732
            ],
            [
              77.067728,
              28.260092
            ],
            [
              77.068153,
              28.268257
            ],
            [
              77.067556,
              28.270092
            ],
            [
              77.068673,
              28.270777
            ],
            [
              77.068988,
              28.269541
            ],
            [
              77.06924,
              28.270839
            ],
            [
              77.070777,
              28.271092
            ],
            [
              77.069252,
              28.272356
            ],
            [
              77.068988,
              28.273882
            ],
            [
              77.068676,
              28.272403
            ],
            [
              77.067614,
              28.272718
            ],
            [
              77.067218,
              28.279092
            ],
            [
              77.066224,
              28.279328
            ],
            [
              77.065988,
              28.281808
            ]
          ]
        ],
        "type": "Polygon"
      },
      "type": "Feature"
    },
    {
      "properties": {
        "fill-opacity": 0.33,
        "fillColor": "#bf4040",
        "opacity": 0.33,
        "fill": "#bf4040",
        "fillOpacity": 0.33,
        "color": "#bf4040",
        "contour": 5.0,
        "metric": "distance",
        "provider_name": "Khush Dil Kulfi",
        "zone_type": "distance",
        "distance_km": 5,
        "mode": "motorcycle",
        "center_lat": 28.2480921,
        "center_lon": 77.0679881,
        "label": "5km"
      },
      "geometry": {
        "coordinates": [
          [
            [
              77.065988,
              28.290875
            ],
            [
              77.065585,
              28.288494
            ],
            [
              77.064176,
              28.28828
            ],
            [
              77.063988,
              28.289387
            ],
            [
              77.06342,
              28.288092
            ],
            [
              77.06564,
              28.286092
            ],
            [
              77.065319,
              28.28176
            ],
            [
              77.062988,
              28.280517
            ],
            [
              77.061561,
              28.280665
            ],
            [
              77.06121,
              28.283092
            ],
            [
              77.060274,
              28.283378
            ],
            [
              77.059988,
              28.28477
            ],
            [
              77.059579,
              28.279092
            ],
            [
              77.058599,
              28.278092
            ],
            [
              77.060344,
              28.277448
            ],
            [
              77.060284,
              28.274795
            ],
            [
              77.058655,
              28.274759
            ],
            [
              77.05833,
              28.277434
            ],
            [
              77.055764,
              28.277315
            ],
            [
              77.054988,
              28.275474
            ],
            [
              77.053988,
              28.276412
            ],
            [
              77.051313,
              28.276417
            ],
            [
              77.050988,
              28.278409
            ],
            [
              77.050715,
              28.276365
            ],
            [
              77.049297,
              28.276092
            ],
            [
              77.053439,
              28.275543
            ],
            [
              77.054434,
              28.270645
            ],
            [
              77.054553,
              28.273526
            ],
            [
              77.055988,
              28.273661
            ],
            [
              77.05744,
              28.272092
            ],
            [
              77.055988,
              28.269746
            ],
            [
              77.054494,
              28.270585
            ],
            [
              77.052988,
              28.267763
            ],
            [
              77.050386,
              28.27149
            ],
            [
              77.048592,
              28.271487
            ],
            [
              77.051988,
              28.265758
            ],
            [
              77.050752,
              28.265856
            ],
            [
              77.048988,
              28.267703
            ],
            [
              77.047988,
              28.266707
            ],
            [
              77.046988,
              28.267685
            ],
            [
              77.044611,
              28.267468
            ],
            [
              77.044611,
              28.266715
            ],
            [
              77.046261,
              28.266365
            ],
            [
              77.046357,
              28.264092
            ],
            [
              77.045736,
              28.26384
            ],
            [
              77.044988,
              28.264694
            ],
            [
              77.043401,
              28.264092
            ],
            [
              77.044568,
              28.261672
            ],
            [
              77.046219,
              28.261323
            ],
            [
              77.047339,
              28.260092
            ],
            [
              77.047216,
              28.257863
            ],
            [
              77.045357,
              28.257092
            ],
            [
              77.046328,
              28.255092
            ],
            [
              77.044988,
              28.253708
            ],
            [
              77.039634,
              28.253445
            ],
            [
              77.039634,
              28.252738
            ],
            [
              77.041282,
              28.252386
            ],
            [
              77.041428,
              28.250651
            ],
            [
              77.037636,
              28.250443
            ],
            [
              77.037093,
              28.249092
            ],
            [
              77.038445,
              28.248549
            ],
            [
              77.038591,
              28.247488
            ],
            [
              77.035964,
              28.247092
            ],
            [
              77.039988,
              28.246814
            ],
            [
              77.040988,
              28.245814
            ],
            [
              77.043988,
              28.245654
            ],
            [
              77.044988,
              28.244605
            ],
            [
              77.054988,
              28.244432
            ],
            [
              77.0562,
              28.243304
            ],
            [
              77.054988,
              28.24176
            ],
            [
              77.053988,
              28.242742
            ],
            [
              77.052988,
              28.241721
            ],
            [
              77.050988,
              28.241673
            ],
            [
              77.049988,
              28.242638
            ],
            [
              77.049426,
              28.241092
            ],
            [
              77.050251,
              28.239828
            ],
            [
              77.047988,
              28.238651
            ],
            [
              77.046988,
              28.239614
            ],
            [
              77.045323,
              28.237756
            ],
            [
              77.042988,
              28.237477
            ],
            [
              77.041988,
              28.236477
            ],
            [
              77.037069,
              28.236092
            ],
            [
              77.037914,
              28.235092
            ],
            [
              77.037728,
              28.234351
            ],
            [
              77.03629,
              28.234092
            ],
            [
              77.036863,
              28.233092
            ],
            [
              77.038015,
              28.233064
            ],
            [
              77.039988,
              28.234805
            ],
            [
              77.041569,
              28.233673
            ],
            [
              77.041988,
              28.231865
            ],
            [
              77.042988,
              28.231782
            ],
            [
              77.043017,
              28.232121
            ],
            [
              77.042099,
              28.232203
            ],
            [
              77.041549,
              28.23553
            ],
            [
              77.043988,
              28.235676
            ],
            [
              77.046988,
              28.237556
            ],
            [
              77.049423,
              28.237527
            ],
            [
              77.047352,
              28.233727
            ],
            [
              77.045988,
              28.233476
            ],
            [
              77.044988,
              28.234373
            ],
            [
              77.04379,
              28.233289
            ],
            [
              77.046576,
              28.232092
            ],
            [
              77.044383,
              28.230092
            ],
            [
              77.044988,
              28.228752
            ],
            [
              77.04758,
              28.231499
            ],
            [
              77.050196,
              28.231883
            ],
            [
              77.048439,
              28.233092
            ],
            [
              77.051988,
              28.237506
            ],
            [
              77.053302,
              28.236406
            ],
            [
              77.053504,
              28.235092
            ],
            [
              77.051768,
              28.233311
            ],
            [
              77.051952,
              28.231092
            ],
            [
              77.050899,
              28.230003
            ],
            [
              77.053102,
              28.229978
            ],
            [
              77.054519,
              28.237092
            ],
            [
              77.056401,
              28.238679
            ],
            [
              77.056776,
              28.241303
            ],
            [
              77.059988,
              28.241406
            ],
            [
              77.06116,
              28.243264
            ],
            [
              77.061475,
              28.240579
            ],
            [
              77.06314,
              28.240244
            ],
            [
              77.063429,
              28.237533
            ],
            [
              77.065133,
              28.236237
            ],
            [
              77.065212,
              28.235092
            ],
            [
              77.062237,
              28.232092
            ],
            [
              77.062309,
              28.228413
            ],
            [
              77.063333,
              28.226092
            ],
            [
              77.061573,
              28.223092
            ],
            [
              77.06129,
              28.220789
            ],
            [
              77.057772,
              28.220307
            ],
            [
              77.054971,
              28.213092
            ],
            [
              77.055781,
              28.212885
            ],
            [
              77.055988,
              28.210773
            ],
            [
              77.057236,
              28.211843
            ],
            [
              77.059988,
              28.211921
            ],
            [
              77.060988,
              28.212906
            ],
            [
              77.062988,
              28.209966
            ],
            [
              77.063161,
              28.212092
            ],
            [
              77.062254,
              28.213092
            ],
            [
              77.06259,
              28.21649
            ],
            [
              77.064988,
              28.216793
            ],
            [
              77.065988,
              28.217785
            ],
            [
              77.067988,
              28.217791
            ],
            [
              77.069509,
              28.21957
            ],
            [
              77.070855,
              28.219959
            ],
            [
              77.070988,
              28.21944
            ],
            [
              77.07212,
              28.220224
            ],
            [
              77.072318,
              28.218422
            ],
            [
              77.072988,
              28.218324
            ],
            [
              77.075988,
              28.221608
            ],
            [
              77.078323,
              28.221427
            ],
            [
              77.078988,
              28.219655
            ],
            [
              77.081305,
              28.220409
            ],
            [
              77.081366,
              28.218713
            ],
            [
              77.079744,
              28.217848
            ],
            [
              77.081988,
              28.21577
            ],
            [
              77.084449,
              28.215553
            ],
            [
              77.085919,
              28.213023
            ],
            [
              77.086877,
              28.212981
            ],
            [
              77.086988,
              28.212069
            ],
            [
              77.087025,
              28.213129
            ],
            [
              77.086209,
              28.213313
            ],
            [
              77.086409,
              28.21567
            ],
            [
              77.087196,
              28.216883
            ],
            [
              77.08856,
              28.217092
            ],
            [
              77.086988,
              28.217188
            ],
            [
              77.085988,
              28.216288
            ],
            [
              77.084581,
              28.217685
            ],
            [
              77.084387,
              28.220092
            ],
            [
              77.085305,
              28.221092
            ],
            [
              77.084283,
              28.222092
            ],
            [
              77.087226,
              28.222854
            ],
            [
              77.08718,
              28.224284
            ],
            [
              77.086584,
              28.224495
            ],
            [
              77.085988,
              28.223502
            ],
            [
              77.085468,
              28.224092
            ],
            [
              77.086423,
              28.224656
            ],
            [
              77.086304,
              28.225408
            ],
            [
              77.08368,
              28.225784
            ],
            [
              77.083698,
              28.226382
            ],
            [
              77.085519,
              28.227092
            ],
            [
              77.081988,
              28.230552
            ],
            [
              77.080545,
              28.230092
            ],
            [
              77.082269,
              28.227811
            ],
            [
              77.078757,
              28.227861
            ],
            [
              77.078685,
              28.233092
            ],
            [
              77.076799,
              28.234281
            ],
            [
              77.078457,
              28.234623
            ],
            [
              77.078988,
              28.236372
            ],
            [
              77.081988,
              28.236398
            ],
            [
              77.082204,
              28.235875
            ],
            [
              77.080338,
              28.235092
            ],
            [
              77.080988,
              28.234442
            ],
            [
              77.083215,
              28.234319
            ],
            [
              77.083988,
              28.231478
            ],
            [
              77.085609,
              28.233092
            ],
            [
              77.083675,
              28.236092
            ],
            [
              77.083696,
              28.238092
            ],
            [
              77.086988,
              28.238403
            ],
            [
              77.088988,
              28.237448
            ],
            [
              77.093988,
              28.237175
            ],
            [
              77.094257,
              28.236361
            ],
            [
              77.097735,
              28.235839
            ],
            [
              77.097988,
              28.235031
            ],
            [
              77.098301,
              28.235779
            ],
            [
              77.102988,
              28.235717
            ],
            [
              77.103988,
              28.234664
            ],
            [
              77.106724,
              28.234828
            ],
            [
              77.108683,
              28.234092
            ],
            [
              77.108463,
              28.235092
            ],
            [
              77.100988,
              28.236541
            ],
            [
              77.097663,
              28.238767
            ],
            [
              77.098613,
              28.240466
            ],
            [
              77.101329,
              28.241092
            ],
            [
              77.097423,
              28.242092
            ],
            [
              77.097561,
              28.243518
            ],
            [
              77.100139,
              28.24394
            ],
            [
              77.099988,
              28.246727
            ],
            [
              77.099533,
              28.244547
            ],
            [
              77.096752,
              28.244327
            ],
            [
              77.094988,
              28.238677
            ],
            [
              77.093988,
              28.239679
            ],
            [
              77.092988,
              28.238708
            ],
            [
              77.089762,
              28.238866
            ],
            [
              77.089628,
              28.241092
            ],
            [
              77.090593,
              28.242092
            ],
            [
              77.089988,
              28.242697
            ],
            [
              77.088576,
              28.242503
            ],
            [
              77.088221,
              28.240858
            ],
            [
              77.085988,
              28.23979
            ],
            [
              77.086445,
              28.241549
            ],
            [
              77.084685,
              28.242092
            ],
            [
              77.085438,
              28.243542
            ],
            [
              77.082798,
              28.244281
            ],
            [
              77.084988,
              28.244358
            ],
            [
              77.086988,
              28.24635
            ],
            [
              77.088475,
              28.245604
            ],
            [
              77.087988,
              28.248345
            ],
            [
              77.092181,
              28.248285
            ],
            [
              77.092324,
              28.245092
            ],
            [
              77.092988,
              28.244428
            ],
            [
              77.093651,
              28.245092
            ],
            [
              77.093791,
              28.248289
            ],
            [
              77.101462,
              28.248617
            ],
            [
              77.10174,
              28.25134
            ],
            [
              77.103344,
              28.251735
            ],
            [
              77.103988,
              28.253577
            ],
            [
              77.105988,
              28.253627
            ],
            [
              77.107988,
              28.252696
            ],
            [
              77.108132,
              28.253948
            ],
            [
              77.114828,
              28.254092
            ],
            [
              77.111452,
              28.254556
            ],
            [
              77.110988,
              28.256194
            ],
            [
              77.109898,
              28.254181
            ],
            [
              77.108126,
              28.25423
            ],
            [
              77.107988,
              28.259236
            ],
            [
              77.107433,
              28.255647
            ],
            [
              77.105988,
              28.255504
            ],
            [
              77.103988,
              28.257444
            ],
            [
              77.103614,
              28.256092
            ],
            [
              77.104328,
              28.254751
            ],
            [
              77.101481,
              28.255092
            ],
            [
              77.102434,
              28.256092
            ],
            [
              77.101203,
              28.257092
            ],
            [
              77.101618,
              28.261462
            ],
            [
              77.102988,
              28.262691
            ],
            [
              77.104988,
              28.26183
            ],
            [
              77.106988,
              28.263882
            ],
            [
              77.107988,
              28.263325
            ],
            [
              77.108161,
              28.264918
            ],
            [
              77.109486,
              28.265092
            ],
            [
              77.107988,
              28.265176
            ],
            [
              77.107713,
              28.264366
            ],
            [
              77.104507,
              28.264611
            ],
            [
              77.104105,
              28.268209
            ],
            [
              77.100988,
              28.268431
            ],
            [
              77.100296,
              28.2704
            ],
            [
              77.098622,
              28.270458
            ],
            [
              77.097988,
              28.268565
            ],
            [
              77.096988,
              28.269543
            ],
            [
              77.095988,
              28.268615
            ],
            [
              77.094691,
              28.268795
            ],
            [
              77.095988,
              28.270602
            ],
            [
              77.098387,
              28.270692
            ],
            [
              77.098988,
              28.272753
            ],
            [
              77.100502,
              28.272606
            ],
            [
              77.100924,
              28.271028
            ],
            [
              77.101036,
              28.271092
            ],
            [
              77.101392,
              28.272688
            ],
            [
              77.103702,
              28.273092
            ],
            [
              77.101988,
              28.273233
            ],
            [
              77.101167,
              28.274092
            ],
            [
              77.101182,
              28.274898
            ],
            [
              77.102059,
              28.275163
            ],
            [
              77.101956,
              28.27806
            ],
            [
              77.099988,
              28.277393
            ],
            [
              77.098433,
              28.274646
            ],
            [
              77.095988,
              28.272551
            ],
            [
              77.09556,
              28.274519
            ],
            [
              77.096988,
              28.275878
            ],
            [
              77.098752,
              28.276092
            ],
            [
              77.097988,
              28.278068
            ],
            [
              77.096948,
              28.278131
            ],
            [
              77.096549,
              28.276531
            ],
            [
              77.094988,
              28.276398
            ],
            [
              77.091988,
              28.278863
            ],
            [
              77.091805,
              28.277274
            ],
            [
              77.090982,
              28.277092
            ],
            [
              77.093545,
              28.276649
            ],
            [
              77.093463,
              28.275616
            ],
            [
              77.088984,
              28.275092
            ],
            [
              77.094412,
              28.274516
            ],
            [
              77.094485,
              28.271092
            ],
            [
              77.093275,
              28.268805
            ],
            [
              77.091988,
              28.270638
            ],
            [
              77.088638,
              28.269441
            ],
            [
              77.08846,
              28.26862
            ],
            [
              77.086988,
              28.268584
            ],
            [
              77.085988,
              28.269545
            ],
            [
              77.083721,
              28.269358
            ],
            [
              77.083721,
              28.268825
            ],
            [
              77.08927,
              28.266374
            ],
            [
              77.089217,
              28.264862
            ],
            [
              77.085988,
              28.262791
            ],
            [
              77.083988,
              28.265756
            ],
            [
              77.08153,
              28.264549
            ],
            [
              77.081159,
              28.25992
            ],
            [
              77.080479,
              28.261583
            ],
            [
              77.078988,
              28.260833
            ],
            [
              77.077988,
              28.261821
            ],
            [
              77.077254,
              28.260092
            ],
            [
              77.079149,
              28.25893
            ],
            [
              77.077988,
              28.257861
            ],
            [
              77.075833,
              28.257937
            ],
            [
              77.076738,
              28.259092
            ],
            [
              77.076723,
              28.261092
            ],
            [
              77.074687,
              28.263092
            ],
            [
              77.075768,
              28.265311
            ],
            [
              77.081988,
              28.265524
            ],
            [
              77.082555,
              28.266092
            ],
            [
              77.081988,
              28.266659
            ],
            [
              77.076634,
              28.267092
            ],
            [
              77.079586,
              28.268092
            ],
            [
              77.077734,
              28.268838
            ],
            [
              77.077988,
              28.270508
            ],
            [
              77.081324,
              28.270428
            ],
            [
              77.081988,
              28.268665
            ],
            [
              77.08264,
              28.270439
            ],
            [
              77.084288,
              28.270791
            ],
            [
              77.082988,
              28.273508
            ],
            [
              77.081988,
              28.27159
            ],
            [
              77.078561,
              28.272092
            ],
            [
              77.079671,
              28.273408
            ],
            [
              77.081307,
              28.273772
            ],
            [
              77.080478,
              28.275092
            ],
            [
              77.0816,
              28.276479
            ],
            [
              77.082415,
              28.276519
            ],
            [
              77.083169,
              28.27491
            ],
            [
              77.08334,
              28.277092
            ],
            [
              77.082343,
              28.278092
            ],
            [
              77.083429,
              28.27965
            ],
            [
              77.085037,
              28.280092
            ],
            [
              77.083394,
              28.280498
            ],
            [
              77.082988,
              28.283022
            ],
            [
              77.082824,
              28.282255
            ],
            [
              77.081571,
              28.282092
            ],
            [
              77.082789,
              28.281893
            ],
            [
              77.08281,
              28.281092
            ],
            [
              77.081988,
              28.280311
            ],
            [
              77.08072,
              28.280359
            ],
            [
              77.081668,
              28.279092
            ],
            [
              77.079758,
              28.278321
            ],
            [
              77.080572,
              28.277092
            ],
            [
              77.078988,
              28.275527
            ],
            [
              77.072354,
              28.275458
            ],
            [
              77.071988,
              28.2772
            ],
            [
              77.071988,
              28.274909
            ],
            [
              77.076988,
              28.274674
            ],
            [
              77.07752,
              28.274092
            ],
            [
              77.077265,
              28.271814
            ],
            [
              77.074405,
              28.270092
            ],
            [
              77.075356,
              28.269092
            ],
            [
              77.07522,
              28.26786
            ],
            [
              77.073988,
              28.268736
            ],
            [
              77.072699,
              28.267803
            ],
            [
              77.071452,
              28.270092
            ],
            [
              77.072439,
              28.271092
            ],
            [
              77.072277,
              28.272381
            ],
            [
              77.070663,
              28.271767
            ],
            [
              77.068988,
              28.274439
            ],
            [
              77.068292,
              28.272787
            ],
            [
              77.067651,
              28.273092
            ],
            [
              77.067553,
              28.279092
            ],
            [
              77.066511,
              28.280092
            ],
            [
              77.066745,
              28.289849
            ],
            [
              77.065988,
              28.290875
            ]
          ]
        ],
        "type": "Polygon"
      },
      "type": "Feature"
    },
    {
      "properties": {
        "fill-opacity": 0.33,
        "fillColor": "#bf4040",
        "opacity": 0.33,
        "fill": "#bf4040",
        "fillOpacity": 0.33,
        "color": "#bf4040",
        "contour": 6.0,
        "metric": "distance",
        "provider_name": "Khush Dil Kulfi",
        "zone_type": "distance",
        "distance_km": 6,
        "mode": "motorcycle",
        "center_lat": 28.2480921,
        "center_lon": 77.0679881,
        "label": "6km"
      },
      "geometry": {
        "coordinates": [
          [
            [
              77.065988,
              28.29955
            ],
            [
              77.063981,
              28.299099
            ],
            [
              77.063711,
              28.296368
            ],
            [
              77.060215,
              28.296092
            ],
            [
              77.062603,
              28.295707
            ],
            [
              77.062869,
              28.293973
            ],
            [
              77.065394,
              28.293498
            ],
            [
              77.065494,
              28.291092
            ],
            [
              77.061988,
              28.29048
            ],
            [
              77.059745,
              28.288334
            ],
            [
              77.059359,
              28.279092
            ],
            [
              77.058379,
              28.277701
            ],
            [
              77.055587,
              28.277492
            ],
            [
              77.054988,
              28.27571
            ],
            [
              77.053988,
              28.276687
            ],
            [
              77.051685,
              28.276789
            ],
            [
              77.051656,
              28.277423
            ],
            [
              77.053413,
              28.278092
            ],
            [
              77.051434,
              28.280092
            ],
            [
              77.051307,
              28.283092
            ],
            [
              77.053107,
              28.283972
            ],
            [
              77.052988,
              28.286272
            ],
            [
              77.05262,
              28.284459
            ],
            [
              77.050725,
              28.284092
            ],
            [
              77.050349,
              28.27973
            ],
            [
              77.047546,
              28.27965
            ],
            [
              77.04746,
              28.280619
            ],
            [
              77.049941,
              28.281092
            ],
            [
              77.047988,
              28.281253
            ],
            [
              77.046988,
              28.28226
            ],
            [
              77.046449,
              28.279631
            ],
            [
              77.044988,
              28.279324
            ],
            [
              77.043988,
              28.281414
            ],
            [
              77.04378,
              28.276884
            ],
            [
              77.046373,
              28.276477
            ],
            [
              77.047667,
              28.275092
            ],
            [
              77.047988,
              28.272894
            ],
            [
              77.048612,
              28.275467
            ],
            [
              77.053257,
              28.275361
            ],
            [
              77.053444,
              28.271092
            ],
            [
              77.054326,
              28.27043
            ],
            [
              77.052988,
              28.267844
            ],
            [
              77.050463,
              28.271567
            ],
            [
              77.048514,
              28.271565
            ],
            [
              77.051988,
              28.265841
            ],
            [
              77.050813,
              28.265917
            ],
            [
              77.048988,
              28.267812
            ],
            [
              77.047988,
              28.266814
            ],
            [
              77.046988,
              28.267803
            ],
            [
              77.044523,
              28.267556
            ],
            [
              77.044523,
              28.266627
            ],
            [
              77.046181,
              28.266285
            ],
            [
              77.046258,
              28.264092
            ],
            [
              77.044988,
              28.264807
            ],
            [
              77.04328,
              28.264092
            ],
            [
              77.044501,
              28.261605
            ],
            [
              77.046159,
              28.261263
            ],
            [
              77.047248,
              28.260092
            ],
            [
              77.047158,
              28.257922
            ],
            [
              77.045258,
              28.257092
            ],
            [
              77.046249,
              28.256092
            ],
            [
              77.04616,
              28.254919
            ],
            [
              77.044988,
              28.253814
            ],
            [
              77.039534,
              28.253545
            ],
            [
              77.039534,
              28.252638
            ],
            [
              77.041192,
              28.252296
            ],
            [
              77.041294,
              28.250786
            ],
            [
              77.037988,
              28.250771
            ],
            [
              77.036988,
              28.249558
            ],
            [
              77.035721,
              28.250358
            ],
            [
              77.034988,
              28.247564
            ],
            [
              77.033369,
              28.248092
            ],
            [
              77.034226,
              28.250092
            ],
            [
              77.033988,
              28.252412
            ],
            [
              77.03354,
              28.250539
            ],
            [
              77.031988,
              28.249416
            ],
            [
              77.031244,
              28.250092
            ],
            [
              77.030988,
              28.253212
            ],
            [
              77.03065,
              28.251429
            ],
            [
              77.029829,
              28.251092
            ],
            [
              77.032988,
              28.245724
            ],
            [
              77.033988,
              28.246651
            ],
            [
              77.039988,
              28.246511
            ],
            [
              77.040988,
              28.245511
            ],
            [
              77.042369,
              28.246473
            ],
            [
              77.042568,
              28.245672
            ],
            [
              77.044988,
              28.244431
            ],
            [
              77.054988,
              28.244345
            ],
            [
              77.056147,
              28.242932
            ],
            [
              77.054988,
              28.241842
            ],
            [
              77.053988,
              28.242833
            ],
            [
              77.052988,
              28.241821
            ],
            [
              77.050988,
              28.241797
            ],
            [
              77.049988,
              28.242779
            ],
            [
              77.049292,
              28.241092
            ],
            [
              77.049988,
              28.239803
            ],
            [
              77.047988,
              28.238783
            ],
            [
              77.046988,
              28.239769
            ],
            [
              77.045211,
              28.237869
            ],
            [
              77.042988,
              28.237711
            ],
            [
              77.041988,
              28.236711
            ],
            [
              77.037988,
              28.236628
            ],
            [
              77.036214,
              28.241318
            ],
            [
              77.034988,
              28.24235
            ],
            [
              77.033344,
              28.242448
            ],
            [
              77.032988,
              28.243205
            ],
            [
              77.031083,
              28.243092
            ],
            [
              77.032749,
              28.242853
            ],
            [
              77.032872,
              28.241976
            ],
            [
              77.035422,
              28.240526
            ],
            [
              77.036352,
              28.236728
            ],
            [
              77.033767,
              28.235313
            ],
            [
              77.034522,
              28.234092
            ],
            [
              77.033988,
              28.233521
            ],
            [
              77.029988,
              28.233359
            ],
            [
              77.028988,
              28.232295
            ],
            [
              77.026416,
              28.232092
            ],
            [
              77.028647,
              28.231751
            ],
            [
              77.028988,
              28.230275
            ],
            [
              77.029348,
              28.231732
            ],
            [
              77.032273,
              28.231806
            ],
            [
              77.033402,
              28.232506
            ],
            [
              77.033527,
              28.231552
            ],
            [
              77.031963,
              28.230117
            ],
            [
              77.031988,
              28.229383
            ],
            [
              77.032067,
              28.230013
            ],
            [
              77.034988,
              28.229864
            ],
            [
              77.035988,
              28.230686
            ],
            [
              77.037988,
              28.229754
            ],
            [
              77.040577,
              28.229681
            ],
            [
              77.041441,
              28.227638
            ],
            [
              77.037988,
              28.227547
            ],
            [
              77.037988,
              28.226834
            ],
            [
              77.038863,
              28.226092
            ],
            [
              77.039247,
              28.226832
            ],
            [
              77.041469,
              28.226573
            ],
            [
              77.041609,
              28.225471
            ],
            [
              77.039988,
              28.224054
            ],
            [
              77.041054,
              28.224025
            ],
            [
              77.042988,
              28.225828
            ],
            [
              77.045988,
              28.225044
            ],
            [
              77.046264,
              28.225815
            ],
            [
              77.047988,
              28.225827
            ],
            [
              77.047988,
              28.226106
            ],
            [
              77.046331,
              28.226435
            ],
            [
              77.046524,
              28.228556
            ],
            [
              77.047988,
              28.228875
            ],
            [
              77.048988,
              28.227997
            ],
            [
              77.053352,
              28.229727
            ],
            [
              77.054668,
              28.237092
            ],
            [
              77.056471,
              28.238609
            ],
            [
              77.056827,
              28.241252
            ],
            [
              77.060509,
              28.24157
            ],
            [
              77.061125,
              28.243229
            ],
            [
              77.061379,
              28.240483
            ],
            [
              77.063112,
              28.240216
            ],
            [
              77.063349,
              28.237453
            ],
            [
              77.065167,
              28.236092
            ],
            [
              77.065112,
              28.234968
            ],
            [
              77.062187,
              28.232092
            ],
            [
              77.062272,
              28.228092
            ],
            [
              77.063246,
              28.226092
            ],
            [
              77.061357,
              28.223092
            ],
            [
              77.061196,
              28.220883
            ],
            [
              77.05759,
              28.220489
            ],
            [
              77.056399,
              28.218092
            ],
            [
              77.056273,
              28.215806
            ],
            [
              77.054473,
              28.214092
            ],
            [
              77.055331,
              28.210748
            ],
            [
              77.053712,
              28.209367
            ],
            [
              77.053418,
              28.207661
            ],
            [
              77.051727,
              28.207092
            ],
            [
              77.051895,
              28.205999
            ],
            [
              77.052989,
              28.206093
            ],
            [
              77.053143,
              28.205092
            ],
            [
              77.052888,
              28.203191
            ],
            [
              77.052075,
              28.203092
            ],
            [
              77.052988,
              28.203043
            ],
            [
              77.054094,
              28.203985
            ],
            [
              77.054533,
              28.206546
            ],
            [
              77.056273,
              28.206806
            ],
            [
              77.056988,
              28.20768
            ],
            [
              77.058988,
              28.207745
            ],
            [
              77.059636,
              28.206443
            ],
            [
              77.057777,
              28.206092
            ],
            [
              77.057988,
              28.204903
            ],
            [
              77.061466,
              28.203614
            ],
            [
              77.061951,
              28.204092
            ],
            [
              77.061176,
              28.20428
            ],
            [
              77.061163,
              28.205092
            ],
            [
              77.062988,
              28.206715
            ],
            [
              77.063715,
              28.204364
            ],
            [
              77.062036,
              28.204092
            ],
            [
              77.062061,
              28.203092
            ],
            [
              77.06302,
              28.203059
            ],
            [
              77.063144,
              28.203935
            ],
            [
              77.064588,
              28.203692
            ],
            [
              77.065713,
              28.202817
            ],
            [
              77.065988,
              28.201336
            ],
            [
              77.066132,
              28.203092
            ],
            [
              77.065223,
              28.204092
            ],
            [
              77.065335,
              28.206092
            ],
            [
              77.064389,
              28.207092
            ],
            [
              77.063535,
              28.212092
            ],
            [
              77.062564,
              28.213092
            ],
            [
              77.062738,
              28.216341
            ],
            [
              77.067988,
              28.217503
            ],
            [
              77.069709,
              28.21937
            ],
            [
              77.070988,
              28.219577
            ],
            [
              77.072724,
              28.216828
            ],
            [
              77.074988,
              28.216788
            ],
            [
              77.074417,
              28.219092
            ],
            [
              77.075988,
              28.221432
            ],
            [
              77.078212,
              28.221316
            ],
            [
              77.079988,
              28.219442
            ],
            [
              77.080988,
              28.220408
            ],
            [
              77.081229,
              28.21885
            ],
            [
              77.07958,
              28.2185
            ],
            [
              77.07958,
              28.217684
            ],
            [
              77.081235,
              28.217339
            ],
            [
              77.082988,
              28.215496
            ],
            [
              77.08527,
              28.215374
            ],
            [
              77.085636,
              28.21274
            ],
            [
              77.089903,
              28.205007
            ],
            [
              77.090792,
              28.204896
            ],
            [
              77.090998,
              28.204081
            ],
            [
              77.091093,
              28.205092
            ],
            [
              77.090261,
              28.205365
            ],
            [
              77.090225,
              28.207092
            ],
            [
              77.086563,
              28.215092
            ],
            [
              77.090988,
              28.218697
            ],
            [
              77.094988,
              28.217063
            ],
            [
              77.095348,
              28.219732
            ],
            [
              77.09762,
              28.220092
            ],
            [
              77.095547,
              28.220651
            ],
            [
              77.094988,
              28.221604
            ],
            [
              77.094541,
              28.219538
            ],
            [
              77.092988,
              28.219409
            ],
            [
              77.092202,
              28.220092
            ],
            [
              77.092088,
              28.222092
            ],
            [
              77.092975,
              28.223092
            ],
            [
              77.089746,
              28.223092
            ],
            [
              77.090709,
              28.222092
            ],
            [
              77.089457,
              28.221561
            ],
            [
              77.088988,
              28.22287
            ],
            [
              77.088753,
              28.221092
            ],
            [
              77.090434,
              28.220538
            ],
            [
              77.090386,
              28.219694
            ],
            [
              77.086752,
              28.219327
            ],
            [
              77.08851,
              28.218092
            ],
            [
              77.085714,
              28.216818
            ],
            [
              77.084623,
              28.218092
            ],
            [
              77.084612,
              28.220092
            ],
            [
              77.085582,
              28.221092
            ],
            [
              77.084574,
              28.222092
            ],
            [
              77.087445,
              28.222634
            ],
            [
              77.087566,
              28.224092
            ],
            [
              77.085988,
              28.225747
            ],
            [
              77.083777,
              28.225881
            ],
            [
              77.085668,
              28.227092
            ],
            [
              77.081988,
              28.230741
            ],
            [
              77.080345,
              28.230092
            ],
            [
              77.082185,
              28.227894
            ],
            [
              77.078816,
              28.22792
            ],
            [
              77.078755,
              28.233092
            ],
            [
              77.076765,
              28.234092
            ],
            [
              77.07853,
              28.234549
            ],
            [
              77.078839,
              28.236241
            ],
            [
              77.082144,
              28.236248
            ],
            [
              77.080247,
              28.235092
            ],
            [
              77.080988,
              28.234351
            ],
            [
              77.083157,
              28.234261
            ],
            [
              77.083988,
              28.23137
            ],
            [
              77.085713,
              28.233092
            ],
            [
              77.083749,
              28.236092
            ],
            [
              77.083988,
              28.238316
            ],
            [
              77.08784,
              28.238092
            ],
            [
              77.08795,
              28.237054
            ],
            [
              77.089172,
              28.237092
            ],
            [
              77.089794,
              28.235898
            ],
            [
              77.093988,
              28.235658
            ],
            [
              77.09462,
              28.234092
            ],
            [
              77.092873,
              28.232092
            ],
            [
              77.094543,
              28.231647
            ],
            [
              77.094988,
              28.228948
            ],
            [
              77.095988,
              28.236394
            ],
            [
              77.097988,
              28.234576
            ],
            [
              77.098988,
              28.235519
            ],
            [
              77.103253,
              28.235357
            ],
            [
              77.103756,
              28.233092
            ],
            [
              77.102921,
              28.232092
            ],
            [
              77.103722,
              28.231826
            ],
            [
              77.103988,
              28.2304
            ],
            [
              77.10428,
              28.234092
            ],
            [
              77.104988,
              28.234511
            ],
            [
              77.109988,
              28.233625
            ],
            [
              77.111988,
              28.231742
            ],
            [
              77.112988,
              28.232731
            ],
            [
              77.114988,
              28.231853
            ],
            [
              77.116737,
              28.231841
            ],
            [
              77.116988,
              28.231327
            ],
            [
              77.118036,
              28.232044
            ],
            [
              77.115098,
              28.232202
            ],
            [
              77.114988,
              28.233361
            ],
            [
              77.113301,
              28.234092
            ],
            [
              77.114666,
              28.236092
            ],
            [
              77.115061,
              28.240018
            ],
            [
              77.116054,
              28.240092
            ],
            [
              77.114988,
              28.240126
            ],
            [
              77.114961,
              28.239118
            ],
            [
              77.113965,
              28.239115
            ],
            [
              77.11389,
              28.238189
            ],
            [
              77.111988,
              28.237455
            ],
            [
              77.108371,
              28.238475
            ],
            [
              77.107988,
              28.23924
            ],
            [
              77.106988,
              28.239195
            ],
            [
              77.107015,
              28.239064
            ],
            [
              77.107716,
              28.23882
            ],
            [
              77.107863,
              28.237967
            ],
            [
              77.109453,
              28.237557
            ],
            [
              77.10935,
              28.235729
            ],
            [
              77.104988,
              28.235672
            ],
            [
              77.103988,
              28.23669
            ],
            [
              77.100988,
              28.236737
            ],
            [
              77.09877,
              28.237874
            ],
            [
              77.098748,
              28.240331
            ],
            [
              77.10159,
              28.241092
            ],
            [
              77.097627,
              28.242092
            ],
            [
              77.097728,
              28.243352
            ],
            [
              77.100552,
              28.244092
            ],
            [
              77.100446,
              28.248092
            ],
            [
              77.106467,
              28.248092
            ],
            [
              77.102532,
              28.248636
            ],
            [
              77.102988,
              28.249934
            ],
            [
              77.104962,
              28.250092
            ],
            [
              77.102988,
              28.25025
            ],
            [
              77.102133,
              28.251092
            ],
            [
              77.103443,
              28.251637
            ],
            [
              77.103774,
              28.253305
            ],
            [
              77.105988,
              28.25344
            ],
            [
              77.107988,
              28.252468
            ],
            [
              77.108988,
              28.253935
            ],
            [
              77.116171,
              28.253908
            ],
            [
              77.111697,
              28.254801
            ],
            [
              77.110988,
              28.256619
            ],
            [
              77.109743,
              28.254337
            ],
            [
              77.108318,
              28.254422
            ],
            [
              77.108143,
              28.255092
            ],
            [
              77.108671,
              28.264409
            ],
            [
              77.111832,
              28.264936
            ],
            [
              77.113988,
              28.2638
            ],
            [
              77.115988,
              28.264834
            ],
            [
              77.116988,
              28.263331
            ],
            [
              77.117785,
              28.264092
            ],
            [
              77.117158,
              28.264262
            ],
            [
              77.117028,
              28.267052
            ],
            [
              77.118011,
              28.267092
            ],
            [
              77.116988,
              28.268055
            ],
            [
              77.116561,
              28.265519
            ],
            [
              77.114988,
              28.266392
            ],
            [
              77.113988,
              28.265445
            ],
            [
              77.112595,
              28.265699
            ],
            [
              77.112332,
              28.270747
            ],
            [
              77.114006,
              28.271092
            ],
            [
              77.110852,
              28.271227
            ],
            [
              77.11062,
              28.268092
            ],
            [
              77.109328,
              28.265752
            ],
            [
              77.106988,
              28.26465
            ],
            [
              77.104708,
              28.264812
            ],
            [
              77.104353,
              28.268457
            ],
            [
              77.100609,
              28.269092
            ],
            [
              77.101689,
              28.27239
            ],
            [
              77.10448,
              28.273092
            ],
            [
              77.101689,
              28.273793
            ],
            [
              77.102652,
              28.275427
            ],
            [
              77.104281,
              28.275798
            ],
            [
              77.104988,
              28.276834
            ],
            [
              77.105988,
              28.275012
            ],
            [
              77.106404,
              28.276675
            ],
            [
              77.109052,
              28.277092
            ],
            [
              77.107365,
              28.277469
            ],
            [
              77.10815,
              28.279092
            ],
            [
              77.107035,
              28.281092
            ],
            [
              77.107095,
              28.281984
            ],
            [
              77.109151,
              28.283092
            ],
            [
              77.109101,
              28.284205
            ],
            [
              77.108887,
              28.283192
            ],
            [
              77.106988,
              28.283133
            ],
            [
              77.106883,
              28.282196
            ],
            [
              77.104988,
              28.281443
            ],
            [
              77.103988,
              28.282418
            ],
            [
              77.102495,
              28.282599
            ],
            [
              77.101988,
              28.284201
            ],
            [
              77.099988,
              28.283126
            ],
            [
              77.0985,
              28.283604
            ],
            [
              77.097988,
              28.286967
            ],
            [
              77.097688,
              28.285391
            ],
            [
              77.09624,
              28.285092
            ],
            [
              77.097631,
              28.284735
            ],
            [
              77.097482,
              28.283598
            ],
            [
              77.095851,
              28.283229
            ],
            [
              77.094754,
              28.282092
            ],
            [
              77.097587,
              28.281092
            ],
            [
              77.097517,
              28.279092
            ],
            [
              77.095988,
              28.276677
            ],
            [
              77.094705,
              28.276809
            ],
            [
              77.091639,
              28.279743
            ],
            [
              77.090335,
              28.282092
            ],
            [
              77.09215,
              28.284092
            ],
            [
              77.090343,
              28.284447
            ],
            [
              77.089997,
              28.286101
            ],
            [
              77.089851,
              28.285228
            ],
            [
              77.088898,
              28.285182
            ],
            [
              77.08854,
              28.283539
            ],
            [
              77.087286,
              28.28339
            ],
            [
              77.086945,
              28.284135
            ],
            [
              77.085362,
              28.282092
            ],
            [
              77.086988,
              28.281981
            ],
            [
              77.087988,
              28.282881
            ],
            [
              77.08945,
              28.282554
            ],
            [
              77.088664,
              28.280092
            ],
            [
              77.091322,
              28.278426
            ],
            [
              77.090653,
              28.276757
            ],
            [
              77.093412,
              28.276092
            ],
            [
              77.087988,
              28.27556
            ],
            [
              77.086988,
              28.274522
            ],
            [
              77.085988,
              28.275475
            ],
            [
              77.085725,
              28.273829
            ],
            [
              77.088988,
              28.273629
            ],
            [
              77.089988,
              28.274571
            ],
            [
              77.093988,
              28.274495
            ],
            [
              77.09432,
              28.271092
            ],
            [
              77.092988,
              28.268799
            ],
            [
              77.091988,
              28.27078
            ],
            [
              77.088536,
              28.269544
            ],
            [
              77.088308,
              28.268771
            ],
            [
              77.086988,
              28.268755
            ],
            [
              77.085988,
              28.269738
            ],
            [
              77.083571,
              28.269508
            ],
            [
              77.083571,
              28.268675
            ],
            [
              77.089186,
              28.26629
            ],
            [
              77.089158,
              28.264921
            ],
            [
              77.085988,
              28.262861
            ],
            [
              77.083988,
              28.26584
            ],
            [
              77.081466,
              28.264614
            ],
            [
              77.081124,
              28.259955
            ],
            [
              77.080571,
              28.261675
            ],
            [
              77.079405,
              28.261675
            ],
            [
              77.078988,
              28.260886
            ],
            [
              77.078562,
              28.261666
            ],
            [
              77.077413,
              28.261666
            ],
            [
              77.077408,
              28.259512
            ],
            [
              77.079185,
              28.259092
            ],
            [
              77.077988,
              28.257904
            ],
            [
              77.075988,
              28.257902
            ],
            [
              77.076779,
              28.261092
            ],
            [
              77.074757,
              28.263092
            ],
            [
              77.075823,
              28.265257
            ],
            [
              77.081988,
              28.265393
            ],
            [
              77.082686,
              28.266092
            ],
            [
              77.081988,
              28.26679
            ],
            [
              77.076815,
              28.266919
            ],
            [
              77.079701,
              28.268092
            ],
            [
              77.077804,
              28.268908
            ],
            [
              77.077796,
              28.270283
            ],
            [
              77.080988,
              28.270414
            ],
            [
              77.081988,
              28.268456
            ],
            [
              77.082759,
              28.27032
            ],
            [
              77.084633,
              28.271092
            ],
            [
              77.082988,
              28.273723
            ],
            [
              77.081988,
              28.271757
            ],
            [
              77.079782,
              28.271886
            ],
            [
              77.079673,
              28.273092
            ],
            [
              77.081426,
              28.273653
            ],
            [
              77.08065,
              28.275092
            ],
            [
              77.081988,
              28.276468
            ],
            [
              77.082602,
              28.274706
            ],
            [
              77.083374,
              28.274706
            ],
            [
              77.083594,
              28.277092
            ],
            [
              77.082596,
              28.278092
            ],
            [
              77.0855,
              28.280092
            ],
            [
              77.08369,
              28.280794
            ],
            [
              77.083486,
              28.283092
            ],
            [
              77.083988,
              28.283666
            ],
            [
              77.084988,
              28.283222
            ],
            [
              77.085384,
              28.284092
            ],
            [
              77.084988,
              28.284764
            ],
            [
              77.082988,
              28.28456
            ],
            [
              77.082313,
              28.282766
            ],
            [
              77.078988,
              28.28251
            ],
            [
              77.078165,
              28.285269
            ],
            [
              77.075804,
              28.284275
            ],
            [
              77.075589,
              28.283092
            ],
            [
              77.077603,
              28.282092
            ],
            [
              77.077874,
              28.277978
            ],
            [
              77.078988,
              28.279766
            ],
            [
              77.081392,
              28.279092
            ],
            [
              77.079585,
              28.278494
            ],
            [
              77.080357,
              28.277092
            ],
            [
              77.078988,
              28.275731
            ],
            [
              77.072988,
              28.275663
            ],
            [
              77.072656,
              28.276423
            ],
            [
              77.075403,
              28.277092
            ],
            [
              77.071673,
              28.278407
            ],
            [
              77.071621,
              28.274725
            ],
            [
              77.076988,
              28.27446
            ],
            [
              77.078303,
              28.273092
            ],
            [
              77.076177,
              28.270902
            ],
            [
              77.074517,
              28.270562
            ],
            [
              77.07516,
              28.267919
            ],
            [
              77.073988,
              28.26883
            ],
            [
              77.072786,
              28.26789
            ],
            [
              77.071639,
              28.270092
            ],
            [
              77.072633,
              28.271092
            ],
            [
              77.072413,
              28.272517
            ],
            [
              77.070769,
              28.271873
            ],
            [
              77.068988,
              28.274796
            ],
            [
              77.068197,
              28.272883
            ],
            [
              77.067736,
              28.273092
            ],
            [
              77.067851,
              28.278092
            ],
            [
              77.066952,
              28.280127
            ],
            [
              77.067182,
              28.281897
            ],
            [
              77.067827,
              28.282092
            ],
            [
              77.067186,
              28.283092
            ],
            [
              77.071132,
              28.284948
            ],
            [
              77.070577,
              28.289503
            ],
            [
              77.071429,
              28.289533
            ],
            [
              77.071711,
              28.287815
            ],
            [
              77.072988,
              28.287834
            ],
            [
              77.072527,
              28.289552
            ],
            [
              77.076867,
              28.290092
            ],
            [
              77.075988,
              28.291296
            ],
            [
              77.074966,
              28.291114
            ],
            [
              77.073098,
              28.292202
            ],
            [
              77.071499,
              28.291603
            ],
            [
              77.071365,
              28.292714
            ],
            [
              77.072116,
              28.292963
            ],
            [
              77.071988,
              28.294176
            ],
            [
              77.071725,
              28.293354
            ],
            [
              77.068774,
              28.293306
            ],
            [
              77.067487,
              28.290592
            ],
            [
              77.066505,
              28.290609
            ],
            [
              77.066043,
              28.299037
            ],
            [
              77.066622,
              28.299092
            ],
            [
              77.065988,
              28.29955
            ]
          ]
        ],
        "type": "Polygon"
      },
      "type": "Feature"
    }
  ]
}