{
  "type": "FeatureCollection",
  "metadata": {
    "provider_name": "Lip Lick Cafe",
    "center_lat": 18.7629623,
    "center_lon": 73.86352,
    "mode": "motorcycle",
    "total_zones": 4,
    "distance_zones": [
      3,
      4,
      5,
      6
    ],
    "generated_at": "2025-12-31T07:46:09.206512Z"
  },
  "features": [
    {
      "properties": {
        "fill-opacity": 0.33,
        "fillColor": "#bf4040",
        "opacity": 0.33,
        "fill": "#bf4040",
        "fillOpacity": 0.33,
        "color": "#bf4040",
        "contour": 3.0,
        "metric": "distance",
        "provider_name": "Lip Lick Cafe",
        "zone_type": "distance",
        "distance_km": 3,
        "mode": "motorcycle",
        "center_lat": 18.7629623,
        "center_lon": 73.86352,
        "label": "3km"
      },
      "geometry": {
        "coordinates": [
          [
            [
              73.87252,
              18.78367
            ],
            [
              73.871272,
              18.781962
            ],
            [
              73.872287,
              18.780962
            ],
            [
              73.870931,
              18.779962
            ],
            [
              73.871164,
              18.778962
            ],
            [
              73.86991,
              18.777572
            ],
            [
              73.86752,
              18.777257
            ],
            [
              73.86652,
              18.778165
            ],
            [
              73.86418,
              18.777962
            ],
            [
              73.869043,
              18.775962
            ],
            [
              73.865741,
              18.76874
            ],
            [
              73.862127,
              18.770962
            ],
            [
              73.86252,
              18.772462
            ],
            [
              73.864816,
              18.772665
            ],
            [
              73.864776,
              18.775219
            ],
            [
              73.86352,
              18.776343
            ],
            [
              73.86117,
              18.776612
            ],
            [
              73.860923,
              18.778366
            ],
            [
              73.86024,
              18.778242
            ],
            [
              73.86005,
              18.775962
            ],
            [
              73.860995,
              18.774962
            ],
            [
              73.860908,
              18.769962
            ],
            [
              73.861881,
              18.768962
            ],
            [
              73.86152,
              18.76567
            ],
            [
              73.860973,
              18.767415
            ],
            [
              73.859298,
              18.76774
            ],
            [
              73.85852,
              18.769602
            ],
            [
              73.85752,
              18.76763
            ],
            [
              73.85652,
              18.769591
            ],
            [
              73.855751,
              18.76773
            ],
            [
              73.854275,
              18.767717
            ],
            [
              73.855115,
              18.768962
            ],
            [
              73.85452,
              18.773484
            ],
            [
              73.853788,
              18.769693
            ],
            [
              73.852243,
              18.769685
            ],
            [
              73.851019,
              18.771962
            ],
            [
              73.851941,
              18.773962
            ],
            [
              73.85152,
              18.776313
            ],
            [
              73.850905,
              18.774576
            ],
            [
              73.84952,
              18.773414
            ],
            [
              73.84874,
              18.775182
            ],
            [
              73.846944,
              18.776386
            ],
            [
              73.846422,
              18.778059
            ],
            [
              73.84554,
              18.777941
            ],
            [
              73.845828,
              18.775962
            ],
            [
              73.84452,
              18.773311
            ],
            [
              73.840761,
              18.774203
            ],
            [
              73.84052,
              18.775738
            ],
            [
              73.839785,
              18.774962
            ],
            [
              73.84052,
              18.771934
            ],
            [
              73.84152,
              18.771466
            ],
            [
              73.841842,
              18.77264
            ],
            [
              73.842977,
              18.77242
            ],
            [
              73.84352,
              18.767049
            ],
            [
              73.843706,
              18.767775
            ],
            [
              73.844705,
              18.767962
            ],
            [
              73.845103,
              18.770379
            ],
            [
              73.846865,
              18.770307
            ],
            [
              73.846076,
              18.768962
            ],
            [
              73.846154,
              18.766962
            ],
            [
              73.845214,
              18.765962
            ],
            [
              73.846422,
              18.763864
            ],
            [
              73.847106,
              18.766376
            ],
            [
              73.848837,
              18.766644
            ],
            [
              73.849203,
              18.768279
            ],
            [
              73.85052,
              18.768387
            ],
            [
              73.855742,
              18.765185
            ],
            [
              73.856094,
              18.762537
            ],
            [
              73.856945,
              18.762537
            ],
            [
              73.85752,
              18.764276
            ],
            [
              73.85971,
              18.763152
            ],
            [
              73.858723,
              18.760758
            ],
            [
              73.85652,
              18.758468
            ],
            [
              73.85552,
              18.760363
            ],
            [
              73.853906,
              18.758576
            ],
            [
              73.851277,
              18.758204
            ],
            [
              73.850887,
              18.756595
            ],
            [
              73.84952,
              18.756368
            ],
            [
              73.848771,
              18.756962
            ],
            [
              73.84852,
              18.76035
            ],
            [
              73.84749,
              18.759962
            ],
            [
              73.847013,
              18.757468
            ],
            [
              73.845888,
              18.75733
            ],
            [
              73.84552,
              18.758509
            ],
            [
              73.843186,
              18.756962
            ],
            [
              73.84552,
              18.753994
            ],
            [
              73.84593,
              18.756551
            ],
            [
              73.847968,
              18.75541
            ],
            [
              73.848013,
              18.754468
            ],
            [
              73.845541,
              18.753962
            ],
            [
              73.84652,
              18.751985
            ],
            [
              73.848788,
              18.753694
            ],
            [
              73.849094,
              18.755388
            ],
            [
              73.851047,
              18.754962
            ],
            [
              73.84734,
              18.751142
            ],
            [
              73.847299,
              18.750182
            ],
            [
              73.845845,
              18.749962
            ],
            [
              73.84652,
              18.749214
            ],
            [
              73.84952,
              18.750265
            ],
            [
              73.85052,
              18.749538
            ],
            [
              73.851051,
              18.75143
            ],
            [
              73.85252,
              18.752493
            ],
            [
              73.85352,
              18.751386
            ],
            [
              73.855167,
              18.751314
            ],
            [
              73.855484,
              18.751997
            ],
            [
              73.85652,
              18.751169
            ],
            [
              73.85671,
              18.751772
            ],
            [
              73.858078,
              18.75152
            ],
            [
              73.859274,
              18.743208
            ],
            [
              73.858553,
              18.740962
            ],
            [
              73.85952,
              18.740166
            ],
            [
              73.86152,
              18.741724
            ],
            [
              73.861744,
              18.742738
            ],
            [
              73.863283,
              18.742962
            ],
            [
              73.86552,
              18.745346
            ],
            [
              73.868013,
              18.744456
            ],
            [
              73.86852,
              18.743281
            ],
            [
              73.869037,
              18.744445
            ],
            [
              73.869993,
              18.744435
            ],
            [
              73.869597,
              18.74204
            ],
            [
              73.87135,
              18.741792
            ],
            [
              73.87152,
              18.740962
            ],
            [
              73.872649,
              18.742832
            ],
            [
              73.87193,
              18.744962
            ],
            [
              73.872288,
              18.746194
            ],
            [
              73.87552,
              18.745953
            ],
            [
              73.876732,
              18.74775
            ],
            [
              73.877913,
              18.747962
            ],
            [
              73.87545,
              18.750962
            ],
            [
              73.87297,
              18.750962
            ],
            [
              73.874338,
              18.75078
            ],
            [
              73.87352,
              18.749284
            ],
            [
              73.871131,
              18.749574
            ],
            [
              73.871187,
              18.751962
            ],
            [
              73.87052,
              18.752512
            ],
            [
              73.869909,
              18.750572
            ],
            [
              73.868193,
              18.750635
            ],
            [
              73.868018,
              18.755461
            ],
            [
              73.867137,
              18.755962
            ],
            [
              73.867782,
              18.756225
            ],
            [
              73.869157,
              18.753599
            ],
            [
              73.869965,
              18.753516
            ],
            [
              73.870087,
              18.756962
            ],
            [
              73.867279,
              18.757721
            ],
            [
              73.868141,
              18.758962
            ],
            [
              73.866235,
              18.759962
            ],
            [
              73.868988,
              18.760494
            ],
            [
              73.870182,
              18.761962
            ],
            [
              73.869321,
              18.763161
            ],
            [
              73.87152,
              18.763281
            ],
            [
              73.87252,
              18.762305
            ],
            [
              73.87652,
              18.762357
            ],
            [
              73.87752,
              18.761418
            ],
            [
              73.87852,
              18.763388
            ],
            [
              73.88152,
              18.763457
            ],
            [
              73.88252,
              18.76065
            ],
            [
              73.883734,
              18.760747
            ],
            [
              73.88452,
              18.762567
            ],
            [
              73.88552,
              18.760743
            ],
            [
              73.88752,
              18.760844
            ],
            [
              73.88852,
              18.761774
            ],
            [
              73.889299,
              18.761742
            ],
            [
              73.889578,
              18.760903
            ],
            [
              73.890588,
              18.760962
            ],
            [
              73.889595,
              18.761037
            ],
            [
              73.889591,
              18.762033
            ],
            [
              73.88752,
              18.762201
            ],
            [
              73.88452,
              18.764366
            ],
            [
              73.878098,
              18.764962
            ],
            [
              73.87986,
              18.766621
            ],
            [
              73.880186,
              18.768296
            ],
            [
              73.882771,
              18.76971
            ],
            [
              73.882106,
              18.771375
            ],
            [
              73.88452,
              18.771733
            ],
            [
              73.885593,
              18.770889
            ],
            [
              73.884879,
              18.773603
            ],
            [
              73.886833,
              18.773962
            ],
            [
              73.885735,
              18.774178
            ],
            [
              73.88552,
              18.775376
            ],
            [
              73.885268,
              18.774214
            ],
            [
              73.883357,
              18.774124
            ],
            [
              73.88152,
              18.772331
            ],
            [
              73.880312,
              18.773169
            ],
            [
              73.879227,
              18.771962
            ],
            [
              73.880099,
              18.770962
            ],
            [
              73.879864,
              18.769617
            ],
            [
              73.879002,
              18.769962
            ],
            [
              73.878914,
              18.771357
            ],
            [
              73.877236,
              18.771246
            ],
            [
              73.877851,
              18.769631
            ],
            [
              73.876953,
              18.770395
            ],
            [
              73.876082,
              18.769962
            ],
            [
              73.876807,
              18.767675
            ],
            [
              73.873763,
              18.765718
            ],
            [
              73.86852,
              18.765664
            ],
            [
              73.867326,
              18.766768
            ],
            [
              73.867273,
              18.769208
            ],
            [
              73.870243,
              18.769962
            ],
            [
              73.868733,
              18.770175
            ],
            [
              73.870144,
              18.773338
            ],
            [
              73.87152,
              18.772636
            ],
            [
              73.87552,
              18.772871
            ],
            [
              73.874634,
              18.773962
            ],
            [
              73.876692,
              18.774962
            ],
            [
              73.87652,
              18.776114
            ],
            [
              73.87614,
              18.775341
            ],
            [
              73.87352,
              18.775326
            ],
            [
              73.87208,
              18.777522
            ],
            [
              73.871875,
              18.778962
            ],
            [
              73.872826,
              18.780268
            ],
            [
              73.87252,
              18.78367
            ]
          ]
        ],
        "type": "Polygon"
      },
      "type": "Feature"
    },
    {
      "properties": {
        "fill-opacity": 0.33,
        "fillColor": "#bf4040",
        "opacity": 0.33,
        "fill": "#bf4040",
        "fillOpacity": 0.33,
        "color": "#bf4040",
        "contour": 4.0,
        "metric": "distance",
        "provider_name": "Lip Lick Cafe",
        "zone_type": "distance",
        "distance_km": 4,
        "mode": "motorcycle",
        "center_lat": 18.7629623,
        "center_lon": 73.86352,
        "label": "4km"
      },
      "geometry": {
        "coordinates": [
          [
            [
              73.86752,
              18.791415
            ],
            [
              73.86714,
              18.790962
            ],
            [
              73.867454,
              18.789896
            ],
            [
              73.86822,
              18.789663
            ],
            [
              73.868362,
              18.787804
            ],
            [
              73.871067,
              18.784962
            ],
            [
              73.871021,
              18.782962
            ],
            [
              73.86952,
              18.782408
            ],
            [
              73.86752,
              18.784252
            ],
            [
              73.867153,
              18.781962
            ],
            [
              73.868901,
              18.781343
            ],
            [
              73.869259,
              18.779701
            ],
            [
              73.870911,
              18.778962
            ],
            [
              73.86952,
              18.777583
            ],
            [
              73.86752,
              18.777548
            ],
            [
              73.86652,
              18.778518
            ],
            [
              73.86306,
              18.778502
            ],
            [
              73.86252,
              18.779549
            ],
            [
              73.860098,
              18.778384
            ],
            [
              73.8608,
              18.769962
            ],
            [
              73.861785,
              18.768962
            ],
            [
              73.86152,
              18.765736
            ],
            [
              73.861035,
              18.767477
            ],
            [
              73.859352,
              18.767794
            ],
            [
              73.85852,
              18.769697
            ],
            [
              73.85752,
              18.767713
            ],
            [
              73.85652,
              18.769691
            ],
            [
              73.855691,
              18.76779
            ],
            [
              73.85434,
              18.767783
            ],
            [
              73.855232,
              18.768962
            ],
            [
              73.854971,
              18.773413
            ],
            [
              73.853843,
              18.772962
            ],
            [
              73.853711,
              18.76977
            ],
            [
              73.852324,
              18.769766
            ],
            [
              73.851186,
              18.771962
            ],
            [
              73.852153,
              18.773962
            ],
            [
              73.851924,
              18.776366
            ],
            [
              73.851115,
              18.776366
            ],
            [
              73.850764,
              18.774718
            ],
            [
              73.849276,
              18.773719
            ],
            [
              73.84552,
              18.780731
            ],
            [
              73.844737,
              18.780744
            ],
            [
              73.844534,
              18.779962
            ],
            [
              73.845051,
              18.775962
            ],
            [
              73.84452,
              18.773567
            ],
            [
              73.841211,
              18.774653
            ],
            [
              73.83997,
              18.776962
            ],
            [
              73.840087,
              18.778395
            ],
            [
              73.84252,
              18.779784
            ],
            [
              73.844414,
              18.779962
            ],
            [
              73.842815,
              18.780257
            ],
            [
              73.84252,
              18.781688
            ],
            [
              73.842185,
              18.780296
            ],
            [
              73.84052,
              18.779255
            ],
            [
              73.83552,
              18.779212
            ],
            [
              73.834532,
              18.780974
            ],
            [
              73.833829,
              18.780962
            ],
            [
              73.834479,
              18.780921
            ],
            [
              73.834131,
              18.77935
            ],
            [
              73.833207,
              18.778274
            ],
            [
              73.831678,
              18.777962
            ],
            [
              73.83352,
              18.777222
            ],
            [
              73.83552,
              18.777667
            ],
            [
              73.83652,
              18.775641
            ],
            [
              73.83752,
              18.776556
            ],
            [
              73.83888,
              18.776322
            ],
            [
              73.839039,
              18.773962
            ],
            [
              73.838089,
              18.772962
            ],
            [
              73.839041,
              18.771962
            ],
            [
              73.837177,
              18.770962
            ],
            [
              73.838152,
              18.769962
            ],
            [
              73.83852,
              18.767705
            ],
            [
              73.839758,
              18.767962
            ],
            [
              73.838836,
              18.768962
            ],
            [
              73.83952,
              18.770516
            ],
            [
              73.84152,
              18.76854
            ],
            [
              73.842841,
              18.769284
            ],
            [
              73.843101,
              18.764543
            ],
            [
              73.843954,
              18.764962
            ],
            [
              73.845263,
              18.770218
            ],
            [
              73.84652,
              18.770309
            ],
            [
              73.845908,
              18.766962
            ],
            [
              73.84493,
              18.765962
            ],
            [
              73.84616,
              18.763602
            ],
            [
              73.846994,
              18.763488
            ],
            [
              73.847264,
              18.766217
            ],
            [
              73.848957,
              18.766524
            ],
            [
              73.849305,
              18.768177
            ],
            [
              73.85052,
              18.76826
            ],
            [
              73.855687,
              18.765129
            ],
            [
              73.85603,
              18.762472
            ],
            [
              73.857009,
              18.762472
            ],
            [
              73.85752,
              18.764201
            ],
            [
              73.859667,
              18.76311
            ],
            [
              73.856736,
              18.758745
            ],
            [
              73.85552,
              18.760587
            ],
            [
              73.85352,
              18.758593
            ],
            [
              73.851112,
              18.758369
            ],
            [
              73.85052,
              18.756603
            ],
            [
              73.849092,
              18.756962
            ],
            [
              73.849039,
              18.759962
            ],
            [
              73.84989,
              18.761591
            ],
            [
              73.84952,
              18.763325
            ],
            [
              73.84707,
              18.763412
            ],
            [
              73.846113,
              18.761962
            ],
            [
              73.845875,
              18.759607
            ],
            [
              73.84452,
              18.758459
            ],
            [
              73.84252,
              18.759376
            ],
            [
              73.84152,
              18.758408
            ],
            [
              73.83852,
              18.758288
            ],
            [
              73.83652,
              18.760303
            ],
            [
              73.836194,
              18.759288
            ],
            [
              73.833894,
              18.758962
            ],
            [
              73.836295,
              18.756737
            ],
            [
              73.83652,
              18.755258
            ],
            [
              73.83666,
              18.755821
            ],
            [
              73.84052,
              18.75569
            ],
            [
              73.84152,
              18.757516
            ],
            [
              73.842859,
              18.756301
            ],
            [
              73.843015,
              18.749466
            ],
            [
              73.84152,
              18.750149
            ],
            [
              73.838498,
              18.749962
            ],
            [
              73.840167,
              18.74961
            ],
            [
              73.84052,
              18.747677
            ],
            [
              73.84452,
              18.747541
            ],
            [
              73.84652,
              18.74558
            ],
            [
              73.8478,
              18.746681
            ],
            [
              73.84852,
              18.749476
            ],
            [
              73.84952,
              18.748534
            ],
            [
              73.851953,
              18.748396
            ],
            [
              73.852006,
              18.747476
            ],
            [
              73.850434,
              18.746962
            ],
            [
              73.85052,
              18.744937
            ],
            [
              73.851371,
              18.744813
            ],
            [
              73.85197,
              18.746512
            ],
            [
              73.855139,
              18.749342
            ],
            [
              73.856122,
              18.748962
            ],
            [
              73.85652,
              18.746696
            ],
            [
              73.857092,
              18.74839
            ],
            [
              73.858774,
              18.748217
            ],
            [
              73.858833,
              18.742648
            ],
            [
              73.85652,
              18.743304
            ],
            [
              73.85552,
              18.741323
            ],
            [
              73.853619,
              18.743062
            ],
            [
              73.852433,
              18.742962
            ],
            [
              73.854764,
              18.739962
            ],
            [
              73.853268,
              18.737962
            ],
            [
              73.85452,
              18.73587
            ],
            [
              73.855635,
              18.735962
            ],
            [
              73.856074,
              18.739408
            ],
            [
              73.85752,
              18.739576
            ],
            [
              73.858063,
              18.738962
            ],
            [
              73.857061,
              18.737962
            ],
            [
              73.857241,
              18.734962
            ],
            [
              73.856361,
              18.733962
            ],
            [
              73.85652,
              18.73167
            ],
            [
              73.856854,
              18.733628
            ],
            [
              73.858176,
              18.733618
            ],
            [
              73.85852,
              18.732733
            ],
            [
              73.859726,
              18.732962
            ],
            [
              73.858767,
              18.734962
            ],
            [
              73.85952,
              18.735735
            ],
            [
              73.86052,
              18.735436
            ],
            [
              73.86152,
              18.736652
            ],
            [
              73.863419,
              18.735861
            ],
            [
              73.86362,
              18.734962
            ],
            [
              73.863957,
              18.735962
            ],
            [
              73.862804,
              18.736247
            ],
            [
              73.863058,
              18.738423
            ],
            [
              73.864086,
              18.738528
            ],
            [
              73.86452,
              18.736596
            ],
            [
              73.865467,
              18.736962
            ],
            [
              73.864592,
              18.737035
            ],
            [
              73.864889,
              18.738593
            ],
            [
              73.86652,
              18.738416
            ],
            [
              73.86652,
              18.739936
            ],
            [
              73.865109,
              18.740962
            ],
            [
              73.864495,
              18.740986
            ],
            [
              73.864076,
              18.739405
            ],
            [
              73.863059,
              18.739501
            ],
            [
              73.862027,
              18.741962
            ],
            [
              73.863849,
              18.742633
            ],
            [
              73.86552,
              18.744473
            ],
            [
              73.86652,
              18.742197
            ],
            [
              73.86752,
              18.744384
            ],
            [
              73.868204,
              18.741646
            ],
            [
              73.870843,
              18.741286
            ],
            [
              73.870925,
              18.738556
            ],
            [
              73.868267,
              18.737709
            ],
            [
              73.87052,
              18.737623
            ],
            [
              73.871965,
              18.736407
            ],
            [
              73.87252,
              18.732279
            ],
            [
              73.872925,
              18.734557
            ],
            [
              73.873863,
              18.735618
            ],
            [
              73.875694,
              18.735962
            ],
            [
              73.873915,
              18.736357
            ],
            [
              73.873815,
              18.736962
            ],
            [
              73.875748,
              18.73819
            ],
            [
              73.87352,
              18.738326
            ],
            [
              73.871989,
              18.739962
            ],
            [
              73.872189,
              18.741293
            ],
            [
              73.87352,
              18.740522
            ],
            [
              73.874227,
              18.741962
            ],
            [
              73.87315,
              18.745332
            ],
            [
              73.876991,
              18.744433
            ],
            [
              73.87752,
              18.742296
            ],
            [
              73.879674,
              18.742808
            ],
            [
              73.880071,
              18.74441
            ],
            [
              73.881007,
              18.744449
            ],
            [
              73.88152,
              18.741747
            ],
            [
              73.881816,
              18.743665
            ],
            [
              73.883263,
              18.743706
            ],
            [
              73.88352,
              18.742802
            ],
            [
              73.886384,
              18.744098
            ],
            [
              73.88552,
              18.746409
            ],
            [
              73.883032,
              18.747475
            ],
            [
              73.882881,
              18.751323
            ],
            [
              73.88152,
              18.75348
            ],
            [
              73.881118,
              18.751363
            ],
            [
              73.87952,
              18.75032
            ],
            [
              73.878134,
              18.750576
            ],
            [
              73.878881,
              18.751962
            ],
            [
              73.87913,
              18.755962
            ],
            [
              73.877741,
              18.757962
            ],
            [
              73.876403,
              18.756962
            ],
            [
              73.874855,
              18.751627
            ],
            [
              73.873181,
              18.751623
            ],
            [
              73.871115,
              18.753558
            ],
            [
              73.870273,
              18.754715
            ],
            [
              73.869985,
              18.757427
            ],
            [
              73.867343,
              18.757785
            ],
            [
              73.868245,
              18.758962
            ],
            [
              73.866298,
              18.759962
            ],
            [
              73.86906,
              18.760421
            ],
            [
              73.870267,
              18.761962
            ],
            [
              73.869366,
              18.763115
            ],
            [
              73.87152,
              18.763204
            ],
            [
              73.87252,
              18.762217
            ],
            [
              73.87652,
              18.762245
            ],
            [
              73.87752,
              18.761275
            ],
            [
              73.87852,
              18.763261
            ],
            [
              73.88152,
              18.763293
            ],
            [
              73.88252,
              18.76037
            ],
            [
              73.883917,
              18.760565
            ],
            [
              73.88452,
              18.762339
            ],
            [
              73.88552,
              18.7604
            ],
            [
              73.88752,
              18.760431
            ],
            [
              73.88852,
              18.76141
            ],
            [
              73.890062,
              18.759962
            ],
            [
              73.88952,
              18.757613
            ],
            [
              73.892751,
              18.757731
            ],
            [
              73.893086,
              18.759395
            ],
            [
              73.89452,
              18.760604
            ],
            [
              73.89552,
              18.758857
            ],
            [
              73.896038,
              18.761444
            ],
            [
              73.897146,
              18.761589
            ],
            [
              73.897562,
              18.759919
            ],
            [
              73.89946,
              18.761962
            ],
            [
              73.898675,
              18.762117
            ],
            [
              73.89852,
              18.763524
            ],
            [
              73.89833,
              18.762151
            ],
            [
              73.896946,
              18.762388
            ],
            [
              73.896717,
              18.763765
            ],
            [
              73.897991,
              18.763962
            ],
            [
              73.89752,
              18.764494
            ],
            [
              73.89652,
              18.764402
            ],
            [
              73.896048,
              18.762433
            ],
            [
              73.89452,
              18.76132
            ],
            [
              73.893123,
              18.761565
            ],
            [
              73.89252,
              18.763289
            ],
            [
              73.891901,
              18.761581
            ],
            [
              73.89052,
              18.761464
            ],
            [
              73.88452,
              18.764589
            ],
            [
              73.878323,
              18.764765
            ],
            [
              73.879967,
              18.766514
            ],
            [
              73.880297,
              18.768184
            ],
            [
              73.882931,
              18.769551
            ],
            [
              73.882264,
              18.771217
            ],
            [
              73.88452,
              18.771397
            ],
            [
              73.88552,
              18.770433
            ],
            [
              73.886062,
              18.771962
            ],
            [
              73.885219,
              18.773263
            ],
            [
              73.887841,
              18.773641
            ],
            [
              73.887841,
              18.774283
            ],
            [
              73.886199,
              18.774641
            ],
            [
              73.88552,
              18.77644
            ],
            [
              73.884831,
              18.774651
            ],
            [
              73.88314,
              18.774341
            ],
            [
              73.881784,
              18.772698
            ],
            [
              73.88052,
              18.773554
            ],
            [
              73.878906,
              18.771576
            ],
            [
              73.877096,
              18.771385
            ],
            [
              73.875879,
              18.769962
            ],
            [
              73.87683,
              18.767962
            ],
            [
              73.875709,
              18.766772
            ],
            [
              73.87352,
              18.765702
            ],
            [
              73.871798,
              18.765962
            ],
            [
              73.870976,
              18.768962
            ],
            [
              73.872883,
              18.769962
            ],
            [
              73.871882,
              18.771962
            ],
            [
              73.875869,
              18.772613
            ],
            [
              73.87505,
              18.773962
            ],
            [
              73.877067,
              18.774962
            ],
            [
              73.87652,
              18.776503
            ],
            [
              73.87552,
              18.775536
            ],
            [
              73.873266,
              18.775709
            ],
            [
              73.872132,
              18.777962
            ],
            [
              73.872247,
              18.779234
            ],
            [
              73.874025,
              18.781457
            ],
            [
              73.875608,
              18.781874
            ],
            [
              73.875731,
              18.78275
            ],
            [
              73.876826,
              18.782962
            ],
            [
              73.875369,
              18.783112
            ],
            [
              73.875234,
              18.782248
            ],
            [
              73.87452,
              18.782171
            ],
            [
              73.873039,
              18.782962
            ],
            [
              73.874875,
              18.783607
            ],
            [
              73.876756,
              18.785726
            ],
            [
              73.876916,
              18.787566
            ],
            [
              73.878924,
              18.787962
            ],
            [
              73.876391,
              18.788091
            ],
            [
              73.875987,
              18.786494
            ],
            [
              73.87252,
              18.784484
            ],
            [
              73.868614,
              18.790056
            ],
            [
              73.867716,
              18.790158
            ],
            [
              73.86752,
              18.791415
            ]
          ]
        ],
        "type": "Polygon"
      },
      "type": "Feature"
    },
    {
      "properties": {
        "fill-opacity": 0.33,
        "fillColor": "#bf4040",
        "opacity": 0.33,
        "fill": "#bf4040",
        "fillOpacity": 0.33,
        "color": "#bf4040",
        "contour": 5.0,
        "metric": "distance",
        "provider_name": "Lip Lick Cafe",
        "zone_type": "distance",
        "distance_km": 5,
        "mode": "motorcycle",
        "center_lat": 18.7629623,
        "center_lon": 73.86352,
        "label": "5km"
      },
      "geometry": {
        "coordinates": [
          [
            [
              73.86952,
              18.799965
            ],
            [
              73.869226,
              18.798256
            ],
            [
              73.868076,
              18.797406
            ],
            [
              73.86679,
              18.797233
            ],
            [
              73.866451,
              18.798031
            ],
            [
              73.866436,
              18.796878
            ],
            [
              73.868198,
              18.795962
            ],
            [
              73.865927,
              18.793555
            ],
            [
              73.862935,
              18.794377
            ],
            [
              73.86252,
              18.795105
            ],
            [
              73.861328,
              18.794962
            ],
            [
              73.863287,
              18.792962
            ],
            [
              73.862227,
              18.791255
            ],
            [
              73.860877,
              18.790962
            ],
            [
              73.861373,
              18.788816
            ],
            [
              73.863201,
              18.787962
            ],
            [
              73.861434,
              18.787048
            ],
            [
              73.862318,
              18.785163
            ],
            [
              73.861304,
              18.784962
            ],
            [
              73.862585,
              18.784896
            ],
            [
              73.862963,
              18.786519
            ],
            [
              73.865778,
              18.788703
            ],
            [
              73.86652,
              18.790485
            ],
            [
              73.868833,
              18.788275
            ],
            [
              73.869119,
              18.786562
            ],
            [
              73.871857,
              18.783962
            ],
            [
              73.870743,
              18.782738
            ],
            [
              73.86952,
              18.782605
            ],
            [
              73.867909,
              18.784352
            ],
            [
              73.866935,
              18.783962
            ],
            [
              73.867111,
              18.781554
            ],
            [
              73.868762,
              18.781204
            ],
            [
              73.869105,
              18.779547
            ],
            [
              73.870726,
              18.779168
            ],
            [
              73.869699,
              18.777782
            ],
            [
              73.86752,
              18.777669
            ],
            [
              73.86652,
              18.778655
            ],
            [
              73.86452,
              18.778633
            ],
            [
              73.863849,
              18.777962
            ],
            [
              73.86652,
              18.776264
            ],
            [
              73.869775,
              18.775962
            ],
            [
              73.867985,
              18.773496
            ],
            [
              73.867669,
              18.771812
            ],
            [
              73.865947,
              18.770534
            ],
            [
              73.865653,
              18.768829
            ],
            [
              73.862299,
              18.770962
            ],
            [
              73.862363,
              18.772119
            ],
            [
              73.86452,
              18.772225
            ],
            [
              73.865256,
              18.772962
            ],
            [
              73.865002,
              18.775445
            ],
            [
              73.86352,
              18.776685
            ],
            [
              73.86126,
              18.776962
            ],
            [
              73.862991,
              18.77849
            ],
            [
              73.862991,
              18.779434
            ],
            [
              73.86152,
              18.779721
            ],
            [
              73.860032,
              18.778449
            ],
            [
              73.860738,
              18.769962
            ],
            [
              73.861729,
              18.768962
            ],
            [
              73.86152,
              18.764789
            ],
            [
              73.86113,
              18.767572
            ],
            [
              73.859386,
              18.767828
            ],
            [
              73.859101,
              18.769544
            ],
            [
              73.857938,
              18.769544
            ],
            [
              73.85752,
              18.767762
            ],
            [
              73.85652,
              18.769749
            ],
            [
              73.855656,
              18.767825
            ],
            [
              73.854309,
              18.767751
            ],
            [
              73.855296,
              18.768962
            ],
            [
              73.855031,
              18.773473
            ],
            [
              73.853764,
              18.772962
            ],
            [
              73.853668,
              18.769813
            ],
            [
              73.852368,
              18.769811
            ],
            [
              73.851269,
              18.771962
            ],
            [
              73.852251,
              18.773962
            ],
            [
              73.851998,
              18.77644
            ],
            [
              73.851041,
              18.77644
            ],
            [
              73.850698,
              18.774783
            ],
            [
              73.849335,
              18.774777
            ],
            [
              73.847208,
              18.776962
            ],
            [
              73.845771,
              18.783213
            ],
            [
              73.843148,
              18.78259
            ],
            [
              73.840613,
              18.785056
            ],
            [
              73.839673,
              18.785115
            ],
            [
              73.83952,
              18.785986
            ],
            [
              73.83947,
              18.784912
            ],
            [
              73.842027,
              18.781962
            ],
            [
              73.841824,
              18.780657
            ],
            [
              73.84052,
              18.779548
            ],
            [
              73.835224,
              18.779666
            ],
            [
              73.834856,
              18.781298
            ],
            [
              73.832929,
              18.782962
            ],
            [
              73.83252,
              18.785238
            ],
            [
              73.831228,
              18.784962
            ],
            [
              73.832103,
              18.782546
            ],
            [
              73.831141,
              18.779962
            ],
            [
              73.833845,
              18.780288
            ],
            [
              73.832826,
              18.778655
            ],
            [
              73.82752,
              18.778321
            ],
            [
              73.825974,
              18.779417
            ],
            [
              73.82552,
              18.781535
            ],
            [
              73.825254,
              18.780228
            ],
            [
              73.822877,
              18.779962
            ],
            [
              73.824248,
              18.77869
            ],
            [
              73.82452,
              18.776409
            ],
            [
              73.824754,
              18.777727
            ],
            [
              73.82852,
              18.77757
            ],
            [
              73.829099,
              18.776962
            ],
            [
              73.825426,
              18.773055
            ],
            [
              73.82547,
              18.772011
            ],
            [
              73.824677,
              18.771962
            ],
            [
              73.825533,
              18.771949
            ],
            [
              73.826862,
              18.773619
            ],
            [
              73.82852,
              18.773774
            ],
            [
              73.83152,
              18.771822
            ],
            [
              73.83352,
              18.771555
            ],
            [
              73.83352,
              18.772049
            ],
            [
              73.833197,
              18.772639
            ],
            [
              73.833077,
              18.773962
            ],
            [
              73.831854,
              18.774962
            ],
            [
              73.832158,
              18.776323
            ],
            [
              73.83452,
              18.777407
            ],
            [
              73.835786,
              18.777228
            ],
            [
              73.83652,
              18.775366
            ],
            [
              73.83752,
              18.776335
            ],
            [
              73.838754,
              18.776196
            ],
            [
              73.839843,
              18.774962
            ],
            [
              73.837882,
              18.772962
            ],
            [
              73.838862,
              18.771962
            ],
            [
              73.836916,
              18.770962
            ],
            [
              73.837907,
              18.769962
            ],
            [
              73.838071,
              18.767513
            ],
            [
              73.839898,
              18.767583
            ],
            [
              73.839114,
              18.768962
            ],
            [
              73.83952,
              18.770318
            ],
            [
              73.84152,
              18.768328
            ],
            [
              73.842737,
              18.769179
            ],
            [
              73.842881,
              18.764962
            ],
            [
              73.841904,
              18.763962
            ],
            [
              73.84252,
              18.760396
            ],
            [
              73.843123,
              18.762962
            ],
            [
              73.84414,
              18.763962
            ],
            [
              73.844185,
              18.766962
            ],
            [
              73.84521,
              18.767962
            ],
            [
              73.845231,
              18.769962
            ],
            [
              73.846769,
              18.769962
            ],
            [
              73.845785,
              18.768962
            ],
            [
              73.845799,
              18.766962
            ],
            [
              73.844819,
              18.764962
            ],
            [
              73.846908,
              18.762962
            ],
            [
              73.845892,
              18.761962
            ],
            [
              73.845751,
              18.75973
            ],
            [
              73.84452,
              18.758627
            ],
            [
              73.84252,
              18.759593
            ],
            [
              73.84152,
              18.758605
            ],
            [
              73.83852,
              18.758559
            ],
            [
              73.837216,
              18.759658
            ],
            [
              73.837001,
              18.760962
            ],
            [
              73.837951,
              18.761962
            ],
            [
              73.837627,
              18.767069
            ],
            [
              73.837414,
              18.766856
            ],
            [
              73.837317,
              18.766164
            ],
            [
              73.83552,
              18.765212
            ],
            [
              73.834759,
              18.765201
            ],
            [
              73.83452,
              18.76671
            ],
            [
              73.834313,
              18.765169
            ],
            [
              73.832749,
              18.765192
            ],
            [
              73.832406,
              18.765962
            ],
            [
              73.832187,
              18.761962
            ],
            [
              73.831163,
              18.760962
            ],
            [
              73.832904,
              18.760346
            ],
            [
              73.832876,
              18.759605
            ],
            [
              73.829052,
              18.759494
            ],
            [
              73.828895,
              18.761586
            ],
            [
              73.830829,
              18.761652
            ],
            [
              73.82952,
              18.763106
            ],
            [
              73.828396,
              18.762086
            ],
            [
              73.828086,
              18.760395
            ],
            [
              73.826816,
              18.760258
            ],
            [
              73.825931,
              18.760962
            ],
            [
              73.824789,
              18.759962
            ],
            [
              73.826264,
              18.759707
            ],
            [
              73.82652,
              18.758562
            ],
            [
              73.826821,
              18.75966
            ],
            [
              73.82752,
              18.759733
            ],
            [
              73.828982,
              18.758424
            ],
            [
              73.829034,
              18.757447
            ],
            [
              73.827401,
              18.755962
            ],
            [
              73.82852,
              18.754892
            ],
            [
              73.828921,
              18.75656
            ],
            [
              73.83152,
              18.758539
            ],
            [
              73.832276,
              18.755718
            ],
            [
              73.83352,
              18.756515
            ],
            [
              73.835842,
              18.756285
            ],
            [
              73.836057,
              18.753962
            ],
            [
              73.83552,
              18.753362
            ],
            [
              73.834291,
              18.754191
            ],
            [
              73.834001,
              18.75148
            ],
            [
              73.831016,
              18.750962
            ],
            [
              73.834413,
              18.750855
            ],
            [
              73.83552,
              18.74817
            ],
            [
              73.836079,
              18.749402
            ],
            [
              73.83952,
              18.749441
            ],
            [
              73.840131,
              18.747573
            ],
            [
              73.844886,
              18.747329
            ],
            [
              73.84652,
              18.745344
            ],
            [
              73.848153,
              18.746962
            ],
            [
              73.848298,
              18.749183
            ],
            [
              73.851782,
              18.748225
            ],
            [
              73.851801,
              18.747681
            ],
            [
              73.850171,
              18.74731
            ],
            [
              73.849047,
              18.744962
            ],
            [
              73.849916,
              18.743566
            ],
            [
              73.848371,
              18.74311
            ],
            [
              73.84852,
              18.738847
            ],
            [
              73.849081,
              18.741401
            ],
            [
              73.850726,
              18.740756
            ],
            [
              73.851009,
              18.743962
            ],
            [
              73.852228,
              18.746253
            ],
            [
              73.855277,
              18.749204
            ],
            [
              73.85652,
              18.746385
            ],
            [
              73.858704,
              18.748146
            ],
            [
              73.858733,
              18.742749
            ],
            [
              73.85652,
              18.743565
            ],
            [
              73.85552,
              18.741572
            ],
            [
              73.85352,
              18.743502
            ],
            [
              73.851997,
              18.742962
            ],
            [
              73.852167,
              18.739962
            ],
            [
              73.851118,
              18.738962
            ],
            [
              73.851069,
              18.735962
            ],
            [
              73.852875,
              18.734962
            ],
            [
              73.851853,
              18.733962
            ],
            [
              73.851952,
              18.731962
            ],
            [
              73.855078,
              18.729962
            ],
            [
              73.85352,
              18.729283
            ],
            [
              73.85252,
              18.730688
            ],
            [
              73.84932,
              18.729962
            ],
            [
              73.85152,
              18.729763
            ],
            [
              73.853932,
              18.728374
            ],
            [
              73.854142,
              18.726962
            ],
            [
              73.852506,
              18.723948
            ],
            [
              73.853071,
              18.723513
            ],
            [
              73.853806,
              18.724675
            ],
            [
              73.85652,
              18.725334
            ],
            [
              73.856731,
              18.726751
            ],
            [
              73.85952,
              18.72727
            ],
            [
              73.86152,
              18.725247
            ],
            [
              73.86163,
              18.726962
            ],
            [
              73.859833,
              18.728962
            ],
            [
              73.862761,
              18.729962
            ],
            [
              73.862935,
              18.734377
            ],
            [
              73.861159,
              18.735601
            ],
            [
              73.86152,
              18.73637
            ],
            [
              73.863068,
              18.73451
            ],
            [
              73.86452,
              18.734513
            ],
            [
              73.86552,
              18.7355
            ],
            [
              73.86852,
              18.735627
            ],
            [
              73.870779,
              18.737222
            ],
            [
              73.871931,
              18.735962
            ],
            [
              73.872028,
              18.731962
            ],
            [
              73.871073,
              18.730962
            ],
            [
              73.872246,
              18.729688
            ],
            [
              73.87352,
              18.729549
            ],
            [
              73.873979,
              18.730962
            ],
            [
              73.873011,
              18.731962
            ],
            [
              73.873061,
              18.733962
            ],
            [
              73.87452,
              18.735426
            ],
            [
              73.875865,
              18.735308
            ],
            [
              73.87652,
              18.734501
            ],
            [
              73.87781,
              18.735671
            ],
            [
              73.87781,
              18.736253
            ],
            [
              73.87575,
              18.736962
            ],
            [
              73.87652,
              18.738604
            ],
            [
              73.879754,
              18.739727
            ],
            [
              73.878995,
              18.741962
            ],
            [
              73.879896,
              18.742585
            ],
            [
              73.880251,
              18.74423
            ],
            [
              73.880982,
              18.743962
            ],
            [
              73.88052,
              18.735731
            ],
            [
              73.881693,
              18.735789
            ],
            [
              73.882109,
              18.738372
            ],
            [
              73.88352,
              18.73768
            ],
            [
              73.884788,
              18.737962
            ],
            [
              73.883742,
              18.739184
            ],
            [
              73.882127,
              18.739569
            ],
            [
              73.88252,
              18.743407
            ],
            [
              73.88352,
              18.741486
            ],
            [
              73.88552,
              18.742486
            ],
            [
              73.887912,
              18.742354
            ],
            [
              73.88852,
              18.739707
            ],
            [
              73.889697,
              18.739784
            ],
            [
              73.88883,
              18.740962
            ],
            [
              73.889984,
              18.741426
            ],
            [
              73.89152,
              18.739043
            ],
            [
              73.893711,
              18.74177
            ],
            [
              73.895561,
              18.741962
            ],
            [
              73.895738,
              18.742962
            ],
            [
              73.893978,
              18.744962
            ],
            [
              73.89252,
              18.745102
            ],
            [
              73.89152,
              18.744217
            ],
            [
              73.89052,
              18.746219
            ],
            [
              73.889961,
              18.74452
            ],
            [
              73.88718,
              18.744622
            ],
            [
              73.886439,
              18.746042
            ],
            [
              73.88752,
              18.746925
            ],
            [
              73.88852,
              18.7469
            ],
            [
              73.890657,
              18.747824
            ],
            [
              73.890715,
              18.749962
            ],
            [
              73.889693,
              18.750135
            ],
            [
              73.88952,
              18.751002
            ],
            [
              73.889321,
              18.748962
            ],
            [
              73.888189,
              18.748292
            ],
            [
              73.88833,
              18.747151
            ],
            [
              73.88752,
              18.746998
            ],
            [
              73.886947,
              18.747962
            ],
            [
              73.887885,
              18.748962
            ],
            [
              73.886849,
              18.749962
            ],
            [
              73.88652,
              18.753954
            ],
            [
              73.885882,
              18.747599
            ],
            [
              73.883238,
              18.74768
            ],
            [
              73.883058,
              18.749962
            ],
            [
              73.883983,
              18.751962
            ],
            [
              73.882201,
              18.752644
            ],
            [
              73.88152,
              18.755413
            ],
            [
              73.880978,
              18.751962
            ],
            [
              73.879263,
              18.750706
            ],
            [
              73.879077,
              18.754962
            ],
            [
              73.880939,
              18.756962
            ],
            [
              73.88052,
              18.759321
            ],
            [
              73.877182,
              18.758299
            ],
            [
              73.874895,
              18.753962
            ],
            [
              73.874743,
              18.751739
            ],
            [
              73.873295,
              18.751737
            ],
            [
              73.87131,
              18.753753
            ],
            [
              73.870056,
              18.757498
            ],
            [
              73.86738,
              18.757822
            ],
            [
              73.868089,
              18.759531
            ],
            [
              73.866338,
              18.759962
            ],
            [
              73.869146,
              18.760335
            ],
            [
              73.870318,
              18.761962
            ],
            [
              73.869395,
              18.763086
            ],
            [
              73.87152,
              18.763157
            ],
            [
              73.87252,
              18.762165
            ],
            [
              73.87652,
              18.762183
            ],
            [
              73.87752,
              18.7612
            ],
            [
              73.87852,
              18.763192
            ],
            [
              73.88152,
              18.763211
            ],
            [
              73.88252,
              18.760251
            ],
            [
              73.883994,
              18.760487
            ],
            [
              73.88452,
              18.762236
            ],
            [
              73.88552,
              18.760267
            ],
            [
              73.88652,
              18.761258
            ],
            [
              73.88752,
              18.760278
            ],
            [
              73.88852,
              18.761271
            ],
            [
              73.889871,
              18.759962
            ],
            [
              73.888914,
              18.757962
            ],
            [
              73.88952,
              18.757356
            ],
            [
              73.89152,
              18.758331
            ],
            [
              73.892926,
              18.757556
            ],
            [
              73.893257,
              18.759225
            ],
            [
              73.89452,
              18.760353
            ],
            [
              73.895168,
              18.75861
            ],
            [
              73.895871,
              18.75861
            ],
            [
              73.89652,
              18.76139
            ],
            [
              73.89752,
              18.75945
            ],
            [
              73.899881,
              18.760324
            ],
            [
              73.90028,
              18.755962
            ],
            [
              73.89952,
              18.754538
            ],
            [
              73.901264,
              18.754706
            ],
            [
              73.90152,
              18.753486
            ],
            [
              73.901747,
              18.754734
            ],
            [
              73.903008,
              18.754962
            ],
            [
              73.900875,
              18.755317
            ],
            [
              73.901102,
              18.75838
            ],
            [
              73.906095,
              18.758962
            ],
            [
              73.90477,
              18.759212
            ],
            [
              73.90452,
              18.760131
            ],
            [
              73.90152,
              18.759335
            ],
            [
              73.900953,
              18.759962
            ],
            [
              73.902764,
              18.762206
            ],
            [
              73.899035,
              18.762962
            ],
            [
              73.90152,
              18.764586
            ],
            [
              73.906982,
              18.764962
            ],
            [
              73.90652,
              18.765725
            ],
            [
              73.906434,
              18.765047
            ],
            [
              73.904894,
              18.765336
            ],
            [
              73.90452,
              18.766227
            ],
            [
              73.90252,
              18.765293
            ],
            [
              73.90052,
              18.76537
            ],
            [
              73.89952,
              18.764407
            ],
            [
              73.89852,
              18.765417
            ],
            [
              73.89652,
              18.765427
            ],
            [
              73.89597,
              18.762962
            ],
            [
              73.89452,
              18.761571
            ],
            [
              73.893271,
              18.761713
            ],
            [
              73.89252,
              18.763559
            ],
            [
              73.891762,
              18.761719
            ],
            [
              73.89052,
              18.76163
            ],
            [
              73.88452,
              18.76469
            ],
            [
              73.879363,
              18.764805
            ],
            [
              73.880353,
              18.768129
            ],
            [
              73.882003,
              18.768478
            ],
            [
              73.883242,
              18.769962
            ],
            [
              73.882335,
              18.771146
            ],
            [
              73.88452,
              18.771265
            ],
            [
              73.88552,
              18.770282
            ],
            [
              73.886206,
              18.771962
            ],
            [
              73.885312,
              18.773169
            ],
            [
              73.887959,
              18.773523
            ],
            [
              73.887959,
              18.774401
            ],
            [
              73.886303,
              18.774745
            ],
            [
              73.88552,
              18.776619
            ],
            [
              73.884732,
              18.77475
            ],
            [
              73.883054,
              18.774428
            ],
            [
              73.881709,
              18.772773
            ],
            [
              73.88052,
              18.773672
            ],
            [
              73.878798,
              18.771683
            ],
            [
              73.877031,
              18.77145
            ],
            [
              73.875784,
              18.769962
            ],
            [
              73.876756,
              18.767962
            ],
            [
              73.875667,
              18.766814
            ],
            [
              73.873952,
              18.76653
            ],
            [
              73.87352,
              18.765756
            ],
            [
              73.8721,
              18.765962
            ],
            [
              73.871171,
              18.768962
            ],
            [
              73.87313,
              18.769962
            ],
            [
              73.87213,
              18.771962
            ],
            [
              73.875971,
              18.77251
            ],
            [
              73.8752,
              18.773962
            ],
            [
              73.877208,
              18.774962
            ],
            [
              73.87652,
              18.776647
            ],
            [
              73.87552,
              18.775663
            ],
            [
              73.873336,
              18.775778
            ],
            [
              73.872326,
              18.779155
            ],
            [
              73.874236,
              18.781246
            ],
            [
              73.87652,
              18.782452
            ],
            [
              73.877817,
              18.781664
            ],
            [
              73.880081,
              18.7854
            ],
            [
              73.881657,
              18.784825
            ],
            [
              73.880918,
              18.787564
            ],
            [
              73.882659,
              18.787962
            ],
            [
              73.87652,
              18.788515
            ],
            [
              73.874778,
              18.785704
            ],
            [
              73.87252,
              18.785066
            ],
            [
              73.868032,
              18.790962
            ],
            [
              73.867972,
              18.792962
            ],
            [
              73.868885,
              18.793962
            ],
            [
              73.868867,
              18.796615
            ],
            [
              73.869666,
              18.797962
            ],
            [
              73.86952,
              18.799965
            ]
          ]
        ],
        "type": "Polygon"
      },
      "type": "Feature"
    },
    {
      "properties": {
        "fill-opacity": 0.33,
        "fillColor": "#bf4040",
        "opacity": 0.33,
        "fill": "#bf4040",
        "fillOpacity": 0.33,
        "color": "#bf4040",
        "contour": 6.0,
        "metric": "distance",
        "provider_name": "Lip Lick Cafe",
        "zone_type": "distance",
        "distance_km": 6,
        "mode": "motorcycle",
        "center_lat": 18.7629623,
        "center_lon": 73.86352,
        "label": "6km"
      },
      "geometry": {
        "coordinates": [
          [
            [
              73.87352,
              18.808027
            ],
            [
              73.87051,
              18.805971
            ],
            [
              73.872149,
              18.805591
            ],
            [
              73.872196,
              18.803962
            ],
            [
              73.86952,
              18.800463
            ],
            [
              73.867901,
              18.801962
            ],
            [
              73.8677,
              18.804142
            ],
            [
              73.865781,
              18.805224
            ],
            [
              73.86552,
              18.806722
            ],
            [
              73.865402,
              18.804962
            ],
            [
              73.864442,
              18.803962
            ],
            [
              73.86452,
              18.803183
            ],
            [
              73.864681,
              18.803801
            ],
            [
              73.866997,
              18.803439
            ],
            [
              73.867118,
              18.800962
            ],
            [
              73.868992,
              18.798962
            ],
            [
              73.86752,
              18.797519
            ],
            [
              73.866168,
              18.798313
            ],
            [
              73.866164,
              18.796606
            ],
            [
              73.867924,
              18.795962
            ],
            [
              73.865772,
              18.793709
            ],
            [
              73.86252,
              18.7955
            ],
            [
              73.861104,
              18.795547
            ],
            [
              73.86052,
              18.798006
            ],
            [
              73.860244,
              18.794962
            ],
            [
              73.858933,
              18.793549
            ],
            [
              73.853749,
              18.793191
            ],
            [
              73.85352,
              18.793802
            ],
            [
              73.852331,
              18.792962
            ],
            [
              73.85252,
              18.792486
            ],
            [
              73.85752,
              18.792607
            ],
            [
              73.860837,
              18.790279
            ],
            [
              73.861145,
              18.788587
            ],
            [
              73.862925,
              18.787962
            ],
            [
              73.860985,
              18.786962
            ],
            [
              73.861834,
              18.785647
            ],
            [
              73.858132,
              18.78435
            ],
            [
              73.85752,
              18.783316
            ],
            [
              73.852543,
              18.781962
            ],
            [
              73.85552,
              18.781731
            ],
            [
              73.85952,
              18.783518
            ],
            [
              73.861225,
              18.781962
            ],
            [
              73.861367,
              18.779962
            ],
            [
              73.859943,
              18.778538
            ],
            [
              73.859724,
              18.775962
            ],
            [
              73.860715,
              18.774962
            ],
            [
              73.860878,
              18.769321
            ],
            [
              73.861693,
              18.768962
            ],
            [
              73.86152,
              18.764814
            ],
            [
              73.861193,
              18.767636
            ],
            [
              73.859408,
              18.76785
            ],
            [
              73.859174,
              18.769616
            ],
            [
              73.857866,
              18.769616
            ],
            [
              73.85752,
              18.767795
            ],
            [
              73.857169,
              18.769611
            ],
            [
              73.855871,
              18.769611
            ],
            [
              73.855633,
              18.767848
            ],
            [
              73.854403,
              18.767845
            ],
            [
              73.855337,
              18.768962
            ],
            [
              73.855127,
              18.773569
            ],
            [
              73.853912,
              18.773569
            ],
            [
              73.853641,
              18.76984
            ],
            [
              73.852396,
              18.769839
            ],
            [
              73.852131,
              18.771573
            ],
            [
              73.851319,
              18.771962
            ],
            [
              73.852308,
              18.773962
            ],
            [
              73.852079,
              18.776521
            ],
            [
              73.85096,
              18.776521
            ],
            [
              73.850661,
              18.774821
            ],
            [
              73.849379,
              18.773821
            ],
            [
              73.849075,
              18.775517
            ],
            [
              73.847282,
              18.776962
            ],
            [
              73.847283,
              18.779962
            ],
            [
              73.846156,
              18.780962
            ],
            [
              73.84593,
              18.783373
            ],
            [
              73.84452,
              18.783589
            ],
            [
              73.843281,
              18.782723
            ],
            [
              73.839176,
              18.786619
            ],
            [
              73.83752,
              18.790295
            ],
            [
              73.836199,
              18.789962
            ],
            [
              73.838201,
              18.785643
            ],
            [
              73.841856,
              18.781962
            ],
            [
              73.841729,
              18.780753
            ],
            [
              73.84052,
              18.779669
            ],
            [
              73.835315,
              18.779757
            ],
            [
              73.834965,
              18.781408
            ],
            [
              73.833148,
              18.782962
            ],
            [
              73.83252,
              18.785542
            ],
            [
              73.830934,
              18.784962
            ],
            [
              73.831884,
              18.781962
            ],
            [
              73.830887,
              18.780962
            ],
            [
              73.83152,
              18.779345
            ],
            [
              73.83252,
              18.780314
            ],
            [
              73.833738,
              18.780181
            ],
            [
              73.83252,
              18.77864
            ],
            [
              73.82752,
              18.778571
            ],
            [
              73.826229,
              18.779671
            ],
            [
              73.825977,
              18.782962
            ],
            [
              73.82787,
              18.783962
            ],
            [
              73.82752,
              18.786261
            ],
            [
              73.825239,
              18.784242
            ],
            [
              73.82452,
              18.780496
            ],
            [
              73.820114,
              18.781556
            ],
            [
              73.81752,
              18.785493
            ],
            [
              73.817105,
              18.783376
            ],
            [
              73.815752,
              18.783194
            ],
            [
              73.815561,
              18.784003
            ],
            [
              73.814726,
              18.783962
            ],
            [
              73.816331,
              18.781962
            ],
            [
              73.814819,
              18.780962
            ],
            [
              73.81552,
              18.780271
            ],
            [
              73.815671,
              18.78081
            ],
            [
              73.82152,
              18.780506
            ],
            [
              73.822201,
              18.778643
            ],
            [
              73.823836,
              18.778278
            ],
            [
              73.824004,
              18.776962
            ],
            [
              73.823072,
              18.775962
            ],
            [
              73.82352,
              18.774522
            ],
            [
              73.824818,
              18.774663
            ],
            [
              73.825209,
              18.777273
            ],
            [
              73.828886,
              18.776962
            ],
            [
              73.824843,
              18.772638
            ],
            [
              73.819325,
              18.770156
            ],
            [
              73.817428,
              18.76787
            ],
            [
              73.818631,
              18.76785
            ],
            [
              73.82052,
              18.769618
            ],
            [
              73.82152,
              18.769343
            ],
            [
              73.82252,
              18.770525
            ],
            [
              73.82352,
              18.770232
            ],
            [
              73.824341,
              18.771141
            ],
            [
              73.82552,
              18.771141
            ],
            [
              73.82752,
              18.773196
            ],
            [
              73.833024,
              18.770962
            ],
            [
              73.831979,
              18.769962
            ],
            [
              73.83314,
              18.767962
            ],
            [
              73.83052,
              18.766426
            ],
            [
              73.82952,
              18.768317
            ],
            [
              73.82852,
              18.767354
            ],
            [
              73.826966,
              18.767408
            ],
            [
              73.826768,
              18.768713
            ],
            [
              73.827862,
              18.768962
            ],
            [
              73.82652,
              18.770195
            ],
            [
              73.825672,
              18.76981
            ],
            [
              73.82422,
              18.767261
            ],
            [
              73.82252,
              18.767125
            ],
            [
              73.822174,
              18.765962
            ],
            [
              73.82326,
              18.765702
            ],
            [
              73.823205,
              18.764277
            ],
            [
              73.821696,
              18.764139
            ],
            [
              73.82152,
              18.7648
            ],
            [
              73.820323,
              18.763962
            ],
            [
              73.821323,
              18.763765
            ],
            [
              73.820965,
              18.760516
            ],
            [
              73.81952,
              18.759267
            ],
            [
              73.81852,
              18.76092
            ],
            [
              73.818129,
              18.759352
            ],
            [
              73.815675,
              18.757962
            ],
            [
              73.81752,
              18.757857
            ],
            [
              73.81852,
              18.758714
            ],
            [
              73.82052,
              18.758619
            ],
            [
              73.821351,
              18.755793
            ],
            [
              73.822744,
              18.755737
            ],
            [
              73.821842,
              18.756962
            ],
            [
              73.823146,
              18.759336
            ],
            [
              73.825836,
              18.759279
            ],
            [
              73.825912,
              18.75657
            ],
            [
              73.823278,
              18.754962
            ],
            [
              73.825846,
              18.754635
            ],
            [
              73.826108,
              18.755374
            ],
            [
              73.82752,
              18.755452
            ],
            [
              73.827947,
              18.754534
            ],
            [
              73.826296,
              18.754185
            ],
            [
              73.826291,
              18.752962
            ],
            [
              73.829318,
              18.751761
            ],
            [
              73.82952,
              18.750508
            ],
            [
              73.834162,
              18.750604
            ],
            [
              73.835177,
              18.748962
            ],
            [
              73.835205,
              18.745962
            ],
            [
              73.834138,
              18.744962
            ],
            [
              73.834435,
              18.740877
            ],
            [
              73.835015,
              18.742467
            ],
            [
              73.836736,
              18.742962
            ],
            [
              73.835782,
              18.743962
            ],
            [
              73.836873,
              18.746316
            ],
            [
              73.836014,
              18.747962
            ],
            [
              73.83652,
              18.749321
            ],
            [
              73.83952,
              18.749286
            ],
            [
              73.84052,
              18.747256
            ],
            [
              73.844788,
              18.74723
            ],
            [
              73.84652,
              18.745238
            ],
            [
              73.848251,
              18.746962
            ],
            [
              73.848353,
              18.749128
            ],
            [
              73.84952,
              18.748229
            ],
            [
              73.851708,
              18.74815
            ],
            [
              73.850068,
              18.747413
            ],
            [
              73.848865,
              18.744962
            ],
            [
              73.849768,
              18.743713
            ],
            [
              73.847972,
              18.742962
            ],
            [
              73.847904,
              18.738962
            ],
            [
              73.84852,
              18.738208
            ],
            [
              73.849338,
              18.738962
            ],
            [
              73.849255,
              18.741226
            ],
            [
              73.851191,
              18.740291
            ],
            [
              73.851182,
              18.743962
            ],
            [
              73.852317,
              18.746165
            ],
            [
              73.855342,
              18.749139
            ],
            [
              73.85652,
              18.746259
            ],
            [
              73.858664,
              18.748106
            ],
            [
              73.858681,
              18.7428
            ],
            [
              73.85652,
              18.743678
            ],
            [
              73.85552,
              18.741681
            ],
            [
              73.853976,
              18.743419
            ],
            [
              73.852068,
              18.743413
            ],
            [
              73.851659,
              18.739962
            ],
            [
              73.850803,
              18.739679
            ],
            [
              73.849261,
              18.73422
            ],
            [
              73.84752,
              18.734262
            ],
            [
              73.84652,
              18.733203
            ],
            [
              73.845086,
              18.733529
            ],
            [
              73.84352,
              18.736494
            ],
            [
              73.842861,
              18.734962
            ],
            [
              73.842844,
              18.733962
            ],
            [
              73.844957,
              18.733399
            ],
            [
              73.846111,
              18.730962
            ],
            [
              73.844983,
              18.729498
            ],
            [
              73.84338,
              18.729101
            ],
            [
              73.843199,
              18.728283
            ],
            [
              73.841688,
              18.727962
            ],
            [
              73.84352,
              18.726441
            ],
            [
              73.843782,
              18.7277
            ],
            [
              73.845009,
              18.728472
            ],
            [
              73.84752,
              18.728585
            ],
            [
              73.848272,
              18.726714
            ],
            [
              73.849458,
              18.7269
            ],
            [
              73.849143,
              18.726338
            ],
            [
              73.850132,
              18.725574
            ],
            [
              73.84952,
              18.724284
            ],
            [
              73.845462,
              18.723962
            ],
            [
              73.847372,
              18.722814
            ],
            [
              73.84852,
              18.723681
            ],
            [
              73.84952,
              18.721699
            ],
            [
              73.85052,
              18.72258
            ],
            [
              73.851082,
              18.721962
            ],
            [
              73.85017,
              18.721311
            ],
            [
              73.84991,
              18.718572
            ],
            [
              73.848306,
              18.716962
            ],
            [
              73.84852,
              18.715317
            ],
            [
              73.848712,
              18.71677
            ],
            [
              73.849634,
              18.716848
            ],
            [
              73.851655,
              18.718826
            ],
            [
              73.851107,
              18.720374
            ],
            [
              73.854688,
              18.720793
            ],
            [
              73.853109,
              18.721551
            ],
            [
              73.85352,
              18.722482
            ],
            [
              73.855016,
              18.722459
            ],
            [
              73.85652,
              18.72078
            ],
            [
              73.86052,
              18.721694
            ],
            [
              73.861308,
              18.720962
            ],
            [
              73.860383,
              18.719962
            ],
            [
              73.86052,
              18.718827
            ],
            [
              73.86152,
              18.718275
            ],
            [
              73.86156,
              18.718922
            ],
            [
              73.864224,
              18.718666
            ],
            [
              73.864482,
              18.717925
            ],
            [
              73.86552,
              18.71759
            ],
            [
              73.865445,
              18.718036
            ],
            [
              73.864644,
              18.718086
            ],
            [
              73.864957,
              18.720524
            ],
            [
              73.867465,
              18.720962
            ],
            [
              73.863079,
              18.721521
            ],
            [
              73.862988,
              18.724962
            ],
            [
              73.860256,
              18.729226
            ],
            [
              73.862899,
              18.729583
            ],
            [
              73.86316,
              18.734322
            ],
            [
              73.86452,
              18.734317
            ],
            [
              73.86552,
              18.735312
            ],
            [
              73.86852,
              18.735361
            ],
            [
              73.87052,
              18.737247
            ],
            [
              73.871811,
              18.735962
            ],
            [
              73.871857,
              18.731962
            ],
            [
              73.870876,
              18.730962
            ],
            [
              73.87252,
              18.729333
            ],
            [
              73.87394,
              18.729542
            ],
            [
              73.873205,
              18.733962
            ],
            [
              73.87452,
              18.735279
            ],
            [
              73.87652,
              18.734312
            ],
            [
              73.877946,
              18.735536
            ],
            [
              73.877946,
              18.736388
            ],
            [
              73.876085,
              18.736962
            ],
            [
              73.876282,
              18.738199
            ],
            [
              73.879924,
              18.739557
            ],
            [
              73.879175,
              18.741962
            ],
            [
              73.88052,
              18.744248
            ],
            [
              73.880892,
              18.738962
            ],
            [
              73.879928,
              18.737962
            ],
            [
              73.880143,
              18.735585
            ],
            [
              73.881903,
              18.735579
            ],
            [
              73.88252,
              18.738346
            ],
            [
              73.88352,
              18.73738
            ],
            [
              73.885097,
              18.737962
            ],
            [
              73.883919,
              18.739362
            ],
            [
              73.882272,
              18.739715
            ],
            [
              73.88252,
              18.74327
            ],
            [
              73.88352,
              18.741306
            ],
            [
              73.88552,
              18.742306
            ],
            [
              73.88752,
              18.742318
            ],
            [
              73.888085,
              18.739528
            ],
            [
              73.889982,
              18.739424
            ],
            [
              73.89052,
              18.73844
            ],
            [
              73.892892,
              18.738334
            ],
            [
              73.893,
              18.736482
            ],
            [
              73.889985,
              18.735962
            ],
            [
              73.89052,
              18.734784
            ],
            [
              73.89222,
              18.734662
            ],
            [
              73.89252,
              18.733296
            ],
            [
              73.89452,
              18.734731
            ],
            [
              73.89752,
              18.734052
            ],
            [
              73.896621,
              18.736063
            ],
            [
              73.894061,
              18.737503
            ],
            [
              73.894197,
              18.741285
            ],
            [
              73.89852,
              18.741549
            ],
            [
              73.89952,
              18.7406
            ],
            [
              73.904405,
              18.740848
            ],
            [
              73.90452,
              18.740242
            ],
            [
              73.905206,
              18.740962
            ],
            [
              73.90377,
              18.741213
            ],
            [
              73.902345,
              18.744962
            ],
            [
              73.899701,
              18.747144
            ],
            [
              73.89652,
              18.745373
            ],
            [
              73.89452,
              18.746413
            ],
            [
              73.89152,
              18.744535
            ],
            [
              73.89052,
              18.746536
            ],
            [
              73.889785,
              18.744696
            ],
            [
              73.887295,
              18.744737
            ],
            [
              73.887223,
              18.746259
            ],
            [
              73.890891,
              18.74759
            ],
            [
              73.892165,
              18.750316
            ],
            [
              73.89452,
              18.750589
            ],
            [
              73.895737,
              18.751744
            ],
            [
              73.895889,
              18.753593
            ],
            [
              73.897208,
              18.753962
            ],
            [
              73.89652,
              18.755023
            ],
            [
              73.89633,
              18.754151
            ],
            [
              73.89434,
              18.753142
            ],
            [
              73.893935,
              18.751546
            ],
            [
              73.89152,
              18.751428
            ],
            [
              73.89052,
              18.750465
            ],
            [
              73.889834,
              18.752276
            ],
            [
              73.888227,
              18.753255
            ],
            [
              73.888064,
              18.751962
            ],
            [
              73.889018,
              18.750962
            ],
            [
              73.88852,
              18.748556
            ],
            [
              73.887118,
              18.749962
            ],
            [
              73.887019,
              18.753962
            ],
            [
              73.886186,
              18.754295
            ],
            [
              73.885884,
              18.747962
            ],
            [
              73.88352,
              18.747658
            ],
            [
              73.883204,
              18.749962
            ],
            [
              73.88417,
              18.751962
            ],
            [
              73.882304,
              18.752746
            ],
            [
              73.88152,
              18.755608
            ],
            [
              73.880874,
              18.754962
            ],
            [
              73.880834,
              18.751962
            ],
            [
              73.879241,
              18.750962
            ],
            [
              73.879213,
              18.754962
            ],
            [
              73.881152,
              18.756962
            ],
            [
              73.880926,
              18.759368
            ],
            [
              73.87952,
              18.759582
            ],
            [
              73.877073,
              18.758408
            ],
            [
              73.874792,
              18.753962
            ],
            [
              73.874687,
              18.751795
            ],
            [
              73.873352,
              18.751794
            ],
            [
              73.870392,
              18.754835
            ],
            [
              73.870143,
              18.757585
            ],
            [
              73.867404,
              18.757846
            ],
            [
              73.868165,
              18.758316
            ],
            [
              73.868165,
              18.759607
            ],
            [
              73.866366,
              18.759962
            ],
            [
              73.869205,
              18.760277
            ],
            [
              73.870352,
              18.761962
            ],
            [
              73.869415,
              18.763067
            ],
            [
              73.87152,
              18.763125
            ],
            [
              73.87252,
              18.762131
            ],
            [
              73.87652,
              18.762143
            ],
            [
              73.87752,
              18.761154
            ],
            [
              73.87852,
              18.763149
            ],
            [
              73.88152,
              18.763161
            ],
            [
              73.881744,
              18.760962
            ],
            [
              73.88252,
              18.760186
            ],
            [
              73.884073,
              18.760409
            ],
            [
              73.88452,
              18.762177
            ],
            [
              73.88552,
              18.760195
            ],
            [
              73.88652,
              18.76119
            ],
            [
              73.88752,
              18.760202
            ],
            [
              73.88852,
              18.761198
            ],
            [
              73.88978,
              18.759962
            ],
            [
              73.888802,
              18.757962
            ],
            [
              73.88952,
              18.757245
            ],
            [
              73.89152,
              18.758231
            ],
            [
              73.892999,
              18.757483
            ],
            [
              73.893331,
              18.75915
            ],
            [
              73.89452,
              18.760243
            ],
            [
              73.895067,
              18.758509
            ],
            [
              73.895972,
              18.758509
            ],
            [
              73.89652,
              18.761262
            ],
            [
              73.89752,
              18.75929
            ],
            [
              73.89952,
              18.760302
            ],
            [
              73.899952,
              18.755962
            ],
            [
              73.898665,
              18.754962
            ],
            [
              73.898654,
              18.753962
            ],
            [
              73.89952,
              18.753225
            ],
            [
              73.900832,
              18.754274
            ],
            [
              73.90152,
              18.750569
            ],
            [
              73.90252,
              18.754449
            ],
            [
              73.903743,
              18.750738
            ],
            [
              73.904005,
              18.754962
            ],
            [
              73.90122,
              18.755662
            ],
            [
              73.901263,
              18.758219
            ],
            [
              73.907008,
              18.758962
            ],
            [
              73.90452,
              18.760508
            ],
            [
              73.90127,
              18.759712
            ],
            [
              73.902928,
              18.76237
            ],
            [
              73.89952,
              18.762628
            ],
            [
              73.899293,
              18.763189
            ],
            [
              73.90152,
              18.764346
            ],
            [
              73.90652,
              18.764452
            ],
            [
              73.90752,
              18.763497
            ],
            [
              73.90852,
              18.764505
            ],
            [
              73.91152,
              18.764625
            ],
            [
              73.91352,
              18.763723
            ],
            [
              73.913929,
              18.764552
            ],
            [
              73.91535,
              18.764792
            ],
            [
              73.91552,
              18.763983
            ],
            [
              73.91552,
              18.765356
            ],
            [
              73.914545,
              18.765987
            ],
            [
              73.91052,
              18.765345
            ],
            [
              73.90952,
              18.767311
            ],
            [
              73.908183,
              18.766962
            ],
            [
              73.908903,
              18.765579
            ],
            [
              73.90752,
              18.765449
            ],
            [
              73.906815,
              18.767257
            ],
            [
              73.90552,
              18.768348
            ],
            [
              73.904052,
              18.768495
            ],
            [
              73.90252,
              18.77012
            ],
            [
              73.902401,
              18.768844
            ],
            [
              73.904259,
              18.766962
            ],
            [
              73.902799,
              18.765682
            ],
            [
              73.90052,
              18.76559
            ],
            [
              73.89952,
              18.764605
            ],
            [
              73.89852,
              18.765609
            ],
            [
              73.896085,
              18.765396
            ],
            [
              73.89583,
              18.762962
            ],
            [
              73.89452,
              18.761681
            ],
            [
              73.893338,
              18.761781
            ],
            [
              73.89252,
              18.763675
            ],
            [
              73.891697,
              18.761784
            ],
            [
              73.89052,
              18.761712
            ],
            [
              73.890034,
              18.762476
            ],
            [
              73.88752,
              18.762732
            ],
            [
              73.88452,
              18.764748
            ],
            [
              73.87952,
              18.764771
            ],
            [
              73.879326,
              18.765962
            ],
            [
              73.880123,
              18.766358
            ],
            [
              73.880386,
              18.768095
            ],
            [
              73.882088,
              18.768393
            ],
            [
              73.883085,
              18.769396
            ],
            [
              73.882375,
              18.771106
            ],
            [
              73.88452,
              18.771195
            ],
            [
              73.88552,
              18.770204
            ],
            [
              73.886281,
              18.771962
            ],
            [
              73.885361,
              18.77312
            ],
            [
              73.888017,
              18.773465
            ],
            [
              73.888017,
              18.774459
            ],
            [
              73.886356,
              18.774798
            ],
            [
              73.88552,
              18.776706
            ],
            [
              73.88468,
              18.774801
            ],
            [
              73.882982,
              18.774499
            ],
            [
              73.881667,
              18.772815
            ],
            [
              73.88052,
              18.773737
            ],
            [
              73.878737,
              18.771744
            ],
            [
              73.876941,
              18.77154
            ],
            [
              73.875938,
              18.770543
            ],
            [
              73.875723,
              18.768962
            ],
            [
              73.876711,
              18.767962
            ],
            [
              73.87564,
              18.766841
            ],
            [
              73.873875,
              18.766607
            ],
            [
              73.87352,
              18.765791
            ],
            [
              73.872224,
              18.765962
            ],
            [
              73.871261,
              18.768962
            ],
            [
              73.873239,
              18.769962
            ],
            [
              73.872239,
              18.771962
            ],
            [
              73.876032,
              18.77245
            ],
            [
              73.875277,
              18.773962
            ],
            [
              73.877282,
              18.774962
            ],
            [
              73.87652,
              18.776723
            ],
            [
              73.87552,
              18.775732
            ],
            [
              73.873376,
              18.775818
            ],
            [
              73.873076,
              18.777518
            ],
            [
              73.872301,
              18.777962
            ],
            [
              73.87237,
              18.779112
            ],
            [
              73.87432,
              18.781161
            ],
            [
              73.87652,
              18.782291
            ],
            [
              73.877949,
              18.781533
            ],
            [
              73.88052,
              18.785374
            ],
            [
              73.881891,
              18.78459
            ],
            [
              73.88152,
              18.787432
            ],
            [
              73.88552,
              18.787555
            ],
            [
              73.88652,
              18.786607
            ],
            [
              73.888012,
              18.786455
            ],
            [
              73.88852,
              18.783905
            ],
            [
              73.888889,
              18.785593
            ],
            [
              73.890442,
              18.785884
            ],
            [
              73.890529,
              18.784962
            ],
            [
              73.890543,
              18.785986
            ],
            [
              73.888932,
              18.786375
            ],
            [
              73.88652,
              18.788328
            ],
            [
              73.87652,
              18.788653
            ],
            [
              73.874706,
              18.785776
            ],
            [
              73.87252,
              18.785489
            ],
            [
              73.87033,
              18.787772
            ],
            [
              73.869934,
              18.789377
            ],
            [
              73.868192,
              18.790962
            ],
            [
              73.868172,
              18.792309
            ],
            [
              73.870188,
              18.799294
            ],
            [
              73.87224,
              18.797962
            ],
            [
              73.87252,
              18.794658
            ],
            [
              73.872906,
              18.796576
            ],
            [
              73.87552,
              18.796011
            ],
            [
              73.875576,
              18.797018
            ],
            [
              73.873836,
              18.798962
            ],
            [
              73.874663,
              18.801105
            ],
            [
              73.87252,
              18.801264
            ],
            [
              73.871929,
              18.801962
            ],
            [
              73.872822,
              18.802962
            ],
            [
              73.872818,
              18.806663
            ],
            [
              73.873628,
              18.806962
            ],
            [
              73.87352,
              18.808027
            ]
          ]
        ],
        "type": "Polygon"
      },
      "type": "Feature"
    }
  ]
}