{
  "type": "FeatureCollection",
  "metadata": {
    "provider_name": "Daftar Restaurant",
    "center_lat": 28.248186,
    "center_lon": 77.071938,
    "mode": "motorcycle",
    "total_zones": 4,
    "distance_zones": [
      3,
      4,
      5,
      6
    ],
    "generated_at": "2025-12-28T10:29:08.339665Z"
  },
  "features": [
    {
      "properties": {
        "fill-opacity": 0.33,
        "fillColor": "#bf4040",
        "opacity": 0.33,
        "fill": "#bf4040",
        "fillOpacity": 0.33,
        "color": "#bf4040",
        "contour": 3.0,
        "metric": "distance",
        "provider_name": "Daftar Restaurant",
        "zone_type": "distance",
        "distance_km": 3,
        "mode": "motorcycle",
        "center_lat": 28.248186,
        "center_lon": 77.071938,
        "label": "3km"
      },
      "geometry": {
        "coordinates": [
          [
            [
              77.066938,
              28.274379
            ],
            [
              77.066483,
              28.27164
            ],
            [
              77.061938,
              28.26971
            ],
            [
              77.061709,
              28.265186
            ],
            [
              77.06043,
              28.262693
            ],
            [
              77.058266,
              28.262514
            ],
            [
              77.056797,
              28.263326
            ],
            [
              77.054283,
              28.262531
            ],
            [
              77.053938,
              28.263837
            ],
            [
              77.053634,
              28.262489
            ],
            [
              77.051639,
              28.262186
            ],
            [
              77.052743,
              28.261991
            ],
            [
              77.052938,
              28.260998
            ],
            [
              77.056387,
              28.261635
            ],
            [
              77.056518,
              28.259186
            ],
            [
              77.055376,
              28.257747
            ],
            [
              77.051738,
              28.258186
            ],
            [
              77.052709,
              28.257957
            ],
            [
              77.052862,
              28.25511
            ],
            [
              77.054454,
              28.254702
            ],
            [
              77.054938,
              28.250997
            ],
            [
              77.056524,
              28.253599
            ],
            [
              77.058247,
              28.253876
            ],
            [
              77.058611,
              28.255512
            ],
            [
              77.060216,
              28.254464
            ],
            [
              77.059404,
              28.253186
            ],
            [
              77.059202,
              28.249921
            ],
            [
              77.056938,
              28.249663
            ],
            [
              77.055938,
              28.248698
            ],
            [
              77.052938,
              28.248623
            ],
            [
              77.051938,
              28.249576
            ],
            [
              77.050938,
              28.248555
            ],
            [
              77.049292,
              28.25054
            ],
            [
              77.04919,
              28.252186
            ],
            [
              77.048938,
              28.252365
            ],
            [
              77.047938,
              28.25185
            ],
            [
              77.047256,
              28.251186
            ],
            [
              77.048698,
              28.250946
            ],
            [
              77.049938,
              28.247863
            ],
            [
              77.053938,
              28.247715
            ],
            [
              77.054938,
              28.246686
            ],
            [
              77.056938,
              28.246636
            ],
            [
              77.059198,
              28.245446
            ],
            [
              77.059938,
              28.244391
            ],
            [
              77.060938,
              28.245547
            ],
            [
              77.061299,
              28.244547
            ],
            [
              77.063931,
              28.244186
            ],
            [
              77.063596,
              28.242528
            ],
            [
              77.061938,
              28.242586
            ],
            [
              77.061871,
              28.241252
            ],
            [
              77.063425,
              28.240673
            ],
            [
              77.063459,
              28.238186
            ],
            [
              77.065442,
              28.236186
            ],
            [
              77.065312,
              28.234811
            ],
            [
              77.062653,
              28.232186
            ],
            [
              77.062812,
              28.22906
            ],
            [
              77.064208,
              28.228186
            ],
            [
              77.063595,
              28.224843
            ],
            [
              77.065032,
              28.225091
            ],
            [
              77.065938,
              28.226675
            ],
            [
              77.068938,
              28.226556
            ],
            [
              77.069122,
              28.228001
            ],
            [
              77.070593,
              28.228186
            ],
            [
              77.071938,
              28.229923
            ],
            [
              77.072752,
              28.229186
            ],
            [
              77.072568,
              28.226186
            ],
            [
              77.073677,
              28.225925
            ],
            [
              77.073938,
              28.224614
            ],
            [
              77.075772,
              28.226186
            ],
            [
              77.074365,
              28.227613
            ],
            [
              77.074938,
              28.228869
            ],
            [
              77.076408,
              28.228656
            ],
            [
              77.077938,
              28.225967
            ],
            [
              77.078938,
              28.225887
            ],
            [
              77.079612,
              28.227186
            ],
            [
              77.078267,
              28.227515
            ],
            [
              77.078317,
              28.233186
            ],
            [
              77.07637,
              28.234186
            ],
            [
              77.078201,
              28.234922
            ],
            [
              77.078562,
              28.236561
            ],
            [
              77.082371,
              28.236619
            ],
            [
              77.08243,
              28.235693
            ],
            [
              77.080816,
              28.235186
            ],
            [
              77.083593,
              28.234841
            ],
            [
              77.083938,
              28.233371
            ],
            [
              77.084101,
              28.235186
            ],
            [
              77.083261,
              28.236186
            ],
            [
              77.083559,
              28.238564
            ],
            [
              77.087938,
              28.23905
            ],
            [
              77.088938,
              28.238096
            ],
            [
              77.091892,
              28.238186
            ],
            [
              77.090218,
              28.238466
            ],
            [
              77.088938,
              28.241233
            ],
            [
              77.088776,
              28.240347
            ],
            [
              77.087432,
              28.239691
            ],
            [
              77.085532,
              28.23978
            ],
            [
              77.086147,
              28.241395
            ],
            [
              77.084304,
              28.242186
            ],
            [
              77.085117,
              28.243365
            ],
            [
              77.082539,
              28.243787
            ],
            [
              77.082938,
              28.24461
            ],
            [
              77.08828,
              28.245843
            ],
            [
              77.088285,
              28.247533
            ],
            [
              77.086644,
              28.247892
            ],
            [
              77.08666,
              28.248463
            ],
            [
              77.092312,
              28.24856
            ],
            [
              77.092938,
              28.244962
            ],
            [
              77.093548,
              28.248575
            ],
            [
              77.100522,
              28.249186
            ],
            [
              77.098938,
              28.250964
            ],
            [
              77.097938,
              28.250813
            ],
            [
              77.096938,
              28.249457
            ],
            [
              77.089938,
              28.249705
            ],
            [
              77.088938,
              28.250717
            ],
            [
              77.086938,
              28.250754
            ],
            [
              77.085669,
              28.249917
            ],
            [
              77.08552,
              28.251186
            ],
            [
              77.086938,
              28.253034
            ],
            [
              77.088716,
              28.253186
            ],
            [
              77.088411,
              28.254712
            ],
            [
              77.089735,
              28.254983
            ],
            [
              77.090002,
              28.254186
            ],
            [
              77.091278,
              28.257845
            ],
            [
              77.093078,
              28.258186
            ],
            [
              77.093145,
              28.259186
            ],
            [
              77.091938,
              28.25969
            ],
            [
              77.091722,
              28.258401
            ],
            [
              77.088827,
              28.259296
            ],
            [
              77.08961,
              28.258858
            ],
            [
              77.089429,
              28.257694
            ],
            [
              77.086938,
              28.257481
            ],
            [
              77.08531,
              28.255813
            ],
            [
              77.082938,
              28.255709
            ],
            [
              77.081938,
              28.254738
            ],
            [
              77.078672,
              28.25592
            ],
            [
              77.080647,
              28.258477
            ],
            [
              77.082938,
              28.259683
            ],
            [
              77.088191,
              28.259932
            ],
            [
              77.088227,
              28.262186
            ],
            [
              77.090823,
              28.265186
            ],
            [
              77.090238,
              28.265486
            ],
            [
              77.086938,
              28.26254
            ],
            [
              77.084467,
              28.263715
            ],
            [
              77.083938,
              28.265371
            ],
            [
              77.083486,
              28.264637
            ],
            [
              77.081736,
              28.264387
            ],
            [
              77.081249,
              28.259874
            ],
            [
              77.080638,
              28.259886
            ],
            [
              77.080278,
              28.261526
            ],
            [
              77.078938,
              28.260706
            ],
            [
              77.077938,
              28.261672
            ],
            [
              77.077604,
              28.259852
            ],
            [
              77.079376,
              28.259186
            ],
            [
              77.077938,
              28.257799
            ],
            [
              77.075938,
              28.257787
            ],
            [
              77.076445,
              28.261186
            ],
            [
              77.074303,
              28.263186
            ],
            [
              77.075398,
              28.265725
            ],
            [
              77.077518,
              28.266186
            ],
            [
              77.076197,
              28.266445
            ],
            [
              77.075938,
              28.268855
            ],
            [
              77.075737,
              28.267386
            ],
            [
              77.074153,
              28.267401
            ],
            [
              77.073938,
              28.268222
            ],
            [
              77.072721,
              28.267186
            ],
            [
              77.073584,
              28.264186
            ],
            [
              77.071637,
              28.262486
            ],
            [
              77.071269,
              28.260854
            ],
            [
              77.069696,
              28.261427
            ],
            [
              77.069579,
              28.259186
            ],
            [
              77.068568,
              28.258816
            ],
            [
              77.067425,
              28.260186
            ],
            [
              77.066938,
              28.274379
            ]
          ]
        ],
        "type": "Polygon"
      },
      "type": "Feature"
    },
    {
      "properties": {
        "fill-opacity": 0.33,
        "fillColor": "#bf4040",
        "opacity": 0.33,
        "fill": "#bf4040",
        "fillOpacity": 0.33,
        "color": "#bf4040",
        "contour": 4.0,
        "metric": "distance",
        "provider_name": "Daftar Restaurant",
        "zone_type": "distance",
        "distance_km": 4,
        "mode": "motorcycle",
        "center_lat": 28.248186,
        "center_lon": 77.071938,
        "label": "4km"
      },
      "geometry": {
        "coordinates": [
          [
            [
              77.065938,
              28.28328
            ],
            [
              77.06562,
              28.281504
            ],
            [
              77.064835,
              28.281186
            ],
            [
              77.065565,
              28.280813
            ],
            [
              77.065391,
              28.278732
            ],
            [
              77.064439,
              28.278687
            ],
            [
              77.064004,
              28.280252
            ],
            [
              77.062791,
              28.279332
            ],
            [
              77.063362,
              28.275761
            ],
            [
              77.061256,
              28.276504
            ],
            [
              77.060938,
              28.278102
            ],
            [
              77.060421,
              28.274702
            ],
            [
              77.059277,
              28.274526
            ],
            [
              77.057938,
              28.275663
            ],
            [
              77.057774,
              28.274349
            ],
            [
              77.056551,
              28.273572
            ],
            [
              77.057672,
              28.272186
            ],
            [
              77.056475,
              28.269648
            ],
            [
              77.054852,
              28.2691
            ],
            [
              77.056867,
              28.267115
            ],
            [
              77.057281,
              28.267842
            ],
            [
              77.061287,
              28.268535
            ],
            [
              77.061373,
              28.265186
            ],
            [
              77.060221,
              28.262902
            ],
            [
              77.058938,
              28.262747
            ],
            [
              77.056603,
              28.263851
            ],
            [
              77.056237,
              28.265485
            ],
            [
              77.05432,
              28.266186
            ],
            [
              77.054862,
              28.268186
            ],
            [
              77.053938,
              28.268468
            ],
            [
              77.052938,
              28.267506
            ],
            [
              77.051295,
              28.268543
            ],
            [
              77.050972,
              28.27022
            ],
            [
              77.049743,
              28.270186
            ],
            [
              77.050825,
              28.270073
            ],
            [
              77.050775,
              28.268186
            ],
            [
              77.052593,
              28.266186
            ],
            [
              77.051938,
              28.265483
            ],
            [
              77.050327,
              28.265575
            ],
            [
              77.048938,
              28.267177
            ],
            [
              77.048763,
              28.26636
            ],
            [
              77.046938,
              28.265881
            ],
            [
              77.046441,
              28.263682
            ],
            [
              77.045938,
              28.263437
            ],
            [
              77.044938,
              28.264289
            ],
            [
              77.043923,
              28.2642
            ],
            [
              77.044724,
              28.263972
            ],
            [
              77.044784,
              28.262032
            ],
            [
              77.046386,
              28.261634
            ],
            [
              77.047554,
              28.258186
            ],
            [
              77.045703,
              28.257186
            ],
            [
              77.0466,
              28.255186
            ],
            [
              77.045445,
              28.253678
            ],
            [
              77.042802,
              28.253186
            ],
            [
              77.044635,
              28.252883
            ],
            [
              77.045316,
              28.249807
            ],
            [
              77.040987,
              28.249235
            ],
            [
              77.040938,
              28.250003
            ],
            [
              77.040899,
              28.249225
            ],
            [
              77.042938,
              28.247955
            ],
            [
              77.043938,
              28.24882
            ],
            [
              77.046222,
              28.248901
            ],
            [
              77.046587,
              28.250536
            ],
            [
              77.047938,
              28.250667
            ],
            [
              77.049938,
              28.247589
            ],
            [
              77.053938,
              28.247532
            ],
            [
              77.054938,
              28.246519
            ],
            [
              77.056938,
              28.246496
            ],
            [
              77.059125,
              28.245373
            ],
            [
              77.059563,
              28.244186
            ],
            [
              77.058938,
              28.243501
            ],
            [
              77.057272,
              28.24352
            ],
            [
              77.057028,
              28.244276
            ],
            [
              77.055938,
              28.244749
            ],
            [
              77.055908,
              28.244156
            ],
            [
              77.056685,
              28.243933
            ],
            [
              77.056718,
              28.241405
            ],
            [
              77.055112,
              28.241186
            ],
            [
              77.05679,
              28.241038
            ],
            [
              77.057282,
              28.241841
            ],
            [
              77.059938,
              28.242039
            ],
            [
              77.060938,
              28.243752
            ],
            [
              77.061593,
              28.240841
            ],
            [
              77.063219,
              28.240467
            ],
            [
              77.06328,
              28.238186
            ],
            [
              77.06516,
              28.236408
            ],
            [
              77.065295,
              28.234829
            ],
            [
              77.062355,
              28.232186
            ],
            [
              77.062513,
              28.228186
            ],
            [
              77.063398,
              28.226186
            ],
            [
              77.062447,
              28.225186
            ],
            [
              77.061384,
              28.220739
            ],
            [
              77.059324,
              28.220186
            ],
            [
              77.058809,
              28.218186
            ],
            [
              77.059417,
              28.216665
            ],
            [
              77.060938,
              28.216087
            ],
            [
              77.061618,
              28.216505
            ],
            [
              77.061123,
              28.218186
            ],
            [
              77.061938,
              28.218969
            ],
            [
              77.062698,
              28.218946
            ],
            [
              77.062938,
              28.217692
            ],
            [
              77.063431,
              28.218186
            ],
            [
              77.063959,
              28.219186
            ],
            [
              77.063118,
              28.219366
            ],
            [
              77.062307,
              28.221186
            ],
            [
              77.063938,
              28.222783
            ],
            [
              77.066516,
              28.221764
            ],
            [
              77.066938,
              28.219843
            ],
            [
              77.067938,
              28.220854
            ],
            [
              77.068938,
              28.220765
            ],
            [
              77.069352,
              28.221771
            ],
            [
              77.072103,
              28.22102
            ],
            [
              77.072938,
              28.222141
            ],
            [
              77.07356,
              28.221186
            ],
            [
              77.072688,
              28.220435
            ],
            [
              77.072938,
              28.218986
            ],
            [
              77.075938,
              28.222007
            ],
            [
              77.078938,
              28.221938
            ],
            [
              77.079844,
              28.220092
            ],
            [
              77.081526,
              28.219774
            ],
            [
              77.081416,
              28.218186
            ],
            [
              77.082938,
              28.21762
            ],
            [
              77.083938,
              28.217989
            ],
            [
              77.084012,
              28.219186
            ],
            [
              77.082742,
              28.221186
            ],
            [
              77.084135,
              28.222988
            ],
            [
              77.085739,
              28.223186
            ],
            [
              77.085108,
              28.224186
            ],
            [
              77.086092,
              28.225186
            ],
            [
              77.08348,
              28.225728
            ],
            [
              77.083516,
              28.226607
            ],
            [
              77.08523,
              28.227186
            ],
            [
              77.081938,
              28.230303
            ],
            [
              77.080892,
              28.230186
            ],
            [
              77.081702,
              28.22995
            ],
            [
              77.082341,
              28.227783
            ],
            [
              77.078631,
              28.227879
            ],
            [
              77.078555,
              28.233186
            ],
            [
              77.076576,
              28.234186
            ],
            [
              77.078353,
              28.23477
            ],
            [
              77.078698,
              28.236426
            ],
            [
              77.0822,
              28.236448
            ],
            [
              77.080405,
              28.235186
            ],
            [
              77.083238,
              28.234486
            ],
            [
              77.083938,
              28.23172
            ],
            [
              77.085418,
              28.233186
            ],
            [
              77.083534,
              28.236186
            ],
            [
              77.083938,
              28.238548
            ],
            [
              77.087938,
              28.238699
            ],
            [
              77.088938,
              28.237768
            ],
            [
              77.092938,
              28.237709
            ],
            [
              77.093938,
              28.236757
            ],
            [
              77.10183,
              28.236186
            ],
            [
              77.098441,
              28.237689
            ],
            [
              77.098067,
              28.241056
            ],
            [
              77.098797,
              28.241186
            ],
            [
              77.097187,
              28.241435
            ],
            [
              77.096938,
              28.242638
            ],
            [
              77.095368,
              28.238756
            ],
            [
              77.093938,
              28.239599
            ],
            [
              77.092938,
              28.238656
            ],
            [
              77.090938,
              28.23871
            ],
            [
              77.089459,
              28.240186
            ],
            [
              77.090242,
              28.24249
            ],
            [
              77.088623,
              28.2425
            ],
            [
              77.088257,
              28.240866
            ],
            [
              77.085938,
              28.239801
            ],
            [
              77.086333,
              28.241581
            ],
            [
              77.08455,
              28.242186
            ],
            [
              77.085323,
              28.243571
            ],
            [
              77.082563,
              28.244186
            ],
            [
              77.088386,
              28.245737
            ],
            [
              77.088388,
              28.247636
            ],
            [
              77.086733,
              28.247981
            ],
            [
              77.086938,
              28.248481
            ],
            [
              77.092177,
              28.248425
            ],
            [
              77.092938,
              28.244623
            ],
            [
              77.093692,
              28.248431
            ],
            [
              77.100938,
              28.248702
            ],
            [
              77.101938,
              28.249779
            ],
            [
              77.105938,
              28.249916
            ],
            [
              77.105938,
              28.250455
            ],
            [
              77.102938,
              28.250596
            ],
            [
              77.102514,
              28.251609
            ],
            [
              77.103938,
              28.253897
            ],
            [
              77.107949,
              28.254186
            ],
            [
              77.105158,
              28.255405
            ],
            [
              77.104902,
              28.256221
            ],
            [
              77.104492,
              28.254631
            ],
            [
              77.102938,
              28.254488
            ],
            [
              77.101938,
              28.256459
            ],
            [
              77.101371,
              28.253752
            ],
            [
              77.099516,
              28.253764
            ],
            [
              77.097238,
              28.259186
            ],
            [
              77.098938,
              28.260914
            ],
            [
              77.100034,
              28.260089
            ],
            [
              77.100249,
              28.261874
            ],
            [
              77.101828,
              28.262076
            ],
            [
              77.101938,
              28.261499
            ],
            [
              77.101989,
              28.262237
            ],
            [
              77.099938,
              28.262334
            ],
            [
              77.099515,
              28.261608
            ],
            [
              77.095668,
              28.260456
            ],
            [
              77.09762,
              28.255503
            ],
            [
              77.094534,
              28.256782
            ],
            [
              77.094397,
              28.258186
            ],
            [
              77.095366,
              28.259614
            ],
            [
              77.092604,
              28.259852
            ],
            [
              77.092356,
              28.262186
            ],
            [
              77.092938,
              28.262955
            ],
            [
              77.095962,
              28.263186
            ],
            [
              77.092491,
              28.263739
            ],
            [
              77.092396,
              28.266186
            ],
            [
              77.093938,
              28.267826
            ],
            [
              77.095938,
              28.267928
            ],
            [
              77.096938,
              28.266145
            ],
            [
              77.097292,
              28.267831
            ],
            [
              77.099386,
              28.268186
            ],
            [
              77.097275,
              28.268523
            ],
            [
              77.096938,
              28.269252
            ],
            [
              77.096552,
              28.268571
            ],
            [
              77.094938,
              28.268498
            ],
            [
              77.094257,
              28.269505
            ],
            [
              77.092938,
              28.268586
            ],
            [
              77.091938,
              28.270497
            ],
            [
              77.090776,
              28.270347
            ],
            [
              77.091578,
              28.269186
            ],
            [
              77.090938,
              28.268555
            ],
            [
              77.090217,
              28.269465
            ],
            [
              77.087122,
              28.26837
            ],
            [
              77.08614,
              28.268388
            ],
            [
              77.085938,
              28.269234
            ],
            [
              77.085008,
              28.269186
            ],
            [
              77.08584,
              28.269088
            ],
            [
              77.085938,
              28.26809
            ],
            [
              77.088414,
              28.267662
            ],
            [
              77.089529,
              28.266186
            ],
            [
              77.087343,
              28.26278
            ],
            [
              77.085675,
              28.262923
            ],
            [
              77.083938,
              28.265737
            ],
            [
              77.081349,
              28.264186
            ],
            [
              77.08115,
              28.259973
            ],
            [
              77.080385,
              28.261633
            ],
            [
              77.078938,
              28.260861
            ],
            [
              77.077938,
              28.261846
            ],
            [
              77.077271,
              28.260186
            ],
            [
              77.079136,
              28.258987
            ],
            [
              77.077938,
              28.257907
            ],
            [
              77.075749,
              28.257997
            ],
            [
              77.07663,
              28.259186
            ],
            [
              77.076608,
              28.261186
            ],
            [
              77.073555,
              28.263568
            ],
            [
              77.075333,
              28.26379
            ],
            [
              77.075938,
              28.265645
            ],
            [
              77.082177,
              28.265946
            ],
            [
              77.081938,
              28.266545
            ],
            [
              77.076462,
              28.267186
            ],
            [
              77.079361,
              28.268186
            ],
            [
              77.077582,
              28.26883
            ],
            [
              77.077553,
              28.27057
            ],
            [
              77.081542,
              28.27079
            ],
            [
              77.081938,
              28.269254
            ],
            [
              77.082283,
              28.27084
            ],
            [
              77.084003,
              28.271186
            ],
            [
              77.082938,
              28.272251
            ],
            [
              77.082663,
              28.27146
            ],
            [
              77.08172,
              28.271403
            ],
            [
              77.078938,
              28.271536
            ],
            [
              77.077697,
              28.272426
            ],
            [
              77.076318,
              28.270805
            ],
            [
              77.074676,
              28.270447
            ],
            [
              77.075447,
              28.269186
            ],
            [
              77.074938,
              28.267733
            ],
            [
              77.073938,
              28.268695
            ],
            [
              77.071129,
              28.268994
            ],
            [
              77.070617,
              28.265865
            ],
            [
              77.072262,
              28.26651
            ],
            [
              77.073349,
              28.265186
            ],
            [
              77.07332,
              28.263803
            ],
            [
              77.071507,
              28.262616
            ],
            [
              77.071159,
              28.260964
            ],
            [
              77.069485,
              28.261639
            ],
            [
              77.068938,
              28.258883
            ],
            [
              77.067736,
              28.260186
            ],
            [
              77.06764,
              28.266483
            ],
            [
              77.068173,
              28.26795
            ],
            [
              77.070938,
              28.269523
            ],
            [
              77.071736,
              28.271186
            ],
            [
              77.070283,
              28.271531
            ],
            [
              77.068975,
              28.274223
            ],
            [
              77.068435,
              28.272688
            ],
            [
              77.067594,
              28.272842
            ],
            [
              77.067193,
              28.280186
            ],
            [
              77.066235,
              28.280483
            ],
            [
              77.065938,
              28.28328
            ]
          ]
        ],
        "type": "Polygon"
      },
      "type": "Feature"
    },
    {
      "properties": {
        "fill-opacity": 0.33,
        "fillColor": "#bf4040",
        "opacity": 0.33,
        "fill": "#bf4040",
        "fillOpacity": 0.33,
        "color": "#bf4040",
        "contour": 5.0,
        "metric": "distance",
        "provider_name": "Daftar Restaurant",
        "zone_type": "distance",
        "distance_km": 5,
        "mode": "motorcycle",
        "center_lat": 28.248186,
        "center_lon": 77.071938,
        "label": "5km"
      },
      "geometry": {
        "coordinates": [
          [
            [
              77.065938,
              28.292431
            ],
            [
              77.065624,
              28.290499
            ],
            [
              77.063938,
              28.29004
            ],
            [
              77.062792,
              28.288186
            ],
            [
              77.065534,
              28.286186
            ],
            [
              77.065409,
              28.282186
            ],
            [
              77.064261,
              28.280862
            ],
            [
              77.061547,
              28.280795
            ],
            [
              77.060175,
              28.283186
            ],
            [
              77.059938,
              28.285962
            ],
            [
              77.059489,
              28.279186
            ],
            [
              77.058497,
              28.278186
            ],
            [
              77.060271,
              28.277519
            ],
            [
              77.060218,
              28.274905
            ],
            [
              77.056938,
              28.2776
            ],
            [
              77.055684,
              28.277439
            ],
            [
              77.054938,
              28.275621
            ],
            [
              77.053938,
              28.276569
            ],
            [
              77.051442,
              28.27669
            ],
            [
              77.0512,
              28.277923
            ],
            [
              77.052012,
              28.279111
            ],
            [
              77.050938,
              28.279814
            ],
            [
              77.050315,
              28.279186
            ],
            [
              77.050495,
              28.276628
            ],
            [
              77.047829,
              28.276186
            ],
            [
              77.053353,
              28.275601
            ],
            [
              77.053938,
              28.270931
            ],
            [
              77.054938,
              28.273733
            ],
            [
              77.057361,
              28.272186
            ],
            [
              77.055938,
              28.26972
            ],
            [
              77.054537,
              28.270586
            ],
            [
              77.05443,
              28.269186
            ],
            [
              77.052938,
              28.267781
            ],
            [
              77.051639,
              28.268887
            ],
            [
              77.05128,
              28.270528
            ],
            [
              77.048629,
              28.271494
            ],
            [
              77.048624,
              28.269872
            ],
            [
              77.050258,
              28.269506
            ],
            [
              77.050575,
              28.267823
            ],
            [
              77.052333,
              28.266186
            ],
            [
              77.051938,
              28.265773
            ],
            [
              77.050641,
              28.265889
            ],
            [
              77.048938,
              28.267685
            ],
            [
              77.047938,
              28.266692
            ],
            [
              77.046938,
              28.267648
            ],
            [
              77.045938,
              28.266632
            ],
            [
              77.044677,
              28.267446
            ],
            [
              77.044664,
              28.265912
            ],
            [
              77.046276,
              28.265524
            ],
            [
              77.046377,
              28.264186
            ],
            [
              77.045938,
              28.263758
            ],
            [
              77.044938,
              28.264713
            ],
            [
              77.043432,
              28.264186
            ],
            [
              77.044561,
              28.261809
            ],
            [
              77.046206,
              28.261454
            ],
            [
              77.047346,
              28.259186
            ],
            [
              77.047203,
              28.25792
            ],
            [
              77.045371,
              28.257186
            ],
            [
              77.046336,
              28.255186
            ],
            [
              77.044938,
              28.253733
            ],
            [
              77.039526,
              28.253186
            ],
            [
              77.041296,
              28.252544
            ],
            [
              77.041478,
              28.250726
            ],
            [
              77.042222,
              28.250901
            ],
            [
              77.042591,
              28.252532
            ],
            [
              77.044247,
              28.252495
            ],
            [
              77.043447,
              28.251186
            ],
            [
              77.045179,
              28.249944
            ],
            [
              77.041938,
              28.249723
            ],
            [
              77.040938,
              28.250684
            ],
            [
              77.03752,
              28.250186
            ],
            [
              77.03768,
              28.248928
            ],
            [
              77.039938,
              28.249709
            ],
            [
              77.041938,
              28.247484
            ],
            [
              77.043938,
              28.248574
            ],
            [
              77.046361,
              28.248762
            ],
            [
              77.046708,
              28.250415
            ],
            [
              77.047938,
              28.250511
            ],
            [
              77.049938,
              28.247473
            ],
            [
              77.053938,
              28.247443
            ],
            [
              77.054938,
              28.246436
            ],
            [
              77.056938,
              28.246422
            ],
            [
              77.057399,
              28.245647
            ],
            [
              77.059084,
              28.245332
            ],
            [
              77.059203,
              28.243921
            ],
            [
              77.057938,
              28.24375
            ],
            [
              77.055938,
              28.245676
            ],
            [
              77.048938,
              28.245435
            ],
            [
              77.047938,
              28.24631
            ],
            [
              77.047618,
              28.245505
            ],
            [
              77.045628,
              28.245186
            ],
            [
              77.054938,
              28.244702
            ],
            [
              77.056395,
              28.243186
            ],
            [
              77.05625,
              28.241873
            ],
            [
              77.054938,
              28.241681
            ],
            [
              77.053938,
              28.242646
            ],
            [
              77.051938,
              28.240591
            ],
            [
              77.049938,
              28.242331
            ],
            [
              77.050379,
              28.239744
            ],
            [
              77.047938,
              28.238376
            ],
            [
              77.046938,
              28.239268
            ],
            [
              77.045913,
              28.23821
            ],
            [
              77.045938,
              28.237175
            ],
            [
              77.046017,
              28.238106
            ],
            [
              77.049166,
              28.237957
            ],
            [
              77.04945,
              28.238673
            ],
            [
              77.050382,
              28.23863
            ],
            [
              77.050421,
              28.237702
            ],
            [
              77.048826,
              28.236186
            ],
            [
              77.048938,
              28.234571
            ],
            [
              77.049166,
              28.235957
            ],
            [
              77.051938,
              28.237897
            ],
            [
              77.053712,
              28.23696
            ],
            [
              77.053938,
              28.235672
            ],
            [
              77.054051,
              28.237186
            ],
            [
              77.0562,
              28.238923
            ],
            [
              77.056598,
              28.240525
            ],
            [
              77.057938,
              28.241615
            ],
            [
              77.060297,
              28.241826
            ],
            [
              77.060938,
              28.243547
            ],
            [
              77.061488,
              28.240736
            ],
            [
              77.063136,
              28.240384
            ],
            [
              77.063193,
              28.238186
            ],
            [
              77.065192,
              28.235931
            ],
            [
              77.065114,
              28.235009
            ],
            [
              77.062232,
              28.232186
            ],
            [
              77.062303,
              28.228186
            ],
            [
              77.063253,
              28.226186
            ],
            [
              77.062275,
              28.225186
            ],
            [
              77.061205,
              28.220918
            ],
            [
              77.057659,
              28.220464
            ],
            [
              77.056356,
              28.215768
            ],
            [
              77.0547,
              28.214186
            ],
            [
              77.055564,
              28.210559
            ],
            [
              77.054124,
              28.209186
            ],
            [
              77.056024,
              28.209272
            ],
            [
              77.056938,
              28.208369
            ],
            [
              77.057938,
              28.209152
            ],
            [
              77.057105,
              28.209353
            ],
            [
              77.05746,
              28.211663
            ],
            [
              77.058433,
              28.211681
            ],
            [
              77.058993,
              28.21013
            ],
            [
              77.059445,
              28.211678
            ],
            [
              77.060938,
              28.211897
            ],
            [
              77.06271,
              28.210186
            ],
            [
              77.062136,
              28.208384
            ],
            [
              77.063938,
              28.207526
            ],
            [
              77.063279,
              28.212186
            ],
            [
              77.062329,
              28.213186
            ],
            [
              77.062598,
              28.216525
            ],
            [
              77.067938,
              28.21777
            ],
            [
              77.068938,
              28.21877
            ],
            [
              77.071557,
              28.218805
            ],
            [
              77.072938,
              28.217881
            ],
            [
              77.073868,
              28.218255
            ],
            [
              77.075938,
              28.221636
            ],
            [
              77.07922,
              28.221468
            ],
            [
              77.079579,
              28.219827
            ],
            [
              77.081408,
              28.219186
            ],
            [
              77.07963,
              28.218493
            ],
            [
              77.07963,
              28.217878
            ],
            [
              77.081275,
              28.217523
            ],
            [
              77.081645,
              28.215893
            ],
            [
              77.083938,
              28.215752
            ],
            [
              77.085349,
              28.214597
            ],
            [
              77.08574,
              28.212988
            ],
            [
              77.087938,
              28.209869
            ],
            [
              77.088043,
              28.211186
            ],
            [
              77.087248,
              28.211496
            ],
            [
              77.086337,
              28.215186
            ],
            [
              77.088114,
              28.216009
            ],
            [
              77.09054,
              28.219186
            ],
            [
              77.088938,
              28.219159
            ],
            [
              77.088548,
              28.217575
            ],
            [
              77.086938,
              28.216518
            ],
            [
              77.085938,
              28.21653
            ],
            [
              77.084594,
              28.217842
            ],
            [
              77.084416,
              28.220186
            ],
            [
              77.085365,
              28.221186
            ],
            [
              77.084349,
              28.222186
            ],
            [
              77.087437,
              28.223186
            ],
            [
              77.085619,
              28.223867
            ],
            [
              77.086299,
              28.225547
            ],
            [
              77.083666,
              28.225914
            ],
            [
              77.085523,
              28.227186
            ],
            [
              77.082292,
              28.23054
            ],
            [
              77.080426,
              28.230186
            ],
            [
              77.082189,
              28.227934
            ],
            [
              77.078728,
              28.227976
            ],
            [
              77.078661,
              28.233186
            ],
            [
              77.076763,
              28.23436
            ],
            [
              77.078422,
              28.234701
            ],
            [
              77.078938,
              28.236443
            ],
            [
              77.081938,
              28.236468
            ],
            [
              77.082136,
              28.235987
            ],
            [
              77.080256,
              28.235186
            ],
            [
              77.080938,
              28.234504
            ],
            [
              77.083145,
              28.234393
            ],
            [
              77.083938,
              28.231534
            ],
            [
              77.085596,
              28.233186
            ],
            [
              77.08365,
              28.236186
            ],
            [
              77.083668,
              28.238186
            ],
            [
              77.086938,
              28.238472
            ],
            [
              77.088938,
              28.23744
            ],
            [
              77.09268,
              28.237186
            ],
            [
              77.093012,
              28.23626
            ],
            [
              77.094785,
              28.236033
            ],
            [
              77.094938,
              28.235284
            ],
            [
              77.095938,
              28.236572
            ],
            [
              77.097938,
              28.234928
            ],
            [
              77.098938,
              28.235793
            ],
            [
              77.100938,
              28.234772
            ],
            [
              77.101938,
              28.235688
            ],
            [
              77.103938,
              28.234476
            ],
            [
              77.105938,
              28.234817
            ],
            [
              77.106938,
              28.233904
            ],
            [
              77.110798,
              28.234046
            ],
            [
              77.111257,
              28.233186
            ],
            [
              77.110938,
              28.235668
            ],
            [
              77.107938,
              28.234453
            ],
            [
              77.103938,
              28.236622
            ],
            [
              77.100938,
              28.236709
            ],
            [
              77.098653,
              28.237901
            ],
            [
              77.098614,
              28.240509
            ],
            [
              77.101382,
              28.241186
            ],
            [
              77.097938,
              28.241703
            ],
            [
              77.097422,
              28.243186
            ],
            [
              77.100181,
              28.243942
            ],
            [
              77.100029,
              28.248186
            ],
            [
              77.101938,
              28.248298
            ],
            [
              77.102938,
              28.249556
            ],
            [
              77.106323,
              28.2498
            ],
            [
              77.105938,
              28.250763
            ],
            [
              77.102691,
              28.250939
            ],
            [
              77.103666,
              28.253457
            ],
            [
              77.105938,
              28.253643
            ],
            [
              77.107938,
              28.252692
            ],
            [
              77.108148,
              28.253975
            ],
            [
              77.115994,
              28.254186
            ],
            [
              77.111938,
              28.254563
            ],
            [
              77.110938,
              28.256488
            ],
            [
              77.109793,
              28.25433
            ],
            [
              77.10814,
              28.254388
            ],
            [
              77.107938,
              28.259936
            ],
            [
              77.106758,
              28.259186
            ],
            [
              77.107607,
              28.258186
            ],
            [
              77.107304,
              28.255819
            ],
            [
              77.105615,
              28.255863
            ],
            [
              77.103938,
              28.257649
            ],
            [
              77.103459,
              28.256186
            ],
            [
              77.104401,
              28.255186
            ],
            [
              77.102658,
              28.254906
            ],
            [
              77.102603,
              28.26152
            ],
            [
              77.103938,
              28.262732
            ],
            [
              77.105188,
              28.261935
            ],
            [
              77.106938,
              28.263846
            ],
            [
              77.107751,
              28.263186
            ],
            [
              77.107938,
              28.261313
            ],
            [
              77.108125,
              28.263186
            ],
            [
              77.109366,
              28.264757
            ],
            [
              77.111871,
              28.265186
            ],
            [
              77.109938,
              28.267034
            ],
            [
              77.109599,
              28.265524
            ],
            [
              77.107938,
              28.26447
            ],
            [
              77.104525,
              28.264773
            ],
            [
              77.104148,
              28.268396
            ],
            [
              77.100938,
              28.268618
            ],
            [
              77.100324,
              28.270572
            ],
            [
              77.098476,
              28.270647
            ],
            [
              77.097938,
              28.26872
            ],
            [
              77.096938,
              28.269703
            ],
            [
              77.095659,
              28.268907
            ],
            [
              77.095644,
              28.270479
            ],
            [
              77.098408,
              28.270715
            ],
            [
              77.098938,
              28.272745
            ],
            [
              77.10036,
              28.272608
            ],
            [
              77.100655,
              28.270903
            ],
            [
              77.102456,
              28.272668
            ],
            [
              77.104115,
              28.273186
            ],
            [
              77.102256,
              28.274186
            ],
            [
              77.102325,
              28.275798
            ],
            [
              77.103818,
              28.276066
            ],
            [
              77.10397,
              28.275186
            ],
            [
              77.103938,
              28.276504
            ],
            [
              77.102302,
              28.27655
            ],
            [
              77.102153,
              28.277186
            ],
            [
              77.103635,
              28.279186
            ],
            [
              77.102938,
              28.27949
            ],
            [
              77.102694,
              28.278429
            ],
            [
              77.0999,
              28.278223
            ],
            [
              77.098938,
              28.276345
            ],
            [
              77.097938,
              28.280182
            ],
            [
              77.097442,
              28.277681
            ],
            [
              77.09554,
              28.276583
            ],
            [
              77.091154,
              28.279402
            ],
            [
              77.090938,
              28.28047
            ],
            [
              77.090394,
              28.280186
            ],
            [
              77.090753,
              28.277186
            ],
            [
              77.092408,
              28.276656
            ],
            [
              77.092371,
              28.275752
            ],
            [
              77.087938,
              28.275301
            ],
            [
              77.087753,
              28.27437
            ],
            [
              77.086905,
              28.274186
            ],
            [
              77.088938,
              28.274086
            ],
            [
              77.089938,
              28.274936
            ],
            [
              77.094306,
              28.274554
            ],
            [
              77.094215,
              28.269909
            ],
            [
              77.092938,
              28.268811
            ],
            [
              77.091938,
              28.270778
            ],
            [
              77.087938,
              28.268751
            ],
            [
              77.085938,
              28.269698
            ],
            [
              77.083624,
              28.269499
            ],
            [
              77.083624,
              28.268872
            ],
            [
              77.085938,
              28.26766
            ],
            [
              77.088215,
              28.267463
            ],
            [
              77.089309,
              28.266186
            ],
            [
              77.089149,
              28.264974
            ],
            [
              77.086938,
              28.262904
            ],
            [
              77.084743,
              28.263991
            ],
            [
              77.083938,
              28.265876
            ],
            [
              77.081465,
              28.264658
            ],
            [
              77.081099,
              28.260024
            ],
            [
              77.080443,
              28.261691
            ],
            [
              77.078938,
              28.260941
            ],
            [
              77.077938,
              28.261932
            ],
            [
              77.077187,
              28.260186
            ],
            [
              77.079091,
              28.259032
            ],
            [
              77.077938,
              28.257968
            ],
            [
              77.07579,
              28.258038
            ],
            [
              77.076702,
              28.259186
            ],
            [
              77.076689,
              28.261186
            ],
            [
              77.074658,
              28.263186
            ],
            [
              77.075735,
              28.265388
            ],
            [
              77.081938,
              28.265576
            ],
            [
              77.082547,
              28.266186
            ],
            [
              77.081938,
              28.266795
            ],
            [
              77.076724,
              28.266972
            ],
            [
              77.079572,
              28.268186
            ],
            [
              77.077706,
              28.268954
            ],
            [
              77.077694,
              28.270429
            ],
            [
              77.080938,
              28.270611
            ],
            [
              77.081938,
              28.268687
            ],
            [
              77.082631,
              28.270492
            ],
            [
              77.084455,
              28.271186
            ],
            [
              77.082938,
              28.272702
            ],
            [
              77.081938,
              28.271744
            ],
            [
              77.079529,
              28.272186
            ],
            [
              77.079652,
              28.273471
            ],
            [
              77.081477,
              28.274186
            ],
            [
              77.08062,
              28.275503
            ],
            [
              77.083332,
              28.275186
            ],
            [
              77.082382,
              28.278186
            ],
            [
              77.083501,
              28.279622
            ],
            [
              77.085184,
              28.280186
            ],
            [
              77.083254,
              28.281186
            ],
            [
              77.083165,
              28.283958
            ],
            [
              77.084087,
              28.284186
            ],
            [
              77.082851,
              28.284272
            ],
            [
              77.081938,
              28.282414
            ],
            [
              77.079249,
              28.282186
            ],
            [
              77.081529,
              28.279186
            ],
            [
              77.079647,
              28.278476
            ],
            [
              77.080455,
              28.277186
            ],
            [
              77.078938,
              28.275684
            ],
            [
              77.072938,
              28.275542
            ],
            [
              77.07235,
              28.276773
            ],
            [
              77.074572,
              28.277186
            ],
            [
              77.072289,
              28.277537
            ],
            [
              77.071854,
              28.278269
            ],
            [
              77.071938,
              28.274865
            ],
            [
              77.076938,
              28.274695
            ],
            [
              77.07835,
              28.273186
            ],
            [
              77.07618,
              28.270943
            ],
            [
              77.074523,
              28.2706
            ],
            [
              77.075275,
              28.269186
            ],
            [
              77.074938,
              28.267874
            ],
            [
              77.071599,
              28.269847
            ],
            [
              77.072252,
              28.2725
            ],
            [
              77.070634,
              28.271882
            ],
            [
              77.068938,
              28.274591
            ],
            [
              77.068222,
              28.272901
            ],
            [
              77.067619,
              28.273186
            ],
            [
              77.066669,
              28.286454
            ],
            [
              77.066938,
              28.288421
            ],
            [
              77.068377,
              28.290186
            ],
            [
              77.066059,
              28.290307
            ],
            [
              77.065938,
              28.292431
            ]
          ]
        ],
        "type": "Polygon"
      },
      "type": "Feature"
    },
    {
      "properties": {
        "fill-opacity": 0.33,
        "fillColor": "#bf4040",
        "opacity": 0.33,
        "fill": "#bf4040",
        "fillOpacity": 0.33,
        "color": "#bf4040",
        "contour": 6.0,
        "metric": "distance",
        "provider_name": "Daftar Restaurant",
        "zone_type": "distance",
        "distance_km": 6,
        "mode": "motorcycle",
        "center_lat": 28.248186,
        "center_lon": 77.071938,
        "label": "6km"
      },
      "geometry": {
        "coordinates": [
          [
            [
              77.066938,
              28.301248
            ],
            [
              77.065884,
              28.301186
            ],
            [
              77.065843,
              28.29928
            ],
            [
              77.063839,
              28.299284
            ],
            [
              77.063486,
              28.296637
            ],
            [
              77.06018,
              28.296428
            ],
            [
              77.059998,
              28.297246
            ],
            [
              77.058779,
              28.297186
            ],
            [
              77.059765,
              28.297013
            ],
            [
              77.059863,
              28.296111
            ],
            [
              77.061478,
              28.295726
            ],
            [
              77.062759,
              28.294007
            ],
            [
              77.06546,
              28.293186
            ],
            [
              77.065248,
              28.290875
            ],
            [
              77.061938,
              28.290626
            ],
            [
              77.059518,
              28.288186
            ],
            [
              77.059293,
              28.279186
            ],
            [
              77.058296,
              28.278186
            ],
            [
              77.06016,
              28.277408
            ],
            [
              77.060135,
              28.274988
            ],
            [
              77.056938,
              28.277816
            ],
            [
              77.055526,
              28.277597
            ],
            [
              77.054938,
              28.275825
            ],
            [
              77.053938,
              28.276804
            ],
            [
              77.051653,
              28.276901
            ],
            [
              77.051626,
              28.277497
            ],
            [
              77.053409,
              28.278186
            ],
            [
              77.051427,
              28.280186
            ],
            [
              77.05132,
              28.283186
            ],
            [
              77.053117,
              28.284006
            ],
            [
              77.052938,
              28.286315
            ],
            [
              77.052424,
              28.284699
            ],
            [
              77.050713,
              28.28441
            ],
            [
              77.049938,
              28.281334
            ],
            [
              77.047938,
              28.281441
            ],
            [
              77.046938,
              28.282447
            ],
            [
              77.045938,
              28.279546
            ],
            [
              77.04446,
              28.279708
            ],
            [
              77.043938,
              28.282671
            ],
            [
              77.043643,
              28.282186
            ],
            [
              77.043687,
              28.276935
            ],
            [
              77.046295,
              28.276543
            ],
            [
              77.047554,
              28.275186
            ],
            [
              77.047938,
              28.272901
            ],
            [
              77.04859,
              28.275533
            ],
            [
              77.053193,
              28.275441
            ],
            [
              77.053365,
              28.271186
            ],
            [
              77.054324,
              28.270572
            ],
            [
              77.054267,
              28.269186
            ],
            [
              77.052741,
              28.267989
            ],
            [
              77.05163,
              28.268878
            ],
            [
              77.051386,
              28.270634
            ],
            [
              77.049598,
              28.270846
            ],
            [
              77.048938,
              28.271836
            ],
            [
              77.048504,
              28.270752
            ],
            [
              77.051245,
              28.268493
            ],
            [
              77.052128,
              28.265995
            ],
            [
              77.050732,
              28.26598
            ],
            [
              77.048938,
              28.267852
            ],
            [
              77.047938,
              28.266855
            ],
            [
              77.046938,
              28.267836
            ],
            [
              77.045938,
              28.266826
            ],
            [
              77.044523,
              28.2676
            ],
            [
              77.044518,
              28.265766
            ],
            [
              77.046163,
              28.265411
            ],
            [
              77.046243,
              28.264186
            ],
            [
              77.044938,
              28.264865
            ],
            [
              77.043268,
              28.264186
            ],
            [
              77.044473,
              28.261721
            ],
            [
              77.046129,
              28.261377
            ],
            [
              77.047227,
              28.259186
            ],
            [
              77.047127,
              28.257996
            ],
            [
              77.04524,
              28.257186
            ],
            [
              77.046222,
              28.255186
            ],
            [
              77.044938,
              28.253874
            ],
            [
              77.039518,
              28.253605
            ],
            [
              77.039518,
              28.252766
            ],
            [
              77.041171,
              28.252419
            ],
            [
              77.041286,
              28.250837
            ],
            [
              77.037516,
              28.250607
            ],
            [
              77.037024,
              28.249186
            ],
            [
              77.038787,
              28.248186
            ],
            [
              77.038554,
              28.247569
            ],
            [
              77.035969,
              28.247186
            ],
            [
              77.039938,
              28.24691
            ],
            [
              77.040938,
              28.24591
            ],
            [
              77.043938,
              28.245749
            ],
            [
              77.044938,
              28.2447
            ],
            [
              77.054938,
              28.244526
            ],
            [
              77.056151,
              28.243399
            ],
            [
              77.05615,
              28.241973
            ],
            [
              77.054938,
              28.24185
            ],
            [
              77.053938,
              28.242835
            ],
            [
              77.051938,
              28.240813
            ],
            [
              77.049938,
              28.242725
            ],
            [
              77.049376,
              28.241186
            ],
            [
              77.050204,
              28.239919
            ],
            [
              77.047938,
              28.238738
            ],
            [
              77.046938,
              28.239707
            ],
            [
              77.045272,
              28.237851
            ],
            [
              77.042938,
              28.237559
            ],
            [
              77.039938,
              28.235469
            ],
            [
              77.037938,
              28.237053
            ],
            [
              77.037359,
              28.236764
            ],
            [
              77.037805,
              28.235186
            ],
            [
              77.037692,
              28.234431
            ],
            [
              77.036461,
              28.234186
            ],
            [
              77.036938,
              28.233121
            ],
            [
              77.037962,
              28.233161
            ],
            [
              77.039392,
              28.234731
            ],
            [
              77.04042,
              28.234668
            ],
            [
              77.041525,
              28.233773
            ],
            [
              77.041938,
              28.231894
            ],
            [
              77.045368,
              28.231616
            ],
            [
              77.045402,
              28.230722
            ],
            [
              77.044357,
              28.230186
            ],
            [
              77.044669,
              28.228917
            ],
            [
              77.047152,
              28.229971
            ],
            [
              77.047532,
              28.231591
            ],
            [
              77.050145,
              28.231978
            ],
            [
              77.048387,
              28.233186
            ],
            [
              77.051938,
              28.237601
            ],
            [
              77.053251,
              28.236499
            ],
            [
              77.053455,
              28.235186
            ],
            [
              77.051611,
              28.233186
            ],
            [
              77.0525,
              28.231623
            ],
            [
              77.050856,
              28.230104
            ],
            [
              77.053049,
              28.230074
            ],
            [
              77.054467,
              28.237186
            ],
            [
              77.056353,
              28.23877
            ],
            [
              77.05773,
              28.241393
            ],
            [
              77.060394,
              28.241729
            ],
            [
              77.060938,
              28.243451
            ],
            [
              77.061429,
              28.240677
            ],
            [
              77.063091,
              28.240339
            ],
            [
              77.063344,
              28.237592
            ],
            [
              77.065138,
              28.236186
            ],
            [
              77.065077,
              28.235046
            ],
            [
              77.062165,
              28.232186
            ],
            [
              77.062177,
              28.229186
            ],
            [
              77.063197,
              28.228186
            ],
            [
              77.062198,
              28.223186
            ],
            [
              77.061128,
              28.220995
            ],
            [
              77.057516,
              28.220607
            ],
            [
              77.056303,
              28.218186
            ],
            [
              77.056194,
              28.215929
            ],
            [
              77.05437,
              28.214186
            ],
            [
              77.055235,
              28.210888
            ],
            [
              77.053607,
              28.209516
            ],
            [
              77.053304,
              28.207819
            ],
            [
              77.05155,
              28.207186
            ],
            [
              77.052722,
              28.20497
            ],
            [
              77.051633,
              28.20249
            ],
            [
              77.049913,
              28.202186
            ],
            [
              77.049962,
              28.20121
            ],
            [
              77.050938,
              28.201004
            ],
            [
              77.051162,
              28.201962
            ],
            [
              77.054151,
              28.203972
            ],
            [
              77.054558,
              28.206565
            ],
            [
              77.058938,
              28.207729
            ],
            [
              77.059395,
              28.206728
            ],
            [
              77.05768,
              28.206443
            ],
            [
              77.056777,
              28.205186
            ],
            [
              77.057878,
              28.203126
            ],
            [
              77.060938,
              28.203043
            ],
            [
              77.061938,
              28.202087
            ],
            [
              77.062336,
              28.202787
            ],
            [
              77.064938,
              28.20285
            ],
            [
              77.06614,
              28.201186
            ],
            [
              77.065394,
              28.206186
            ],
            [
              77.064546,
              28.206794
            ],
            [
              77.06448,
              28.209186
            ],
            [
              77.062559,
              28.213186
            ],
            [
              77.062603,
              28.216186
            ],
            [
              77.064938,
              28.216555
            ],
            [
              77.065938,
              28.217553
            ],
            [
              77.067938,
              28.217554
            ],
            [
              77.068938,
              28.218555
            ],
            [
              77.071237,
              28.218485
            ],
            [
              77.072938,
              28.216695
            ],
            [
              77.074938,
              28.216768
            ],
            [
              77.074646,
              28.220186
            ],
            [
              77.075938,
              28.221496
            ],
            [
              77.078938,
              28.221478
            ],
            [
              77.079482,
              28.21973
            ],
            [
              77.081143,
              28.219391
            ],
            [
              77.079287,
              28.218186
            ],
            [
              77.081162,
              28.21741
            ],
            [
              77.081511,
              28.215759
            ],
            [
              77.085184,
              28.215432
            ],
            [
              77.08535,
              28.213186
            ],
            [
              77.089738,
              28.204986
            ],
            [
              77.092079,
              28.203044
            ],
            [
              77.086562,
              28.215186
            ],
            [
              77.088322,
              28.215801
            ],
            [
              77.090938,
              28.218695
            ],
            [
              77.094938,
              28.216948
            ],
            [
              77.095485,
              28.218638
            ],
            [
              77.097571,
              28.218819
            ],
            [
              77.097938,
              28.217699
            ],
            [
              77.098288,
              28.219835
            ],
            [
              77.099817,
              28.220065
            ],
            [
              77.099938,
              28.219154
            ],
            [
              77.099969,
              28.220217
            ],
            [
              77.098192,
              28.22044
            ],
            [
              77.097938,
              28.221751
            ],
            [
              77.095243,
              28.222491
            ],
            [
              77.094938,
              28.224324
            ],
            [
              77.093938,
              28.223595
            ],
            [
              77.087938,
              28.223293
            ],
            [
              77.085722,
              28.22397
            ],
            [
              77.086395,
              28.225643
            ],
            [
              77.083655,
              28.226186
            ],
            [
              77.085409,
              28.226714
            ],
            [
              77.085409,
              28.227657
            ],
            [
              77.081938,
              28.230866
            ],
            [
              77.080266,
              28.230186
            ],
            [
              77.08212,
              28.228003
            ],
            [
              77.078778,
              28.228026
            ],
            [
              77.078721,
              28.233186
            ],
            [
              77.076799,
              28.234324
            ],
            [
              77.078508,
              28.234615
            ],
            [
              77.078938,
              28.23639
            ],
            [
              77.081938,
              28.236406
            ],
            [
              77.080421,
              28.235702
            ],
            [
              77.080421,
              28.234669
            ],
            [
              77.083096,
              28.234344
            ],
            [
              77.083443,
              28.231691
            ],
            [
              77.084432,
              28.231691
            ],
            [
              77.085683,
              28.233186
            ],
            [
              77.083714,
              28.236186
            ],
            [
              77.083938,
              28.238396
            ],
            [
              77.087588,
              28.238186
            ],
            [
              77.088856,
              28.236104
            ],
            [
              77.090342,
              28.23659
            ],
            [
              77.090938,
              28.234854
            ],
            [
              77.091938,
              28.235719
            ],
            [
              77.093938,
              28.235674
            ],
            [
              77.094475,
              28.234186
            ],
            [
              77.093541,
              28.233186
            ],
            [
              77.09454,
              28.232186
            ],
            [
              77.092647,
              28.231186
            ],
            [
              77.094634,
              28.230186
            ],
            [
              77.094938,
              28.226254
            ],
            [
              77.095724,
              28.236399
            ],
            [
              77.097938,
              28.234612
            ],
            [
              77.098938,
              28.235563
            ],
            [
              77.100938,
              28.234555
            ],
            [
              77.101938,
              28.23552
            ],
            [
              77.103176,
              28.235424
            ],
            [
              77.10357,
              28.233186
            ],
            [
              77.102677,
              28.232186
            ],
            [
              77.103674,
              28.231186
            ],
            [
              77.103938,
              28.227961
            ],
            [
              77.104348,
              28.234186
            ],
            [
              77.105938,
              28.234573
            ],
            [
              77.106938,
              28.233604
            ],
            [
              77.109938,
              28.233649
            ],
            [
              77.111938,
              28.231736
            ],
            [
              77.112938,
              28.232727
            ],
            [
              77.114356,
              28.232767
            ],
            [
              77.113362,
              28.234186
            ],
            [
              77.114127,
              28.235996
            ],
            [
              77.115912,
              28.23616
            ],
            [
              77.115938,
              28.235356
            ],
            [
              77.11598,
              28.236228
            ],
            [
              77.115173,
              28.236421
            ],
            [
              77.115206,
              28.238186
            ],
            [
              77.117163,
              28.24096
            ],
            [
              77.118077,
              28.241186
            ],
            [
              77.116859,
              28.241264
            ],
            [
              77.114841,
              28.239282
            ],
            [
              77.113885,
              28.239239
            ],
            [
              77.113747,
              28.238376
            ],
            [
              77.111938,
              28.237646
            ],
            [
              77.108496,
              28.238744
            ],
            [
              77.106938,
              28.240357
            ],
            [
              77.104648,
              28.240186
            ],
            [
              77.106587,
              28.239835
            ],
            [
              77.107712,
              28.23796
            ],
            [
              77.110292,
              28.23654
            ],
            [
              77.110262,
              28.235861
            ],
            [
              77.107938,
              28.234763
            ],
            [
              77.106938,
              28.235781
            ],
            [
              77.104938,
              28.235814
            ],
            [
              77.103938,
              28.236825
            ],
            [
              77.100938,
              28.236863
            ],
            [
              77.098738,
              28.237986
            ],
            [
              77.09872,
              28.240403
            ],
            [
              77.10158,
              28.241186
            ],
            [
              77.100938,
              28.241828
            ],
            [
              77.09761,
              28.242186
            ],
            [
              77.097703,
              28.24342
            ],
            [
              77.100345,
              28.243778
            ],
            [
              77.10074,
              28.248383
            ],
            [
              77.101938,
              28.24775
            ],
            [
              77.108878,
              28.248126
            ],
            [
              77.108938,
              28.247665
            ],
            [
              77.10893,
              28.248193
            ],
            [
              77.102938,
              28.248574
            ],
            [
              77.102938,
              28.249456
            ],
            [
              77.105938,
              28.249482
            ],
            [
              77.106641,
              28.250186
            ],
            [
              77.105938,
              28.250889
            ],
            [
              77.102758,
              28.251006
            ],
            [
              77.103744,
              28.253379
            ],
            [
              77.105938,
              28.253499
            ],
            [
              77.107938,
              28.252522
            ],
            [
              77.108938,
              28.25398
            ],
            [
              77.116182,
              28.253941
            ],
            [
              77.115938,
              28.254735
            ],
            [
              77.111683,
              28.254931
            ],
            [
              77.110938,
              28.256775
            ],
            [
              77.10964,
              28.254484
            ],
            [
              77.108131,
              28.255186
            ],
            [
              77.108489,
              28.263186
            ],
            [
              77.109119,
              28.264004
            ],
            [
              77.110167,
              28.264956
            ],
            [
              77.112938,
              28.26471
            ],
            [
              77.113938,
              28.26283
            ],
            [
              77.11455,
              28.264573
            ],
            [
              77.117049,
              28.265186
            ],
            [
              77.114938,
              28.26658
            ],
            [
              77.113938,
              28.265628
            ],
            [
              77.112422,
              28.266186
            ],
            [
              77.112476,
              28.270647
            ],
            [
              77.115938,
              28.27124
            ],
            [
              77.111938,
              28.271696
            ],
            [
              77.110664,
              28.270459
            ],
            [
              77.10924,
              28.265883
            ],
            [
              77.107938,
              28.264769
            ],
            [
              77.104683,
              28.264931
            ],
            [
              77.104334,
              28.268582
            ],
            [
              77.100592,
              28.269186
            ],
            [
              77.100542,
              28.270581
            ],
            [
              77.102314,
              28.270809
            ],
            [
              77.102658,
              28.272465
            ],
            [
              77.104486,
              28.273186
            ],
            [
              77.102663,
              28.273911
            ],
            [
              77.10264,
              28.275483
            ],
            [
              77.104276,
              28.274847
            ],
            [
              77.104938,
              28.276813
            ],
            [
              77.105938,
              28.274935
            ],
            [
              77.106938,
              28.276853
            ],
            [
              77.10969,
              28.276938
            ],
            [
              77.110945,
              28.276178
            ],
            [
              77.110954,
              28.277202
            ],
            [
              77.107485,
              28.277733
            ],
            [
              77.108005,
              28.279118
            ],
            [
              77.107038,
              28.281186
            ],
            [
              77.109337,
              28.283786
            ],
            [
              77.110871,
              28.284119
            ],
            [
              77.110991,
              28.283186
            ],
            [
              77.110938,
              28.285537
            ],
            [
              77.109127,
              28.285375
            ],
            [
              77.108938,
              28.286108
            ],
            [
              77.108152,
              28.285186
            ],
            [
              77.108727,
              28.284975
            ],
            [
              77.10844,
              28.283683
            ],
            [
              77.104938,
              28.281627
            ],
            [
              77.103938,
              28.282609
            ],
            [
              77.102519,
              28.282767
            ],
            [
              77.101938,
              28.284442
            ],
            [
              77.100938,
              28.283496
            ],
            [
              77.098523,
              28.28377
            ],
            [
              77.097811,
              28.287312
            ],
            [
              77.097419,
              28.285704
            ],
            [
              77.094852,
              28.285186
            ],
            [
              77.096938,
              28.284929
            ],
            [
              77.097585,
              28.284186
            ],
            [
              77.094593,
              28.282186
            ],
            [
              77.094716,
              28.280964
            ],
            [
              77.097438,
              28.280186
            ],
            [
              77.097388,
              28.278186
            ],
            [
              77.095938,
              28.27681
            ],
            [
              77.09468,
              28.276928
            ],
            [
              77.091625,
              28.279873
            ],
            [
              77.091336,
              28.282186
            ],
            [
              77.092244,
              28.284186
            ],
            [
              77.090507,
              28.283755
            ],
            [
              77.089938,
              28.286375
            ],
            [
              77.08868,
              28.285186
            ],
            [
              77.089609,
              28.284186
            ],
            [
              77.088938,
              28.282561
            ],
            [
              77.088167,
              28.284415
            ],
            [
              77.086938,
              28.282471
            ],
            [
              77.084938,
              28.285087
            ],
            [
              77.082938,
              28.284716
            ],
            [
              77.081938,
              28.285379
            ],
            [
              77.076649,
              28.285474
            ],
            [
              77.075334,
              28.283186
            ],
            [
              77.077307,
              28.282555
            ],
            [
              77.077721,
              28.277969
            ],
            [
              77.078938,
              28.279753
            ],
            [
              77.081309,
              28.279186
            ],
            [
              77.079511,
              28.278612
            ],
            [
              77.080279,
              28.277186
            ],
            [
              77.078938,
              28.275851
            ],
            [
              77.072938,
              28.275794
            ],
            [
              77.072938,
              28.27665
            ],
            [
              77.075427,
              28.277186
            ],
            [
              77.071582,
              28.278541
            ],
            [
              77.071532,
              28.27478
            ],
            [
              77.076938,
              28.274523
            ],
            [
              77.07823,
              28.273186
            ],
            [
              77.076115,
              28.271008
            ],
            [
              77.074454,
              28.270669
            ],
            [
              77.074938,
              28.267948
            ],
            [
              77.071713,
              28.269961
            ],
            [
              77.072601,
              28.271186
            ],
            [
              77.072374,
              28.272622
            ],
            [
              77.070729,
              28.271977
            ],
            [
              77.068938,
              28.274951
            ],
            [
              77.067768,
              28.273016
            ],
            [
              77.067855,
              28.278186
            ],
            [
              77.067089,
              28.281186
            ],
            [
              77.069339,
              28.282186
            ],
            [
              77.067938,
              28.282317
            ],
            [
              77.067236,
              28.283186
            ],
            [
              77.067938,
              28.283931
            ],
            [
              77.071475,
              28.284186
            ],
            [
              77.070561,
              28.289562
            ],
            [
              77.071565,
              28.289186
            ],
            [
              77.071546,
              28.287794
            ],
            [
              77.072938,
              28.28775
            ],
            [
              77.07231,
              28.289186
            ],
            [
              77.072938,
              28.289831
            ],
            [
              77.078589,
              28.290186
            ],
            [
              77.077177,
              28.290425
            ],
            [
              77.076559,
              28.292186
            ],
            [
              77.071498,
              28.291746
            ],
            [
              77.071938,
              28.294381
            ],
            [
              77.070938,
              28.293461
            ],
            [
              77.068682,
              28.293442
            ],
            [
              77.068281,
              28.290842
            ],
            [
              77.066487,
              28.290735
            ],
            [
              77.066171,
              28.296186
            ],
            [
              77.067471,
              28.299186
            ],
            [
              77.066938,
              28.301248
            ]
          ]
        ],
        "type": "Polygon"
      },
      "type": "Feature"
    }
  ]
}