{
  "type": "FeatureCollection",
  "metadata": {
    "provider_name": "Pizza Hut",
    "center_lat": 9.709053,
    "center_lon": 76.674131,
    "mode": "motorcycle",
    "total_zones": 4,
    "distance_zones": [
      3,
      4,
      5,
      6
    ],
    "generated_at": "2025-12-30T11:24:16.580243Z"
  },
  "features": [
    {
      "properties": {
        "fill-opacity": 0.33,
        "fillColor": "#bf4040",
        "opacity": 0.33,
        "fill": "#bf4040",
        "fillOpacity": 0.33,
        "color": "#bf4040",
        "contour": 3.0,
        "metric": "distance",
        "provider_name": "Pizza Hut",
        "zone_type": "distance",
        "distance_km": 3,
        "mode": "motorcycle",
        "center_lat": 9.709053,
        "center_lon": 76.674131,
        "label": "3km"
      },
      "geometry": {
        "coordinates": [
          [
            [
              76.678131,
              9.72749
            ],
            [
              76.677131,
              9.727891
            ],
            [
              76.677002,
              9.727182
            ],
            [
              76.677901,
              9.726823
            ],
            [
              76.677878,
              9.725053
            ],
            [
              76.678809,
              9.724053
            ],
            [
              76.67853,
              9.722653
            ],
            [
              76.677708,
              9.72263
            ],
            [
              76.674131,
              9.725584
            ],
            [
              76.674004,
              9.723179
            ],
            [
              76.673458,
              9.723053
            ],
            [
              76.674206,
              9.722977
            ],
            [
              76.674326,
              9.723857
            ],
            [
              76.675131,
              9.72388
            ],
            [
              76.675874,
              9.723053
            ],
            [
              76.674131,
              9.721164
            ],
            [
              76.672707,
              9.721629
            ],
            [
              76.671354,
              9.723276
            ],
            [
              76.668131,
              9.723352
            ],
            [
              76.667131,
              9.724413
            ],
            [
              76.665131,
              9.723504
            ],
            [
              76.663742,
              9.724441
            ],
            [
              76.663518,
              9.722665
            ],
            [
              76.661131,
              9.72234
            ],
            [
              76.659247,
              9.726169
            ],
            [
              76.657229,
              9.726151
            ],
            [
              76.657131,
              9.726654
            ],
            [
              76.656932,
              9.726053
            ],
            [
              76.658755,
              9.725677
            ],
            [
              76.6597,
              9.721053
            ],
            [
              76.660641,
              9.720053
            ],
            [
              76.660448,
              9.718735
            ],
            [
              76.658759,
              9.718681
            ],
            [
              76.658327,
              9.722053
            ],
            [
              76.657013,
              9.72317
            ],
            [
              76.656011,
              9.723053
            ],
            [
              76.65771,
              9.721632
            ],
            [
              76.657542,
              9.719641
            ],
            [
              76.65549,
              9.720412
            ],
            [
              76.655131,
              9.721974
            ],
            [
              76.654826,
              9.720357
            ],
            [
              76.651803,
              9.720053
            ],
            [
              76.652131,
              9.718621
            ],
            [
              76.653763,
              9.718685
            ],
            [
              76.654131,
              9.716996
            ],
            [
              76.654302,
              9.717881
            ],
            [
              76.655214,
              9.718136
            ],
            [
              76.658297,
              9.713886
            ],
            [
              76.659135,
              9.714053
            ],
            [
              76.657528,
              9.71545
            ],
            [
              76.657454,
              9.717053
            ],
            [
              76.659472,
              9.717394
            ],
            [
              76.660907,
              9.713829
            ],
            [
              76.662942,
              9.712053
            ],
            [
              76.662131,
              9.709471
            ],
            [
              76.661354,
              9.711276
            ],
            [
              76.659131,
              9.71286
            ],
            [
              76.657998,
              9.712053
            ],
            [
              76.657918,
              9.709053
            ],
            [
              76.657131,
              9.708123
            ],
            [
              76.656131,
              9.709145
            ],
            [
              76.654293,
              9.709215
            ],
            [
              76.654131,
              9.709922
            ],
            [
              76.654043,
              9.709053
            ],
            [
              76.654887,
              9.708809
            ],
            [
              76.654924,
              9.708053
            ],
            [
              76.653104,
              9.707079
            ],
            [
              76.653859,
              9.706053
            ],
            [
              76.652088,
              9.703053
            ],
            [
              76.653013,
              9.702935
            ],
            [
              76.653862,
              9.701053
            ],
            [
              76.652795,
              9.699388
            ],
            [
              76.651373,
              9.699053
            ],
            [
              76.653131,
              9.698875
            ],
            [
              76.654131,
              9.699777
            ],
            [
              76.655095,
              9.698017
            ],
            [
              76.657131,
              9.697367
            ],
            [
              76.657905,
              9.698053
            ],
            [
              76.656372,
              9.700053
            ],
            [
              76.658131,
              9.700643
            ],
            [
              76.662131,
              9.696789
            ],
            [
              76.663461,
              9.698053
            ],
            [
              76.662817,
              9.700366
            ],
            [
              76.664131,
              9.700468
            ],
            [
              76.664734,
              9.699656
            ],
            [
              76.668131,
              9.698452
            ],
            [
              76.671361,
              9.701283
            ],
            [
              76.670404,
              9.697779
            ],
            [
              76.667799,
              9.697384
            ],
            [
              76.666486,
              9.695697
            ],
            [
              76.664858,
              9.695325
            ],
            [
              76.662674,
              9.692509
            ],
            [
              76.660014,
              9.692053
            ],
            [
              76.661802,
              9.691724
            ],
            [
              76.663159,
              9.690053
            ],
            [
              76.664701,
              9.693482
            ],
            [
              76.668131,
              9.695538
            ],
            [
              76.669719,
              9.693053
            ],
            [
              76.669131,
              9.688192
            ],
            [
              76.670367,
              9.690053
            ],
            [
              76.67056,
              9.694053
            ],
            [
              76.669617,
              9.695053
            ],
            [
              76.669828,
              9.696355
            ],
            [
              76.672597,
              9.696519
            ],
            [
              76.672783,
              9.695705
            ],
            [
              76.674486,
              9.695408
            ],
            [
              76.673765,
              9.694053
            ],
            [
              76.674131,
              9.691812
            ],
            [
              76.675313,
              9.692053
            ],
            [
              76.674746,
              9.693437
            ],
            [
              76.677766,
              9.695053
            ],
            [
              76.675131,
              9.696519
            ],
            [
              76.672665,
              9.696587
            ],
            [
              76.671737,
              9.698053
            ],
            [
              76.672889,
              9.699294
            ],
            [
              76.676131,
              9.697462
            ],
            [
              76.679131,
              9.697527
            ],
            [
              76.680529,
              9.698451
            ],
            [
              76.681131,
              9.696241
            ],
            [
              76.681275,
              9.696908
            ],
            [
              76.682196,
              9.696987
            ],
            [
              76.682652,
              9.698531
            ],
            [
              76.684131,
              9.698702
            ],
            [
              76.684957,
              9.695879
            ],
            [
              76.686869,
              9.694791
            ],
            [
              76.687131,
              9.693379
            ],
            [
              76.687352,
              9.694831
            ],
            [
              76.688078,
              9.695053
            ],
            [
              76.687844,
              9.696053
            ],
            [
              76.686583,
              9.696505
            ],
            [
              76.686651,
              9.697532
            ],
            [
              76.687818,
              9.69774
            ],
            [
              76.688131,
              9.696418
            ],
            [
              76.689284,
              9.697053
            ],
            [
              76.688949,
              9.698053
            ],
            [
              76.685704,
              9.698626
            ],
            [
              76.685772,
              9.700411
            ],
            [
              76.687131,
              9.699659
            ],
            [
              76.69186,
              9.699782
            ],
            [
              76.691978,
              9.6989
            ],
            [
              76.693131,
              9.698418
            ],
            [
              76.693623,
              9.699053
            ],
            [
              76.692577,
              9.700053
            ],
            [
              76.692157,
              9.702079
            ],
            [
              76.691353,
              9.702275
            ],
            [
              76.691697,
              9.703486
            ],
            [
              76.693131,
              9.703866
            ],
            [
              76.693932,
              9.703854
            ],
            [
              76.694131,
              9.702341
            ],
            [
              76.694218,
              9.704053
            ],
            [
              76.693395,
              9.705053
            ],
            [
              76.693688,
              9.706495
            ],
            [
              76.695767,
              9.705689
            ],
            [
              76.696101,
              9.704023
            ],
            [
              76.697148,
              9.704035
            ],
            [
              76.696231,
              9.704153
            ],
            [
              76.696418,
              9.705765
            ],
            [
              76.697248,
              9.70617
            ],
            [
              76.697131,
              9.706972
            ],
            [
              76.696985,
              9.706198
            ],
            [
              76.696131,
              9.70621
            ],
            [
              76.694648,
              9.70757
            ],
            [
              76.694441,
              9.710053
            ],
            [
              76.695598,
              9.71052
            ],
            [
              76.696131,
              9.708872
            ],
            [
              76.696644,
              9.710539
            ],
            [
              76.700102,
              9.711053
            ],
            [
              76.698131,
              9.713006
            ],
            [
              76.697771,
              9.711412
            ],
            [
              76.696653,
              9.711575
            ],
            [
              76.696259,
              9.714924
            ],
            [
              76.696811,
              9.715053
            ],
            [
              76.695298,
              9.717053
            ],
            [
              76.696131,
              9.72053
            ],
            [
              76.693568,
              9.72049
            ],
            [
              76.692738,
              9.722053
            ],
            [
              76.693131,
              9.724054
            ],
            [
              76.691131,
              9.724169
            ],
            [
              76.689431,
              9.721752
            ],
            [
              76.683862,
              9.722053
            ],
            [
              76.684911,
              9.721833
            ],
            [
              76.68582,
              9.720053
            ],
            [
              76.685912,
              9.718053
            ],
            [
              76.685131,
              9.717636
            ],
            [
              76.684131,
              9.718599
            ],
            [
              76.68183,
              9.718752
            ],
            [
              76.682478,
              9.7214
            ],
            [
              76.681131,
              9.720548
            ],
            [
              76.679779,
              9.720701
            ],
            [
              76.680511,
              9.722053
            ],
            [
              76.679508,
              9.723053
            ],
            [
              76.681317,
              9.725053
            ],
            [
              76.681131,
              9.726925
            ],
            [
              76.680767,
              9.725416
            ],
            [
              76.679131,
              9.72532
            ],
            [
              76.678131,
              9.72749
            ]
          ]
        ],
        "type": "Polygon"
      },
      "type": "Feature"
    },
    {
      "properties": {
        "fill-opacity": 0.33,
        "fillColor": "#bf4040",
        "opacity": 0.33,
        "fill": "#bf4040",
        "fillOpacity": 0.33,
        "color": "#bf4040",
        "contour": 4.0,
        "metric": "distance",
        "provider_name": "Pizza Hut",
        "zone_type": "distance",
        "distance_km": 4,
        "mode": "motorcycle",
        "center_lat": 9.709053,
        "center_lon": 76.674131,
        "label": "4km"
      },
      "geometry": {
        "coordinates": [
          [
            [
              76.660131,
              9.735265
            ],
            [
              76.658944,
              9.734239
            ],
            [
              76.658591,
              9.732592
            ],
            [
              76.655751,
              9.730053
            ],
            [
              76.655483,
              9.729053
            ],
            [
              76.656669,
              9.728053
            ],
            [
              76.654722,
              9.726053
            ],
            [
              76.654437,
              9.720746
            ],
            [
              76.651582,
              9.721053
            ],
            [
              76.653364,
              9.724053
            ],
            [
              76.653131,
              9.727268
            ],
            [
              76.652131,
              9.727081
            ],
            [
              76.653068,
              9.72699
            ],
            [
              76.652931,
              9.725053
            ],
            [
              76.651131,
              9.72246
            ],
            [
              76.650131,
              9.723419
            ],
            [
              76.648669,
              9.723591
            ],
            [
              76.648131,
              9.725975
            ],
            [
              76.647704,
              9.72448
            ],
            [
              76.645131,
              9.724617
            ],
            [
              76.644413,
              9.724053
            ],
            [
              76.645131,
              9.723134
            ],
            [
              76.645277,
              9.723906
            ],
            [
              76.646716,
              9.723638
            ],
            [
              76.646863,
              9.72232
            ],
            [
              76.646112,
              9.722071
            ],
            [
              76.646131,
              9.721353
            ],
            [
              76.646173,
              9.72201
            ],
            [
              76.647131,
              9.721916
            ],
            [
              76.647577,
              9.722606
            ],
            [
              76.649545,
              9.722467
            ],
            [
              76.649681,
              9.720053
            ],
            [
              76.647767,
              9.719416
            ],
            [
              76.646131,
              9.717266
            ],
            [
              76.644131,
              9.717112
            ],
            [
              76.644131,
              9.716201
            ],
            [
              76.647131,
              9.716791
            ],
            [
              76.648714,
              9.718469
            ],
            [
              76.650572,
              9.718611
            ],
            [
              76.651131,
              9.719572
            ],
            [
              76.651613,
              9.719053
            ],
            [
              76.648802,
              9.716053
            ],
            [
              76.648863,
              9.71332
            ],
            [
              76.648131,
              9.712618
            ],
            [
              76.650272,
              9.713911
            ],
            [
              76.651131,
              9.716637
            ],
            [
              76.651824,
              9.714053
            ],
            [
              76.651769,
              9.712053
            ],
            [
              76.650768,
              9.711053
            ],
            [
              76.650571,
              9.709612
            ],
            [
              76.649131,
              9.709596
            ],
            [
              76.648925,
              9.707847
            ],
            [
              76.650131,
              9.706993
            ],
            [
              76.651131,
              9.706923
            ],
            [
              76.651139,
              9.707053
            ],
            [
              76.651108,
              9.707075
            ],
            [
              76.650263,
              9.707185
            ],
            [
              76.650316,
              9.708053
            ],
            [
              76.652131,
              9.709642
            ],
            [
              76.653131,
              9.709633
            ],
            [
              76.654573,
              9.708053
            ],
            [
              76.65279,
              9.707393
            ],
            [
              76.652485,
              9.705699
            ],
            [
              76.650659,
              9.703053
            ],
            [
              76.652453,
              9.702375
            ],
            [
              76.653553,
              9.701053
            ],
            [
              76.652131,
              9.699578
            ],
            [
              76.649708,
              9.70163
            ],
            [
              76.648131,
              9.706567
            ],
            [
              76.647085,
              9.706053
            ],
            [
              76.64687,
              9.705053
            ],
            [
              76.648838,
              9.703053
            ],
            [
              76.648131,
              9.702275
            ],
            [
              76.646947,
              9.703236
            ],
            [
              76.646976,
              9.701898
            ],
            [
              76.648746,
              9.699053
            ],
            [
              76.646594,
              9.698516
            ],
            [
              76.646131,
              9.701011
            ],
            [
              76.645919,
              9.698053
            ],
            [
              76.646803,
              9.697053
            ],
            [
              76.645891,
              9.696053
            ],
            [
              76.64584,
              9.694343
            ],
            [
              76.644131,
              9.693921
            ],
            [
              76.646225,
              9.693958
            ],
            [
              76.646635,
              9.695549
            ],
            [
              76.648727,
              9.697456
            ],
            [
              76.651131,
              9.697576
            ],
            [
              76.654131,
              9.699473
            ],
            [
              76.654788,
              9.69771
            ],
            [
              76.657681,
              9.696053
            ],
            [
              76.657545,
              9.694638
            ],
            [
              76.655694,
              9.692489
            ],
            [
              76.653833,
              9.692053
            ],
            [
              76.65576,
              9.691682
            ],
            [
              76.656131,
              9.689621
            ],
            [
              76.656469,
              9.691714
            ],
            [
              76.657724,
              9.692053
            ],
            [
              76.657189,
              9.692111
            ],
            [
              76.657428,
              9.693053
            ],
            [
              76.658373,
              9.69381
            ],
            [
              76.65875,
              9.695433
            ],
            [
              76.661131,
              9.695718
            ],
            [
              76.66353,
              9.697653
            ],
            [
              76.663738,
              9.699053
            ],
            [
              76.662917,
              9.700266
            ],
            [
              76.664322,
              9.700244
            ],
            [
              76.666131,
              9.698355
            ],
            [
              76.668131,
              9.698338
            ],
            [
              76.671131,
              9.701313
            ],
            [
              76.671394,
              9.700053
            ],
            [
              76.670325,
              9.697858
            ],
            [
              76.667687,
              9.697496
            ],
            [
              76.666362,
              9.695821
            ],
            [
              76.664712,
              9.695472
            ],
            [
              76.662419,
              9.692764
            ],
            [
              76.658748,
              9.692435
            ],
            [
              76.658145,
              9.692053
            ],
            [
              76.658409,
              9.691331
            ],
            [
              76.661131,
              9.691518
            ],
            [
              76.663839,
              9.687761
            ],
            [
              76.665131,
              9.688604
            ],
            [
              76.666131,
              9.687657
            ],
            [
              76.666565,
              9.689053
            ],
            [
              76.665622,
              9.690053
            ],
            [
              76.666608,
              9.691053
            ],
            [
              76.664818,
              9.69174
            ],
            [
              76.664726,
              9.693053
            ],
            [
              76.668131,
              9.695379
            ],
            [
              76.669501,
              9.693053
            ],
            [
              76.669544,
              9.691053
            ],
            [
              76.668569,
              9.690053
            ],
            [
              76.668709,
              9.688053
            ],
            [
              76.669436,
              9.687747
            ],
            [
              76.670698,
              9.690053
            ],
            [
              76.670767,
              9.694053
            ],
            [
              76.669807,
              9.696053
            ],
            [
              76.671131,
              9.696344
            ],
            [
              76.672131,
              9.695376
            ],
            [
              76.674492,
              9.695053
            ],
            [
              76.673519,
              9.694053
            ],
            [
              76.674131,
              9.690567
            ],
            [
              76.675131,
              9.690485
            ],
            [
              76.675719,
              9.692464
            ],
            [
              76.677131,
              9.692747
            ],
            [
              76.680187,
              9.689997
            ],
            [
              76.680259,
              9.691181
            ],
            [
              76.679454,
              9.691376
            ],
            [
              76.679371,
              9.693053
            ],
            [
              76.678504,
              9.694053
            ],
            [
              76.680498,
              9.69442
            ],
            [
              76.680839,
              9.691761
            ],
            [
              76.681599,
              9.691521
            ],
            [
              76.681961,
              9.689883
            ],
            [
              76.682852,
              9.689774
            ],
            [
              76.683131,
              9.688308
            ],
            [
              76.683266,
              9.690053
            ],
            [
              76.681515,
              9.693053
            ],
            [
              76.682554,
              9.694053
            ],
            [
              76.681758,
              9.69468
            ],
            [
              76.681626,
              9.696053
            ],
            [
              76.683131,
              9.698457
            ],
            [
              76.684387,
              9.698309
            ],
            [
              76.684747,
              9.695669
            ],
            [
              76.686613,
              9.694053
            ],
            [
              76.686744,
              9.691053
            ],
            [
              76.684131,
              9.687992
            ],
            [
              76.686131,
              9.687897
            ],
            [
              76.686665,
              9.689518
            ],
            [
              76.687908,
              9.690053
            ],
            [
              76.687517,
              9.691053
            ],
            [
              76.688131,
              9.691627
            ],
            [
              76.690913,
              9.690053
            ],
            [
              76.690131,
              9.688153
            ],
            [
              76.692131,
              9.687947
            ],
            [
              76.692317,
              9.689053
            ],
            [
              76.691396,
              9.689318
            ],
            [
              76.691407,
              9.691053
            ],
            [
              76.692131,
              9.691851
            ],
            [
              76.692926,
              9.691848
            ],
            [
              76.693131,
              9.691075
            ],
            [
              76.693293,
              9.69189
            ],
            [
              76.692472,
              9.692394
            ],
            [
              76.692227,
              9.693956
            ],
            [
              76.694954,
              9.692876
            ],
            [
              76.695227,
              9.692053
            ],
            [
              76.695216,
              9.693138
            ],
            [
              76.693416,
              9.695053
            ],
            [
              76.694131,
              9.695735
            ],
            [
              76.696061,
              9.693983
            ],
            [
              76.698219,
              9.694141
            ],
            [
              76.700334,
              9.693053
            ],
            [
              76.699293,
              9.695215
            ],
            [
              76.697473,
              9.696053
            ],
            [
              76.698131,
              9.696853
            ],
            [
              76.699968,
              9.69689
            ],
            [
              76.700131,
              9.696262
            ],
            [
              76.700131,
              9.697996
            ],
            [
              76.695708,
              9.70163
            ],
            [
              76.693707,
              9.705053
            ],
            [
              76.695131,
              9.705478
            ],
            [
              76.69579,
              9.703712
            ],
            [
              76.697615,
              9.703568
            ],
            [
              76.69682,
              9.705363
            ],
            [
              76.698131,
              9.706569
            ],
            [
              76.699525,
              9.706447
            ],
            [
              76.699793,
              9.703053
            ],
            [
              76.699131,
              9.702469
            ],
            [
              76.697649,
              9.703534
            ],
            [
              76.697853,
              9.701775
            ],
            [
              76.699554,
              9.701476
            ],
            [
              76.701131,
              9.699824
            ],
            [
              76.702995,
              9.699917
            ],
            [
              76.703504,
              9.699053
            ],
            [
              76.703173,
              9.700095
            ],
            [
              76.702406,
              9.700328
            ],
            [
              76.701311,
              9.704233
            ],
            [
              76.700338,
              9.705053
            ],
            [
              76.702131,
              9.706773
            ],
            [
              76.703076,
              9.704998
            ],
            [
              76.704246,
              9.705053
            ],
            [
              76.703304,
              9.705226
            ],
            [
              76.704172,
              9.708094
            ],
            [
              76.702949,
              9.708234
            ],
            [
              76.702131,
              9.707332
            ],
            [
              76.697131,
              9.707551
            ],
            [
              76.69645,
              9.706733
            ],
            [
              76.695131,
              9.706627
            ],
            [
              76.694722,
              9.710053
            ],
            [
              76.695405,
              9.710327
            ],
            [
              76.696131,
              9.708503
            ],
            [
              76.696849,
              9.710334
            ],
            [
              76.698131,
              9.710505
            ],
            [
              76.699131,
              9.708621
            ],
            [
              76.700131,
              9.710553
            ],
            [
              76.700897,
              9.708819
            ],
            [
              76.702131,
              9.70875
            ],
            [
              76.704304,
              9.709879
            ],
            [
              76.705131,
              9.711751
            ],
            [
              76.707956,
              9.711878
            ],
            [
              76.708094,
              9.711016
            ],
            [
              76.708849,
              9.711053
            ],
            [
              76.708236,
              9.711158
            ],
            [
              76.708131,
              9.712958
            ],
            [
              76.706825,
              9.712358
            ],
            [
              76.704673,
              9.712595
            ],
            [
              76.70464,
              9.713543
            ],
            [
              76.706633,
              9.714053
            ],
            [
              76.706131,
              9.715192
            ],
            [
              76.705857,
              9.714326
            ],
            [
              76.702663,
              9.714585
            ],
            [
              76.702131,
              9.717841
            ],
            [
              76.70184,
              9.716343
            ],
            [
              76.700131,
              9.715404
            ],
            [
              76.698749,
              9.715671
            ],
            [
              76.698433,
              9.717355
            ],
            [
              76.696755,
              9.717677
            ],
            [
              76.697131,
              9.71869
            ],
            [
              76.699721,
              9.719053
            ],
            [
              76.698311,
              9.720053
            ],
            [
              76.698131,
              9.721872
            ],
            [
              76.697951,
              9.720053
            ],
            [
              76.696751,
              9.719673
            ],
            [
              76.697072,
              9.722053
            ],
            [
              76.695753,
              9.722675
            ],
            [
              76.694535,
              9.726053
            ],
            [
              76.696131,
              9.727857
            ],
            [
              76.69789,
              9.728053
            ],
            [
              76.698023,
              9.728945
            ],
            [
              76.697131,
              9.729164
            ],
            [
              76.696931,
              9.728252
            ],
            [
              76.694659,
              9.728581
            ],
            [
              76.694262,
              9.730184
            ],
            [
              76.693192,
              9.731053
            ],
            [
              76.693131,
              9.732524
            ],
            [
              76.691733,
              9.72945
            ],
            [
              76.689872,
              9.729053
            ],
            [
              76.691741,
              9.728663
            ],
            [
              76.692742,
              9.727053
            ],
            [
              76.690131,
              9.724524
            ],
            [
              76.686131,
              9.729818
            ],
            [
              76.685849,
              9.728334
            ],
            [
              76.68508,
              9.728103
            ],
            [
              76.685131,
              9.728014
            ],
            [
              76.686719,
              9.727641
            ],
            [
              76.685871,
              9.726053
            ],
            [
              76.687563,
              9.725485
            ],
            [
              76.689471,
              9.722712
            ],
            [
              76.684131,
              9.722562
            ],
            [
              76.683131,
              9.723518
            ],
            [
              76.682559,
              9.721624
            ],
            [
              76.680131,
              9.72072
            ],
            [
              76.679885,
              9.721298
            ],
            [
              76.680748,
              9.722053
            ],
            [
              76.679861,
              9.723322
            ],
            [
              76.681498,
              9.724685
            ],
            [
              76.682745,
              9.728439
            ],
            [
              76.684425,
              9.728758
            ],
            [
              76.684635,
              9.730549
            ],
            [
              76.686553,
              9.73063
            ],
            [
              76.686393,
              9.732053
            ],
            [
              76.685856,
              9.731327
            ],
            [
              76.684556,
              9.731478
            ],
            [
              76.683357,
              9.732279
            ],
            [
              76.683131,
              9.733699
            ],
            [
              76.682392,
              9.732053
            ],
            [
              76.68378,
              9.731702
            ],
            [
              76.683889,
              9.731053
            ],
            [
              76.683131,
              9.730368
            ],
            [
              76.681685,
              9.730607
            ],
            [
              76.680131,
              9.732306
            ],
            [
              76.679131,
              9.731407
            ],
            [
              76.676131,
              9.731296
            ],
            [
              76.674193,
              9.734115
            ],
            [
              76.673879,
              9.733304
            ],
            [
              76.672397,
              9.733319
            ],
            [
              76.672131,
              9.734892
            ],
            [
              76.671372,
              9.734053
            ],
            [
              76.672871,
              9.732053
            ],
            [
              76.671074,
              9.731053
            ],
            [
              76.671882,
              9.730804
            ],
            [
              76.67157,
              9.728613
            ],
            [
              76.667085,
              9.730098
            ],
            [
              76.668009,
              9.728931
            ],
            [
              76.669605,
              9.728527
            ],
            [
              76.67184,
              9.725762
            ],
            [
              76.673469,
              9.725391
            ],
            [
              76.673456,
              9.723727
            ],
            [
              76.668131,
              9.723641
            ],
            [
              76.667537,
              9.724459
            ],
            [
              76.666131,
              9.724675
            ],
            [
              76.665131,
              9.723698
            ],
            [
              76.661637,
              9.729053
            ],
            [
              76.661423,
              9.731345
            ],
            [
              76.659465,
              9.733053
            ],
            [
              76.660412,
              9.734053
            ],
            [
              76.660131,
              9.735265
            ]
          ]
        ],
        "type": "Polygon"
      },
      "type": "Feature"
    },
    {
      "properties": {
        "fill-opacity": 0.33,
        "fillColor": "#bf4040",
        "opacity": 0.33,
        "fill": "#bf4040",
        "fillOpacity": 0.33,
        "color": "#bf4040",
        "contour": 5.0,
        "metric": "distance",
        "provider_name": "Pizza Hut",
        "zone_type": "distance",
        "distance_km": 5,
        "mode": "motorcycle",
        "center_lat": 9.709053,
        "center_lon": 76.674131,
        "label": "5km"
      },
      "geometry": {
        "coordinates": [
          [
            [
              76.690131,
              9.741055
            ],
            [
              76.689916,
              9.737267
            ],
            [
              76.688498,
              9.737053
            ],
            [
              76.690617,
              9.736539
            ],
            [
              76.692642,
              9.733053
            ],
            [
              76.692605,
              9.731578
            ],
            [
              76.691771,
              9.731413
            ],
            [
              76.691131,
              9.729596
            ],
            [
              76.689788,
              9.72971
            ],
            [
              76.688552,
              9.731053
            ],
            [
              76.688413,
              9.732335
            ],
            [
              76.685682,
              9.733604
            ],
            [
              76.685151,
              9.737073
            ],
            [
              76.685008,
              9.736175
            ],
            [
              76.682749,
              9.735671
            ],
            [
              76.68266,
              9.737523
            ],
            [
              76.684286,
              9.737897
            ],
            [
              76.685131,
              9.739662
            ],
            [
              76.681131,
              9.737399
            ],
            [
              76.680266,
              9.739188
            ],
            [
              76.679434,
              9.739356
            ],
            [
              76.679131,
              9.74103
            ],
            [
              76.677876,
              9.739053
            ],
            [
              76.678838,
              9.73876
            ],
            [
              76.678828,
              9.737355
            ],
            [
              76.67762,
              9.737053
            ],
            [
              76.681552,
              9.736474
            ],
            [
              76.682614,
              9.733053
            ],
            [
              76.681593,
              9.731591
            ],
            [
              76.680131,
              9.732625
            ],
            [
              76.679131,
              9.73166
            ],
            [
              76.676131,
              9.731622
            ],
            [
              76.675503,
              9.733425
            ],
            [
              76.674131,
              9.734577
            ],
            [
              76.672823,
              9.733745
            ],
            [
              76.67159,
              9.736053
            ],
            [
              76.676132,
              9.738054
            ],
            [
              76.674131,
              9.738207
            ],
            [
              76.673131,
              9.73733
            ],
            [
              76.671179,
              9.741101
            ],
            [
              76.670131,
              9.741318
            ],
            [
              76.670186,
              9.740997
            ],
            [
              76.670979,
              9.740901
            ],
            [
              76.6709,
              9.739053
            ],
            [
              76.671826,
              9.738053
            ],
            [
              76.669711,
              9.737633
            ],
            [
              76.669326,
              9.739248
            ],
            [
              76.667402,
              9.740324
            ],
            [
              76.667131,
              9.74189
            ],
            [
              76.666225,
              9.741053
            ],
            [
              76.668595,
              9.738517
            ],
            [
              76.66887,
              9.735792
            ],
            [
              76.672556,
              9.732053
            ],
            [
              76.670616,
              9.731053
            ],
            [
              76.67158,
              9.730053
            ],
            [
              76.671131,
              9.728665
            ],
            [
              76.667131,
              9.731538
            ],
            [
              76.664737,
              9.731659
            ],
            [
              76.660131,
              9.736037
            ],
            [
              76.659364,
              9.735819
            ],
            [
              76.658403,
              9.73278
            ],
            [
              76.655131,
              9.72943
            ],
            [
              76.653509,
              9.730053
            ],
            [
              76.654422,
              9.731053
            ],
            [
              76.654526,
              9.732657
            ],
            [
              76.656143,
              9.73304
            ],
            [
              76.655881,
              9.733803
            ],
            [
              76.654131,
              9.7339
            ],
            [
              76.653744,
              9.731439
            ],
            [
              76.652799,
              9.731053
            ],
            [
              76.652131,
              9.729494
            ],
            [
              76.64932,
              9.733053
            ],
            [
              76.650131,
              9.734466
            ],
            [
              76.648089,
              9.734094
            ],
            [
              76.647785,
              9.733053
            ],
            [
              76.649805,
              9.731053
            ],
            [
              76.649975,
              9.726897
            ],
            [
              76.651131,
              9.728639
            ],
            [
              76.652598,
              9.726053
            ],
            [
              76.651131,
              9.722681
            ],
            [
              76.648703,
              9.724053
            ],
            [
              76.64859,
              9.727053
            ],
            [
              76.647556,
              9.728053
            ],
            [
              76.647471,
              9.730053
            ],
            [
              76.645515,
              9.731437
            ],
            [
              76.645131,
              9.733288
            ],
            [
              76.644956,
              9.731053
            ],
            [
              76.646745,
              9.729053
            ],
            [
              76.646131,
              9.727462
            ],
            [
              76.644712,
              9.727634
            ],
            [
              76.643199,
              9.731121
            ],
            [
              76.642241,
              9.731163
            ],
            [
              76.642131,
              9.731781
            ],
            [
              76.64202,
              9.731163
            ],
            [
              76.638256,
              9.729928
            ],
            [
              76.638276,
              9.728053
            ],
            [
              76.639629,
              9.727551
            ],
            [
              76.641851,
              9.724773
            ],
            [
              76.643638,
              9.724053
            ],
            [
              76.643515,
              9.721668
            ],
            [
              76.639915,
              9.720053
            ],
            [
              76.642131,
              9.71976
            ],
            [
              76.643544,
              9.720466
            ],
            [
              76.644131,
              9.715177
            ],
            [
              76.647514,
              9.716669
            ],
            [
              76.649131,
              9.718425
            ],
            [
              76.650488,
              9.718053
            ],
            [
              76.648732,
              9.716452
            ],
            [
              76.648571,
              9.714053
            ],
            [
              76.647619,
              9.713053
            ],
            [
              76.647678,
              9.711053
            ],
            [
              76.648713,
              9.710053
            ],
            [
              76.648458,
              9.708725
            ],
            [
              76.647131,
              9.708361
            ],
            [
              76.645703,
              9.709625
            ],
            [
              76.644294,
              9.712053
            ],
            [
              76.644131,
              9.714044
            ],
            [
              76.643948,
              9.711053
            ],
            [
              76.644576,
              9.709607
            ],
            [
              76.642476,
              9.709398
            ],
            [
              76.642159,
              9.711081
            ],
            [
              76.641342,
              9.711053
            ],
            [
              76.641723,
              9.709053
            ],
            [
              76.640658,
              9.708053
            ],
            [
              76.641131,
              9.706969
            ],
            [
              76.641262,
              9.707921
            ],
            [
              76.642232,
              9.707951
            ],
            [
              76.642484,
              9.7087
            ],
            [
              76.645131,
              9.708678
            ],
            [
              76.645708,
              9.708053
            ],
            [
              76.644708,
              9.707053
            ],
            [
              76.64459,
              9.704593
            ],
            [
              76.641984,
              9.704199
            ],
            [
              76.642131,
              9.702252
            ],
            [
              76.642394,
              9.703789
            ],
            [
              76.644568,
              9.70349
            ],
            [
              76.644646,
              9.701053
            ],
            [
              76.646533,
              9.697053
            ],
            [
              76.645435,
              9.694749
            ],
            [
              76.642733,
              9.696655
            ],
            [
              76.642355,
              9.698277
            ],
            [
              76.6414,
              9.699053
            ],
            [
              76.641078,
              9.702053
            ],
            [
              76.640266,
              9.701053
            ],
            [
              76.640889,
              9.700811
            ],
            [
              76.640832,
              9.698053
            ],
            [
              76.642664,
              9.695053
            ],
            [
              76.640131,
              9.693389
            ],
            [
              76.639317,
              9.694053
            ],
            [
              76.639131,
              9.696156
            ],
            [
              76.638802,
              9.694381
            ],
            [
              76.636849,
              9.694053
            ],
            [
              76.63872,
              9.693642
            ],
            [
              76.638649,
              9.692535
            ],
            [
              76.636174,
              9.692096
            ],
            [
              76.636131,
              9.692784
            ],
            [
              76.636117,
              9.692039
            ],
            [
              76.637031,
              9.691053
            ],
            [
              76.63693,
              9.690253
            ],
            [
              76.636109,
              9.690053
            ],
            [
              76.636131,
              9.689208
            ],
            [
              76.636177,
              9.690007
            ],
            [
              76.639131,
              9.689833
            ],
            [
              76.641012,
              9.688934
            ],
            [
              76.641375,
              9.688053
            ],
            [
              76.641167,
              9.689089
            ],
            [
              76.640419,
              9.689341
            ],
            [
              76.640697,
              9.691486
            ],
            [
              76.642131,
              9.691634
            ],
            [
              76.645131,
              9.693519
            ],
            [
              76.646867,
              9.692789
            ],
            [
              76.647038,
              9.69196
            ],
            [
              76.647463,
              9.69272
            ],
            [
              76.648649,
              9.692571
            ],
            [
              76.649854,
              9.691776
            ],
            [
              76.650131,
              9.690309
            ],
            [
              76.650668,
              9.692515
            ],
            [
              76.652131,
              9.692617
            ],
            [
              76.653664,
              9.691053
            ],
            [
              76.653791,
              9.688053
            ],
            [
              76.654858,
              9.687053
            ],
            [
              76.653986,
              9.686053
            ],
            [
              76.654113,
              9.685035
            ],
            [
              76.656131,
              9.687613
            ],
            [
              76.657131,
              9.686659
            ],
            [
              76.658577,
              9.686499
            ],
            [
              76.659131,
              9.682975
            ],
            [
              76.660684,
              9.683053
            ],
            [
              76.660165,
              9.683087
            ],
            [
              76.660412,
              9.684771
            ],
            [
              76.661185,
              9.685053
            ],
            [
              76.65953,
              9.685452
            ],
            [
              76.659397,
              9.687053
            ],
            [
              76.658442,
              9.688053
            ],
            [
              76.658756,
              9.690427
            ],
            [
              76.659523,
              9.690445
            ],
            [
              76.659931,
              9.688853
            ],
            [
              76.663779,
              9.686053
            ],
            [
              76.663552,
              9.687053
            ],
            [
              76.66496,
              9.687223
            ],
            [
              76.665126,
              9.688057
            ],
            [
              76.665431,
              9.687353
            ],
            [
              76.666995,
              9.688053
            ],
            [
              76.665793,
              9.690053
            ],
            [
              76.666787,
              9.691053
            ],
            [
              76.664917,
              9.691839
            ],
            [
              76.664842,
              9.693053
            ],
            [
              76.668131,
              9.695297
            ],
            [
              76.669401,
              9.693053
            ],
            [
              76.668448,
              9.68737
            ],
            [
              76.670268,
              9.68819
            ],
            [
              76.671103,
              9.688025
            ],
            [
              76.671725,
              9.686647
            ],
            [
              76.675856,
              9.686778
            ],
            [
              76.676062,
              9.685984
            ],
            [
              76.677131,
              9.685998
            ],
            [
              76.677123,
              9.686061
            ],
            [
              76.676321,
              9.686243
            ],
            [
              76.676213,
              9.687135
            ],
            [
              76.674638,
              9.68756
            ],
            [
              76.673508,
              9.689053
            ],
            [
              76.676131,
              9.689601
            ],
            [
              76.677389,
              9.688794
            ],
            [
              76.677408,
              9.69033
            ],
            [
              76.675652,
              9.691053
            ],
            [
              76.675876,
              9.692307
            ],
            [
              76.677131,
              9.692462
            ],
            [
              76.679445,
              9.690367
            ],
            [
              76.680691,
              9.688053
            ],
            [
              76.681078,
              9.682053
            ],
            [
              76.681132,
              9.682051
            ],
            [
              76.681465,
              9.686053
            ],
            [
              76.682131,
              9.686652
            ],
            [
              76.683131,
              9.685615
            ],
            [
              76.685536,
              9.685458
            ],
            [
              76.687131,
              9.683684
            ],
            [
              76.688358,
              9.683825
            ],
            [
              76.687576,
              9.686053
            ],
            [
              76.688528,
              9.687053
            ],
            [
              76.688765,
              9.689418
            ],
            [
              76.690415,
              9.690337
            ],
            [
              76.689632,
              9.689551
            ],
            [
              76.68972,
              9.682053
            ],
            [
              76.690687,
              9.682053
            ],
            [
              76.690598,
              9.687053
            ],
            [
              76.691131,
              9.687569
            ],
            [
              76.693769,
              9.685053
            ],
            [
              76.693778,
              9.682405
            ],
            [
              76.693062,
              9.681984
            ],
            [
              76.693832,
              9.681754
            ],
            [
              76.694131,
              9.680094
            ],
            [
              76.694311,
              9.682053
            ],
            [
              76.695516,
              9.683667
            ],
            [
              76.696785,
              9.683707
            ],
            [
              76.697073,
              9.682995
            ],
            [
              76.698131,
              9.682448
            ],
            [
              76.698172,
              9.683094
            ],
            [
              76.697322,
              9.683244
            ],
            [
              76.697256,
              9.684178
            ],
            [
              76.695671,
              9.685593
            ],
            [
              76.695687,
              9.686496
            ],
            [
              76.697131,
              9.687816
            ],
            [
              76.698948,
              9.68787
            ],
            [
              76.69909,
              9.687012
            ],
            [
              76.699712,
              9.687053
            ],
            [
              76.699794,
              9.688053
            ],
            [
              76.696131,
              9.688305
            ],
            [
              76.695131,
              9.68741
            ],
            [
              76.692781,
              9.687703
            ],
            [
              76.694592,
              9.690053
            ],
            [
              76.694628,
              9.69155
            ],
            [
              76.693801,
              9.691723
            ],
            [
              76.693667,
              9.692516
            ],
            [
              76.696131,
              9.690587
            ],
            [
              76.698569,
              9.690491
            ],
            [
              76.70055,
              9.688053
            ],
            [
              76.701171,
              9.688012
            ],
            [
              76.70128,
              9.689053
            ],
            [
              76.699456,
              9.691053
            ],
            [
              76.700131,
              9.691656
            ],
            [
              76.700827,
              9.690749
            ],
            [
              76.702601,
              9.690523
            ],
            [
              76.703054,
              9.688976
            ],
            [
              76.705056,
              9.689053
            ],
            [
              76.703384,
              9.689306
            ],
            [
              76.703282,
              9.691204
            ],
            [
              76.699679,
              9.695053
            ],
            [
              76.699654,
              9.695529
            ],
            [
              76.701131,
              9.695565
            ],
            [
              76.704131,
              9.693713
            ],
            [
              76.705356,
              9.693827
            ],
            [
              76.704379,
              9.695301
            ],
            [
              76.701778,
              9.6967
            ],
            [
              76.702591,
              9.698513
            ],
            [
              76.700131,
              9.698551
            ],
            [
              76.699497,
              9.699419
            ],
            [
              76.697852,
              9.699774
            ],
            [
              76.693918,
              9.70384
            ],
            [
              76.693833,
              9.705053
            ],
            [
              76.694333,
              9.705255
            ],
            [
              76.69771,
              9.701632
            ],
            [
              76.69939,
              9.701312
            ],
            [
              76.701131,
              9.699488
            ],
            [
              76.70245,
              9.699372
            ],
            [
              76.70486,
              9.696782
            ],
            [
              76.706578,
              9.6975
            ],
            [
              76.707992,
              9.696053
            ],
            [
              76.707981,
              9.695202
            ],
            [
              76.706911,
              9.695053
            ],
            [
              76.710131,
              9.694856
            ],
            [
              76.71028,
              9.695903
            ],
            [
              76.710978,
              9.696053
            ],
            [
              76.709324,
              9.696246
            ],
            [
              76.70922,
              9.697142
            ],
            [
              76.707131,
              9.698878
            ],
            [
              76.704773,
              9.698695
            ],
            [
              76.702823,
              9.700745
            ],
            [
              76.700739,
              9.706053
            ],
            [
              76.702422,
              9.706344
            ],
            [
              76.702783,
              9.704705
            ],
            [
              76.704503,
              9.704425
            ],
            [
              76.704907,
              9.702829
            ],
            [
              76.706131,
              9.702548
            ],
            [
              76.705337,
              9.707259
            ],
            [
              76.704131,
              9.708579
            ],
            [
              76.702699,
              9.708621
            ],
            [
              76.702862,
              9.709321
            ],
            [
              76.704514,
              9.709669
            ],
            [
              76.704859,
              9.711324
            ],
            [
              76.707131,
              9.711504
            ],
            [
              76.70847,
              9.710392
            ],
            [
              76.708825,
              9.708053
            ],
            [
              76.710131,
              9.705848
            ],
            [
              76.711131,
              9.707736
            ],
            [
              76.713131,
              9.707758
            ],
            [
              76.714131,
              9.706888
            ],
            [
              76.716762,
              9.707053
            ],
            [
              76.714484,
              9.707406
            ],
            [
              76.713439,
              9.709053
            ],
            [
              76.713632,
              9.710551
            ],
            [
              76.715926,
              9.711053
            ],
            [
              76.713574,
              9.711496
            ],
            [
              76.713362,
              9.712821
            ],
            [
              76.714377,
              9.713053
            ],
            [
              76.712131,
              9.714127
            ],
            [
              76.71207,
              9.712992
            ],
            [
              76.712883,
              9.712805
            ],
            [
              76.712624,
              9.711559
            ],
            [
              76.711131,
              9.71046
            ],
            [
              76.709778,
              9.7107
            ],
            [
              76.708651,
              9.712053
            ],
            [
              76.709424,
              9.713346
            ],
            [
              76.706801,
              9.714723
            ],
            [
              76.706344,
              9.717266
            ],
            [
              76.703403,
              9.718325
            ],
            [
              76.703131,
              9.720055
            ],
            [
              76.702603,
              9.71858
            ],
            [
              76.700752,
              9.719674
            ],
            [
              76.699426,
              9.722053
            ],
            [
              76.699527,
              9.722656
            ],
            [
              76.700999,
              9.723053
            ],
            [
              76.699131,
              9.723237
            ],
            [
              76.698441,
              9.724053
            ],
            [
              76.698622,
              9.728053
            ],
            [
              76.699514,
              9.728436
            ],
            [
              76.700827,
              9.727053
            ],
            [
              76.701131,
              9.723231
            ],
            [
              76.701451,
              9.728373
            ],
            [
              76.700548,
              9.72947
            ],
            [
              76.697583,
              9.730053
            ],
            [
              76.697465,
              9.734718
            ],
            [
              76.699262,
              9.735053
            ],
            [
              76.69672,
              9.736642
            ],
            [
              76.691696,
              9.736618
            ],
            [
              76.690131,
              9.741055
            ]
          ]
        ],
        "type": "Polygon"
      },
      "type": "Feature"
    },
    {
      "properties": {
        "fill-opacity": 0.33,
        "fillColor": "#bf4040",
        "opacity": 0.33,
        "fill": "#bf4040",
        "fillOpacity": 0.33,
        "color": "#bf4040",
        "contour": 6.0,
        "metric": "distance",
        "provider_name": "Pizza Hut",
        "zone_type": "distance",
        "distance_km": 6,
        "mode": "motorcycle",
        "center_lat": 9.709053,
        "center_lon": 76.674131,
        "label": "6km"
      },
      "geometry": {
        "coordinates": [
          [
            [
              76.677131,
              9.745386
            ],
            [
              76.676751,
              9.744053
            ],
            [
              76.678631,
              9.741053
            ],
            [
              76.677131,
              9.740475
            ],
            [
              76.675131,
              9.741376
            ],
            [
              76.674805,
              9.740053
            ],
            [
              76.676522,
              9.739444
            ],
            [
              76.676662,
              9.738584
            ],
            [
              76.678438,
              9.73836
            ],
            [
              76.678131,
              9.737585
            ],
            [
              76.677131,
              9.737517
            ],
            [
              76.676131,
              9.738553
            ],
            [
              76.674131,
              9.738594
            ],
            [
              76.672857,
              9.737779
            ],
            [
              76.670131,
              9.744414
            ],
            [
              76.668871,
              9.744312
            ],
            [
              76.668131,
              9.742538
            ],
            [
              76.665687,
              9.743496
            ],
            [
              76.665475,
              9.741709
            ],
            [
              76.664131,
              9.740438
            ],
            [
              76.663312,
              9.742234
            ],
            [
              76.661458,
              9.74238
            ],
            [
              76.661131,
              9.744161
            ],
            [
              76.660978,
              9.742053
            ],
            [
              76.662612,
              9.741534
            ],
            [
              76.66279,
              9.740053
            ],
            [
              76.657693,
              9.73649
            ],
            [
              76.657687,
              9.735609
            ],
            [
              76.659436,
              9.735053
            ],
            [
              76.658324,
              9.732859
            ],
            [
              76.655131,
              9.729669
            ],
            [
              76.653747,
              9.730053
            ],
            [
              76.654834,
              9.732349
            ],
            [
              76.657431,
              9.733752
            ],
            [
              76.657567,
              9.735489
            ],
            [
              76.654409,
              9.735331
            ],
            [
              76.654254,
              9.736053
            ],
            [
              76.656491,
              9.737693
            ],
            [
              76.656599,
              9.739584
            ],
            [
              76.658865,
              9.740053
            ],
            [
              76.658131,
              9.741071
            ],
            [
              76.657939,
              9.740244
            ],
            [
              76.655485,
              9.740407
            ],
            [
              76.655191,
              9.742113
            ],
            [
              76.654952,
              9.742053
            ],
            [
              76.654802,
              9.740381
            ],
            [
              76.653291,
              9.740213
            ],
            [
              76.653131,
              9.740722
            ],
            [
              76.65203,
              9.740053
            ],
            [
              76.652966,
              9.739888
            ],
            [
              76.653032,
              9.737151
            ],
            [
              76.651727,
              9.737053
            ],
            [
              76.653796,
              9.736718
            ],
            [
              76.654065,
              9.735118
            ],
            [
              76.653484,
              9.732053
            ],
            [
              76.652131,
              9.729694
            ],
            [
              76.650741,
              9.730663
            ],
            [
              76.650709,
              9.732053
            ],
            [
              76.649683,
              9.733053
            ],
            [
              76.650836,
              9.734053
            ],
            [
              76.650749,
              9.735671
            ],
            [
              76.649814,
              9.735736
            ],
            [
              76.649893,
              9.737053
            ],
            [
              76.647131,
              9.739385
            ],
            [
              76.646916,
              9.737838
            ],
            [
              76.649644,
              9.735053
            ],
            [
              76.647131,
              9.733534
            ],
            [
              76.644709,
              9.734631
            ],
            [
              76.644131,
              9.738435
            ],
            [
              76.642062,
              9.738121
            ],
            [
              76.641985,
              9.737053
            ],
            [
              76.640131,
              9.735446
            ],
            [
              76.638966,
              9.738218
            ],
            [
              76.638587,
              9.735596
            ],
            [
              76.636993,
              9.735053
            ],
            [
              76.637854,
              9.734053
            ],
            [
              76.637131,
              9.733396
            ],
            [
              76.633131,
              9.737375
            ],
            [
              76.632892,
              9.735291
            ],
            [
              76.632102,
              9.735081
            ],
            [
              76.631978,
              9.734053
            ],
            [
              76.63217,
              9.734092
            ],
            [
              76.632223,
              9.73496
            ],
            [
              76.633131,
              9.734917
            ],
            [
              76.634048,
              9.73297
            ],
            [
              76.63557,
              9.733492
            ],
            [
              76.637637,
              9.730053
            ],
            [
              76.637805,
              9.727727
            ],
            [
              76.639416,
              9.727338
            ],
            [
              76.641709,
              9.724631
            ],
            [
              76.643361,
              9.724283
            ],
            [
              76.643481,
              9.722053
            ],
            [
              76.639703,
              9.72048
            ],
            [
              76.640037,
              9.719053
            ],
            [
              76.639081,
              9.718053
            ],
            [
              76.6398,
              9.717722
            ],
            [
              76.63978,
              9.715053
            ],
            [
              76.636998,
              9.714185
            ],
            [
              76.63687,
              9.712313
            ],
            [
              76.636008,
              9.71193
            ],
            [
              76.636131,
              9.711042
            ],
            [
              76.63628,
              9.711903
            ],
            [
              76.637131,
              9.711932
            ],
            [
              76.638757,
              9.711679
            ],
            [
              76.639222,
              9.710961
            ],
            [
              76.639378,
              9.7123
            ],
            [
              76.638407,
              9.713053
            ],
            [
              76.639131,
              9.7137
            ],
            [
              76.640656,
              9.712053
            ],
            [
              76.640718,
              9.710053
            ],
            [
              76.639815,
              9.709368
            ],
            [
              76.63965,
              9.708053
            ],
            [
              76.640628,
              9.707053
            ],
            [
              76.63793,
              9.706253
            ],
            [
              76.637754,
              9.703053
            ],
            [
              76.640444,
              9.700366
            ],
            [
              76.640612,
              9.697571
            ],
            [
              76.638768,
              9.69769
            ],
            [
              76.638527,
              9.699053
            ],
            [
              76.639467,
              9.700389
            ],
            [
              76.636666,
              9.700588
            ],
            [
              76.635131,
              9.704189
            ],
            [
              76.634581,
              9.702053
            ],
            [
              76.635725,
              9.701647
            ],
            [
              76.635655,
              9.700528
            ],
            [
              76.634308,
              9.70023
            ],
            [
              76.634131,
              9.700944
            ],
            [
              76.633312,
              9.700053
            ],
            [
              76.634886,
              9.699808
            ],
            [
              76.633799,
              9.696053
            ],
            [
              76.636604,
              9.691053
            ],
            [
              76.635131,
              9.689521
            ],
            [
              76.633732,
              9.689654
            ],
            [
              76.633245,
              9.693167
            ],
            [
              76.631215,
              9.693137
            ],
            [
              76.631131,
              9.693785
            ],
            [
              76.63109,
              9.693012
            ],
            [
              76.632762,
              9.692684
            ],
            [
              76.632577,
              9.690606
            ],
            [
              76.631649,
              9.690571
            ],
            [
              76.630131,
              9.692166
            ],
            [
              76.630613,
              9.68957
            ],
            [
              76.627228,
              9.689053
            ],
            [
              76.629675,
              9.688597
            ],
            [
              76.629834,
              9.687349
            ],
            [
              76.629131,
              9.686539
            ],
            [
              76.630131,
              9.68565
            ],
            [
              76.630641,
              9.688542
            ],
            [
              76.636131,
              9.688554
            ],
            [
              76.639131,
              9.69047
            ],
            [
              76.639771,
              9.688693
            ],
            [
              76.641665,
              9.687053
            ],
            [
              76.640131,
              9.685369
            ],
            [
              76.637055,
              9.685128
            ],
            [
              76.637131,
              9.683526
            ],
            [
              76.637376,
              9.684808
            ],
            [
              76.638131,
              9.684842
            ],
            [
              76.639801,
              9.683723
            ],
            [
              76.640131,
              9.682104
            ],
            [
              76.640306,
              9.684053
            ],
            [
              76.641131,
              9.684699
            ],
            [
              76.642637,
              9.683559
            ],
            [
              76.643025,
              9.681947
            ],
            [
              76.643975,
              9.681897
            ],
            [
              76.644131,
              9.680854
            ],
            [
              76.644206,
              9.682053
            ],
            [
              76.643345,
              9.683053
            ],
            [
              76.644408,
              9.684053
            ],
            [
              76.644472,
              9.686394
            ],
            [
              76.643551,
              9.687053
            ],
            [
              76.644581,
              9.687503
            ],
            [
              76.646713,
              9.685635
            ],
            [
              76.647131,
              9.684307
            ],
            [
              76.647575,
              9.685608
            ],
            [
              76.648378,
              9.685806
            ],
            [
              76.64842,
              9.687053
            ],
            [
              76.647516,
              9.688053
            ],
            [
              76.648131,
              9.692487
            ],
            [
              76.649611,
              9.691053
            ],
            [
              76.649822,
              9.688744
            ],
            [
              76.653723,
              9.684645
            ],
            [
              76.655859,
              9.685324
            ],
            [
              76.656131,
              9.687412
            ],
            [
              76.658398,
              9.68632
            ],
            [
              76.658483,
              9.682701
            ],
            [
              76.657683,
              9.682605
            ],
            [
              76.657208,
              9.68413
            ],
            [
              76.656131,
              9.684746
            ],
            [
              76.656083,
              9.684005
            ],
            [
              76.656881,
              9.683803
            ],
            [
              76.656629,
              9.680554
            ],
            [
              76.65525,
              9.680172
            ],
            [
              76.655131,
              9.68067
            ],
            [
              76.654904,
              9.679279
            ],
            [
              76.65377,
              9.679053
            ],
            [
              76.657373,
              9.67881
            ],
            [
              76.657688,
              9.680495
            ],
            [
              76.658536,
              9.680458
            ],
            [
              76.658802,
              9.679053
            ],
            [
              76.657886,
              9.678297
            ],
            [
              76.658091,
              9.675092
            ],
            [
              76.657458,
              9.675053
            ],
            [
              76.658099,
              9.675021
            ],
            [
              76.658324,
              9.677053
            ],
            [
              76.659405,
              9.678053
            ],
            [
              76.660131,
              9.683516
            ],
            [
              76.660841,
              9.680763
            ],
            [
              76.66291,
              9.678832
            ],
            [
              76.664681,
              9.678603
            ],
            [
              76.666131,
              9.677001
            ],
            [
              76.666247,
              9.677937
            ],
            [
              76.665274,
              9.679196
            ],
            [
              76.663676,
              9.679598
            ],
            [
              76.663406,
              9.682053
            ],
            [
              76.662611,
              9.682533
            ],
            [
              76.66153,
              9.685452
            ],
            [
              76.66004,
              9.685962
            ],
            [
              76.659979,
              9.687053
            ],
            [
              76.658864,
              9.687786
            ],
            [
              76.659131,
              9.690414
            ],
            [
              76.660523,
              9.689445
            ],
            [
              76.660656,
              9.687578
            ],
            [
              76.664131,
              9.68458
            ],
            [
              76.666444,
              9.684739
            ],
            [
              76.666378,
              9.6863
            ],
            [
              76.66573,
              9.686453
            ],
            [
              76.665131,
              9.685502
            ],
            [
              76.664626,
              9.686053
            ],
            [
              76.665863,
              9.68732
            ],
            [
              76.668131,
              9.687656
            ],
            [
              76.669131,
              9.686667
            ],
            [
              76.670469,
              9.687391
            ],
            [
              76.670819,
              9.685741
            ],
            [
              76.672792,
              9.683053
            ],
            [
              76.671726,
              9.681457
            ],
            [
              76.670131,
              9.6815
            ],
            [
              76.669797,
              9.680053
            ],
            [
              76.671171,
              9.680012
            ],
            [
              76.673416,
              9.682053
            ],
            [
              76.672811,
              9.686372
            ],
            [
              76.675437,
              9.686359
            ],
            [
              76.676644,
              9.685053
            ],
            [
              76.675794,
              9.682053
            ],
            [
              76.67683,
              9.681053
            ],
            [
              76.676807,
              9.679376
            ],
            [
              76.676144,
              9.679053
            ],
            [
              76.677082,
              9.678004
            ],
            [
              76.678131,
              9.677599
            ],
            [
              76.678163,
              9.678085
            ],
            [
              76.677292,
              9.678214
            ],
            [
              76.677533,
              9.683053
            ],
            [
              76.680131,
              9.683679
            ],
            [
              76.680605,
              9.683053
            ],
            [
              76.679637,
              9.682053
            ],
            [
              76.679691,
              9.681053
            ],
            [
              76.680883,
              9.678805
            ],
            [
              76.682994,
              9.676916
            ],
            [
              76.684949,
              9.676871
            ],
            [
              76.685563,
              9.676053
            ],
            [
              76.685186,
              9.677108
            ],
            [
              76.68357,
              9.677492
            ],
            [
              76.681562,
              9.680053
            ],
            [
              76.682131,
              9.686427
            ],
            [
              76.683131,
              9.685412
            ],
            [
              76.685131,
              9.685428
            ],
            [
              76.686393,
              9.684315
            ],
            [
              76.686131,
              9.683205
            ],
            [
              76.685218,
              9.68314
            ],
            [
              76.68521,
              9.684132
            ],
            [
              76.685099,
              9.684021
            ],
            [
              76.685062,
              9.683121
            ],
            [
              76.68476,
              9.683053
            ],
            [
              76.686759,
              9.682681
            ],
            [
              76.687131,
              9.681808
            ],
            [
              76.693461,
              9.680383
            ],
            [
              76.695724,
              9.678053
            ],
            [
              76.695131,
              9.677329
            ],
            [
              76.693051,
              9.677132
            ],
            [
              76.693131,
              9.676057
            ],
            [
              76.69337,
              9.676813
            ],
            [
              76.695131,
              9.675844
            ],
            [
              76.696573,
              9.676495
            ],
            [
              76.696892,
              9.674291
            ],
            [
              76.696051,
              9.673973
            ],
            [
              76.697131,
              9.673149
            ],
            [
              76.697495,
              9.674688
            ],
            [
              76.698838,
              9.67476
            ],
            [
              76.699131,
              9.673663
            ],
            [
              76.700458,
              9.674053
            ],
            [
              76.699346,
              9.674268
            ],
            [
              76.699396,
              9.675787
            ],
            [
              76.700229,
              9.676053
            ],
            [
              76.699416,
              9.676338
            ],
            [
              76.699165,
              9.678087
            ],
            [
              76.697668,
              9.67859
            ],
            [
              76.697587,
              9.680596
            ],
            [
              76.698876,
              9.680798
            ],
            [
              76.699067,
              9.679989
            ],
            [
              76.700087,
              9.680053
            ],
            [
              76.699301,
              9.681053
            ],
            [
              76.702131,
              9.682792
            ],
            [
              76.703901,
              9.681823
            ],
            [
              76.704131,
              9.680435
            ],
            [
              76.704242,
              9.682053
            ],
            [
              76.702449,
              9.684053
            ],
            [
              76.703131,
              9.684694
            ],
            [
              76.703859,
              9.683781
            ],
            [
              76.705786,
              9.683708
            ],
            [
              76.706048,
              9.68297
            ],
            [
              76.707131,
              9.682367
            ],
            [
              76.707166,
              9.683088
            ],
            [
              76.706372,
              9.683294
            ],
            [
              76.70624,
              9.684162
            ],
            [
              76.70444,
              9.685053
            ],
            [
              76.706762,
              9.689421
            ],
            [
              76.707533,
              9.689455
            ],
            [
              76.710131,
              9.686827
            ],
            [
              76.711993,
              9.686915
            ],
            [
              76.712131,
              9.68618
            ],
            [
              76.712175,
              9.687097
            ],
            [
              76.710554,
              9.687476
            ],
            [
              76.707727,
              9.690649
            ],
            [
              76.707502,
              9.692053
            ],
            [
              76.708763,
              9.69342
            ],
            [
              76.710131,
              9.693572
            ],
            [
              76.713318,
              9.690865
            ],
            [
              76.713331,
              9.692253
            ],
            [
              76.71064,
              9.695053
            ],
            [
              76.714394,
              9.695789
            ],
            [
              76.71566,
              9.697523
            ],
            [
              76.717131,
              9.697757
            ],
            [
              76.717131,
              9.698499
            ],
            [
              76.714947,
              9.698236
            ],
            [
              76.713131,
              9.696485
            ],
            [
              76.710131,
              9.696596
            ],
            [
              76.707603,
              9.699053
            ],
            [
              76.707131,
              9.701445
            ],
            [
              76.706417,
              9.698766
            ],
            [
              76.704898,
              9.69882
            ],
            [
              76.70292,
              9.700842
            ],
            [
              76.702831,
              9.702053
            ],
            [
              76.700824,
              9.705053
            ],
            [
              76.702333,
              9.706255
            ],
            [
              76.70268,
              9.704602
            ],
            [
              76.704369,
              9.704291
            ],
            [
              76.70473,
              9.702652
            ],
            [
              76.706483,
              9.7017
            ],
            [
              76.705791,
              9.707053
            ],
            [
              76.704577,
              9.708499
            ],
            [
              76.702839,
              9.709053
            ],
            [
              76.704598,
              9.709585
            ],
            [
              76.704938,
              9.711246
            ],
            [
              76.707131,
              9.711364
            ],
            [
              76.70848,
              9.710053
            ],
            [
              76.70854,
              9.708053
            ],
            [
              76.709553,
              9.707053
            ],
            [
              76.709732,
              9.705654
            ],
            [
              76.710502,
              9.705681
            ],
            [
              76.711131,
              9.707463
            ],
            [
              76.714575,
              9.707497
            ],
            [
              76.714767,
              9.706689
            ],
            [
              76.717494,
              9.705416
            ],
            [
              76.717131,
              9.704367
            ],
            [
              76.714131,
              9.704179
            ],
            [
              76.714008,
              9.703175
            ],
            [
              76.713047,
              9.703053
            ],
            [
              76.715865,
              9.702787
            ],
            [
              76.716131,
              9.700983
            ],
            [
              76.716257,
              9.703053
            ],
            [
              76.717131,
              9.703738
            ],
            [
              76.720625,
              9.702547
            ],
            [
              76.721136,
              9.700047
            ],
            [
              76.721565,
              9.702618
            ],
            [
              76.722949,
              9.702871
            ],
            [
              76.723105,
              9.702027
            ],
            [
              76.723773,
              9.702053
            ],
            [
              76.724368,
              9.704053
            ],
            [
              76.723285,
              9.704207
            ],
            [
              76.723213,
              9.705135
            ],
            [
              76.721629,
              9.705551
            ],
            [
              76.720339,
              9.707261
            ],
            [
              76.718131,
              9.706501
            ],
            [
              76.717131,
              9.70754
            ],
            [
              76.714687,
              9.707609
            ],
            [
              76.713722,
              9.709053
            ],
            [
              76.713845,
              9.710338
            ],
            [
              76.715131,
              9.710535
            ],
            [
              76.719462,
              9.707721
            ],
            [
              76.718702,
              9.711481
            ],
            [
              76.721204,
              9.711979
            ],
            [
              76.721255,
              9.712928
            ],
            [
              76.722213,
              9.713053
            ],
            [
              76.722131,
              9.714348
            ],
            [
              76.719625,
              9.714547
            ],
            [
              76.719522,
              9.715661
            ],
            [
              76.720202,
              9.716125
            ],
            [
              76.719131,
              9.717146
            ],
            [
              76.717298,
              9.71722
            ],
            [
              76.717131,
              9.71831
            ],
            [
              76.717048,
              9.717053
            ],
            [
              76.717842,
              9.716764
            ],
            [
              76.717839,
              9.715053
            ],
            [
              76.714788,
              9.71371
            ],
            [
              76.712574,
              9.716053
            ],
            [
              76.712641,
              9.718542
            ],
            [
              76.714094,
              9.720053
            ],
            [
              76.712131,
              9.72075
            ],
            [
              76.711629,
              9.719554
            ],
            [
              76.710643,
              9.719565
            ],
            [
              76.710454,
              9.72073
            ],
            [
              76.711531,
              9.721453
            ],
            [
              76.709816,
              9.722367
            ],
            [
              76.709653,
              9.71953
            ],
            [
              76.708019,
              9.719053
            ],
            [
              76.710131,
              9.718775
            ],
            [
              76.710776,
              9.718053
            ],
            [
              76.708002,
              9.717053
            ],
            [
              76.709131,
              9.715801
            ],
            [
              76.711524,
              9.716446
            ],
            [
              76.711653,
              9.715053
            ],
            [
              76.710659,
              9.714053
            ],
            [
              76.712576,
              9.712053
            ],
            [
              76.711393,
              9.710791
            ],
            [
              76.710131,
              9.7107
            ],
            [
              76.708807,
              9.712053
            ],
            [
              76.709558,
              9.71348
            ],
            [
              76.70691,
              9.714832
            ],
            [
              76.706527,
              9.717449
            ],
            [
              76.703675,
              9.718597
            ],
            [
              76.70365,
              9.720533
            ],
            [
              76.705284,
              9.721899
            ],
            [
              76.705623,
              9.724053
            ],
            [
              76.703131,
              9.724467
            ],
            [
              76.702131,
              9.723518
            ],
            [
              76.70165,
              9.724053
            ],
            [
              76.701866,
              9.728317
            ],
            [
              76.703131,
              9.728494
            ],
            [
              76.704131,
              9.727528
            ],
            [
              76.704655,
              9.728053
            ],
            [
              76.703844,
              9.730339
            ],
            [
              76.706478,
              9.7304
            ],
            [
              76.70576,
              9.729053
            ],
            [
              76.70738,
              9.725803
            ],
            [
              76.707773,
              9.73141
            ],
            [
              76.709613,
              9.730535
            ],
            [
              76.710085,
              9.728007
            ],
            [
              76.711131,
              9.72772
            ],
            [
              76.711025,
              9.728158
            ],
            [
              76.710281,
              9.728203
            ],
            [
              76.710669,
              9.731514
            ],
            [
              76.713131,
              9.730899
            ],
            [
              76.713734,
              9.732053
            ],
            [
              76.713131,
              9.732946
            ],
            [
              76.712931,
              9.732252
            ],
            [
              76.710131,
              9.732401
            ],
            [
              76.709131,
              9.733444
            ],
            [
              76.707768,
              9.73269
            ],
            [
              76.706499,
              9.735053
            ],
            [
              76.708266,
              9.735917
            ],
            [
              76.708301,
              9.737053
            ],
            [
              76.707131,
              9.73632
            ],
            [
              76.705646,
              9.736568
            ],
            [
              76.705242,
              9.738164
            ],
            [
              76.704348,
              9.73827
            ],
            [
              76.704131,
              9.739632
            ],
            [
              76.704025,
              9.738053
            ],
            [
              76.704788,
              9.73771
            ],
            [
              76.704878,
              9.736053
            ],
            [
              76.703946,
              9.735053
            ],
            [
              76.705561,
              9.734483
            ],
            [
              76.705639,
              9.732053
            ],
            [
              76.705131,
              9.73159
            ],
            [
              76.702843,
              9.732765
            ],
            [
              76.701668,
              9.734053
            ],
            [
              76.70263,
              9.735053
            ],
            [
              76.702404,
              9.738326
            ],
            [
              76.701736,
              9.738447
            ],
            [
              76.701492,
              9.736691
            ],
            [
              76.698806,
              9.735728
            ],
            [
              76.698747,
              9.737436
            ],
            [
              76.70037,
              9.737813
            ],
            [
              76.70049,
              9.738412
            ],
            [
              76.698737,
              9.738659
            ],
            [
              76.698051,
              9.741053
            ],
            [
              76.698421,
              9.742053
            ],
            [
              76.695426,
              9.742348
            ],
            [
              76.695131,
              9.743945
            ],
            [
              76.694798,
              9.742385
            ],
            [
              76.693581,
              9.741602
            ],
            [
              76.692131,
              9.742436
            ],
            [
              76.688722,
              9.742461
            ],
            [
              76.688513,
              9.74167
            ],
            [
              76.685917,
              9.741266
            ],
            [
              76.68343,
              9.738753
            ],
            [
              76.680722,
              9.737644
            ],
            [
              76.679601,
              9.742053
            ],
            [
              76.677131,
              9.745386
            ]
          ]
        ],
        "type": "Polygon"
      },
      "type": "Feature"
    }
  ]
}