{
  "type": "FeatureCollection",
  "metadata": {
    "provider_name": "KFC",
    "center_lat": 12.113275,
    "center_lon": 75.218432,
    "mode": "motorcycle",
    "total_zones": 4,
    "distance_zones": [
      3,
      4,
      5,
      6
    ],
    "generated_at": "2025-12-29T06:17:29.887279Z"
  },
  "features": [
    {
      "properties": {
        "fill-opacity": 0.33,
        "fillColor": "#bf4040",
        "opacity": 0.33,
        "fill": "#bf4040",
        "fillOpacity": 0.33,
        "color": "#bf4040",
        "contour": 3.0,
        "metric": "distance",
        "provider_name": "KFC",
        "zone_type": "distance",
        "distance_km": 3,
        "mode": "motorcycle",
        "center_lat": 12.113275,
        "center_lon": 75.218432,
        "label": "3km"
      },
      "geometry": {
        "coordinates": [
          [
            [
              75.215432,
              12.138227
            ],
            [
              75.214809,
              12.136897
            ],
            [
              75.212346,
              12.135275
            ],
            [
              75.212819,
              12.134275
            ],
            [
              75.210911,
              12.131275
            ],
            [
              75.210934,
              12.129772
            ],
            [
              75.207902,
              12.129275
            ],
            [
              75.209222,
              12.129065
            ],
            [
              75.211153,
              12.126996
            ],
            [
              75.210916,
              12.12479
            ],
            [
              75.209977,
              12.12482
            ],
            [
              75.209616,
              12.126459
            ],
            [
              75.208553,
              12.127396
            ],
            [
              75.207432,
              12.125587
            ],
            [
              75.206003,
              12.127275
            ],
            [
              75.20599,
              12.128275
            ],
            [
              75.203802,
              12.128275
            ],
            [
              75.203432,
              12.127178
            ],
            [
              75.205913,
              12.125756
            ],
            [
              75.205889,
              12.124817
            ],
            [
              75.201798,
              12.124275
            ],
            [
              75.201212,
              12.122494
            ],
            [
              75.200276,
              12.122275
            ],
            [
              75.19987,
              12.120275
            ],
            [
              75.201072,
              12.119915
            ],
            [
              75.200973,
              12.118733
            ],
            [
              75.199615,
              12.118458
            ],
            [
              75.199432,
              12.119576
            ],
            [
              75.198816,
              12.11789
            ],
            [
              75.197735,
              12.117275
            ],
            [
              75.197875,
              12.115275
            ],
            [
              75.199011,
              12.114275
            ],
            [
              75.198359,
              12.113202
            ],
            [
              75.201108,
              12.112951
            ],
            [
              75.201375,
              12.110275
            ],
            [
              75.200242,
              12.109275
            ],
            [
              75.200811,
              12.107275
            ],
            [
              75.200495,
              12.106211
            ],
            [
              75.199432,
              12.1059
            ],
            [
              75.199269,
              12.102438
            ],
            [
              75.197968,
              12.102275
            ],
            [
              75.199311,
              12.102154
            ],
            [
              75.200432,
              12.100353
            ],
            [
              75.200586,
              12.10112
            ],
            [
              75.202432,
              12.100986
            ],
            [
              75.202834,
              12.101872
            ],
            [
              75.203907,
              12.10175
            ],
            [
              75.204314,
              12.098275
            ],
            [
              75.20562,
              12.097275
            ],
            [
              75.205027,
              12.096275
            ],
            [
              75.205432,
              12.095775
            ],
            [
              75.207432,
              12.095131
            ],
            [
              75.207663,
              12.096043
            ],
            [
              75.209218,
              12.096061
            ],
            [
              75.210432,
              12.093932
            ],
            [
              75.212592,
              12.096435
            ],
            [
              75.210855,
              12.096698
            ],
            [
              75.210965,
              12.097741
            ],
            [
              75.213846,
              12.096689
            ],
            [
              75.214432,
              12.092184
            ],
            [
              75.214917,
              12.094789
            ],
            [
              75.216551,
              12.095275
            ],
            [
              75.216584,
              12.096427
            ],
            [
              75.214829,
              12.097275
            ],
            [
              75.21584,
              12.098275
            ],
            [
              75.216116,
              12.10159
            ],
            [
              75.21676,
              12.101603
            ],
            [
              75.217131,
              12.099974
            ],
            [
              75.217883,
              12.100275
            ],
            [
              75.21793,
              12.102275
            ],
            [
              75.217145,
              12.103561
            ],
            [
              75.218846,
              12.103689
            ],
            [
              75.219029,
              12.101872
            ],
            [
              75.219834,
              12.101872
            ],
            [
              75.221051,
              12.103275
            ],
            [
              75.221205,
              12.105501
            ],
            [
              75.222432,
              12.106585
            ],
            [
              75.22277,
              12.105275
            ],
            [
              75.222006,
              12.103849
            ],
            [
              75.223432,
              12.103632
            ],
            [
              75.224432,
              12.104616
            ],
            [
              75.225821,
              12.103275
            ],
            [
              75.222131,
              12.101575
            ],
            [
              75.22215,
              12.097275
            ],
            [
              75.221355,
              12.096275
            ],
            [
              75.221432,
              12.095284
            ],
            [
              75.221602,
              12.096104
            ],
            [
              75.22265,
              12.096275
            ],
            [
              75.223068,
              12.100638
            ],
            [
              75.225432,
              12.100755
            ],
            [
              75.226432,
              12.101699
            ],
            [
              75.227089,
              12.099932
            ],
            [
              75.230957,
              12.099275
            ],
            [
              75.230069,
              12.097275
            ],
            [
              75.231075,
              12.096275
            ],
            [
              75.230848,
              12.092275
            ],
            [
              75.231432,
              12.091219
            ],
            [
              75.231595,
              12.092111
            ],
            [
              75.232954,
              12.092275
            ],
            [
              75.232757,
              12.093275
            ],
            [
              75.231766,
              12.093609
            ],
            [
              75.231731,
              12.095275
            ],
            [
              75.232765,
              12.096275
            ],
            [
              75.232065,
              12.098641
            ],
            [
              75.233842,
              12.098685
            ],
            [
              75.235432,
              12.095845
            ],
            [
              75.236432,
              12.097047
            ],
            [
              75.23708,
              12.096923
            ],
            [
              75.237432,
              12.095445
            ],
            [
              75.239381,
              12.096326
            ],
            [
              75.239401,
              12.097275
            ],
            [
              75.237793,
              12.097636
            ],
            [
              75.237574,
              12.098417
            ],
            [
              75.235767,
              12.099275
            ],
            [
              75.236432,
              12.100048
            ],
            [
              75.239059,
              12.100275
            ],
            [
              75.235954,
              12.100797
            ],
            [
              75.234739,
              12.103275
            ],
            [
              75.235432,
              12.104937
            ],
            [
              75.237401,
              12.103244
            ],
            [
              75.238432,
              12.103176
            ],
            [
              75.238452,
              12.104254
            ],
            [
              75.239952,
              12.105275
            ],
            [
              75.239881,
              12.106275
            ],
            [
              75.239432,
              12.106837
            ],
            [
              75.239271,
              12.105435
            ],
            [
              75.237432,
              12.105498
            ],
            [
              75.236655,
              12.107275
            ],
            [
              75.237432,
              12.108088
            ],
            [
              75.239116,
              12.107275
            ],
            [
              75.239432,
              12.108499
            ],
            [
              75.237778,
              12.109621
            ],
            [
              75.237432,
              12.111585
            ],
            [
              75.236959,
              12.109747
            ],
            [
              75.235432,
              12.1096
            ],
            [
              75.234432,
              12.108669
            ],
            [
              75.231432,
              12.108761
            ],
            [
              75.230432,
              12.107807
            ],
            [
              75.229432,
              12.108828
            ],
            [
              75.227432,
              12.108855
            ],
            [
              75.225432,
              12.106923
            ],
            [
              75.224715,
              12.108558
            ],
            [
              75.223432,
              12.107958
            ],
            [
              75.221157,
              12.110275
            ],
            [
              75.22322,
              12.112486
            ],
            [
              75.225432,
              12.112623
            ],
            [
              75.226432,
              12.113641
            ],
            [
              75.229432,
              12.110711
            ],
            [
              75.230432,
              12.111728
            ],
            [
              75.232763,
              12.111944
            ],
            [
              75.235432,
              12.114946
            ],
            [
              75.238144,
              12.114987
            ],
            [
              75.238521,
              12.114185
            ],
            [
              75.239372,
              12.114275
            ],
            [
              75.239725,
              12.115275
            ],
            [
              75.234432,
              12.115627
            ],
            [
              75.231432,
              12.112797
            ],
            [
              75.229432,
              12.112843
            ],
            [
              75.227432,
              12.114893
            ],
            [
              75.225432,
              12.114926
            ],
            [
              75.224432,
              12.113942
            ],
            [
              75.222138,
              12.115275
            ],
            [
              75.222096,
              12.119275
            ],
            [
              75.225432,
              12.119678
            ],
            [
              75.226432,
              12.118731
            ],
            [
              75.227432,
              12.119718
            ],
            [
              75.228432,
              12.118772
            ],
            [
              75.229115,
              12.120591
            ],
            [
              75.231432,
              12.122858
            ],
            [
              75.234432,
              12.123002
            ],
            [
              75.235432,
              12.122083
            ],
            [
              75.235809,
              12.122897
            ],
            [
              75.237831,
              12.123275
            ],
            [
              75.233432,
              12.123601
            ],
            [
              75.232432,
              12.12458
            ],
            [
              75.231432,
              12.123691
            ],
            [
              75.230432,
              12.12467
            ],
            [
              75.229432,
              12.124635
            ],
            [
              75.229071,
              12.124275
            ],
            [
              75.229979,
              12.123275
            ],
            [
              75.228121,
              12.121964
            ],
            [
              75.22799,
              12.126716
            ],
            [
              75.229432,
              12.128009
            ],
            [
              75.232443,
              12.128263
            ],
            [
              75.230749,
              12.128592
            ],
            [
              75.230432,
              12.130192
            ],
            [
              75.23005,
              12.128656
            ],
            [
              75.227989,
              12.128832
            ],
            [
              75.227741,
              12.130275
            ],
            [
              75.228899,
              12.131275
            ],
            [
              75.229221,
              12.133064
            ],
            [
              75.228432,
              12.133974
            ],
            [
              75.227432,
              12.133282
            ],
            [
              75.227122,
              12.130275
            ],
            [
              75.225836,
              12.12887
            ],
            [
              75.224793,
              12.129275
            ],
            [
              75.224645,
              12.131488
            ],
            [
              75.221994,
              12.130275
            ],
            [
              75.223131,
              12.129275
            ],
            [
              75.222087,
              12.127275
            ],
            [
              75.223798,
              12.126641
            ],
            [
              75.223754,
              12.125953
            ],
            [
              75.220134,
              12.125977
            ],
            [
              75.219942,
              12.127275
            ],
            [
              75.220847,
              12.128275
            ],
            [
              75.219466,
              12.129275
            ],
            [
              75.219493,
              12.130275
            ],
            [
              75.219411,
              12.130254
            ],
            [
              75.219356,
              12.12935
            ],
            [
              75.217783,
              12.129626
            ],
            [
              75.217795,
              12.132275
            ],
            [
              75.219432,
              12.133029
            ],
            [
              75.220432,
              12.132114
            ],
            [
              75.222032,
              12.133275
            ],
            [
              75.219876,
              12.133719
            ],
            [
              75.219725,
              12.134981
            ],
            [
              75.221171,
              12.135275
            ],
            [
              75.220432,
              12.136585
            ],
            [
              75.220223,
              12.135483
            ],
            [
              75.219344,
              12.135363
            ],
            [
              75.218924,
              12.133782
            ],
            [
              75.215986,
              12.133829
            ],
            [
              75.215794,
              12.135912
            ],
            [
              75.217452,
              12.136275
            ],
            [
              75.215734,
              12.136577
            ],
            [
              75.215432,
              12.138227
            ]
          ]
        ],
        "type": "Polygon"
      },
      "type": "Feature"
    },
    {
      "properties": {
        "fill-opacity": 0.33,
        "fillColor": "#bf4040",
        "opacity": 0.33,
        "fill": "#bf4040",
        "fillOpacity": 0.33,
        "color": "#bf4040",
        "contour": 4.0,
        "metric": "distance",
        "provider_name": "KFC",
        "zone_type": "distance",
        "distance_km": 4,
        "mode": "motorcycle",
        "center_lat": 12.113275,
        "center_lon": 75.218432,
        "label": "4km"
      },
      "geometry": {
        "coordinates": [
          [
            [
              75.214432,
              12.146911
            ],
            [
              75.211432,
              12.144275
            ],
            [
              75.211686,
              12.143275
            ],
            [
              75.207717,
              12.140275
            ],
            [
              75.209972,
              12.139815
            ],
            [
              75.209154,
              12.138275
            ],
            [
              75.210099,
              12.137275
            ],
            [
              75.209828,
              12.135879
            ],
            [
              75.208432,
              12.135629
            ],
            [
              75.207432,
              12.136718
            ],
            [
              75.205432,
              12.136322
            ],
            [
              75.204432,
              12.135346
            ],
            [
              75.202313,
              12.135393
            ],
            [
              75.201432,
              12.133533
            ],
            [
              75.1994,
              12.134307
            ],
            [
              75.19848,
              12.133275
            ],
            [
              75.198842,
              12.125864
            ],
            [
              75.196836,
              12.125679
            ],
            [
              75.195432,
              12.127331
            ],
            [
              75.195318,
              12.126388
            ],
            [
              75.194622,
              12.126275
            ],
            [
              75.196131,
              12.125974
            ],
            [
              75.196342,
              12.124364
            ],
            [
              75.195432,
              12.124381
            ],
            [
              75.194725,
              12.124568
            ],
            [
              75.194432,
              12.126132
            ],
            [
              75.194199,
              12.123507
            ],
            [
              75.195131,
              12.122275
            ],
            [
              75.193357,
              12.121275
            ],
            [
              75.194952,
              12.120795
            ],
            [
              75.195214,
              12.119057
            ],
            [
              75.196942,
              12.117275
            ],
            [
              75.196981,
              12.115275
            ],
            [
              75.196069,
              12.114275
            ],
            [
              75.197059,
              12.113275
            ],
            [
              75.197066,
              12.110275
            ],
            [
              75.195984,
              12.109827
            ],
            [
              75.194432,
              12.111426
            ],
            [
              75.194094,
              12.109612
            ],
            [
              75.192381,
              12.108325
            ],
            [
              75.19402,
              12.106863
            ],
            [
              75.194432,
              12.104458
            ],
            [
              75.194918,
              12.106788
            ],
            [
              75.195927,
              12.10677
            ],
            [
              75.196251,
              12.105275
            ],
            [
              75.194491,
              12.104275
            ],
            [
              75.195073,
              12.102275
            ],
            [
              75.194104,
              12.100947
            ],
            [
              75.194844,
              12.100687
            ],
            [
              75.194857,
              12.099849
            ],
            [
              75.193952,
              12.099795
            ],
            [
              75.193699,
              12.100542
            ],
            [
              75.191432,
              12.100396
            ],
            [
              75.192098,
              12.098608
            ],
            [
              75.190815,
              12.098275
            ],
            [
              75.192116,
              12.097959
            ],
            [
              75.193432,
              12.096174
            ],
            [
              75.193753,
              12.096953
            ],
            [
              75.195058,
              12.096901
            ],
            [
              75.195432,
              12.09488
            ],
            [
              75.195849,
              12.096857
            ],
            [
              75.198035,
              12.096878
            ],
            [
              75.198432,
              12.094638
            ],
            [
              75.199432,
              12.095018
            ],
            [
              75.200345,
              12.094275
            ],
            [
              75.199037,
              12.093275
            ],
            [
              75.200874,
              12.092717
            ],
            [
              75.201432,
              12.089245
            ],
            [
              75.202432,
              12.088711
            ],
            [
              75.203619,
              12.091462
            ],
            [
              75.205534,
              12.090377
            ],
            [
              75.205377,
              12.089275
            ],
            [
              75.207944,
              12.088787
            ],
            [
              75.208056,
              12.08765
            ],
            [
              75.206412,
              12.086275
            ],
            [
              75.207432,
              12.08552
            ],
            [
              75.207725,
              12.086981
            ],
            [
              75.209295,
              12.087138
            ],
            [
              75.209432,
              12.086483
            ],
            [
              75.209791,
              12.087915
            ],
            [
              75.213363,
              12.088275
            ],
            [
              75.212631,
              12.089275
            ],
            [
              75.213432,
              12.090011
            ],
            [
              75.214048,
              12.089891
            ],
            [
              75.214432,
              12.088367
            ],
            [
              75.215057,
              12.091649
            ],
            [
              75.219633,
              12.092073
            ],
            [
              75.219432,
              12.093564
            ],
            [
              75.218432,
              12.092627
            ],
            [
              75.215107,
              12.09295
            ],
            [
              75.215144,
              12.094562
            ],
            [
              75.216786,
              12.09492
            ],
            [
              75.216996,
              12.096275
            ],
            [
              75.215056,
              12.097275
            ],
            [
              75.21606,
              12.098275
            ],
            [
              75.216217,
              12.101489
            ],
            [
              75.217001,
              12.099844
            ],
            [
              75.218077,
              12.100275
            ],
            [
              75.218098,
              12.102275
            ],
            [
              75.217231,
              12.103475
            ],
            [
              75.218725,
              12.103568
            ],
            [
              75.218954,
              12.101797
            ],
            [
              75.219909,
              12.101797
            ],
            [
              75.221156,
              12.103275
            ],
            [
              75.221263,
              12.105444
            ],
            [
              75.222432,
              12.106512
            ],
            [
              75.222684,
              12.105275
            ],
            [
              75.221942,
              12.103785
            ],
            [
              75.225712,
              12.103275
            ],
            [
              75.221786,
              12.101275
            ],
            [
              75.220994,
              12.093275
            ],
            [
              75.222042,
              12.092275
            ],
            [
              75.222381,
              12.087275
            ],
            [
              75.22285,
              12.093275
            ],
            [
              75.221931,
              12.095275
            ],
            [
              75.222993,
              12.096275
            ],
            [
              75.223065,
              12.100275
            ],
            [
              75.225432,
              12.100599
            ],
            [
              75.226432,
              12.101573
            ],
            [
              75.226983,
              12.099826
            ],
            [
              75.230776,
              12.099275
            ],
            [
              75.229821,
              12.097275
            ],
            [
              75.230823,
              12.096275
            ],
            [
              75.230885,
              12.093275
            ],
            [
              75.228996,
              12.092275
            ],
            [
              75.229972,
              12.091275
            ],
            [
              75.229027,
              12.090275
            ],
            [
              75.229109,
              12.088275
            ],
            [
              75.228225,
              12.086275
            ],
            [
              75.229149,
              12.085992
            ],
            [
              75.229432,
              12.084154
            ],
            [
              75.229754,
              12.088275
            ],
            [
              75.230854,
              12.088697
            ],
            [
              75.232081,
              12.087275
            ],
            [
              75.232119,
              12.085587
            ],
            [
              75.231383,
              12.085275
            ],
            [
              75.233079,
              12.084923
            ],
            [
              75.233432,
              12.083344
            ],
            [
              75.233624,
              12.084082
            ],
            [
              75.235556,
              12.084275
            ],
            [
              75.235432,
              12.085681
            ],
            [
              75.234432,
              12.085436
            ],
            [
              75.233688,
              12.086275
            ],
            [
              75.234432,
              12.087127
            ],
            [
              75.235947,
              12.087275
            ],
            [
              75.235993,
              12.091713
            ],
            [
              75.238015,
              12.091858
            ],
            [
              75.238432,
              12.090304
            ],
            [
              75.238856,
              12.09185
            ],
            [
              75.240262,
              12.092105
            ],
            [
              75.240432,
              12.091527
            ],
            [
              75.241432,
              12.092353
            ],
            [
              75.241775,
              12.093618
            ],
            [
              75.240844,
              12.094275
            ],
            [
              75.241432,
              12.094845
            ],
            [
              75.242072,
              12.093915
            ],
            [
              75.243909,
              12.093752
            ],
            [
              75.244432,
              12.091471
            ],
            [
              75.245432,
              12.091531
            ],
            [
              75.246432,
              12.092714
            ],
            [
              75.247432,
              12.092586
            ],
            [
              75.245685,
              12.097275
            ],
            [
              75.244431,
              12.097275
            ],
            [
              75.244231,
              12.095275
            ],
            [
              75.243432,
              12.09461
            ],
            [
              75.241851,
              12.096275
            ],
            [
              75.242766,
              12.098275
            ],
            [
              75.242651,
              12.100275
            ],
            [
              75.240883,
              12.104275
            ],
            [
              75.243729,
              12.107275
            ],
            [
              75.242518,
              12.11036
            ],
            [
              75.241432,
              12.11117
            ],
            [
              75.239908,
              12.109798
            ],
            [
              75.238121,
              12.109964
            ],
            [
              75.237944,
              12.111275
            ],
            [
              75.23891,
              12.112275
            ],
            [
              75.237913,
              12.113756
            ],
            [
              75.236171,
              12.113535
            ],
            [
              75.236953,
              12.112275
            ],
            [
              75.236432,
              12.111759
            ],
            [
              75.233986,
              12.112829
            ],
            [
              75.235432,
              12.114676
            ],
            [
              75.240432,
              12.11379
            ],
            [
              75.242966,
              12.115275
            ],
            [
              75.234432,
              12.115882
            ],
            [
              75.231656,
              12.113051
            ],
            [
              75.229432,
              12.112973
            ],
            [
              75.226432,
              12.115006
            ],
            [
              75.224432,
              12.114025
            ],
            [
              75.223946,
              12.114789
            ],
            [
              75.222278,
              12.115121
            ],
            [
              75.22218,
              12.119275
            ],
            [
              75.225432,
              12.119562
            ],
            [
              75.226432,
              12.118588
            ],
            [
              75.227432,
              12.119582
            ],
            [
              75.228432,
              12.118607
            ],
            [
              75.229217,
              12.120489
            ],
            [
              75.231432,
              12.122643
            ],
            [
              75.234432,
              12.122696
            ],
            [
              75.235432,
              12.121722
            ],
            [
              75.236432,
              12.122739
            ],
            [
              75.238432,
              12.122792
            ],
            [
              75.240191,
              12.120275
            ],
            [
              75.23941,
              12.119253
            ],
            [
              75.240544,
              12.119162
            ],
            [
              75.242432,
              12.121059
            ],
            [
              75.243432,
              12.120174
            ],
            [
              75.244323,
              12.120166
            ],
            [
              75.244432,
              12.119244
            ],
            [
              75.244468,
              12.120311
            ],
            [
              75.243648,
              12.120491
            ],
            [
              75.242708,
              12.122275
            ],
            [
              75.244654,
              12.125052
            ],
            [
              75.246158,
              12.125275
            ],
            [
              75.245432,
              12.125769
            ],
            [
              75.244432,
              12.125612
            ],
            [
              75.244034,
              12.124672
            ],
            [
              75.241006,
              12.124849
            ],
            [
              75.240888,
              12.126818
            ],
            [
              75.243379,
              12.127275
            ],
            [
              75.241722,
              12.127565
            ],
            [
              75.241432,
              12.128971
            ],
            [
              75.241101,
              12.127605
            ],
            [
              75.239864,
              12.127707
            ],
            [
              75.239432,
              12.129284
            ],
            [
              75.238966,
              12.12774
            ],
            [
              75.23791,
              12.127753
            ],
            [
              75.237432,
              12.130056
            ],
            [
              75.237186,
              12.12852
            ],
            [
              75.235432,
              12.127666
            ],
            [
              75.233432,
              12.127739
            ],
            [
              75.232766,
              12.128609
            ],
            [
              75.231122,
              12.128965
            ],
            [
              75.231099,
              12.129607
            ],
            [
              75.232872,
              12.130275
            ],
            [
              75.231073,
              12.130916
            ],
            [
              75.231064,
              12.132642
            ],
            [
              75.237923,
              12.133275
            ],
            [
              75.236742,
              12.133585
            ],
            [
              75.234432,
              12.137262
            ],
            [
              75.234007,
              12.135699
            ],
            [
              75.232956,
              12.135799
            ],
            [
              75.232432,
              12.137088
            ],
            [
              75.231884,
              12.135822
            ],
            [
              75.231017,
              12.13586
            ],
            [
              75.231003,
              12.136703
            ],
            [
              75.232432,
              12.137491
            ],
            [
              75.233372,
              12.137215
            ],
            [
              75.234343,
              12.137275
            ],
            [
              75.233484,
              12.137327
            ],
            [
              75.232861,
              12.139275
            ],
            [
              75.233675,
              12.140275
            ],
            [
              75.233464,
              12.141275
            ],
            [
              75.233366,
              12.14034
            ],
            [
              75.232334,
              12.140372
            ],
            [
              75.232072,
              12.139634
            ],
            [
              75.229292,
              12.139414
            ],
            [
              75.228432,
              12.136379
            ],
            [
              75.224432,
              12.136641
            ],
            [
              75.222714,
              12.139992
            ],
            [
              75.223457,
              12.140249
            ],
            [
              75.223735,
              12.141971
            ],
            [
              75.224758,
              12.142275
            ],
            [
              75.224586,
              12.143275
            ],
            [
              75.222745,
              12.143588
            ],
            [
              75.222432,
              12.14542
            ],
            [
              75.222113,
              12.143593
            ],
            [
              75.219545,
              12.143388
            ],
            [
              75.216663,
              12.144506
            ],
            [
              75.214432,
              12.146911
            ]
          ]
        ],
        "type": "Polygon"
      },
      "type": "Feature"
    },
    {
      "properties": {
        "fill-opacity": 0.33,
        "fillColor": "#bf4040",
        "opacity": 0.33,
        "fill": "#bf4040",
        "fillOpacity": 0.33,
        "color": "#bf4040",
        "contour": 5.0,
        "metric": "distance",
        "provider_name": "KFC",
        "zone_type": "distance",
        "distance_km": 5,
        "mode": "motorcycle",
        "center_lat": 12.113275,
        "center_lon": 75.218432,
        "label": "5km"
      },
      "geometry": {
        "coordinates": [
          [
            [
              75.210432,
              12.155431
            ],
            [
              75.209593,
              12.153275
            ],
            [
              75.211033,
              12.152876
            ],
            [
              75.210963,
              12.151744
            ],
            [
              75.208789,
              12.151275
            ],
            [
              75.21057,
              12.149136
            ],
            [
              75.208143,
              12.147563
            ],
            [
              75.207432,
              12.145474
            ],
            [
              75.206432,
              12.14635
            ],
            [
              75.204432,
              12.145801
            ],
            [
              75.203902,
              12.142804
            ],
            [
              75.202824,
              12.142667
            ],
            [
              75.202432,
              12.143324
            ],
            [
              75.200693,
              12.142275
            ],
            [
              75.20129,
              12.142133
            ],
            [
              75.201042,
              12.140664
            ],
            [
              75.199285,
              12.140275
            ],
            [
              75.19981,
              12.136896
            ],
            [
              75.197085,
              12.136275
            ],
            [
              75.199432,
              12.135847
            ],
            [
              75.19977,
              12.134936
            ],
            [
              75.198432,
              12.133773
            ],
            [
              75.191766,
              12.133275
            ],
            [
              75.193213,
              12.133056
            ],
            [
              75.193283,
              12.132275
            ],
            [
              75.191835,
              12.127871
            ],
            [
              75.189962,
              12.127805
            ],
            [
              75.190026,
              12.130275
            ],
            [
              75.189432,
              12.130339
            ],
            [
              75.189017,
              12.128689
            ],
            [
              75.187912,
              12.128275
            ],
            [
              75.188964,
              12.127807
            ],
            [
              75.188917,
              12.126789
            ],
            [
              75.187632,
              12.126475
            ],
            [
              75.187432,
              12.127218
            ],
            [
              75.187432,
              12.123987
            ],
            [
              75.187722,
              12.124984
            ],
            [
              75.191432,
              12.12688
            ],
            [
              75.192175,
              12.125018
            ],
            [
              75.193766,
              12.125609
            ],
            [
              75.193102,
              12.124275
            ],
            [
              75.194843,
              12.122275
            ],
            [
              75.192912,
              12.121275
            ],
            [
              75.19472,
              12.120563
            ],
            [
              75.195033,
              12.118876
            ],
            [
              75.196769,
              12.117275
            ],
            [
              75.196786,
              12.115275
            ],
            [
              75.195821,
              12.114275
            ],
            [
              75.197756,
              12.113275
            ],
            [
              75.196852,
              12.112275
            ],
            [
              75.196687,
              12.110019
            ],
            [
              75.194432,
              12.111815
            ],
            [
              75.193732,
              12.109974
            ],
            [
              75.191912,
              12.108275
            ],
            [
              75.193885,
              12.106275
            ],
            [
              75.194822,
              12.102275
            ],
            [
              75.193843,
              12.100863
            ],
            [
              75.191077,
              12.100629
            ],
            [
              75.191877,
              12.099275
            ],
            [
              75.191432,
              12.098795
            ],
            [
              75.189051,
              12.098894
            ],
            [
              75.188432,
              12.100646
            ],
            [
              75.187432,
              12.099602
            ],
            [
              75.185451,
              12.099294
            ],
            [
              75.185829,
              12.100877
            ],
            [
              75.187758,
              12.100948
            ],
            [
              75.186635,
              12.102275
            ],
            [
              75.186432,
              12.104566
            ],
            [
              75.186098,
              12.102608
            ],
            [
              75.184094,
              12.102275
            ],
            [
              75.183432,
              12.101133
            ],
            [
              75.185094,
              12.100937
            ],
            [
              75.185379,
              12.099275
            ],
            [
              75.187432,
              12.097912
            ],
            [
              75.19174,
              12.097583
            ],
            [
              75.191862,
              12.095844
            ],
            [
              75.189283,
              12.095423
            ],
            [
              75.188152,
              12.093275
            ],
            [
              75.189432,
              12.092851
            ],
            [
              75.190951,
              12.094755
            ],
            [
              75.192824,
              12.094667
            ],
            [
              75.193762,
              12.092944
            ],
            [
              75.193659,
              12.092047
            ],
            [
              75.191581,
              12.090275
            ],
            [
              75.192296,
              12.090139
            ],
            [
              75.192427,
              12.08927
            ],
            [
              75.194208,
              12.089051
            ],
            [
              75.194432,
              12.088025
            ],
            [
              75.196432,
              12.091078
            ],
            [
              75.197432,
              12.090355
            ],
            [
              75.198432,
              12.090937
            ],
            [
              75.199812,
              12.090655
            ],
            [
              75.199822,
              12.087884
            ],
            [
              75.197935,
              12.087778
            ],
            [
              75.197432,
              12.089931
            ],
            [
              75.197223,
              12.087066
            ],
            [
              75.200839,
              12.086867
            ],
            [
              75.201432,
              12.087811
            ],
            [
              75.201822,
              12.086884
            ],
            [
              75.199126,
              12.084969
            ],
            [
              75.200656,
              12.084499
            ],
            [
              75.201432,
              12.083436
            ],
            [
              75.202432,
              12.085864
            ],
            [
              75.203691,
              12.085275
            ],
            [
              75.203516,
              12.084275
            ],
            [
              75.204915,
              12.083758
            ],
            [
              75.204432,
              12.082523
            ],
            [
              75.203783,
              12.082626
            ],
            [
              75.203432,
              12.084042
            ],
            [
              75.201597,
              12.082275
            ],
            [
              75.203129,
              12.081972
            ],
            [
              75.203432,
              12.081067
            ],
            [
              75.204432,
              12.082026
            ],
            [
              75.205126,
              12.081275
            ],
            [
              75.202691,
              12.079275
            ],
            [
              75.203432,
              12.077878
            ],
            [
              75.203585,
              12.079121
            ],
            [
              75.206459,
              12.079247
            ],
            [
              75.207432,
              12.081093
            ],
            [
              75.209204,
              12.080047
            ],
            [
              75.210432,
              12.081115
            ],
            [
              75.213432,
              12.079913
            ],
            [
              75.214134,
              12.080275
            ],
            [
              75.213551,
              12.080394
            ],
            [
              75.213835,
              12.081871
            ],
            [
              75.216974,
              12.082275
            ],
            [
              75.215669,
              12.082512
            ],
            [
              75.215844,
              12.083862
            ],
            [
              75.216598,
              12.084275
            ],
            [
              75.215518,
              12.086361
            ],
            [
              75.21491,
              12.084796
            ],
            [
              75.213826,
              12.085275
            ],
            [
              75.214064,
              12.086643
            ],
            [
              75.214823,
              12.086883
            ],
            [
              75.215006,
              12.091275
            ],
            [
              75.219432,
              12.091685
            ],
            [
              75.220016,
              12.093275
            ],
            [
              75.219432,
              12.093859
            ],
            [
              75.218432,
              12.092881
            ],
            [
              75.215213,
              12.093056
            ],
            [
              75.215231,
              12.094476
            ],
            [
              75.216886,
              12.09482
            ],
            [
              75.217128,
              12.096275
            ],
            [
              75.215158,
              12.097275
            ],
            [
              75.216161,
              12.098275
            ],
            [
              75.216269,
              12.101437
            ],
            [
              75.216939,
              12.099782
            ],
            [
              75.21817,
              12.100275
            ],
            [
              75.218181,
              12.102275
            ],
            [
              75.217277,
              12.103429
            ],
            [
              75.218658,
              12.103501
            ],
            [
              75.218874,
              12.101717
            ],
            [
              75.219989,
              12.101717
            ],
            [
              75.221215,
              12.103275
            ],
            [
              75.221227,
              12.105275
            ],
            [
              75.222432,
              12.106466
            ],
            [
              75.221851,
              12.103694
            ],
            [
              75.223432,
              12.103483
            ],
            [
              75.224432,
              12.104478
            ],
            [
              75.22565,
              12.103275
            ],
            [
              75.221693,
              12.101275
            ],
            [
              75.221726,
              12.097275
            ],
            [
              75.220756,
              12.096275
            ],
            [
              75.220792,
              12.093275
            ],
            [
              75.221811,
              12.092275
            ],
            [
              75.22209,
              12.086933
            ],
            [
              75.222944,
              12.087275
            ],
            [
              75.223064,
              12.093275
            ],
            [
              75.222098,
              12.095275
            ],
            [
              75.223127,
              12.096275
            ],
            [
              75.223258,
              12.100448
            ],
            [
              75.225432,
              12.10052
            ],
            [
              75.226432,
              12.101504
            ],
            [
              75.226925,
              12.099768
            ],
            [
              75.230688,
              12.099275
            ],
            [
              75.229712,
              12.097275
            ],
            [
              75.230713,
              12.096275
            ],
            [
              75.230743,
              12.093275
            ],
            [
              75.228792,
              12.092275
            ],
            [
              75.229783,
              12.091275
            ],
            [
              75.227859,
              12.087275
            ],
            [
              75.228902,
              12.085275
            ],
            [
              75.229432,
              12.07532
            ],
            [
              75.230695,
              12.077011
            ],
            [
              75.234482,
              12.077224
            ],
            [
              75.234432,
              12.078052
            ],
            [
              75.23431,
              12.077396
            ],
            [
              75.232852,
              12.077695
            ],
            [
              75.232774,
              12.079275
            ],
            [
              75.233432,
              12.07988
            ],
            [
              75.234432,
              12.078311
            ],
            [
              75.236516,
              12.07819
            ],
            [
              75.238747,
              12.07959
            ],
            [
              75.239432,
              12.078806
            ],
            [
              75.241432,
              12.078463
            ],
            [
              75.242863,
              12.080275
            ],
            [
              75.241737,
              12.08058
            ],
            [
              75.241824,
              12.089667
            ],
            [
              75.24105,
              12.089893
            ],
            [
              75.241083,
              12.090623
            ],
            [
              75.241803,
              12.090646
            ],
            [
              75.242036,
              12.089879
            ],
            [
              75.246432,
              12.089828
            ],
            [
              75.247432,
              12.088001
            ],
            [
              75.248571,
              12.088275
            ],
            [
              75.247762,
              12.089275
            ],
            [
              75.248432,
              12.090832
            ],
            [
              75.249834,
              12.090677
            ],
            [
              75.251432,
              12.089087
            ],
            [
              75.252612,
              12.089275
            ],
            [
              75.249912,
              12.091755
            ],
            [
              75.250591,
              12.094275
            ],
            [
              75.248043,
              12.096886
            ],
            [
              75.247593,
              12.100436
            ],
            [
              75.245688,
              12.101275
            ],
            [
              75.245432,
              12.104338
            ],
            [
              75.245175,
              12.101275
            ],
            [
              75.244062,
              12.100275
            ],
            [
              75.243876,
              12.095275
            ],
            [
              75.243432,
              12.094875
            ],
            [
              75.242185,
              12.096028
            ],
            [
              75.242988,
              12.100275
            ],
            [
              75.241077,
              12.104275
            ],
            [
              75.243823,
              12.106883
            ],
            [
              75.244009,
              12.108275
            ],
            [
              75.241432,
              12.111763
            ],
            [
              75.23971,
              12.109996
            ],
            [
              75.23822,
              12.110063
            ],
            [
              75.239089,
              12.112275
            ],
            [
              75.238092,
              12.113615
            ],
            [
              75.240432,
              12.113615
            ],
            [
              75.241432,
              12.114628
            ],
            [
              75.242272,
              12.114275
            ],
            [
              75.242379,
              12.113222
            ],
            [
              75.243432,
              12.113221
            ],
            [
              75.243436,
              12.11327
            ],
            [
              75.243424,
              12.113283
            ],
            [
              75.242593,
              12.113436
            ],
            [
              75.242591,
              12.114275
            ],
            [
              75.243432,
              12.115002
            ],
            [
              75.248282,
              12.114125
            ],
            [
              75.248552,
              12.113275
            ],
            [
              75.248575,
              12.115131
            ],
            [
              75.250432,
              12.116005
            ],
            [
              75.250802,
              12.118904
            ],
            [
              75.252812,
              12.119275
            ],
            [
              75.252214,
              12.120275
            ],
            [
              75.25106,
              12.121903
            ],
            [
              75.248556,
              12.121399
            ],
            [
              75.248432,
              12.122362
            ],
            [
              75.24839,
              12.121233
            ],
            [
              75.249205,
              12.121048
            ],
            [
              75.249163,
              12.119275
            ],
            [
              75.248432,
              12.11861
            ],
            [
              75.246432,
              12.118696
            ],
            [
              75.243012,
              12.122275
            ],
            [
              75.245432,
              12.124755
            ],
            [
              75.248432,
              12.124512
            ],
            [
              75.248723,
              12.128275
            ],
            [
              75.250495,
              12.129211
            ],
            [
              75.250479,
              12.130275
            ],
            [
              75.248567,
              12.13041
            ],
            [
              75.248432,
              12.131475
            ],
            [
              75.247529,
              12.131372
            ],
            [
              75.246986,
              12.12972
            ],
            [
              75.245432,
              12.128634
            ],
            [
              75.243644,
              12.131487
            ],
            [
              75.241901,
              12.129805
            ],
            [
              75.241081,
              12.129924
            ],
            [
              75.241049,
              12.130657
            ],
            [
              75.242746,
              12.13196
            ],
            [
              75.241432,
              12.132649
            ],
            [
              75.240432,
              12.131838
            ],
            [
              75.237432,
              12.131775
            ],
            [
              75.236911,
              12.129275
            ],
            [
              75.235432,
              12.127896
            ],
            [
              75.233432,
              12.127926
            ],
            [
              75.23122,
              12.129063
            ],
            [
              75.233073,
              12.130275
            ],
            [
              75.231198,
              12.131041
            ],
            [
              75.231195,
              12.132511
            ],
            [
              75.238432,
              12.13264
            ],
            [
              75.239137,
              12.133275
            ],
            [
              75.238432,
              12.13408
            ],
            [
              75.237122,
              12.133965
            ],
            [
              75.236746,
              12.135589
            ],
            [
              75.234108,
              12.137951
            ],
            [
              75.234078,
              12.139628
            ],
            [
              75.235818,
              12.140661
            ],
            [
              75.236111,
              12.136954
            ],
            [
              75.237615,
              12.137091
            ],
            [
              75.238432,
              12.138148
            ],
            [
              75.239127,
              12.13797
            ],
            [
              75.239432,
              12.136334
            ],
            [
              75.239851,
              12.138855
            ],
            [
              75.241211,
              12.139054
            ],
            [
              75.241694,
              12.138275
            ],
            [
              75.24167,
              12.141036
            ],
            [
              75.242885,
              12.141275
            ],
            [
              75.241668,
              12.141511
            ],
            [
              75.241432,
              12.143065
            ],
            [
              75.241152,
              12.141554
            ],
            [
              75.239432,
              12.141549
            ],
            [
              75.23859,
              12.143433
            ],
            [
              75.236432,
              12.144619
            ],
            [
              75.235817,
              12.141889
            ],
            [
              75.233432,
              12.142168
            ],
            [
              75.231731,
              12.139975
            ],
            [
              75.230076,
              12.139919
            ],
            [
              75.228818,
              12.140661
            ],
            [
              75.228954,
              12.141752
            ],
            [
              75.23157,
              12.141136
            ],
            [
              75.231641,
              12.142065
            ],
            [
              75.23278,
              12.141926
            ],
            [
              75.230647,
              12.144275
            ],
            [
              75.229432,
              12.144238
            ],
            [
              75.228432,
              12.142594
            ],
            [
              75.226432,
              12.142686
            ],
            [
              75.225782,
              12.143625
            ],
            [
              75.222962,
              12.144275
            ],
            [
              75.223432,
              12.146856
            ],
            [
              75.224432,
              12.145897
            ],
            [
              75.227044,
              12.145887
            ],
            [
              75.227432,
              12.144862
            ],
            [
              75.228557,
              12.1454
            ],
            [
              75.228284,
              12.147275
            ],
            [
              75.226432,
              12.146535
            ],
            [
              75.225003,
              12.146846
            ],
            [
              75.22376,
              12.149275
            ],
            [
              75.225104,
              12.152275
            ],
            [
              75.224391,
              12.153234
            ],
            [
              75.22322,
              12.153275
            ],
            [
              75.222822,
              12.147884
            ],
            [
              75.218432,
              12.147642
            ],
            [
              75.217432,
              12.148711
            ],
            [
              75.216034,
              12.148877
            ],
            [
              75.215432,
              12.150987
            ],
            [
              75.213,
              12.150843
            ],
            [
              75.212932,
              12.151774
            ],
            [
              75.21459,
              12.152275
            ],
            [
              75.213621,
              12.152464
            ],
            [
              75.213432,
              12.153635
            ],
            [
              75.211759,
              12.153602
            ],
            [
              75.210432,
              12.155431
            ]
          ]
        ],
        "type": "Polygon"
      },
      "type": "Feature"
    },
    {
      "properties": {
        "fill-opacity": 0.33,
        "fillColor": "#bf4040",
        "opacity": 0.33,
        "fill": "#bf4040",
        "fillOpacity": 0.33,
        "color": "#bf4040",
        "contour": 6.0,
        "metric": "distance",
        "provider_name": "KFC",
        "zone_type": "distance",
        "distance_km": 6,
        "mode": "motorcycle",
        "center_lat": 12.113275,
        "center_lon": 75.218432,
        "label": "6km"
      },
      "geometry": {
        "coordinates": [
          [
            [
              75.209432,
              12.162359
            ],
            [
              75.208432,
              12.160542
            ],
            [
              75.206789,
              12.160632
            ],
            [
              75.206503,
              12.162346
            ],
            [
              75.205816,
              12.162275
            ],
            [
              75.205432,
              12.159646
            ],
            [
              75.205545,
              12.160161
            ],
            [
              75.207909,
              12.159752
            ],
            [
              75.209005,
              12.157275
            ],
            [
              75.205402,
              12.156275
            ],
            [
              75.204554,
              12.155275
            ],
            [
              75.206158,
              12.155001
            ],
            [
              75.205432,
              12.152458
            ],
            [
              75.206861,
              12.153845
            ],
            [
              75.20878,
              12.153623
            ],
            [
              75.208788,
              12.152919
            ],
            [
              75.207087,
              12.152619
            ],
            [
              75.207789,
              12.150917
            ],
            [
              75.205432,
              12.152245
            ],
            [
              75.204242,
              12.150464
            ],
            [
              75.205112,
              12.149275
            ],
            [
              75.204013,
              12.147693
            ],
            [
              75.201432,
              12.145664
            ],
            [
              75.197432,
              12.145479
            ],
            [
              75.196193,
              12.144275
            ],
            [
              75.196264,
              12.141442
            ],
            [
              75.195415,
              12.141275
            ],
            [
              75.196432,
              12.140513
            ],
            [
              75.196916,
              12.14279
            ],
            [
              75.198824,
              12.142667
            ],
            [
              75.198987,
              12.141275
            ],
            [
              75.197962,
              12.140275
            ],
            [
              75.1998,
              12.137275
            ],
            [
              75.196827,
              12.136275
            ],
            [
              75.199656,
              12.13505
            ],
            [
              75.198432,
              12.13394
            ],
            [
              75.192432,
              12.133796
            ],
            [
              75.189812,
              12.135275
            ],
            [
              75.190703,
              12.136275
            ],
            [
              75.191294,
              12.139137
            ],
            [
              75.189369,
              12.139337
            ],
            [
              75.188432,
              12.137532
            ],
            [
              75.187432,
              12.13912
            ],
            [
              75.18722,
              12.136275
            ],
            [
              75.185273,
              12.135275
            ],
            [
              75.186029,
              12.134872
            ],
            [
              75.185931,
              12.133775
            ],
            [
              75.183527,
              12.13337
            ],
            [
              75.183432,
              12.134066
            ],
            [
              75.18304,
              12.133275
            ],
            [
              75.18292,
              12.131275
            ],
            [
              75.185073,
              12.130275
            ],
            [
              75.18384,
              12.127866
            ],
            [
              75.18178,
              12.127623
            ],
            [
              75.181432,
              12.129438
            ],
            [
              75.181345,
              12.124275
            ],
            [
              75.182282,
              12.124125
            ],
            [
              75.182432,
              12.123245
            ],
            [
              75.1825,
              12.124343
            ],
            [
              75.181697,
              12.12454
            ],
            [
              75.181934,
              12.125773
            ],
            [
              75.183432,
              12.125929
            ],
            [
              75.184432,
              12.126863
            ],
            [
              75.186908,
              12.126275
            ],
            [
              75.186776,
              12.12393
            ],
            [
              75.184064,
              12.123275
            ],
            [
              75.18412,
              12.121275
            ],
            [
              75.185221,
              12.120275
            ],
            [
              75.185264,
              12.119107
            ],
            [
              75.186432,
              12.120001
            ],
            [
              75.187561,
              12.118145
            ],
            [
              75.18871,
              12.120275
            ],
            [
              75.186863,
              12.122275
            ],
            [
              75.188122,
              12.124584
            ],
            [
              75.191432,
              12.126652
            ],
            [
              75.192033,
              12.123876
            ],
            [
              75.193432,
              12.123676
            ],
            [
              75.194631,
              12.122474
            ],
            [
              75.192756,
              12.121275
            ],
            [
              75.194633,
              12.120476
            ],
            [
              75.194956,
              12.118799
            ],
            [
              75.196684,
              12.117275
            ],
            [
              75.196693,
              12.115275
            ],
            [
              75.195712,
              12.114275
            ],
            [
              75.19671,
              12.113275
            ],
            [
              75.196711,
              12.110275
            ],
            [
              75.194432,
              12.11196
            ],
            [
              75.193639,
              12.110067
            ],
            [
              75.191756,
              12.108275
            ],
            [
              75.193743,
              12.106275
            ],
            [
              75.194618,
              12.102088
            ],
            [
              75.193723,
              12.100983
            ],
            [
              75.190977,
              12.100729
            ],
            [
              75.191641,
              12.099065
            ],
            [
              75.18919,
              12.099033
            ],
            [
              75.188841,
              12.100684
            ],
            [
              75.186988,
              12.102275
            ],
            [
              75.187281,
              12.104275
            ],
            [
              75.186517,
              12.106275
            ],
            [
              75.186934,
              12.108772
            ],
            [
              75.188133,
              12.108976
            ],
            [
              75.188432,
              12.107338
            ],
            [
              75.189518,
              12.109188
            ],
            [
              75.188388,
              12.110318
            ],
            [
              75.185957,
              12.1098
            ],
            [
              75.184615,
              12.111275
            ],
            [
              75.184432,
              12.113379
            ],
            [
              75.184122,
              12.111584
            ],
            [
              75.182856,
              12.111275
            ],
            [
              75.183011,
              12.110275
            ],
            [
              75.184005,
              12.109848
            ],
            [
              75.183884,
              12.107822
            ],
            [
              75.181688,
              12.107531
            ],
            [
              75.181432,
              12.108501
            ],
            [
              75.180391,
              12.108234
            ],
            [
              75.180485,
              12.107275
            ],
            [
              75.182905,
              12.106748
            ],
            [
              75.182857,
              12.105849
            ],
            [
              75.181873,
              12.104833
            ],
            [
              75.180432,
              12.104627
            ],
            [
              75.179598,
              12.106275
            ],
            [
              75.179569,
              12.107137
            ],
            [
              75.180337,
              12.107275
            ],
            [
              75.178745,
              12.107275
            ],
            [
              75.179265,
              12.106275
            ],
            [
              75.178432,
              12.105418
            ],
            [
              75.176424,
              12.106275
            ],
            [
              75.177325,
              12.102275
            ],
            [
              75.177097,
              12.101609
            ],
            [
              75.175326,
              12.101275
            ],
            [
              75.177059,
              12.100902
            ],
            [
              75.177289,
              12.100132
            ],
            [
              75.179432,
              12.098558
            ],
            [
              75.179529,
              12.099372
            ],
            [
              75.178651,
              12.099494
            ],
            [
              75.178645,
              12.100275
            ],
            [
              75.179432,
              12.100936
            ],
            [
              75.180432,
              12.099889
            ],
            [
              75.183901,
              12.099806
            ],
            [
              75.184739,
              12.100582
            ],
            [
              75.18396,
              12.099746
            ],
            [
              75.184432,
              12.095873
            ],
            [
              75.185432,
              12.098773
            ],
            [
              75.187432,
              12.097664
            ],
            [
              75.191643,
              12.097486
            ],
            [
              75.191692,
              12.096014
            ],
            [
              75.189057,
              12.09565
            ],
            [
              75.187432,
              12.093777
            ],
            [
              75.185432,
              12.09371
            ],
            [
              75.184432,
              12.092676
            ],
            [
              75.183432,
              12.0936
            ],
            [
              75.179432,
              12.093429
            ],
            [
              75.179288,
              12.092418
            ],
            [
              75.178605,
              12.092275
            ],
            [
              75.181015,
              12.091858
            ],
            [
              75.181126,
              12.09058
            ],
            [
              75.180346,
              12.090189
            ],
            [
              75.181432,
              12.0886
            ],
            [
              75.181742,
              12.089964
            ],
            [
              75.182929,
              12.090777
            ],
            [
              75.185211,
              12.091054
            ],
            [
              75.185432,
              12.090264
            ],
            [
              75.186432,
              12.092802
            ],
            [
              75.187224,
              12.091067
            ],
            [
              75.189432,
              12.090908
            ],
            [
              75.192097,
              12.08894
            ],
            [
              75.19375,
              12.088593
            ],
            [
              75.193954,
              12.087275
            ],
            [
              75.193063,
              12.085275
            ],
            [
              75.194064,
              12.084275
            ],
            [
              75.194432,
              12.079249
            ],
            [
              75.196124,
              12.080275
            ],
            [
              75.194832,
              12.081675
            ],
            [
              75.194957,
              12.082749
            ],
            [
              75.197432,
              12.082734
            ],
            [
              75.197802,
              12.083904
            ],
            [
              75.198846,
              12.083689
            ],
            [
              75.199432,
              12.081658
            ],
            [
              75.202743,
              12.081586
            ],
            [
              75.201792,
              12.079914
            ],
            [
              75.198169,
              12.077537
            ],
            [
              75.19914,
              12.076275
            ],
            [
              75.198224,
              12.074275
            ],
            [
              75.199432,
              12.07433
            ],
            [
              75.201166,
              12.073275
            ],
            [
              75.199701,
              12.072544
            ],
            [
              75.199432,
              12.074117
            ],
            [
              75.199348,
              12.072191
            ],
            [
              75.201432,
              12.072073
            ],
            [
              75.202645,
              12.073061
            ],
            [
              75.203432,
              12.075825
            ],
            [
              75.204863,
              12.075706
            ],
            [
              75.205432,
              12.074946
            ],
            [
              75.208086,
              12.074929
            ],
            [
              75.208432,
              12.074136
            ],
            [
              75.209917,
              12.074275
            ],
            [
              75.208691,
              12.074534
            ],
            [
              75.207863,
              12.075706
            ],
            [
              75.207536,
              12.07817
            ],
            [
              75.208395,
              12.078275
            ],
            [
              75.207785,
              12.078628
            ],
            [
              75.207338,
              12.078368
            ],
            [
              75.206983,
              12.076723
            ],
            [
              75.204432,
              12.07666
            ],
            [
              75.203911,
              12.077275
            ],
            [
              75.204114,
              12.078592
            ],
            [
              75.206842,
              12.078864
            ],
            [
              75.207432,
              12.080725
            ],
            [
              75.208432,
              12.078277
            ],
            [
              75.210432,
              12.080731
            ],
            [
              75.212784,
              12.078627
            ],
            [
              75.213193,
              12.076036
            ],
            [
              75.218298,
              12.075141
            ],
            [
              75.218432,
              12.074261
            ],
            [
              75.218474,
              12.075317
            ],
            [
              75.216849,
              12.075692
            ],
            [
              75.21659,
              12.076433
            ],
            [
              75.214016,
              12.076859
            ],
            [
              75.213903,
              12.079275
            ],
            [
              75.214925,
              12.080275
            ],
            [
              75.214134,
              12.081572
            ],
            [
              75.218432,
              12.081818
            ],
            [
              75.219199,
              12.080042
            ],
            [
              75.221432,
              12.079989
            ],
            [
              75.22257,
              12.079136
            ],
            [
              75.222581,
              12.080424
            ],
            [
              75.220008,
              12.080851
            ],
            [
              75.219713,
              12.082556
            ],
            [
              75.216118,
              12.082961
            ],
            [
              75.216977,
              12.084275
            ],
            [
              75.215084,
              12.087275
            ],
            [
              75.215255,
              12.091451
            ],
            [
              75.219432,
              12.091566
            ],
            [
              75.22014,
              12.092275
            ],
            [
              75.219432,
              12.093981
            ],
            [
              75.218432,
              12.092992
            ],
            [
              75.215192,
              12.093275
            ],
            [
              75.215277,
              12.094429
            ],
            [
              75.21719,
              12.095275
            ],
            [
              75.216966,
              12.096809
            ],
            [
              75.215217,
              12.097275
            ],
            [
              75.216218,
              12.098275
            ],
            [
              75.216233,
              12.101275
            ],
            [
              75.216846,
              12.099689
            ],
            [
              75.218017,
              12.099689
            ],
            [
              75.218231,
              12.102275
            ],
            [
              75.217306,
              12.1034
            ],
            [
              75.218616,
              12.103459
            ],
            [
              75.218794,
              12.101637
            ],
            [
              75.220069,
              12.101637
            ],
            [
              75.221076,
              12.10263
            ],
            [
              75.221262,
              12.105275
            ],
            [
              75.222432,
              12.106435
            ],
            [
              75.222599,
              12.105275
            ],
            [
              75.221778,
              12.104928
            ],
            [
              75.221778,
              12.103621
            ],
            [
              75.225611,
              12.103275
            ],
            [
              75.221639,
              12.101275
            ],
            [
              75.221659,
              12.097275
            ],
            [
              75.220676,
              12.096275
            ],
            [
              75.220696,
              12.093275
            ],
            [
              75.221706,
              12.092275
            ],
            [
              75.221983,
              12.086826
            ],
            [
              75.223104,
              12.087275
            ],
            [
              75.223163,
              12.093275
            ],
            [
              75.222182,
              12.095275
            ],
            [
              75.223198,
              12.096275
            ],
            [
              75.223294,
              12.100412
            ],
            [
              75.226038,
              12.100668
            ],
            [
              75.226432,
              12.101461
            ],
            [
              75.226827,
              12.09967
            ],
            [
              75.230635,
              12.099275
            ],
            [
              75.22965,
              12.097275
            ],
            [
              75.230651,
              12.096275
            ],
            [
              75.230669,
              12.093275
            ],
            [
              75.228697,
              12.092275
            ],
            [
              75.229691,
              12.091275
            ],
            [
              75.227731,
              12.087275
            ],
            [
              75.228752,
              12.085275
            ],
            [
              75.228907,
              12.076275
            ],
            [
              75.227947,
              12.075275
            ],
            [
              75.227093,
              12.070936
            ],
            [
              75.227432,
              12.070533
            ],
            [
              75.228432,
              12.071885
            ],
            [
              75.229965,
              12.071808
            ],
            [
              75.230085,
              12.070621
            ],
            [
              75.22904,
              12.070275
            ],
            [
              75.230581,
              12.069125
            ],
            [
              75.233065,
              12.071275
            ],
            [
              75.232864,
              12.074275
            ],
            [
              75.232408,
              12.074298
            ],
            [
              75.232094,
              12.073612
            ],
            [
              75.230862,
              12.074275
            ],
            [
              75.231119,
              12.076587
            ],
            [
              75.234853,
              12.076696
            ],
            [
              75.235091,
              12.075615
            ],
            [
              75.233389,
              12.075232
            ],
            [
              75.234019,
              12.074862
            ],
            [
              75.235542,
              12.075164
            ],
            [
              75.235951,
              12.076755
            ],
            [
              75.238432,
              12.076839
            ],
            [
              75.238833,
              12.075873
            ],
            [
              75.235362,
              12.072344
            ],
            [
              75.235313,
              12.071275
            ],
            [
              75.235432,
              12.071271
            ],
            [
              75.235441,
              12.071284
            ],
            [
              75.235634,
              12.072072
            ],
            [
              75.236862,
              12.072844
            ],
            [
              75.239432,
              12.073172
            ],
            [
              75.24026,
              12.072275
            ],
            [
              75.239734,
              12.071275
            ],
            [
              75.242432,
              12.069788
            ],
            [
              75.242548,
              12.071275
            ],
            [
              75.241658,
              12.072275
            ],
            [
              75.244259,
              12.073275
            ],
            [
              75.241989,
              12.074832
            ],
            [
              75.241926,
              12.078275
            ],
            [
              75.243432,
              12.078841
            ],
            [
              75.244432,
              12.077887
            ],
            [
              75.245639,
              12.079067
            ],
            [
              75.243914,
              12.080275
            ],
            [
              75.245646,
              12.081275
            ],
            [
              75.243834,
              12.083275
            ],
            [
              75.245006,
              12.0847
            ],
            [
              75.246432,
              12.084105
            ],
            [
              75.248492,
              12.084275
            ],
            [
              75.246804,
              12.084647
            ],
            [
              75.246592,
              12.085435
            ],
            [
              75.244806,
              12.086275
            ],
            [
              75.246432,
              12.088071
            ],
            [
              75.248796,
              12.08791
            ],
            [
              75.248188,
              12.090518
            ],
            [
              75.249692,
              12.090535
            ],
            [
              75.25376,
              12.086603
            ],
            [
              75.25571,
              12.082553
            ],
            [
              75.256975,
              12.081818
            ],
            [
              75.257432,
              12.080094
            ],
            [
              75.258432,
              12.079309
            ],
            [
              75.258749,
              12.080957
            ],
            [
              75.260851,
              12.081275
            ],
            [
              75.259284,
              12.082127
            ],
            [
              75.256372,
              12.085215
            ],
            [
              75.255901,
              12.086744
            ],
            [
              75.250145,
              12.091988
            ],
            [
              75.250904,
              12.094275
            ],
            [
              75.248066,
              12.097275
            ],
            [
              75.247811,
              12.100654
            ],
            [
              75.246005,
              12.101275
            ],
            [
              75.245432,
              12.105747
            ],
            [
              75.244858,
              12.101275
            ],
            [
              75.243818,
              12.100275
            ],
            [
              75.243629,
              12.095077
            ],
            [
              75.242252,
              12.096095
            ],
            [
              75.243124,
              12.100275
            ],
            [
              75.24117,
              12.104275
            ],
            [
              75.243903,
              12.106803
            ],
            [
              75.244135,
              12.108275
            ],
            [
              75.241432,
              12.111936
            ],
            [
              75.239628,
              12.110078
            ],
            [
              75.238193,
              12.110275
            ],
            [
              75.239176,
              12.112275
            ],
            [
              75.238178,
              12.113528
            ],
            [
              75.240432,
              12.113528
            ],
            [
              75.241432,
              12.114536
            ],
            [
              75.244432,
              12.109893
            ],
            [
              75.2486,
              12.110275
            ],
            [
              75.245031,
              12.110874
            ],
            [
              75.24473,
              12.112573
            ],
            [
              75.242975,
              12.114275
            ],
            [
              75.243432,
              12.114696
            ],
            [
              75.245432,
              12.114668
            ],
            [
              75.248432,
              12.112771
            ],
            [
              75.251432,
              12.112873
            ],
            [
              75.252432,
              12.113915
            ],
            [
              75.257427,
              12.114275
            ],
            [
              75.253432,
              12.114584
            ],
            [
              75.250941,
              12.116275
            ],
            [
              75.25113,
              12.118576
            ],
            [
              75.254884,
              12.119275
            ],
            [
              75.25387,
              12.121275
            ],
            [
              75.255682,
              12.123275
            ],
            [
              75.254432,
              12.124545
            ],
            [
              75.253029,
              12.123872
            ],
            [
              75.252964,
              12.125742
            ],
            [
              75.256725,
              12.126275
            ],
            [
              75.253866,
              12.126709
            ],
            [
              75.253432,
              12.128722
            ],
            [
              75.25184,
              12.124866
            ],
            [
              75.250179,
              12.125527
            ],
            [
              75.249934,
              12.122275
            ],
            [
              75.249109,
              12.121952
            ],
            [
              75.249017,
              12.128275
            ],
            [
              75.250782,
              12.128925
            ],
            [
              75.25085,
              12.130693
            ],
            [
              75.249104,
              12.130947
            ],
            [
              75.248772,
              12.132615
            ],
            [
              75.245915,
              12.133758
            ],
            [
              75.244799,
              12.135275
            ],
            [
              75.245432,
              12.136906
            ],
            [
              75.246432,
              12.135994
            ],
            [
              75.249485,
              12.136275
            ],
            [
              75.247432,
              12.136509
            ],
            [
              75.246705,
              12.137548
            ],
            [
              75.245018,
              12.137861
            ],
            [
              75.245049,
              12.139658
            ],
            [
              75.247432,
              12.138779
            ],
            [
              75.247458,
              12.139301
            ],
            [
              75.246673,
              12.140275
            ],
            [
              75.247959,
              12.141747
            ],
            [
              75.24909,
              12.141933
            ],
            [
              75.250432,
              12.141092
            ],
            [
              75.251507,
              12.142275
            ],
            [
              75.249754,
              12.142597
            ],
            [
              75.249413,
              12.144293
            ],
            [
              75.249051,
              12.142655
            ],
            [
              75.247136,
              12.14257
            ],
            [
              75.246432,
              12.141639
            ],
            [
              75.245051,
              12.141894
            ],
            [
              75.245026,
              12.14268
            ],
            [
              75.248336,
              12.144275
            ],
            [
              75.247432,
              12.144751
            ],
            [
              75.244174,
              12.143533
            ],
            [
              75.243795,
              12.141911
            ],
            [
              75.242113,
              12.141956
            ],
            [
              75.242808,
              12.146275
            ],
            [
              75.243728,
              12.147275
            ],
            [
              75.243796,
              12.14891
            ],
            [
              75.244588,
              12.149275
            ],
            [
              75.244482,
              12.151275
            ],
            [
              75.244414,
              12.151257
            ],
            [
              75.244276,
              12.15043
            ],
            [
              75.243307,
              12.150275
            ],
            [
              75.242898,
              12.147808
            ],
            [
              75.241432,
              12.146627
            ],
            [
              75.240689,
              12.147275
            ],
            [
              75.241579,
              12.148275
            ],
            [
              75.240352,
              12.149354
            ],
            [
              75.240159,
              12.146275
            ],
            [
              75.239432,
              12.145663
            ],
            [
              75.238432,
              12.146526
            ],
            [
              75.236787,
              12.14563
            ],
            [
              75.234838,
              12.147681
            ],
            [
              75.234432,
              12.150118
            ],
            [
              75.234002,
              12.147705
            ],
            [
              75.231328,
              12.148171
            ],
            [
              75.230975,
              12.149731
            ],
            [
              75.234305,
              12.150275
            ],
            [
              75.233671,
              12.151275
            ],
            [
              75.233209,
              12.150497
            ],
            [
              75.230432,
              12.150596
            ],
            [
              75.229432,
              12.151964
            ],
            [
              75.228014,
              12.151857
            ],
            [
              75.226873,
              12.153275
            ],
            [
              75.226986,
              12.155721
            ],
            [
              75.228011,
              12.155854
            ],
            [
              75.228482,
              12.154275
            ],
            [
              75.22878,
              12.155926
            ],
            [
              75.229964,
              12.156275
            ],
            [
              75.230137,
              12.158275
            ],
            [
              75.229432,
              12.158576
            ],
            [
              75.229193,
              12.157514
            ],
            [
              75.227432,
              12.156547
            ],
            [
              75.225014,
              12.156857
            ],
            [
              75.225672,
              12.158275
            ],
            [
              75.224693,
              12.159275
            ],
            [
              75.224432,
              12.161645
            ],
            [
              75.223432,
              12.162124
            ],
            [
              75.223139,
              12.160567
            ],
            [
              75.220424,
              12.160282
            ],
            [
              75.220896,
              12.159275
            ],
            [
              75.220432,
              12.159117
            ],
            [
              75.219432,
              12.159547
            ],
            [
              75.219046,
              12.15766
            ],
            [
              75.217423,
              12.156283
            ],
            [
              75.218256,
              12.156099
            ],
            [
              75.218432,
              12.155246
            ],
            [
              75.218641,
              12.156065
            ],
            [
              75.219432,
              12.156093
            ],
            [
              75.221432,
              12.15595
            ],
            [
              75.22205,
              12.155275
            ],
            [
              75.220838,
              12.152868
            ],
            [
              75.219981,
              12.152824
            ],
            [
              75.219254,
              12.154452
            ],
            [
              75.218432,
              12.15262
            ],
            [
              75.215637,
              12.155275
            ],
            [
              75.21604,
              12.158275
            ],
            [
              75.214432,
              12.157571
            ],
            [
              75.212995,
              12.157838
            ],
            [
              75.211584,
              12.159427
            ],
            [
              75.209961,
              12.159804
            ],
            [
              75.2096,
              12.162106
            ],
            [
              75.210261,
              12.162275
            ],
            [
              75.209432,
              12.162359
            ]
          ]
        ],
        "type": "Polygon"
      },
      "type": "Feature"
    }
  ]
}