{
  "type": "FeatureCollection",
  "metadata": {
    "provider_name": "McDonald's",
    "center_lat": 29.051956,
    "center_lon": 77.065897,
    "mode": "motorcycle",
    "total_zones": 4,
    "distance_zones": [
      3,
      4,
      5,
      6
    ],
    "generated_at": "2025-12-31T05:32:08.184756Z"
  },
  "features": [
    {
      "properties": {
        "fill-opacity": 0.33,
        "fillColor": "#bf4040",
        "opacity": 0.33,
        "fill": "#bf4040",
        "fillOpacity": 0.33,
        "color": "#bf4040",
        "contour": 3.0,
        "metric": "distance",
        "provider_name": "McDonald's",
        "zone_type": "distance",
        "distance_km": 3,
        "mode": "motorcycle",
        "center_lat": 29.051956,
        "center_lon": 77.065897,
        "label": "3km"
      },
      "geometry": {
        "coordinates": [
          [
            [
              77.058897,
              29.0778
            ],
            [
              77.058666,
              29.074956
            ],
            [
              77.059592,
              29.073956
            ],
            [
              77.059491,
              29.070956
            ],
            [
              77.060233,
              29.069619
            ],
            [
              77.057897,
              29.069385
            ],
            [
              77.056897,
              29.070317
            ],
            [
              77.055897,
              29.069304
            ],
            [
              77.05505,
              29.071109
            ],
            [
              77.052028,
              29.071087
            ],
            [
              77.051878,
              29.071974
            ],
            [
              77.050408,
              29.069444
            ],
            [
              77.051897,
              29.067586
            ],
            [
              77.052152,
              29.0687
            ],
            [
              77.057289,
              29.068348
            ],
            [
              77.057572,
              29.06428
            ],
            [
              77.054526,
              29.063585
            ],
            [
              77.053232,
              29.064956
            ],
            [
              77.054072,
              29.066131
            ],
            [
              77.051897,
              29.066764
            ],
            [
              77.050897,
              29.063282
            ],
            [
              77.049384,
              29.063443
            ],
            [
              77.047897,
              29.065311
            ],
            [
              77.045895,
              29.063954
            ],
            [
              77.047897,
              29.063797
            ],
            [
              77.048897,
              29.062727
            ],
            [
              77.050897,
              29.062629
            ],
            [
              77.053295,
              29.061354
            ],
            [
              77.053897,
              29.059607
            ],
            [
              77.054897,
              29.061491
            ],
            [
              77.057897,
              29.060514
            ],
            [
              77.057897,
              29.062412
            ],
            [
              77.062143,
              29.062202
            ],
            [
              77.061157,
              29.058695
            ],
            [
              77.058353,
              29.057956
            ],
            [
              77.060116,
              29.055736
            ],
            [
              77.057897,
              29.054608
            ],
            [
              77.054271,
              29.05833
            ],
            [
              77.052529,
              29.058588
            ],
            [
              77.049068,
              29.061127
            ],
            [
              77.047247,
              29.061306
            ],
            [
              77.04697,
              29.062029
            ],
            [
              77.04576,
              29.062092
            ],
            [
              77.045035,
              29.061956
            ],
            [
              77.046666,
              29.061725
            ],
            [
              77.046783,
              29.060841
            ],
            [
              77.048386,
              29.060445
            ],
            [
              77.049663,
              29.058722
            ],
            [
              77.052248,
              29.057307
            ],
            [
              77.05218,
              29.053672
            ],
            [
              77.048897,
              29.053459
            ],
            [
              77.047897,
              29.05243
            ],
            [
              77.045897,
              29.05237
            ],
            [
              77.044897,
              29.05421
            ],
            [
              77.043897,
              29.052287
            ],
            [
              77.038905,
              29.051956
            ],
            [
              77.042897,
              29.051664
            ],
            [
              77.043578,
              29.050956
            ],
            [
              77.043449,
              29.048403
            ],
            [
              77.042553,
              29.047299
            ],
            [
              77.040821,
              29.04688
            ],
            [
              77.042897,
              29.04678
            ],
            [
              77.043897,
              29.047697
            ],
            [
              77.046897,
              29.047594
            ],
            [
              77.050897,
              29.049435
            ],
            [
              77.055167,
              29.049226
            ],
            [
              77.053218,
              29.046634
            ],
            [
              77.051639,
              29.047213
            ],
            [
              77.050463,
              29.044956
            ],
            [
              77.050332,
              29.04252
            ],
            [
              77.048319,
              29.042378
            ],
            [
              77.047897,
              29.04451
            ],
            [
              77.047631,
              29.043221
            ],
            [
              77.045517,
              29.042956
            ],
            [
              77.047586,
              29.042645
            ],
            [
              77.047759,
              29.041818
            ],
            [
              77.049369,
              29.041428
            ],
            [
              77.04963,
              29.039222
            ],
            [
              77.048799,
              29.038956
            ],
            [
              77.048897,
              29.037754
            ],
            [
              77.049082,
              29.03877
            ],
            [
              77.049977,
              29.038875
            ],
            [
              77.050178,
              29.040956
            ],
            [
              77.051897,
              29.043539
            ],
            [
              77.052719,
              29.039778
            ],
            [
              77.055897,
              29.039754
            ],
            [
              77.057094,
              29.040758
            ],
            [
              77.057619,
              29.048233
            ],
            [
              77.058334,
              29.047956
            ],
            [
              77.058897,
              29.04542
            ],
            [
              77.060897,
              29.049333
            ],
            [
              77.063184,
              29.048243
            ],
            [
              77.063897,
              29.04545
            ],
            [
              77.064897,
              29.04649
            ],
            [
              77.066897,
              29.046461
            ],
            [
              77.067712,
              29.043956
            ],
            [
              77.066677,
              29.042956
            ],
            [
              77.068242,
              29.042301
            ],
            [
              77.068305,
              29.040548
            ],
            [
              77.065897,
              29.040225
            ],
            [
              77.064897,
              29.041159
            ],
            [
              77.063707,
              29.038145
            ],
            [
              77.061671,
              29.037956
            ],
            [
              77.064778,
              29.037837
            ],
            [
              77.065897,
              29.038808
            ],
            [
              77.070384,
              29.038443
            ],
            [
              77.071897,
              29.032033
            ],
            [
              77.0723,
              29.034552
            ],
            [
              77.074652,
              29.034956
            ],
            [
              77.072328,
              29.035387
            ],
            [
              77.07315,
              29.036956
            ],
            [
              77.071468,
              29.037527
            ],
            [
              77.070369,
              29.039956
            ],
            [
              77.072356,
              29.040956
            ],
            [
              77.07059,
              29.043262
            ],
            [
              77.074897,
              29.043471
            ],
            [
              77.076897,
              29.041576
            ],
            [
              77.078897,
              29.041621
            ],
            [
              77.079897,
              29.040702
            ],
            [
              77.081613,
              29.040672
            ],
            [
              77.081897,
              29.039866
            ],
            [
              77.083403,
              29.039956
            ],
            [
              77.082841,
              29.040956
            ],
            [
              77.080897,
              29.041178
            ],
            [
              77.079421,
              29.04248
            ],
            [
              77.078897,
              29.045045
            ],
            [
              77.078658,
              29.042956
            ],
            [
              77.077492,
              29.042551
            ],
            [
              77.075342,
              29.044956
            ],
            [
              77.077134,
              29.045718
            ],
            [
              77.076897,
              29.046312
            ],
            [
              77.074624,
              29.046228
            ],
            [
              77.073897,
              29.044467
            ],
            [
              77.070897,
              29.048474
            ],
            [
              77.06959,
              29.048262
            ],
            [
              77.069395,
              29.046956
            ],
            [
              77.068643,
              29.046702
            ],
            [
              77.06856,
              29.049956
            ],
            [
              77.066631,
              29.053956
            ],
            [
              77.070109,
              29.054168
            ],
            [
              77.070456,
              29.052515
            ],
            [
              77.072282,
              29.051956
            ],
            [
              77.072523,
              29.049582
            ],
            [
              77.073271,
              29.049582
            ],
            [
              77.073632,
              29.05122
            ],
            [
              77.074897,
              29.051348
            ],
            [
              77.076361,
              29.049956
            ],
            [
              77.076573,
              29.047632
            ],
            [
              77.078214,
              29.047638
            ],
            [
              77.078378,
              29.048437
            ],
            [
              77.077408,
              29.048956
            ],
            [
              77.077897,
              29.049421
            ],
            [
              77.078414,
              29.048473
            ],
            [
              77.079897,
              29.048475
            ],
            [
              77.081291,
              29.04735
            ],
            [
              77.080769,
              29.045828
            ],
            [
              77.083897,
              29.045656
            ],
            [
              77.085618,
              29.044677
            ],
            [
              77.085897,
              29.04348
            ],
            [
              77.086897,
              29.043675
            ],
            [
              77.085293,
              29.045352
            ],
            [
              77.085216,
              29.049956
            ],
            [
              77.084148,
              29.051207
            ],
            [
              77.077601,
              29.05166
            ],
            [
              77.075509,
              29.055956
            ],
            [
              77.079234,
              29.059618
            ],
            [
              77.080484,
              29.063368
            ],
            [
              77.081492,
              29.063551
            ],
            [
              77.081841,
              29.0629
            ],
            [
              77.082897,
              29.062505
            ],
            [
              77.083165,
              29.062956
            ],
            [
              77.082071,
              29.06313
            ],
            [
              77.08231,
              29.065542
            ],
            [
              77.084908,
              29.065956
            ],
            [
              77.081354,
              29.066413
            ],
            [
              77.080211,
              29.06727
            ],
            [
              77.079897,
              29.068764
            ],
            [
              77.079205,
              29.068647
            ],
            [
              77.078893,
              29.067959
            ],
            [
              77.080494,
              29.066553
            ],
            [
              77.080577,
              29.064956
            ],
            [
              77.078224,
              29.060628
            ],
            [
              77.074897,
              29.057563
            ],
            [
              77.074411,
              29.061956
            ],
            [
              77.075367,
              29.062956
            ],
            [
              77.074354,
              29.063956
            ],
            [
              77.073508,
              29.070956
            ],
            [
              77.07328,
              29.056956
            ],
            [
              77.072667,
              29.056726
            ],
            [
              77.071535,
              29.057956
            ],
            [
              77.070897,
              29.062517
            ],
            [
              77.070128,
              29.057724
            ],
            [
              77.068463,
              29.057389
            ],
            [
              77.067093,
              29.05576
            ],
            [
              77.065897,
              29.055817
            ],
            [
              77.064558,
              29.060956
            ],
            [
              77.065077,
              29.061956
            ],
            [
              77.063514,
              29.063956
            ],
            [
              77.06522,
              29.064956
            ],
            [
              77.063585,
              29.065644
            ],
            [
              77.062568,
              29.068284
            ],
            [
              77.064304,
              29.068363
            ],
            [
              77.06479,
              29.066849
            ],
            [
              77.065897,
              29.066722
            ],
            [
              77.066897,
              29.069615
            ],
            [
              77.069576,
              29.069635
            ],
            [
              77.069897,
              29.06859
            ],
            [
              77.070176,
              29.069677
            ],
            [
              77.072055,
              29.069956
            ],
            [
              77.069312,
              29.070371
            ],
            [
              77.069257,
              29.071595
            ],
            [
              77.069972,
              29.07188
            ],
            [
              77.070032,
              29.07282
            ],
            [
              77.071019,
              29.072956
            ],
            [
              77.069897,
              29.073612
            ],
            [
              77.069658,
              29.072194
            ],
            [
              77.068437,
              29.071415
            ],
            [
              77.066897,
              29.071256
            ],
            [
              77.063897,
              29.069403
            ],
            [
              77.061397,
              29.069456
            ],
            [
              77.06134,
              29.070956
            ],
            [
              77.060092,
              29.071956
            ],
            [
              77.059959,
              29.076018
            ],
            [
              77.059053,
              29.076112
            ],
            [
              77.058897,
              29.0778
            ]
          ]
        ],
        "type": "Polygon"
      },
      "type": "Feature"
    },
    {
      "properties": {
        "fill-opacity": 0.33,
        "fillColor": "#bf4040",
        "opacity": 0.33,
        "fill": "#bf4040",
        "fillOpacity": 0.33,
        "color": "#bf4040",
        "contour": 4.0,
        "metric": "distance",
        "provider_name": "McDonald's",
        "zone_type": "distance",
        "distance_km": 4,
        "mode": "motorcycle",
        "center_lat": 29.051956,
        "center_lon": 77.065897,
        "label": "4km"
      },
      "geometry": {
        "coordinates": [
          [
            [
              77.055897,
              29.086458
            ],
            [
              77.05523,
              29.085956
            ],
            [
              77.056587,
              29.084646
            ],
            [
              77.056572,
              29.081956
            ],
            [
              77.057508,
              29.080956
            ],
            [
              77.057448,
              29.078956
            ],
            [
              77.056173,
              29.077956
            ],
            [
              77.058232,
              29.077291
            ],
            [
              77.058336,
              29.074956
            ],
            [
              77.059307,
              29.073956
            ],
            [
              77.059269,
              29.070956
            ],
            [
              77.06012,
              29.069732
            ],
            [
              77.057897,
              29.069592
            ],
            [
              77.056897,
              29.070566
            ],
            [
              77.055897,
              29.069561
            ],
            [
              77.055273,
              29.071332
            ],
            [
              77.050521,
              29.07358
            ],
            [
              77.050473,
              29.074379
            ],
            [
              77.052065,
              29.074787
            ],
            [
              77.053091,
              29.076761
            ],
            [
              77.053939,
              29.076998
            ],
            [
              77.052897,
              29.077058
            ],
            [
              77.052629,
              29.076223
            ],
            [
              77.050451,
              29.07551
            ],
            [
              77.049897,
              29.079706
            ],
            [
              77.049289,
              29.073563
            ],
            [
              77.047407,
              29.073466
            ],
            [
              77.046692,
              29.075956
            ],
            [
              77.046449,
              29.073403
            ],
            [
              77.043302,
              29.072956
            ],
            [
              77.043412,
              29.07044
            ],
            [
              77.040128,
              29.069956
            ],
            [
              77.045338,
              29.069397
            ],
            [
              77.044897,
              29.068207
            ],
            [
              77.041874,
              29.067978
            ],
            [
              77.043592,
              29.066956
            ],
            [
              77.042518,
              29.065334
            ],
            [
              77.040925,
              29.064927
            ],
            [
              77.040897,
              29.063589
            ],
            [
              77.05114,
              29.058199
            ],
            [
              77.052229,
              29.056956
            ],
            [
              77.052095,
              29.053757
            ],
            [
              77.048897,
              29.053624
            ],
            [
              77.047897,
              29.052611
            ],
            [
              77.045897,
              29.052586
            ],
            [
              77.044897,
              29.054528
            ],
            [
              77.043897,
              29.052555
            ],
            [
              77.035897,
              29.052375
            ],
            [
              77.034897,
              29.054209
            ],
            [
              77.033897,
              29.052301
            ],
            [
              77.029349,
              29.052503
            ],
            [
              77.028531,
              29.051956
            ],
            [
              77.029437,
              29.050956
            ],
            [
              77.030897,
              29.051769
            ],
            [
              77.035296,
              29.051355
            ],
            [
              77.034589,
              29.049956
            ],
            [
              77.034897,
              29.047756
            ],
            [
              77.036897,
              29.051509
            ],
            [
              77.043302,
              29.050956
            ],
            [
              77.043342,
              29.048956
            ],
            [
              77.042199,
              29.047653
            ],
            [
              77.036897,
              29.046347
            ],
            [
              77.033897,
              29.044177
            ],
            [
              77.031841,
              29.044011
            ],
            [
              77.031137,
              29.042956
            ],
            [
              77.031936,
              29.042916
            ],
            [
              77.032076,
              29.043776
            ],
            [
              77.034897,
              29.043718
            ],
            [
              77.036332,
              29.044391
            ],
            [
              77.036449,
              29.042404
            ],
            [
              77.034821,
              29.041956
            ],
            [
              77.035614,
              29.041673
            ],
            [
              77.035897,
              29.039484
            ],
            [
              77.037263,
              29.041589
            ],
            [
              77.041897,
              29.041591
            ],
            [
              77.042897,
              29.042531
            ],
            [
              77.046897,
              29.042426
            ],
            [
              77.049173,
              29.041232
            ],
            [
              77.049335,
              29.039956
            ],
            [
              77.048225,
              29.038628
            ],
            [
              77.044513,
              29.038339
            ],
            [
              77.044897,
              29.037559
            ],
            [
              77.047247,
              29.037306
            ],
            [
              77.047293,
              29.035559
            ],
            [
              77.044897,
              29.035242
            ],
            [
              77.043695,
              29.034157
            ],
            [
              77.040794,
              29.033956
            ],
            [
              77.045169,
              29.033684
            ],
            [
              77.04543,
              29.034422
            ],
            [
              77.046324,
              29.034383
            ],
            [
              77.045567,
              29.031286
            ],
            [
              77.044763,
              29.030956
            ],
            [
              77.044897,
              29.029568
            ],
            [
              77.047088,
              29.032764
            ],
            [
              77.047481,
              29.034371
            ],
            [
              77.048897,
              29.035316
            ],
            [
              77.052664,
              29.035723
            ],
            [
              77.053026,
              29.035085
            ],
            [
              77.054897,
              29.035435
            ],
            [
              77.055897,
              29.036662
            ],
            [
              77.059897,
              29.036532
            ],
            [
              77.060897,
              29.037478
            ],
            [
              77.064897,
              29.037489
            ],
            [
              77.065897,
              29.038473
            ],
            [
              77.069897,
              29.038311
            ],
            [
              77.07026,
              29.034956
            ],
            [
              77.072088,
              29.030956
            ],
            [
              77.071897,
              29.028394
            ],
            [
              77.071083,
              29.027956
            ],
            [
              77.070662,
              29.024956
            ],
            [
              77.070897,
              29.024876
            ],
            [
              77.070993,
              29.025859
            ],
            [
              77.073485,
              29.025544
            ],
            [
              77.07385,
              29.023909
            ],
            [
              77.074897,
              29.023258
            ],
            [
              77.076053,
              29.0278
            ],
            [
              77.077352,
              29.027956
            ],
            [
              77.075897,
              29.028149
            ],
            [
              77.075423,
              29.029956
            ],
            [
              77.073509,
              29.030568
            ],
            [
              77.072598,
              29.034254
            ],
            [
              77.073897,
              29.033475
            ],
            [
              77.075897,
              29.033532
            ],
            [
              77.076897,
              29.035526
            ],
            [
              77.078897,
              29.035598
            ],
            [
              77.079897,
              29.036649
            ],
            [
              77.084452,
              29.036956
            ],
            [
              77.081897,
              29.037152
            ],
            [
              77.080897,
              29.038169
            ],
            [
              77.077897,
              29.036346
            ],
            [
              77.072897,
              29.035492
            ],
            [
              77.072466,
              29.035956
            ],
            [
              77.073278,
              29.037337
            ],
            [
              77.071636,
              29.037695
            ],
            [
              77.070551,
              29.039956
            ],
            [
              77.072546,
              29.040956
            ],
            [
              77.070686,
              29.043166
            ],
            [
              77.073219,
              29.044278
            ],
            [
              77.076485,
              29.041544
            ],
            [
              77.079173,
              29.041232
            ],
            [
              77.083237,
              29.039296
            ],
            [
              77.083897,
              29.038213
            ],
            [
              77.085897,
              29.038119
            ],
            [
              77.086551,
              29.038956
            ],
            [
              77.085293,
              29.040352
            ],
            [
              77.083563,
              29.040622
            ],
            [
              77.082897,
              29.042383
            ],
            [
              77.080612,
              29.041671
            ],
            [
              77.079464,
              29.042956
            ],
            [
              77.078897,
              29.045479
            ],
            [
              77.078329,
              29.042956
            ],
            [
              77.077645,
              29.042704
            ],
            [
              77.07554,
              29.044956
            ],
            [
              77.077302,
              29.04555
            ],
            [
              77.076897,
              29.046564
            ],
            [
              77.074478,
              29.046375
            ],
            [
              77.073574,
              29.044633
            ],
            [
              77.072354,
              29.047413
            ],
            [
              77.070897,
              29.04863
            ],
            [
              77.069464,
              29.048388
            ],
            [
              77.068713,
              29.046772
            ],
            [
              77.068645,
              29.049956
            ],
            [
              77.066687,
              29.053956
            ],
            [
              77.070058,
              29.054117
            ],
            [
              77.070399,
              29.052458
            ],
            [
              77.072175,
              29.051956
            ],
            [
              77.072433,
              29.049492
            ],
            [
              77.07336,
              29.049492
            ],
            [
              77.073707,
              29.051145
            ],
            [
              77.075091,
              29.05115
            ],
            [
              77.076214,
              29.049956
            ],
            [
              77.076456,
              29.047515
            ],
            [
              77.077897,
              29.047299
            ],
            [
              77.078555,
              29.048297
            ],
            [
              77.080131,
              29.04819
            ],
            [
              77.081281,
              29.046956
            ],
            [
              77.080528,
              29.045587
            ],
            [
              77.084182,
              29.045241
            ],
            [
              77.085583,
              29.042642
            ],
            [
              77.088257,
              29.041595
            ],
            [
              77.088224,
              29.043283
            ],
            [
              77.085465,
              29.045956
            ],
            [
              77.085293,
              29.050352
            ],
            [
              77.083897,
              29.051572
            ],
            [
              77.077692,
              29.051751
            ],
            [
              77.075617,
              29.055956
            ],
            [
              77.079343,
              29.059509
            ],
            [
              77.080897,
              29.063352
            ],
            [
              77.082225,
              29.062284
            ],
            [
              77.083648,
              29.058707
            ],
            [
              77.088057,
              29.054956
            ],
            [
              77.087953,
              29.056012
            ],
            [
              77.084485,
              29.059544
            ],
            [
              77.084332,
              29.061391
            ],
            [
              77.083385,
              29.061956
            ],
            [
              77.084357,
              29.062495
            ],
            [
              77.084212,
              29.063271
            ],
            [
              77.082442,
              29.063956
            ],
            [
              77.082601,
              29.065251
            ],
            [
              77.085399,
              29.065956
            ],
            [
              77.081897,
              29.066517
            ],
            [
              77.080423,
              29.067956
            ],
            [
              77.080359,
              29.069956
            ],
            [
              77.081306,
              29.070956
            ],
            [
              77.080897,
              29.077207
            ],
            [
              77.080238,
              29.076956
            ],
            [
              77.080507,
              29.071956
            ],
            [
              77.079241,
              29.069611
            ],
            [
              77.075433,
              29.072492
            ],
            [
              77.075456,
              29.074396
            ],
            [
              77.077273,
              29.076579
            ],
            [
              77.078763,
              29.076822
            ],
            [
              77.078897,
              29.075857
            ],
            [
              77.079526,
              29.076956
            ],
            [
              77.07623,
              29.077289
            ],
            [
              77.075897,
              29.079924
            ],
            [
              77.073375,
              29.077477
            ],
            [
              77.071572,
              29.07728
            ],
            [
              77.070266,
              29.074586
            ],
            [
              77.067897,
              29.074381
            ],
            [
              77.067106,
              29.077956
            ],
            [
              77.068073,
              29.079132
            ],
            [
              77.066889,
              29.079964
            ],
            [
              77.0665,
              29.073956
            ],
            [
              77.069379,
              29.072956
            ],
            [
              77.068186,
              29.071666
            ],
            [
              77.063897,
              29.0696
            ],
            [
              77.061564,
              29.069623
            ],
            [
              77.061539,
              29.070956
            ],
            [
              77.060391,
              29.071956
            ],
            [
              77.060347,
              29.075956
            ],
            [
              77.05937,
              29.076956
            ],
            [
              77.059349,
              29.078956
            ],
            [
              77.058328,
              29.079956
            ],
            [
              77.057217,
              29.085276
            ],
            [
              77.055897,
              29.086458
            ]
          ]
        ],
        "type": "Polygon"
      },
      "type": "Feature"
    },
    {
      "properties": {
        "fill-opacity": 0.33,
        "fillColor": "#bf4040",
        "opacity": 0.33,
        "fill": "#bf4040",
        "fillOpacity": 0.33,
        "color": "#bf4040",
        "contour": 5.0,
        "metric": "distance",
        "provider_name": "McDonald's",
        "zone_type": "distance",
        "distance_km": 5,
        "mode": "motorcycle",
        "center_lat": 29.051956,
        "center_lon": 77.065897,
        "label": "5km"
      },
      "geometry": {
        "coordinates": [
          [
            [
              77.053897,
              29.095117
            ],
            [
              77.053518,
              29.092334
            ],
            [
              77.052741,
              29.0918
            ],
            [
              77.054382,
              29.091441
            ],
            [
              77.054338,
              29.090514
            ],
            [
              77.0524,
              29.090459
            ],
            [
              77.050962,
              29.092021
            ],
            [
              77.049996,
              29.092055
            ],
            [
              77.049897,
              29.092616
            ],
            [
              77.049859,
              29.091918
            ],
            [
              77.050697,
              29.091756
            ],
            [
              77.05081,
              29.089869
            ],
            [
              77.052373,
              29.089432
            ],
            [
              77.052306,
              29.087546
            ],
            [
              77.050897,
              29.088269
            ],
            [
              77.048897,
              29.087179
            ],
            [
              77.04706,
              29.087118
            ],
            [
              77.046897,
              29.087774
            ],
            [
              77.046841,
              29.0869
            ],
            [
              77.047624,
              29.086683
            ],
            [
              77.047809,
              29.085043
            ],
            [
              77.0466,
              29.084956
            ],
            [
              77.047897,
              29.084916
            ],
            [
              77.048153,
              29.085699
            ],
            [
              77.049897,
              29.085752
            ],
            [
              77.050897,
              29.086617
            ],
            [
              77.052459,
              29.085956
            ],
            [
              77.051646,
              29.081206
            ],
            [
              77.048381,
              29.080956
            ],
            [
              77.049404,
              29.079956
            ],
            [
              77.049143,
              29.073709
            ],
            [
              77.047614,
              29.073673
            ],
            [
              77.046897,
              29.076461
            ],
            [
              77.045419,
              29.075956
            ],
            [
              77.046366,
              29.074956
            ],
            [
              77.045897,
              29.073509
            ],
            [
              77.039197,
              29.073256
            ],
            [
              77.037707,
              29.074145
            ],
            [
              77.037698,
              29.072757
            ],
            [
              77.039298,
              29.072357
            ],
            [
              77.038897,
              29.071411
            ],
            [
              77.036897,
              29.071358
            ],
            [
              77.035897,
              29.072305
            ],
            [
              77.032095,
              29.073154
            ],
            [
              77.031941,
              29.074
            ],
            [
              77.031077,
              29.073956
            ],
            [
              77.031773,
              29.073832
            ],
            [
              77.031837,
              29.072896
            ],
            [
              77.033443,
              29.072502
            ],
            [
              77.03383,
              29.070889
            ],
            [
              77.034897,
              29.071642
            ],
            [
              77.035679,
              29.069738
            ],
            [
              77.038276,
              29.069335
            ],
            [
              77.038556,
              29.066956
            ],
            [
              77.037897,
              29.066362
            ],
            [
              77.035897,
              29.068216
            ],
            [
              77.034258,
              29.068317
            ],
            [
              77.033897,
              29.069072
            ],
            [
              77.031957,
              29.068956
            ],
            [
              77.033652,
              29.068711
            ],
            [
              77.034719,
              29.066778
            ],
            [
              77.040389,
              29.063956
            ],
            [
              77.03481,
              29.058042
            ],
            [
              77.034816,
              29.057037
            ],
            [
              77.033886,
              29.056945
            ],
            [
              77.034921,
              29.056931
            ],
            [
              77.041897,
              29.063337
            ],
            [
              77.048095,
              29.060154
            ],
            [
              77.049418,
              29.058477
            ],
            [
              77.051075,
              29.058134
            ],
            [
              77.052146,
              29.056956
            ],
            [
              77.05205,
              29.053802
            ],
            [
              77.048897,
              29.053706
            ],
            [
              77.047897,
              29.052699
            ],
            [
              77.045897,
              29.052686
            ],
            [
              77.044897,
              29.054656
            ],
            [
              77.043897,
              29.052669
            ],
            [
              77.035897,
              29.052588
            ],
            [
              77.034897,
              29.054528
            ],
            [
              77.033897,
              29.05256
            ],
            [
              77.030897,
              29.05265
            ],
            [
              77.029336,
              29.053956
            ],
            [
              77.029065,
              29.058124
            ],
            [
              77.027897,
              29.054383
            ],
            [
              77.026158,
              29.055956
            ],
            [
              77.025897,
              29.059049
            ],
            [
              77.024343,
              29.05351
            ],
            [
              77.021897,
              29.053528
            ],
            [
              77.021569,
              29.051283
            ],
            [
              77.019536,
              29.050956
            ],
            [
              77.020612,
              29.049956
            ],
            [
              77.021112,
              29.050741
            ],
            [
              77.023462,
              29.050521
            ],
            [
              77.023897,
              29.048393
            ],
            [
              77.024133,
              29.050956
            ],
            [
              77.024897,
              29.051567
            ],
            [
              77.02553,
              29.049589
            ],
            [
              77.029685,
              29.046744
            ],
            [
              77.029897,
              29.045926
            ],
            [
              77.030065,
              29.046788
            ],
            [
              77.029149,
              29.047956
            ],
            [
              77.030175,
              29.049956
            ],
            [
              77.0294,
              29.050956
            ],
            [
              77.029897,
              29.051421
            ],
            [
              77.035146,
              29.051205
            ],
            [
              77.034306,
              29.049956
            ],
            [
              77.034897,
              29.0474
            ],
            [
              77.036897,
              29.051312
            ],
            [
              77.043089,
              29.051148
            ],
            [
              77.043205,
              29.048956
            ],
            [
              77.042105,
              29.047747
            ],
            [
              77.036897,
              29.046577
            ],
            [
              77.033897,
              29.044523
            ],
            [
              77.031897,
              29.044477
            ],
            [
              77.026547,
              29.040956
            ],
            [
              77.027897,
              29.040572
            ],
            [
              77.032897,
              29.04341
            ],
            [
              77.034897,
              29.043388
            ],
            [
              77.03616,
              29.044219
            ],
            [
              77.036188,
              29.042664
            ],
            [
              77.034377,
              29.041956
            ],
            [
              77.035365,
              29.040956
            ],
            [
              77.035301,
              29.037551
            ],
            [
              77.03371,
              29.036143
            ],
            [
              77.033546,
              29.034307
            ],
            [
              77.031997,
              29.033956
            ],
            [
              77.033483,
              29.033542
            ],
            [
              77.033411,
              29.032441
            ],
            [
              77.030638,
              29.031956
            ],
            [
              77.031722,
              29.031781
            ],
            [
              77.031897,
              29.030731
            ],
            [
              77.033897,
              29.031278
            ],
            [
              77.034897,
              29.032659
            ],
            [
              77.036333,
              29.032392
            ],
            [
              77.037556,
              29.030956
            ],
            [
              77.03743,
              29.029422
            ],
            [
              77.034794,
              29.028956
            ],
            [
              77.037543,
              29.027602
            ],
            [
              77.037897,
              29.02533
            ],
            [
              77.0383,
              29.027552
            ],
            [
              77.039424,
              29.028428
            ],
            [
              77.042281,
              29.02834
            ],
            [
              77.041897,
              29.027308
            ],
            [
              77.039637,
              29.027215
            ],
            [
              77.041339,
              29.026398
            ],
            [
              77.041364,
              29.025488
            ],
            [
              77.038142,
              29.024956
            ],
            [
              77.038209,
              29.022956
            ],
            [
              77.039734,
              29.021793
            ],
            [
              77.040084,
              29.022768
            ],
            [
              77.042606,
              29.022956
            ],
            [
              77.042031,
              29.02309
            ],
            [
              77.042361,
              29.024491
            ],
            [
              77.044007,
              29.024845
            ],
            [
              77.043956,
              29.026015
            ],
            [
              77.042897,
              29.02518
            ],
            [
              77.042249,
              29.025956
            ],
            [
              77.044535,
              29.028317
            ],
            [
              77.046897,
              29.02857
            ],
            [
              77.047897,
              29.029603
            ],
            [
              77.050669,
              29.028728
            ],
            [
              77.050897,
              29.02789
            ],
            [
              77.051897,
              29.028768
            ],
            [
              77.052897,
              29.026202
            ],
            [
              77.053498,
              29.032354
            ],
            [
              77.057897,
              29.03277
            ],
            [
              77.058897,
              29.034674
            ],
            [
              77.062832,
              29.034956
            ],
            [
              77.061897,
              29.035963
            ],
            [
              77.061719,
              29.035133
            ],
            [
              77.060897,
              29.035107
            ],
            [
              77.055897,
              29.035357
            ],
            [
              77.055611,
              29.036241
            ],
            [
              77.059897,
              29.036321
            ],
            [
              77.060897,
              29.037299
            ],
            [
              77.064897,
              29.03711
            ],
            [
              77.065897,
              29.038137
            ],
            [
              77.069076,
              29.038135
            ],
            [
              77.070146,
              29.035706
            ],
            [
              77.069897,
              29.03515
            ],
            [
              77.06735,
              29.034956
            ],
            [
              77.068666,
              29.034725
            ],
            [
              77.068851,
              29.033956
            ],
            [
              77.066639,
              29.030214
            ],
            [
              77.066692,
              29.025956
            ],
            [
              77.067897,
              29.026561
            ],
            [
              77.068504,
              29.025956
            ],
            [
              77.068454,
              29.023956
            ],
            [
              77.067503,
              29.022956
            ],
            [
              77.068537,
              29.021956
            ],
            [
              77.067897,
              29.021106
            ],
            [
              77.067252,
              29.022311
            ],
            [
              77.065897,
              29.022246
            ],
            [
              77.06379,
              29.021063
            ],
            [
              77.062897,
              29.019333
            ],
            [
              77.070728,
              29.018787
            ],
            [
              77.070897,
              29.017955
            ],
            [
              77.071144,
              29.019708
            ],
            [
              77.073126,
              29.020956
            ],
            [
              77.071334,
              29.023956
            ],
            [
              77.071575,
              29.025277
            ],
            [
              77.072897,
              29.025398
            ],
            [
              77.073378,
              29.023956
            ],
            [
              77.074512,
              29.023571
            ],
            [
              77.074477,
              29.020956
            ],
            [
              77.075599,
              29.020658
            ],
            [
              77.075836,
              29.017895
            ],
            [
              77.076729,
              29.017788
            ],
            [
              77.076897,
              29.014605
            ],
            [
              77.077485,
              29.014956
            ],
            [
              77.077147,
              29.017956
            ],
            [
              77.076232,
              29.018956
            ],
            [
              77.076479,
              29.020373
            ],
            [
              77.080924,
              29.018928
            ],
            [
              77.080401,
              29.019956
            ],
            [
              77.078897,
              29.020164
            ],
            [
              77.077444,
              29.021503
            ],
            [
              77.077308,
              29.023956
            ],
            [
              77.076376,
              29.024956
            ],
            [
              77.076578,
              29.027274
            ],
            [
              77.078262,
              29.027321
            ],
            [
              77.078629,
              29.023956
            ],
            [
              77.07984,
              29.021899
            ],
            [
              77.080897,
              29.021351
            ],
            [
              77.080938,
              29.021997
            ],
            [
              77.080085,
              29.022144
            ],
            [
              77.079265,
              29.025956
            ],
            [
              77.079897,
              29.02658
            ],
            [
              77.081355,
              29.026414
            ],
            [
              77.081897,
              29.02474
            ],
            [
              77.082217,
              29.026956
            ],
            [
              77.080491,
              29.029361
            ],
            [
              77.083243,
              29.032609
            ],
            [
              77.084854,
              29.032913
            ],
            [
              77.084897,
              29.032291
            ],
            [
              77.084849,
              29.034003
            ],
            [
              77.086897,
              29.035609
            ],
            [
              77.087781,
              29.03384
            ],
            [
              77.08863,
              29.033689
            ],
            [
              77.088897,
              29.032113
            ],
            [
              77.090526,
              29.033956
            ],
            [
              77.088268,
              29.034327
            ],
            [
              77.088407,
              29.035445
            ],
            [
              77.090897,
              29.035454
            ],
            [
              77.091057,
              29.036795
            ],
            [
              77.092137,
              29.036956
            ],
            [
              77.092945,
              29.038956
            ],
            [
              77.090477,
              29.041536
            ],
            [
              77.090991,
              29.042956
            ],
            [
              77.090075,
              29.043956
            ],
            [
              77.088897,
              29.044405
            ],
            [
              77.087897,
              29.043609
            ],
            [
              77.085691,
              29.04575
            ],
            [
              77.085371,
              29.05043
            ],
            [
              77.083897,
              29.051678
            ],
            [
              77.07774,
              29.051799
            ],
            [
              77.075673,
              29.057179
            ],
            [
              77.077435,
              29.057418
            ],
            [
              77.0794,
              29.059453
            ],
            [
              77.080897,
              29.063239
            ],
            [
              77.082117,
              29.062176
            ],
            [
              77.083487,
              29.058546
            ],
            [
              77.089615,
              29.052674
            ],
            [
              77.090897,
              29.053587
            ],
            [
              77.094897,
              29.053785
            ],
            [
              77.095673,
              29.053732
            ],
            [
              77.095897,
              29.052515
            ],
            [
              77.095947,
              29.054006
            ],
            [
              77.095191,
              29.05425
            ],
            [
              77.094897,
              29.055811
            ],
            [
              77.094557,
              29.054295
            ],
            [
              77.091897,
              29.05429
            ],
            [
              77.091199,
              29.054956
            ],
            [
              77.091584,
              29.061268
            ],
            [
              77.103387,
              29.061956
            ],
            [
              77.102108,
              29.062167
            ],
            [
              77.101897,
              29.063733
            ],
            [
              77.101648,
              29.062205
            ],
            [
              77.091897,
              29.062479
            ],
            [
              77.091897,
              29.066371
            ],
            [
              77.09059,
              29.066262
            ],
            [
              77.089897,
              29.062524
            ],
            [
              77.084897,
              29.062593
            ],
            [
              77.082682,
              29.063741
            ],
            [
              77.082692,
              29.06516
            ],
            [
              77.084897,
              29.065288
            ],
            [
              77.085564,
              29.065956
            ],
            [
              77.084897,
              29.066623
            ],
            [
              77.081897,
              29.066651
            ],
            [
              77.080575,
              29.067956
            ],
            [
              77.080547,
              29.069956
            ],
            [
              77.081525,
              29.070956
            ],
            [
              77.081565,
              29.076287
            ],
            [
              77.087584,
              29.076643
            ],
            [
              77.087897,
              29.075128
            ],
            [
              77.088164,
              29.076688
            ],
            [
              77.089773,
              29.076956
            ],
            [
              77.081897,
              29.077388
            ],
            [
              77.080897,
              29.078389
            ],
            [
              77.079897,
              29.077445
            ],
            [
              77.076586,
              29.077645
            ],
            [
              77.076566,
              29.079287
            ],
            [
              77.07915,
              29.081702
            ],
            [
              77.079247,
              29.083306
            ],
            [
              77.075897,
              29.080455
            ],
            [
              77.073632,
              29.08222
            ],
            [
              77.074391,
              29.078956
            ],
            [
              77.072897,
              29.077554
            ],
            [
              77.071621,
              29.07768
            ],
            [
              77.071266,
              29.079325
            ],
            [
              77.06922,
              29.081279
            ],
            [
              77.067473,
              29.081379
            ],
            [
              77.066393,
              29.079956
            ],
            [
              77.066273,
              29.073956
            ],
            [
              77.069222,
              29.072956
            ],
            [
              77.063897,
              29.069693
            ],
            [
              77.06173,
              29.069789
            ],
            [
              77.06069,
              29.071956
            ],
            [
              77.060592,
              29.075651
            ],
            [
              77.059613,
              29.076672
            ],
            [
              77.05987,
              29.078956
            ],
            [
              77.058534,
              29.079956
            ],
            [
              77.058407,
              29.082466
            ],
            [
              77.057459,
              29.083956
            ],
            [
              77.059897,
              29.084617
            ],
            [
              77.060897,
              29.083714
            ],
            [
              77.062557,
              29.083616
            ],
            [
              77.062897,
              29.082865
            ],
            [
              77.064525,
              29.082956
            ],
            [
              77.063093,
              29.083152
            ],
            [
              77.063012,
              29.084071
            ],
            [
              77.061402,
              29.084461
            ],
            [
              77.06027,
              29.085956
            ],
            [
              77.060897,
              29.086625
            ],
            [
              77.064059,
              29.086956
            ],
            [
              77.058496,
              29.087356
            ],
            [
              77.058282,
              29.08657
            ],
            [
              77.057538,
              29.086597
            ],
            [
              77.058303,
              29.087956
            ],
            [
              77.055602,
              29.089661
            ],
            [
              77.055163,
              29.093222
            ],
            [
              77.053897,
              29.095117
            ]
          ]
        ],
        "type": "Polygon"
      },
      "type": "Feature"
    },
    {
      "properties": {
        "fill-opacity": 0.33,
        "fillColor": "#bf4040",
        "opacity": 0.33,
        "fill": "#bf4040",
        "fillOpacity": 0.33,
        "color": "#bf4040",
        "contour": 6.0,
        "metric": "distance",
        "provider_name": "McDonald's",
        "zone_type": "distance",
        "distance_km": 6,
        "mode": "motorcycle",
        "center_lat": 29.051956,
        "center_lon": 77.065897,
        "label": "6km"
      },
      "geometry": {
        "coordinates": [
          [
            [
              77.051897,
              29.102999
            ],
            [
              77.05096,
              29.103019
            ],
            [
              77.050897,
              29.103867
            ],
            [
              77.050682,
              29.102171
            ],
            [
              77.049372,
              29.100956
            ],
            [
              77.050692,
              29.100751
            ],
            [
              77.05134,
              29.098512
            ],
            [
              77.048559,
              29.096956
            ],
            [
              77.049897,
              29.095791
            ],
            [
              77.051446,
              29.097406
            ],
            [
              77.052293,
              29.097352
            ],
            [
              77.053392,
              29.094956
            ],
            [
              77.053345,
              29.092956
            ],
            [
              77.052346,
              29.091507
            ],
            [
              77.047897,
              29.095355
            ],
            [
              77.043897,
              29.097143
            ],
            [
              77.041151,
              29.096956
            ],
            [
              77.043556,
              29.096615
            ],
            [
              77.043752,
              29.095811
            ],
            [
              77.047294,
              29.094353
            ],
            [
              77.048426,
              29.092956
            ],
            [
              77.046548,
              29.091956
            ],
            [
              77.046375,
              29.086956
            ],
            [
              77.047217,
              29.085635
            ],
            [
              77.04558,
              29.085272
            ],
            [
              77.044286,
              29.083566
            ],
            [
              77.042544,
              29.082956
            ],
            [
              77.045333,
              29.082392
            ],
            [
              77.046765,
              29.080824
            ],
            [
              77.049127,
              29.080186
            ],
            [
              77.049077,
              29.073775
            ],
            [
              77.047698,
              29.073757
            ],
            [
              77.047343,
              29.076402
            ],
            [
              77.045897,
              29.076612
            ],
            [
              77.04524,
              29.075956
            ],
            [
              77.046216,
              29.074956
            ],
            [
              77.0461,
              29.073752
            ],
            [
              77.038897,
              29.07356
            ],
            [
              77.037897,
              29.074539
            ],
            [
              77.037505,
              29.072564
            ],
            [
              77.039256,
              29.071956
            ],
            [
              77.036897,
              29.071581
            ],
            [
              77.032584,
              29.073643
            ],
            [
              77.03137,
              29.074956
            ],
            [
              77.031897,
              29.075717
            ],
            [
              77.032746,
              29.074805
            ],
            [
              77.033187,
              29.075665
            ],
            [
              77.034906,
              29.075946
            ],
            [
              77.033949,
              29.077008
            ],
            [
              77.033668,
              29.076184
            ],
            [
              77.028897,
              29.076378
            ],
            [
              77.028076,
              29.079135
            ],
            [
              77.025167,
              29.079226
            ],
            [
              77.024897,
              29.080067
            ],
            [
              77.023312,
              29.07954
            ],
            [
              77.023072,
              29.07678
            ],
            [
              77.022286,
              29.075956
            ],
            [
              77.022853,
              29.073912
            ],
            [
              77.025468,
              29.073527
            ],
            [
              77.025897,
              29.071867
            ],
            [
              77.026138,
              29.073956
            ],
            [
              77.027897,
              29.075566
            ],
            [
              77.028794,
              29.070956
            ],
            [
              77.029897,
              29.070256
            ],
            [
              77.029934,
              29.070992
            ],
            [
              77.029119,
              29.071178
            ],
            [
              77.02922,
              29.073956
            ],
            [
              77.030244,
              29.074303
            ],
            [
              77.031548,
              29.072607
            ],
            [
              77.033187,
              29.072246
            ],
            [
              77.033546,
              29.070605
            ],
            [
              77.034897,
              29.071363
            ],
            [
              77.035498,
              29.069557
            ],
            [
              77.038138,
              29.069197
            ],
            [
              77.038294,
              29.066956
            ],
            [
              77.03764,
              29.066699
            ],
            [
              77.03628,
              29.068339
            ],
            [
              77.031897,
              29.07044
            ],
            [
              77.030976,
              29.069956
            ],
            [
              77.031564,
              29.068623
            ],
            [
              77.033207,
              29.068266
            ],
            [
              77.034512,
              29.066571
            ],
            [
              77.040123,
              29.063729
            ],
            [
              77.029897,
              29.053619
            ],
            [
              77.029278,
              29.058337
            ],
            [
              77.028324,
              29.057956
            ],
            [
              77.02814,
              29.054712
            ],
            [
              77.026472,
              29.055956
            ],
            [
              77.026158,
              29.064956
            ],
            [
              77.023897,
              29.065115
            ],
            [
              77.02558,
              29.063956
            ],
            [
              77.02534,
              29.056956
            ],
            [
              77.024331,
              29.055956
            ],
            [
              77.024164,
              29.053688
            ],
            [
              77.022384,
              29.053956
            ],
            [
              77.023258,
              29.056956
            ],
            [
              77.022182,
              29.057956
            ],
            [
              77.021897,
              29.060696
            ],
            [
              77.021082,
              29.060771
            ],
            [
              77.021707,
              29.058956
            ],
            [
              77.021203,
              29.051649
            ],
            [
              77.018535,
              29.051594
            ],
            [
              77.017235,
              29.053956
            ],
            [
              77.016897,
              29.0587
            ],
            [
              77.016494,
              29.056358
            ],
            [
              77.014767,
              29.055956
            ],
            [
              77.016424,
              29.055483
            ],
            [
              77.017271,
              29.051581
            ],
            [
              77.013897,
              29.051258
            ],
            [
              77.011703,
              29.052149
            ],
            [
              77.009521,
              29.049956
            ],
            [
              77.010897,
              29.049194
            ],
            [
              77.013897,
              29.050653
            ],
            [
              77.017277,
              29.050336
            ],
            [
              77.017527,
              29.046325
            ],
            [
              77.016008,
              29.045956
            ],
            [
              77.017897,
              29.04396
            ],
            [
              77.019526,
              29.049326
            ],
            [
              77.021897,
              29.049448
            ],
            [
              77.02319,
              29.050249
            ],
            [
              77.023266,
              29.047586
            ],
            [
              77.021527,
              29.046956
            ],
            [
              77.021673,
              29.043956
            ],
            [
              77.022897,
              29.042846
            ],
            [
              77.023936,
              29.042956
            ],
            [
              77.022362,
              29.044421
            ],
            [
              77.022244,
              29.045956
            ],
            [
              77.024194,
              29.046658
            ],
            [
              77.024897,
              29.048478
            ],
            [
              77.025626,
              29.046685
            ],
            [
              77.026897,
              29.048347
            ],
            [
              77.029897,
              29.045448
            ],
            [
              77.031897,
              29.045492
            ],
            [
              77.033183,
              29.046669
            ],
            [
              77.032897,
              29.048356
            ],
            [
              77.030897,
              29.046442
            ],
            [
              77.029597,
              29.047656
            ],
            [
              77.029484,
              29.048956
            ],
            [
              77.030897,
              29.051265
            ],
            [
              77.035078,
              29.051137
            ],
            [
              77.034187,
              29.049956
            ],
            [
              77.034897,
              29.047263
            ],
            [
              77.036718,
              29.051134
            ],
            [
              77.043046,
              29.051105
            ],
            [
              77.043132,
              29.048956
            ],
            [
              77.042055,
              29.047797
            ],
            [
              77.036897,
              29.046681
            ],
            [
              77.033897,
              29.044654
            ],
            [
              77.031897,
              29.044632
            ],
            [
              77.027482,
              29.042371
            ],
            [
              77.026301,
              29.040551
            ],
            [
              77.024897,
              29.040519
            ],
            [
              77.018668,
              29.037184
            ],
            [
              77.018897,
              29.036569
            ],
            [
              77.020897,
              29.036529
            ],
            [
              77.021897,
              29.037473
            ],
            [
              77.030897,
              29.037819
            ],
            [
              77.025897,
              29.038351
            ],
            [
              77.025444,
              29.038956
            ],
            [
              77.026492,
              29.04036
            ],
            [
              77.027897,
              29.040337
            ],
            [
              77.032683,
              29.043169
            ],
            [
              77.034897,
              29.043258
            ],
            [
              77.036085,
              29.044144
            ],
            [
              77.036099,
              29.042753
            ],
            [
              77.034221,
              29.041956
            ],
            [
              77.035215,
              29.040956
            ],
            [
              77.03525,
              29.037956
            ],
            [
              77.033509,
              29.036343
            ],
            [
              77.033201,
              29.034651
            ],
            [
              77.032562,
              29.034621
            ],
            [
              77.031897,
              29.036398
            ],
            [
              77.030897,
              29.035391
            ],
            [
              77.028523,
              29.034956
            ],
            [
              77.029679,
              29.033738
            ],
            [
              77.03237,
              29.033429
            ],
            [
              77.032354,
              29.032498
            ],
            [
              77.028644,
              29.032208
            ],
            [
              77.027444,
              29.031408
            ],
            [
              77.024897,
              29.03125
            ],
            [
              77.023897,
              29.030241
            ],
            [
              77.020897,
              29.029933
            ],
            [
              77.024897,
              29.029705
            ],
            [
              77.025897,
              29.03061
            ],
            [
              77.027897,
              29.030284
            ],
            [
              77.029897,
              29.031477
            ],
            [
              77.031221,
              29.03128
            ],
            [
              77.031317,
              29.028535
            ],
            [
              77.026155,
              29.027956
            ],
            [
              77.026828,
              29.027887
            ],
            [
              77.026897,
              29.026669
            ],
            [
              77.027059,
              29.027793
            ],
            [
              77.027897,
              29.027811
            ],
            [
              77.030897,
              29.027633
            ],
            [
              77.033325,
              29.026384
            ],
            [
              77.033379,
              29.024473
            ],
            [
              77.030275,
              29.023956
            ],
            [
              77.031631,
              29.02369
            ],
            [
              77.031897,
              29.022865
            ],
            [
              77.032213,
              29.02364
            ],
            [
              77.033897,
              29.023699
            ],
            [
              77.034551,
              29.022956
            ],
            [
              77.033694,
              29.021753
            ],
            [
              77.036301,
              29.02136
            ],
            [
              77.036308,
              29.020544
            ],
            [
              77.03283,
              29.019956
            ],
            [
              77.03231,
              29.018956
            ],
            [
              77.033728,
              29.014787
            ],
            [
              77.034897,
              29.014227
            ],
            [
              77.036162,
              29.01569
            ],
            [
              77.038897,
              29.016358
            ],
            [
              77.039897,
              29.015248
            ],
            [
              77.041897,
              29.015887
            ],
            [
              77.043897,
              29.018654
            ],
            [
              77.046712,
              29.018771
            ],
            [
              77.046931,
              29.017921
            ],
            [
              77.046897,
              29.019053
            ],
            [
              77.042477,
              29.019536
            ],
            [
              77.042336,
              29.020956
            ],
            [
              77.044897,
              29.022517
            ],
            [
              77.04713,
              29.022722
            ],
            [
              77.047897,
              29.024733
            ],
            [
              77.048897,
              29.023918
            ],
            [
              77.050034,
              29.023956
            ],
            [
              77.048978,
              29.024037
            ],
            [
              77.048897,
              29.025085
            ],
            [
              77.046897,
              29.025266
            ],
            [
              77.045897,
              29.024346
            ],
            [
              77.044422,
              29.02443
            ],
            [
              77.043897,
              29.023426
            ],
            [
              77.04244,
              29.023956
            ],
            [
              77.044381,
              29.024471
            ],
            [
              77.043653,
              29.0272
            ],
            [
              77.047897,
              29.029349
            ],
            [
              77.050897,
              29.027439
            ],
            [
              77.051897,
              29.028404
            ],
            [
              77.052353,
              29.027956
            ],
            [
              77.053001,
              29.018851
            ],
            [
              77.053518,
              29.031956
            ],
            [
              77.057897,
              29.032404
            ],
            [
              77.059237,
              29.034296
            ],
            [
              77.060112,
              29.031956
            ],
            [
              77.062537,
              29.031596
            ],
            [
              77.062315,
              29.029956
            ],
            [
              77.063897,
              29.029227
            ],
            [
              77.065897,
              29.03094
            ],
            [
              77.066247,
              29.025956
            ],
            [
              77.066897,
              29.025362
            ],
            [
              77.068145,
              29.026204
            ],
            [
              77.068255,
              29.023956
            ],
            [
              77.064897,
              29.021517
            ],
            [
              77.063447,
              29.021506
            ],
            [
              77.062897,
              29.022668
            ],
            [
              77.062736,
              29.020956
            ],
            [
              77.060897,
              29.019406
            ],
            [
              77.06023,
              29.019956
            ],
            [
              77.059897,
              29.024435
            ],
            [
              77.059304,
              29.018548
            ],
            [
              77.056897,
              29.017196
            ],
            [
              77.053813,
              29.016872
            ],
            [
              77.058366,
              29.016425
            ],
            [
              77.058323,
              29.013956
            ],
            [
              77.05973,
              29.013789
            ],
            [
              77.059897,
              29.013042
            ],
            [
              77.059956,
              29.014015
            ],
            [
              77.059136,
              29.014195
            ],
            [
              77.05915,
              29.015956
            ],
            [
              77.061146,
              29.016706
            ],
            [
              77.06153,
              29.018322
            ],
            [
              77.065897,
              29.018479
            ],
            [
              77.066897,
              29.016521
            ],
            [
              77.068167,
              29.016685
            ],
            [
              77.068897,
              29.018419
            ],
            [
              77.070897,
              29.017721
            ],
            [
              77.071587,
              29.019265
            ],
            [
              77.072897,
              29.019402
            ],
            [
              77.073461,
              29.020956
            ],
            [
              77.071537,
              29.023956
            ],
            [
              77.07168,
              29.025172
            ],
            [
              77.072897,
              29.025262
            ],
            [
              77.074531,
              29.022956
            ],
            [
              77.074264,
              29.020956
            ],
            [
              77.075548,
              29.019956
            ],
            [
              77.076614,
              29.013956
            ],
            [
              77.078695,
              29.009956
            ],
            [
              77.0788,
              29.006956
            ],
            [
              77.079768,
              29.006827
            ],
            [
              77.079897,
              29.00598
            ],
            [
              77.080813,
              29.006956
            ],
            [
              77.080514,
              29.008338
            ],
            [
              77.081529,
              29.008956
            ],
            [
              77.079897,
              29.009067
            ],
            [
              77.079214,
              29.009956
            ],
            [
              77.079897,
              29.010645
            ],
            [
              77.081704,
              29.010763
            ],
            [
              77.081897,
              29.010144
            ],
            [
              77.082004,
              29.011956
            ],
            [
              77.081032,
              29.01382
            ],
            [
              77.081753,
              29.016099
            ],
            [
              77.083299,
              29.016358
            ],
            [
              77.083897,
              29.014344
            ],
            [
              77.087998,
              29.015956
            ],
            [
              77.087978,
              29.017037
            ],
            [
              77.086167,
              29.018956
            ],
            [
              77.087025,
              29.019956
            ],
            [
              77.086897,
              29.022212
            ],
            [
              77.08662,
              29.020232
            ],
            [
              77.084897,
              29.019305
            ],
            [
              77.080583,
              29.022642
            ],
            [
              77.079509,
              29.025956
            ],
            [
              77.081168,
              29.026227
            ],
            [
              77.081897,
              29.024395
            ],
            [
              77.082492,
              29.026956
            ],
            [
              77.080644,
              29.029208
            ],
            [
              77.083897,
              29.032423
            ],
            [
              77.085228,
              29.031624
            ],
            [
              77.085642,
              29.03421
            ],
            [
              77.087181,
              29.03424
            ],
            [
              77.088373,
              29.032956
            ],
            [
              77.087468,
              29.031956
            ],
            [
              77.087605,
              29.030664
            ],
            [
              77.089474,
              29.029956
            ],
            [
              77.088897,
              29.029302
            ],
            [
              77.086729,
              29.029123
            ],
            [
              77.085891,
              29.02695
            ],
            [
              77.08738,
              29.028472
            ],
            [
              77.089322,
              29.028381
            ],
            [
              77.089897,
              29.023359
            ],
            [
              77.090992,
              29.023956
            ],
            [
              77.09003,
              29.024089
            ],
            [
              77.09006,
              29.024956
            ],
            [
              77.091061,
              29.025956
            ],
            [
              77.09019,
              29.026956
            ],
            [
              77.090288,
              29.028956
            ],
            [
              77.091293,
              29.029956
            ],
            [
              77.089392,
              29.031956
            ],
            [
              77.091223,
              29.033629
            ],
            [
              77.091576,
              29.036276
            ],
            [
              77.092535,
              29.035956
            ],
            [
              77.09274,
              29.033799
            ],
            [
              77.095516,
              29.032575
            ],
            [
              77.095925,
              29.030927
            ],
            [
              77.096921,
              29.030932
            ],
            [
              77.095933,
              29.030992
            ],
            [
              77.096104,
              29.032956
            ],
            [
              77.095422,
              29.03443
            ],
            [
              77.097643,
              29.034702
            ],
            [
              77.097861,
              29.03392
            ],
            [
              77.09895,
              29.033956
            ],
            [
              77.098012,
              29.034071
            ],
            [
              77.097897,
              29.035079
            ],
            [
              77.09544,
              29.035499
            ],
            [
              77.094364,
              29.037956
            ],
            [
              77.095383,
              29.038442
            ],
            [
              77.095897,
              29.037055
            ],
            [
              77.097603,
              29.037956
            ],
            [
              77.096936,
              29.037995
            ],
            [
              77.097088,
              29.040764
            ],
            [
              77.098387,
              29.040956
            ],
            [
              77.097097,
              29.041156
            ],
            [
              77.097053,
              29.041956
            ],
            [
              77.099529,
              29.045956
            ],
            [
              77.094897,
              29.043332
            ],
            [
              77.091897,
              29.043428
            ],
            [
              77.090368,
              29.044956
            ],
            [
              77.090506,
              29.046347
            ],
            [
              77.093106,
              29.046746
            ],
            [
              77.093206,
              29.048646
            ],
            [
              77.093964,
              29.048956
            ],
            [
              77.092794,
              29.049059
            ],
            [
              77.092362,
              29.04749
            ],
            [
              77.090488,
              29.047547
            ],
            [
              77.090003,
              29.051956
            ],
            [
              77.09065,
              29.053202
            ],
            [
              77.094897,
              29.053409
            ],
            [
              77.095385,
              29.052956
            ],
            [
              77.094593,
              29.051652
            ],
            [
              77.096381,
              29.051956
            ],
            [
              77.09516,
              29.059219
            ],
            [
              77.093512,
              29.058956
            ],
            [
              77.094464,
              29.057956
            ],
            [
              77.094199,
              29.054653
            ],
            [
              77.091486,
              29.054956
            ],
            [
              77.091684,
              29.061168
            ],
            [
              77.109189,
              29.061956
            ],
            [
              77.107474,
              29.062533
            ],
            [
              77.107238,
              29.063297
            ],
            [
              77.105897,
              29.062386
            ],
            [
              77.102577,
              29.062636
            ],
            [
              77.102534,
              29.064318
            ],
            [
              77.104779,
              29.065956
            ],
            [
              77.102067,
              29.067956
            ],
            [
              77.102897,
              29.069403
            ],
            [
              77.10184,
              29.069013
            ],
            [
              77.10154,
              29.068312
            ],
            [
              77.099611,
              29.067956
            ],
            [
              77.099465,
              29.063956
            ],
            [
              77.101234,
              29.063293
            ],
            [
              77.100897,
              29.06251
            ],
            [
              77.091897,
              29.062633
            ],
            [
              77.091559,
              29.064956
            ],
            [
              77.092528,
              29.065956
            ],
            [
              77.091897,
              29.066587
            ],
            [
              77.090464,
              29.066388
            ],
            [
              77.089897,
              29.062654
            ],
            [
              77.084897,
              29.062692
            ],
            [
              77.082734,
              29.063793
            ],
            [
              77.08274,
              29.065112
            ],
            [
              77.084897,
              29.065205
            ],
            [
              77.085647,
              29.065956
            ],
            [
              77.084897,
              29.066706
            ],
            [
              77.081897,
              29.066722
            ],
            [
              77.080653,
              29.067956
            ],
            [
              77.080638,
              29.069956
            ],
            [
              77.081626,
              29.070956
            ],
            [
              77.081675,
              29.076177
            ],
            [
              77.086897,
              29.076392
            ],
            [
              77.087233,
              29.075619
            ],
            [
              77.085611,
              29.075241
            ],
            [
              77.085487,
              29.073956
            ],
            [
              77.087897,
              29.073484
            ],
            [
              77.088583,
              29.076269
            ],
            [
              77.092897,
              29.076541
            ],
            [
              77.093897,
              29.072785
            ],
            [
              77.09605,
              29.072956
            ],
            [
              77.096897,
              29.07578
            ],
            [
              77.100107,
              29.075956
            ],
            [
              77.094463,
              29.077522
            ],
            [
              77.094897,
              29.078729
            ],
            [
              77.096963,
              29.078956
            ],
            [
              77.096044,
              29.079103
            ],
            [
              77.093735,
              29.079118
            ],
            [
              77.092897,
              29.07737
            ],
            [
              77.081897,
              29.077594
            ],
            [
              77.080897,
              29.078594
            ],
            [
              77.079897,
              29.077618
            ],
            [
              77.076685,
              29.077744
            ],
            [
              77.076675,
              29.079177
            ],
            [
              77.080291,
              29.082561
            ],
            [
              77.080611,
              29.084241
            ],
            [
              77.082897,
              29.086467
            ],
            [
              77.085186,
              29.086666
            ],
            [
              77.085186,
              29.087245
            ],
            [
              77.083547,
              29.087606
            ],
            [
              77.083529,
              29.088323
            ],
            [
              77.085897,
              29.090671
            ],
            [
              77.088002,
              29.090851
            ],
            [
              77.087088,
              29.091956
            ],
            [
              77.08849,
              29.093956
            ],
            [
              77.087897,
              29.094001
            ],
            [
              77.086478,
              29.092374
            ],
            [
              77.081883,
              29.091969
            ],
            [
              77.083897,
              29.091782
            ],
            [
              77.084321,
              29.090531
            ],
            [
              77.082603,
              29.089249
            ],
            [
              77.082236,
              29.087616
            ],
            [
              77.079519,
              29.085334
            ],
            [
              77.079165,
              29.083687
            ],
            [
              77.076124,
              29.080728
            ],
            [
              77.073481,
              29.082371
            ],
            [
              77.074227,
              29.078956
            ],
            [
              77.073093,
              29.077759
            ],
            [
              77.071897,
              29.077671
            ],
            [
              77.071358,
              29.079417
            ],
            [
              77.069337,
              29.081396
            ],
            [
              77.065897,
              29.082417
            ],
            [
              77.060631,
              29.08569
            ],
            [
              77.060897,
              29.086356
            ],
            [
              77.063897,
              29.086411
            ],
            [
              77.064259,
              29.087318
            ],
            [
              77.058522,
              29.087581
            ],
            [
              77.058315,
              29.088374
            ],
            [
              77.056654,
              29.088713
            ],
            [
              77.055566,
              29.093286
            ],
            [
              77.058897,
              29.093582
            ],
            [
              77.059897,
              29.09178
            ],
            [
              77.060422,
              29.09343
            ],
            [
              77.064434,
              29.093956
            ],
            [
              77.064646,
              29.094956
            ],
            [
              77.062897,
              29.095594
            ],
            [
              77.062559,
              29.094293
            ],
            [
              77.060897,
              29.094243
            ],
            [
              77.059897,
              29.097124
            ],
            [
              77.059609,
              29.094956
            ],
            [
              77.058488,
              29.094547
            ],
            [
              77.057897,
              29.100987
            ],
            [
              77.057308,
              29.095544
            ],
            [
              77.054353,
              29.095412
            ],
            [
              77.05434,
              29.096956
            ],
            [
              77.053083,
              29.097956
            ],
            [
              77.053212,
              29.099956
            ],
            [
              77.052176,
              29.100235
            ],
            [
              77.051897,
              29.102999
            ]
          ]
        ],
        "type": "Polygon"
      },
      "type": "Feature"
    }
  ]
}