{
  "type": "FeatureCollection",
  "metadata": {
    "provider_name": "KFC",
    "center_lat": 8.9995,
    "center_lon": 76.7689,
    "mode": "motorcycle",
    "total_zones": 4,
    "distance_zones": [
      3,
      4,
      5,
      6
    ],
    "generated_at": "2025-12-26T11:29:59.109985Z"
  },
  "features": [
    {
      "properties": {
        "fill-opacity": 0.33,
        "fillColor": "#bf4040",
        "opacity": 0.33,
        "fill": "#bf4040",
        "fillOpacity": 0.33,
        "color": "#bf4040",
        "contour": 3.0,
        "metric": "distance",
        "provider_name": "KFC",
        "zone_type": "distance",
        "distance_km": 3,
        "mode": "motorcycle",
        "center_lat": 8.9995,
        "center_lon": 76.7689,
        "label": "3km"
      },
      "geometry": {
        "coordinates": [
          [
            [
              76.7679,
              9.020404
            ],
            [
              76.767479,
              9.01792
            ],
            [
              76.766107,
              9.017707
            ],
            [
              76.765725,
              9.0185
            ],
            [
              76.7649,
              9.017541
            ],
            [
              76.767447,
              9.017047
            ],
            [
              76.767298,
              9.014101
            ],
            [
              76.765412,
              9.014012
            ],
            [
              76.763335,
              9.014935
            ],
            [
              76.7619,
              9.01657
            ],
            [
              76.7609,
              9.016792
            ],
            [
              76.760991,
              9.016409
            ],
            [
              76.761809,
              9.016409
            ],
            [
              76.761715,
              9.014684
            ],
            [
              76.760497,
              9.0145
            ],
            [
              76.76062,
              9.012779
            ],
            [
              76.757645,
              9.0125
            ],
            [
              76.7579,
              9.010476
            ],
            [
              76.757965,
              9.011435
            ],
            [
              76.759691,
              9.0105
            ],
            [
              76.759719,
              9.00968
            ],
            [
              76.757406,
              9.0085
            ],
            [
              76.759699,
              9.0065
            ],
            [
              76.758487,
              9.005912
            ],
            [
              76.75817,
              9.004229
            ],
            [
              76.7569,
              9.00518
            ],
            [
              76.75634,
              9.0045
            ],
            [
              76.756519,
              9.003119
            ],
            [
              76.758163,
              9.002763
            ],
            [
              76.758296,
              9.000103
            ],
            [
              76.757608,
              9.000208
            ],
            [
              76.757244,
              9.001844
            ],
            [
              76.7539,
              9.001961
            ],
            [
              76.752489,
              9.003089
            ],
            [
              76.753127,
              9.006273
            ],
            [
              76.753928,
              9.006472
            ],
            [
              76.7539,
              9.007312
            ],
            [
              76.753813,
              9.006586
            ],
            [
              76.7529,
              9.00661
            ],
            [
              76.751762,
              9.005637
            ],
            [
              76.750761,
              9.002638
            ],
            [
              76.749107,
              9.002707
            ],
            [
              76.74854,
              9.0035
            ],
            [
              76.74836,
              9.000039
            ],
            [
              76.747096,
              9.0005
            ],
            [
              76.7469,
              9.002493
            ],
            [
              76.745156,
              9.0015
            ],
            [
              76.74661,
              8.9995
            ],
            [
              76.744814,
              8.998586
            ],
            [
              76.744567,
              8.9975
            ],
            [
              76.74643,
              8.9965
            ],
            [
              76.74606,
              8.9955
            ],
            [
              76.746799,
              8.995399
            ],
            [
              76.746731,
              8.9945
            ],
            [
              76.7459,
              8.9937
            ],
            [
              76.744252,
              8.994147
            ],
            [
              76.744005,
              8.9935
            ],
            [
              76.745516,
              8.993116
            ],
            [
              76.745558,
              8.991841
            ],
            [
              76.744438,
              8.9915
            ],
            [
              76.746287,
              8.990887
            ],
            [
              76.7469,
              8.989023
            ],
            [
              76.7479,
              8.988639
            ],
            [
              76.748573,
              8.9895
            ],
            [
              76.74845,
              8.991949
            ],
            [
              76.750366,
              8.990966
            ],
            [
              76.750347,
              8.989052
            ],
            [
              76.7489,
              8.988106
            ],
            [
              76.7479,
              8.988387
            ],
            [
              76.74778,
              8.986619
            ],
            [
              76.746894,
              8.986494
            ],
            [
              76.747955,
              8.986444
            ],
            [
              76.748169,
              8.987231
            ],
            [
              76.749465,
              8.987065
            ],
            [
              76.7499,
              8.984773
            ],
            [
              76.750511,
              8.9855
            ],
            [
              76.750153,
              8.9875
            ],
            [
              76.7519,
              8.989093
            ],
            [
              76.7539,
              8.98906
            ],
            [
              76.7549,
              8.98795
            ],
            [
              76.7569,
              8.988015
            ],
            [
              76.758256,
              8.986856
            ],
            [
              76.7579,
              8.985889
            ],
            [
              76.75562,
              8.9855
            ],
            [
              76.7559,
              8.981563
            ],
            [
              76.756095,
              8.9835
            ],
            [
              76.757457,
              8.984942
            ],
            [
              76.758547,
              8.9845
            ],
            [
              76.758734,
              8.982334
            ],
            [
              76.760638,
              8.982238
            ],
            [
              76.760882,
              8.981482
            ],
            [
              76.761866,
              8.9815
            ],
            [
              76.760957,
              8.981557
            ],
            [
              76.761363,
              8.984037
            ],
            [
              76.765852,
              8.9845
            ],
            [
              76.765573,
              8.9855
            ],
            [
              76.76348,
              8.98608
            ],
            [
              76.763559,
              8.98684
            ],
            [
              76.7669,
              8.987042
            ],
            [
              76.768327,
              8.985927
            ],
            [
              76.768444,
              8.984955
            ],
            [
              76.766013,
              8.9845
            ],
            [
              76.766972,
              8.983572
            ],
            [
              76.7689,
              8.983918
            ],
            [
              76.769468,
              8.985931
            ],
            [
              76.772257,
              8.987857
            ],
            [
              76.771637,
              8.9855
            ],
            [
              76.773491,
              8.984091
            ],
            [
              76.774028,
              8.9825
            ],
            [
              76.772863,
              8.981463
            ],
            [
              76.775087,
              8.981312
            ],
            [
              76.7759,
              8.982205
            ],
            [
              76.776591,
              8.9815
            ],
            [
              76.774905,
              8.9795
            ],
            [
              76.775623,
              8.979223
            ],
            [
              76.7759,
              8.977681
            ],
            [
              76.776062,
              8.978337
            ],
            [
              76.777173,
              8.9785
            ],
            [
              76.776273,
              8.9795
            ],
            [
              76.77715,
              8.980249
            ],
            [
              76.777454,
              8.981946
            ],
            [
              76.779652,
              8.981252
            ],
            [
              76.7799,
              8.979742
            ],
            [
              76.78002,
              8.98162
            ],
            [
              76.779286,
              8.981886
            ],
            [
              76.77941,
              8.982989
            ],
            [
              76.781958,
              8.982441
            ],
            [
              76.781964,
              8.983564
            ],
            [
              76.780405,
              8.984005
            ],
            [
              76.780428,
              8.984971
            ],
            [
              76.7819,
              8.985304
            ],
            [
              76.783024,
              8.984375
            ],
            [
              76.785263,
              8.9845
            ],
            [
              76.784625,
              8.9865
            ],
            [
              76.78224,
              8.9875
            ],
            [
              76.783258,
              8.989142
            ],
            [
              76.786954,
              8.9895
            ],
            [
              76.786099,
              8.989699
            ],
            [
              76.786046,
              8.990646
            ],
            [
              76.783497,
              8.9935
            ],
            [
              76.782746,
              8.995653
            ],
            [
              76.783645,
              8.9975
            ],
            [
              76.782162,
              8.9995
            ],
            [
              76.782457,
              9.000942
            ],
            [
              76.784338,
              9.001938
            ],
            [
              76.784845,
              8.998445
            ],
            [
              76.785235,
              8.999164
            ],
            [
              76.786976,
              8.9995
            ],
            [
              76.787281,
              9.001118
            ],
            [
              76.788616,
              9.001216
            ],
            [
              76.7889,
              8.999936
            ],
            [
              76.790145,
              9.0015
            ],
            [
              76.790129,
              9.00327
            ],
            [
              76.79202,
              9.0045
            ],
            [
              76.7899,
              9.004723
            ],
            [
              76.789402,
              9.005997
            ],
            [
              76.79251,
              9.0065
            ],
            [
              76.791128,
              9.006728
            ],
            [
              76.788784,
              9.0095
            ],
            [
              76.787231,
              9.009831
            ],
            [
              76.786518,
              9.0135
            ],
            [
              76.7849,
              9.015134
            ],
            [
              76.784488,
              9.012911
            ],
            [
              76.7779,
              9.011978
            ],
            [
              76.7769,
              9.011022
            ],
            [
              76.771575,
              9.012175
            ],
            [
              76.7719,
              9.014119
            ],
            [
              76.7739,
              9.01425
            ],
            [
              76.7749,
              9.01338
            ],
            [
              76.775933,
              9.013466
            ],
            [
              76.775139,
              9.013739
            ],
            [
              76.7749,
              9.016446
            ],
            [
              76.774532,
              9.014867
            ],
            [
              76.773419,
              9.015019
            ],
            [
              76.7729,
              9.018062
            ],
            [
              76.768356,
              9.017956
            ],
            [
              76.7679,
              9.020404
            ]
          ]
        ],
        "type": "Polygon"
      },
      "type": "Feature"
    },
    {
      "properties": {
        "fill-opacity": 0.33,
        "fillColor": "#bf4040",
        "opacity": 0.33,
        "fill": "#bf4040",
        "fillOpacity": 0.33,
        "color": "#bf4040",
        "contour": 4.0,
        "metric": "distance",
        "provider_name": "KFC",
        "zone_type": "distance",
        "distance_km": 4,
        "mode": "motorcycle",
        "center_lat": 8.9995,
        "center_lon": 76.7689,
        "label": "4km"
      },
      "geometry": {
        "coordinates": [
          [
            [
              76.7679,
              9.028916
            ],
            [
              76.76744,
              9.0285
            ],
            [
              76.767831,
              9.027431
            ],
            [
              76.768593,
              9.027193
            ],
            [
              76.768413,
              9.025986
            ],
            [
              76.766813,
              9.025586
            ],
            [
              76.766692,
              9.024707
            ],
            [
              76.764732,
              9.024332
            ],
            [
              76.7649,
              9.025737
            ],
            [
              76.762953,
              9.0255
            ],
            [
              76.762059,
              9.0245
            ],
            [
              76.767282,
              9.021882
            ],
            [
              76.767195,
              9.018204
            ],
            [
              76.764532,
              9.019132
            ],
            [
              76.7639,
              9.020875
            ],
            [
              76.759154,
              9.020754
            ],
            [
              76.7589,
              9.021433
            ],
            [
              76.758714,
              9.0205
            ],
            [
              76.759562,
              9.0195
            ],
            [
              76.7589,
              9.018897
            ],
            [
              76.7559,
              9.01878
            ],
            [
              76.7539,
              9.020693
            ],
            [
              76.753139,
              9.02026
            ],
            [
              76.752836,
              9.019436
            ],
            [
              76.754537,
              9.019137
            ],
            [
              76.754679,
              9.0185
            ],
            [
              76.754669,
              9.01773
            ],
            [
              76.753366,
              9.0175
            ],
            [
              76.7539,
              9.017189
            ],
            [
              76.7559,
              9.018219
            ],
            [
              76.7579,
              9.018112
            ],
            [
              76.758497,
              9.017097
            ],
            [
              76.760243,
              9.016843
            ],
            [
              76.760232,
              9.015167
            ],
            [
              76.75746,
              9.01506
            ],
            [
              76.757151,
              9.0155
            ],
            [
              76.758277,
              9.016877
            ],
            [
              76.756722,
              9.016677
            ],
            [
              76.754357,
              9.014042
            ],
            [
              76.751083,
              9.014683
            ],
            [
              76.750951,
              9.015551
            ],
            [
              76.750272,
              9.0155
            ],
            [
              76.750848,
              9.014448
            ],
            [
              76.75245,
              9.01405
            ],
            [
              76.753531,
              9.0125
            ],
            [
              76.751784,
              9.011615
            ],
            [
              76.751092,
              9.0085
            ],
            [
              76.753402,
              9.0075
            ],
            [
              76.75061,
              9.004789
            ],
            [
              76.750223,
              9.003176
            ],
            [
              76.749587,
              9.003187
            ],
            [
              76.74928,
              9.0055
            ],
            [
              76.748222,
              9.0065
            ],
            [
              76.748253,
              9.008146
            ],
            [
              76.749454,
              9.0085
            ],
            [
              76.748199,
              9.008799
            ],
            [
              76.7479,
              9.010289
            ],
            [
              76.747584,
              9.008816
            ],
            [
              76.745245,
              9.0085
            ],
            [
              76.746649,
              9.008249
            ],
            [
              76.747577,
              9.0065
            ],
            [
              76.7469,
              9.002999
            ],
            [
              76.745543,
              9.003143
            ],
            [
              76.743195,
              9.0055
            ],
            [
              76.7439,
              9.00629
            ],
            [
              76.745611,
              9.0065
            ],
            [
              76.744243,
              9.006843
            ],
            [
              76.7439,
              9.007982
            ],
            [
              76.7389,
              9.006508
            ],
            [
              76.740583,
              9.006183
            ],
            [
              76.741607,
              9.0045
            ],
            [
              76.7399,
              9.003541
            ],
            [
              76.739912,
              9.003488
            ],
            [
              76.740709,
              9.003309
            ],
            [
              76.740207,
              9.0015
            ],
            [
              76.742346,
              9.000946
            ],
            [
              76.742402,
              8.998997
            ],
            [
              76.741425,
              8.9985
            ],
            [
              76.741637,
              8.996237
            ],
            [
              76.7429,
              8.997049
            ],
            [
              76.743445,
              8.9955
            ],
            [
              76.7419,
              8.994929
            ],
            [
              76.740448,
              8.996048
            ],
            [
              76.740137,
              8.998262
            ],
            [
              76.740654,
              8.9985
            ],
            [
              76.739868,
              8.999531
            ],
            [
              76.739403,
              8.996996
            ],
            [
              76.737053,
              8.996653
            ],
            [
              76.7369,
              8.997545
            ],
            [
              76.735825,
              8.9955
            ],
            [
              76.740326,
              8.994926
            ],
            [
              76.740318,
              8.994082
            ],
            [
              76.73854,
              8.9925
            ],
            [
              76.740526,
              8.9905
            ],
            [
              76.739601,
              8.989201
            ],
            [
              76.7409,
              8.988197
            ],
            [
              76.742541,
              8.988141
            ],
            [
              76.7429,
              8.986844
            ],
            [
              76.744,
              8.988399
            ],
            [
              76.742368,
              8.988968
            ],
            [
              76.742524,
              8.990875
            ],
            [
              76.7439,
              8.991026
            ],
            [
              76.746233,
              8.989833
            ],
            [
              76.745487,
              8.988087
            ],
            [
              76.74708,
              8.987319
            ],
            [
              76.743463,
              8.9845
            ],
            [
              76.7449,
              8.984095
            ],
            [
              76.7459,
              8.985038
            ],
            [
              76.746456,
              8.9845
            ],
            [
              76.746594,
              8.9825
            ],
            [
              76.745609,
              8.9815
            ],
            [
              76.747633,
              8.9795
            ],
            [
              76.746769,
              8.9785
            ],
            [
              76.7469,
              8.976735
            ],
            [
              76.747179,
              8.97822
            ],
            [
              76.749966,
              8.9785
            ],
            [
              76.749147,
              8.978747
            ],
            [
              76.749328,
              8.9825
            ],
            [
              76.7499,
              8.983039
            ],
            [
              76.75171,
              8.97931
            ],
            [
              76.7529,
              8.979298
            ],
            [
              76.7539,
              8.978183
            ],
            [
              76.75444,
              8.978959
            ],
            [
              76.756303,
              8.978903
            ],
            [
              76.756387,
              8.977012
            ],
            [
              76.75506,
              8.9765
            ],
            [
              76.7569,
              8.97387
            ],
            [
              76.757121,
              8.975278
            ],
            [
              76.7599,
              8.974962
            ],
            [
              76.760836,
              8.9755
            ],
            [
              76.759198,
              8.975798
            ],
            [
              76.759406,
              8.976993
            ],
            [
              76.764035,
              8.977364
            ],
            [
              76.762474,
              8.9785
            ],
            [
              76.763417,
              8.980982
            ],
            [
              76.7679,
              8.981625
            ],
            [
              76.767749,
              8.97865
            ],
            [
              76.766883,
              8.9785
            ],
            [
              76.767591,
              8.978191
            ],
            [
              76.7699,
              8.979201
            ],
            [
              76.775216,
              8.978816
            ],
            [
              76.7749,
              8.977875
            ],
            [
              76.769829,
              8.9775
            ],
            [
              76.7739,
              8.977158
            ],
            [
              76.775272,
              8.975872
            ],
            [
              76.7749,
              8.974786
            ],
            [
              76.773178,
              8.974778
            ],
            [
              76.772868,
              8.975531
            ],
            [
              76.772764,
              8.9745
            ],
            [
              76.773498,
              8.974098
            ],
            [
              76.773786,
              8.972386
            ],
            [
              76.7749,
              8.973229
            ],
            [
              76.776492,
              8.972092
            ],
            [
              76.776705,
              8.970694
            ],
            [
              76.775912,
              8.9705
            ],
            [
              76.7769,
              8.969682
            ],
            [
              76.777352,
              8.972047
            ],
            [
              76.779709,
              8.972309
            ],
            [
              76.7799,
              8.971301
            ],
            [
              76.780248,
              8.973151
            ],
            [
              76.781944,
              8.973544
            ],
            [
              76.778448,
              8.974048
            ],
            [
              76.776527,
              8.976127
            ],
            [
              76.776572,
              8.977827
            ],
            [
              76.7779,
              8.977036
            ],
            [
              76.7799,
              8.9781
            ],
            [
              76.7839,
              8.976147
            ],
            [
              76.784187,
              8.977212
            ],
            [
              76.785778,
              8.9775
            ],
            [
              76.784212,
              8.977812
            ],
            [
              76.783953,
              8.979446
            ],
            [
              76.784824,
              8.9795
            ],
            [
              76.783884,
              8.979516
            ],
            [
              76.7819,
              8.977806
            ],
            [
              76.780515,
              8.979115
            ],
            [
              76.78043,
              8.981969
            ],
            [
              76.781252,
              8.982147
            ],
            [
              76.782417,
              8.983982
            ],
            [
              76.783414,
              8.9835
            ],
            [
              76.7839,
              8.981168
            ],
            [
              76.786284,
              8.982884
            ],
            [
              76.786659,
              8.9805
            ],
            [
              76.7879,
              8.97928
            ],
            [
              76.790724,
              8.9795
            ],
            [
              76.79119,
              8.981209
            ],
            [
              76.793293,
              8.9815
            ],
            [
              76.791224,
              8.981824
            ],
            [
              76.790215,
              8.9835
            ],
            [
              76.7909,
              8.984239
            ],
            [
              76.792701,
              8.984301
            ],
            [
              76.7929,
              8.983696
            ],
            [
              76.793951,
              8.9845
            ],
            [
              76.7909,
              8.98476
            ],
            [
              76.789417,
              8.986017
            ],
            [
              76.7889,
              8.988017
            ],
            [
              76.786501,
              8.988101
            ],
            [
              76.787808,
              8.9895
            ],
            [
              76.787067,
              8.9915
            ],
            [
              76.789608,
              8.993791
            ],
            [
              76.7909,
              8.99366
            ],
            [
              76.789801,
              8.9975
            ],
            [
              76.791287,
              8.998112
            ],
            [
              76.790358,
              8.9995
            ],
            [
              76.790554,
              9.000845
            ],
            [
              76.7919,
              9.000157
            ],
            [
              76.79336,
              9.00096
            ],
            [
              76.7939,
              8.999388
            ],
            [
              76.795411,
              9.000988
            ],
            [
              76.797257,
              9.0015
            ],
            [
              76.79761,
              9.0025
            ],
            [
              76.79548,
              9.00308
            ],
            [
              76.7959,
              9.004328
            ],
            [
              76.79853,
              9.00413
            ],
            [
              76.799007,
              9.002392
            ],
            [
              76.800611,
              9.0035
            ],
            [
              76.80087,
              9.0045
            ],
            [
              76.799317,
              9.0055
            ],
            [
              76.799698,
              9.0065
            ],
            [
              76.798947,
              9.0085
            ],
            [
              76.798103,
              9.008703
            ],
            [
              76.797204,
              9.0105
            ],
            [
              76.794158,
              9.011758
            ],
            [
              76.79201,
              9.01461
            ],
            [
              76.788675,
              9.0165
            ],
            [
              76.788747,
              9.0195
            ],
            [
              76.7879,
              9.019956
            ],
            [
              76.787589,
              9.01881
            ],
            [
              76.785459,
              9.019059
            ],
            [
              76.785411,
              9.019988
            ],
            [
              76.787054,
              9.020345
            ],
            [
              76.78771,
              9.0215
            ],
            [
              76.78684,
              9.02156
            ],
            [
              76.7867,
              9.020699
            ],
            [
              76.785352,
              9.020952
            ],
            [
              76.785166,
              9.022234
            ],
            [
              76.785927,
              9.0225
            ],
            [
              76.785123,
              9.022723
            ],
            [
              76.7849,
              9.023861
            ],
            [
              76.78379,
              9.0195
            ],
            [
              76.78142,
              9.0185
            ],
            [
              76.782577,
              9.018177
            ],
            [
              76.782361,
              9.017038
            ],
            [
              76.7809,
              9.016759
            ],
            [
              76.779988,
              9.017588
            ],
            [
              76.778827,
              9.0175
            ],
            [
              76.779689,
              9.017289
            ],
            [
              76.780688,
              9.014288
            ],
            [
              76.7819,
              9.014171
            ],
            [
              76.7829,
              9.015071
            ],
            [
              76.784197,
              9.013202
            ],
            [
              76.7799,
              9.012934
            ],
            [
              76.7769,
              9.011177
            ],
            [
              76.771681,
              9.012281
            ],
            [
              76.7719,
              9.013882
            ],
            [
              76.776242,
              9.013158
            ],
            [
              76.775431,
              9.0155
            ],
            [
              76.777324,
              9.0175
            ],
            [
              76.77561,
              9.017789
            ],
            [
              76.7739,
              9.015071
            ],
            [
              76.773456,
              9.0175
            ],
            [
              76.775116,
              9.019716
            ],
            [
              76.773653,
              9.019746
            ],
            [
              76.7719,
              9.01805
            ],
            [
              76.768609,
              9.018209
            ],
            [
              76.768429,
              9.0195
            ],
            [
              76.769541,
              9.020858
            ],
            [
              76.774114,
              9.0215
            ],
            [
              76.773164,
              9.0225
            ],
            [
              76.7729,
              9.025471
            ],
            [
              76.769399,
              9.025999
            ],
            [
              76.768997,
              9.027597
            ],
            [
              76.768104,
              9.027704
            ],
            [
              76.7679,
              9.028916
            ]
          ]
        ],
        "type": "Polygon"
      },
      "type": "Feature"
    },
    {
      "properties": {
        "fill-opacity": 0.33,
        "fillColor": "#bf4040",
        "opacity": 0.33,
        "fill": "#bf4040",
        "fillOpacity": 0.33,
        "color": "#bf4040",
        "contour": 5.0,
        "metric": "distance",
        "provider_name": "KFC",
        "zone_type": "distance",
        "distance_km": 5,
        "mode": "motorcycle",
        "center_lat": 8.9995,
        "center_lon": 76.7689,
        "label": "5km"
      },
      "geometry": {
        "coordinates": [
          [
            [
              76.7659,
              9.036932
            ],
            [
              76.7649,
              9.035553
            ],
            [
              76.7619,
              9.035513
            ],
            [
              76.761903,
              9.035496
            ],
            [
              76.762838,
              9.035438
            ],
            [
              76.762831,
              9.034431
            ],
            [
              76.764578,
              9.0325
            ],
            [
              76.762733,
              9.031666
            ],
            [
              76.761785,
              9.029614
            ],
            [
              76.760569,
              9.0295
            ],
            [
              76.761814,
              9.029414
            ],
            [
              76.763407,
              9.030993
            ],
            [
              76.764338,
              9.030938
            ],
            [
              76.763603,
              9.0295
            ],
            [
              76.764302,
              9.027097
            ],
            [
              76.762683,
              9.026716
            ],
            [
              76.762229,
              9.02517
            ],
            [
              76.7609,
              9.025066
            ],
            [
              76.7599,
              9.023922
            ],
            [
              76.75673,
              9.024669
            ],
            [
              76.755917,
              9.0235
            ],
            [
              76.757302,
              9.022902
            ],
            [
              76.757305,
              9.021094
            ],
            [
              76.7559,
              9.020903
            ],
            [
              76.752292,
              9.0235
            ],
            [
              76.7529,
              9.024246
            ],
            [
              76.754715,
              9.024315
            ],
            [
              76.754889,
              9.023489
            ],
            [
              76.755501,
              9.0235
            ],
            [
              76.754932,
              9.023532
            ],
            [
              76.754958,
              9.024558
            ],
            [
              76.7529,
              9.024753
            ],
            [
              76.752195,
              9.0255
            ],
            [
              76.752225,
              9.027174
            ],
            [
              76.753291,
              9.0275
            ],
            [
              76.753353,
              9.0285
            ],
            [
              76.752701,
              9.027698
            ],
            [
              76.750876,
              9.027523
            ],
            [
              76.751671,
              9.0265
            ],
            [
              76.7509,
              9.025757
            ],
            [
              76.749121,
              9.025721
            ],
            [
              76.748925,
              9.026525
            ],
            [
              76.748087,
              9.0265
            ],
            [
              76.749703,
              9.023303
            ],
            [
              76.7509,
              9.023165
            ],
            [
              76.752268,
              9.021868
            ],
            [
              76.752408,
              9.0205
            ],
            [
              76.751485,
              9.020085
            ],
            [
              76.7509,
              9.021743
            ],
            [
              76.749348,
              9.020051
            ],
            [
              76.7469,
              9.019664
            ],
            [
              76.746705,
              9.018694
            ],
            [
              76.745951,
              9.0185
            ],
            [
              76.747619,
              9.018219
            ],
            [
              76.749575,
              9.015175
            ],
            [
              76.75219,
              9.01379
            ],
            [
              76.753172,
              9.012227
            ],
            [
              76.750461,
              9.011062
            ],
            [
              76.748289,
              9.0135
            ],
            [
              76.748125,
              9.015725
            ],
            [
              76.7459,
              9.017209
            ],
            [
              76.744315,
              9.0165
            ],
            [
              76.747474,
              9.0125
            ],
            [
              76.7469,
              9.011943
            ],
            [
              76.746261,
              9.012861
            ],
            [
              76.745537,
              9.0125
            ],
            [
              76.745486,
              9.010086
            ],
            [
              76.7469,
              9.011056
            ],
            [
              76.747407,
              9.0105
            ],
            [
              76.7469,
              9.009033
            ],
            [
              76.74556,
              9.00916
            ],
            [
              76.7439,
              9.010902
            ],
            [
              76.74327,
              9.009129
            ],
            [
              76.740536,
              9.008136
            ],
            [
              76.739202,
              9.0095
            ],
            [
              76.740099,
              9.0113
            ],
            [
              76.7409,
              9.011516
            ],
            [
              76.7399,
              9.012006
            ],
            [
              76.739554,
              9.010845
            ],
            [
              76.738399,
              9.010999
            ],
            [
              76.738248,
              9.012151
            ],
            [
              76.73945,
              9.0125
            ],
            [
              76.737193,
              9.012793
            ],
            [
              76.7369,
              9.013989
            ],
            [
              76.736609,
              9.010209
            ],
            [
              76.737531,
              9.0095
            ],
            [
              76.7369,
              9.008922
            ],
            [
              76.735158,
              9.0105
            ],
            [
              76.7349,
              9.013305
            ],
            [
              76.734608,
              9.011791
            ],
            [
              76.7319,
              9.011975
            ],
            [
              76.7319,
              9.010053
            ],
            [
              76.7329,
              9.009536
            ],
            [
              76.7339,
              9.010272
            ],
            [
              76.735331,
              9.008931
            ],
            [
              76.7349,
              9.007742
            ],
            [
              76.734055,
              9.008655
            ],
            [
              76.733039,
              9.008639
            ],
            [
              76.7329,
              9.009415
            ],
            [
              76.732784,
              9.008615
            ],
            [
              76.735842,
              9.0055
            ],
            [
              76.7339,
              9.003672
            ],
            [
              76.732346,
              9.0045
            ],
            [
              76.732843,
              9.002556
            ],
            [
              76.732106,
              9.0015
            ],
            [
              76.7349,
              9.001313
            ],
            [
              76.7359,
              9.002174
            ],
            [
              76.737462,
              9.0005
            ],
            [
              76.7369,
              8.999914
            ],
            [
              76.7339,
              8.999728
            ],
            [
              76.733005,
              8.9985
            ],
            [
              76.733259,
              8.9975
            ],
            [
              76.734389,
              8.996989
            ],
            [
              76.734427,
              8.9955
            ],
            [
              76.730764,
              8.992635
            ],
            [
              76.7309,
              8.98954
            ],
            [
              76.731342,
              8.992057
            ],
            [
              76.734169,
              8.99323
            ],
            [
              76.735552,
              8.994848
            ],
            [
              76.740278,
              8.9945
            ],
            [
              76.736737,
              8.991662
            ],
            [
              76.737537,
              8.9905
            ],
            [
              76.735253,
              8.988146
            ],
            [
              76.732689,
              8.98771
            ],
            [
              76.733492,
              8.9865
            ],
            [
              76.731433,
              8.983966
            ],
            [
              76.730122,
              8.983722
            ],
            [
              76.729726,
              8.984673
            ],
            [
              76.728882,
              8.983517
            ],
            [
              76.730587,
              8.983187
            ],
            [
              76.7309,
              8.981867
            ],
            [
              76.731942,
              8.981457
            ],
            [
              76.732318,
              8.983081
            ],
            [
              76.733616,
              8.983216
            ],
            [
              76.7339,
              8.982532
            ],
            [
              76.73411,
              8.984289
            ],
            [
              76.736366,
              8.984033
            ],
            [
              76.7369,
              8.986061
            ],
            [
              76.73949,
              8.9855
            ],
            [
              76.738338,
              8.9845
            ],
            [
              76.738898,
              8.981498
            ],
            [
              76.7409,
              8.981831
            ],
            [
              76.7419,
              8.98411
            ],
            [
              76.7429,
              8.982738
            ],
            [
              76.743063,
              8.983336
            ],
            [
              76.746143,
              8.983743
            ],
            [
              76.74532,
              8.9815
            ],
            [
              76.747323,
              8.9795
            ],
            [
              76.7459,
              8.976926
            ],
            [
              76.744644,
              8.978755
            ],
            [
              76.744523,
              8.9765
            ],
            [
              76.746476,
              8.9745
            ],
            [
              76.745382,
              8.972017
            ],
            [
              76.744103,
              8.971703
            ],
            [
              76.7439,
              8.972365
            ],
            [
              76.742933,
              8.9715
            ],
            [
              76.745132,
              8.970732
            ],
            [
              76.744463,
              8.9695
            ],
            [
              76.744878,
              8.968478
            ],
            [
              76.7459,
              8.968717
            ],
            [
              76.746304,
              8.970095
            ],
            [
              76.747095,
              8.970304
            ],
            [
              76.746474,
              8.972925
            ],
            [
              76.749246,
              8.9745
            ],
            [
              76.747537,
              8.976137
            ],
            [
              76.747428,
              8.9775
            ],
            [
              76.7499,
              8.977998
            ],
            [
              76.75254,
              8.9765
            ],
            [
              76.750741,
              8.974658
            ],
            [
              76.750626,
              8.972773
            ],
            [
              76.749791,
              8.972391
            ],
            [
              76.751014,
              8.972385
            ],
            [
              76.7519,
              8.974195
            ],
            [
              76.752686,
              8.9735
            ],
            [
              76.752538,
              8.9715
            ],
            [
              76.756308,
              8.970908
            ],
            [
              76.7559,
              8.969772
            ],
            [
              76.752844,
              8.969444
            ],
            [
              76.753746,
              8.968346
            ],
            [
              76.754172,
              8.969227
            ],
            [
              76.755414,
              8.969014
            ],
            [
              76.756048,
              8.966351
            ],
            [
              76.7569,
              8.966322
            ],
            [
              76.756845,
              8.966554
            ],
            [
              76.756094,
              8.966694
            ],
            [
              76.756093,
              8.9675
            ],
            [
              76.7579,
              8.970119
            ],
            [
              76.761665,
              8.969265
            ],
            [
              76.7619,
              8.968008
            ],
            [
              76.761972,
              8.969572
            ],
            [
              76.76035,
              8.96995
            ],
            [
              76.7599,
              8.970769
            ],
            [
              76.757495,
              8.971095
            ],
            [
              76.7579,
              8.974958
            ],
            [
              76.759223,
              8.974823
            ],
            [
              76.7599,
              8.973045
            ],
            [
              76.7619,
              8.973072
            ],
            [
              76.7629,
              8.972121
            ],
            [
              76.764361,
              8.971961
            ],
            [
              76.765459,
              8.971059
            ],
            [
              76.7659,
              8.968925
            ],
            [
              76.766103,
              8.971703
            ],
            [
              76.76349,
              8.97309
            ],
            [
              76.759617,
              8.976782
            ],
            [
              76.7639,
              8.976943
            ],
            [
              76.7649,
              8.97807
            ],
            [
              76.7659,
              8.978028
            ],
            [
              76.766448,
              8.9775
            ],
            [
              76.765503,
              8.9765
            ],
            [
              76.765706,
              8.974306
            ],
            [
              76.7679,
              8.974185
            ],
            [
              76.768902,
              8.9745
            ],
            [
              76.768079,
              8.974679
            ],
            [
              76.767952,
              8.975552
            ],
            [
              76.767676,
              8.974724
            ],
            [
              76.7669,
              8.974699
            ],
            [
              76.766253,
              8.9755
            ],
            [
              76.7689,
              8.977982
            ],
            [
              76.7699,
              8.976981
            ],
            [
              76.7739,
              8.976897
            ],
            [
              76.775157,
              8.975242
            ],
            [
              76.7739,
              8.975063
            ],
            [
              76.7729,
              8.976012
            ],
            [
              76.772363,
              8.9745
            ],
            [
              76.773535,
              8.972135
            ],
            [
              76.7749,
              8.972921
            ],
            [
              76.776351,
              8.9715
            ],
            [
              76.773091,
              8.9705
            ],
            [
              76.775684,
              8.9695
            ],
            [
              76.7749,
              8.96868
            ],
            [
              76.773195,
              8.968795
            ],
            [
              76.773168,
              8.969768
            ],
            [
              76.772228,
              8.9695
            ],
            [
              76.774636,
              8.9665
            ],
            [
              76.773265,
              8.9655
            ],
            [
              76.77451,
              8.9645
            ],
            [
              76.773702,
              8.963697
            ],
            [
              76.774192,
              8.9625
            ],
            [
              76.7769,
              8.96112
            ],
            [
              76.777863,
              8.962536
            ],
            [
              76.777441,
              8.964958
            ],
            [
              76.7789,
              8.965207
            ],
            [
              76.780879,
              8.963479
            ],
            [
              76.781945,
              8.9635
            ],
            [
              76.780969,
              8.963569
            ],
            [
              76.780404,
              8.965995
            ],
            [
              76.782977,
              8.966422
            ],
            [
              76.783259,
              8.96814
            ],
            [
              76.784469,
              8.9685
            ],
            [
              76.784423,
              8.969976
            ],
            [
              76.785299,
              8.971101
            ],
            [
              76.786738,
              8.9715
            ],
            [
              76.78702,
              8.9725
            ],
            [
              76.7849,
              8.972544
            ],
            [
              76.7839,
              8.970817
            ],
            [
              76.7829,
              8.971887
            ],
            [
              76.780424,
              8.9725
            ],
            [
              76.7829,
              8.974029
            ],
            [
              76.785166,
              8.974233
            ],
            [
              76.784381,
              8.9755
            ],
            [
              76.784585,
              8.976814
            ],
            [
              76.7869,
              8.977032
            ],
            [
              76.7875,
              8.9765
            ],
            [
              76.786811,
              8.975411
            ],
            [
              76.7899,
              8.974658
            ],
            [
              76.790458,
              8.975941
            ],
            [
              76.792302,
              8.976902
            ],
            [
              76.792367,
              8.976032
            ],
            [
              76.790598,
              8.9745
            ],
            [
              76.791569,
              8.974169
            ],
            [
              76.7919,
              8.973119
            ],
            [
              76.793757,
              8.973357
            ],
            [
              76.7939,
              8.972678
            ],
            [
              76.794219,
              8.97418
            ],
            [
              76.7959,
              8.974484
            ],
            [
              76.7959,
              8.97464
            ],
            [
              76.794293,
              8.974893
            ],
            [
              76.794173,
              8.9755
            ],
            [
              76.79541,
              8.977989
            ],
            [
              76.797814,
              8.978414
            ],
            [
              76.7989,
              8.977284
            ],
            [
              76.799997,
              8.9775
            ],
            [
              76.800521,
              8.9785
            ],
            [
              76.799169,
              8.978769
            ],
            [
              76.799129,
              8.9805
            ],
            [
              76.798071,
              8.981671
            ],
            [
              76.795501,
              8.982101
            ],
            [
              76.796231,
              8.985831
            ],
            [
              76.7949,
              8.984974
            ],
            [
              76.790617,
              8.985217
            ],
            [
              76.78948,
              8.9865
            ],
            [
              76.789198,
              8.989798
            ],
            [
              76.787414,
              8.9905
            ],
            [
              76.7879,
              8.991942
            ],
            [
              76.7909,
              8.992046
            ],
            [
              76.7915,
              8.9915
            ],
            [
              76.790699,
              8.990299
            ],
            [
              76.7929,
              8.988294
            ],
            [
              76.795108,
              8.9885
            ],
            [
              76.793303,
              8.988903
            ],
            [
              76.792437,
              8.990037
            ],
            [
              76.792299,
              8.9915
            ],
            [
              76.7929,
              8.992055
            ],
            [
              76.7939,
              8.991147
            ],
            [
              76.7949,
              8.992128
            ],
            [
              76.796387,
              8.991987
            ],
            [
              76.796768,
              8.989368
            ],
            [
              76.797587,
              8.990812
            ],
            [
              76.79966,
              8.990739
            ],
            [
              76.79986,
              8.9915
            ],
            [
              76.798236,
              8.991836
            ],
            [
              76.798049,
              8.9925
            ],
            [
              76.7989,
              8.994099
            ],
            [
              76.7949,
              8.993301
            ],
            [
              76.7949,
              8.995964
            ],
            [
              76.7939,
              8.994839
            ],
            [
              76.792537,
              8.995862
            ],
            [
              76.7919,
              8.993993
            ],
            [
              76.790596,
              8.995196
            ],
            [
              76.7909,
              8.996013
            ],
            [
              76.792313,
              8.996086
            ],
            [
              76.792556,
              8.9975
            ],
            [
              76.790657,
              8.999257
            ],
            [
              76.790672,
              9.000727
            ],
            [
              76.7919,
              8.999896
            ],
            [
              76.793172,
              9.000772
            ],
            [
              76.7939,
              8.99897
            ],
            [
              76.7959,
              9.000918
            ],
            [
              76.7969,
              9.000287
            ],
            [
              76.7979,
              9.001173
            ],
            [
              76.799284,
              9.000884
            ],
            [
              76.799381,
              8.999018
            ],
            [
              76.796377,
              8.9985
            ],
            [
              76.798508,
              8.998108
            ],
            [
              76.798716,
              8.996683
            ],
            [
              76.797766,
              8.9965
            ],
            [
              76.7999,
              8.995874
            ],
            [
              76.80031,
              8.998089
            ],
            [
              76.802729,
              8.998329
            ],
            [
              76.8029,
              8.997499
            ],
            [
              76.8039,
              8.998647
            ],
            [
              76.803461,
              9.001938
            ],
            [
              76.806644,
              9.002244
            ],
            [
              76.80685,
              9.00145
            ],
            [
              76.80761,
              9.0015
            ],
            [
              76.808229,
              9.0025
            ],
            [
              76.8049,
              9.002767
            ],
            [
              76.803331,
              9.0045
            ],
            [
              76.8069,
              9.007331
            ],
            [
              76.807706,
              9.007306
            ],
            [
              76.8079,
              9.006076
            ],
            [
              76.80883,
              9.0075
            ],
            [
              76.808218,
              9.0085
            ],
            [
              76.805053,
              9.0085
            ],
            [
              76.80571,
              9.00831
            ],
            [
              76.805387,
              9.007013
            ],
            [
              76.803667,
              9.006732
            ],
            [
              76.8019,
              9.004965
            ],
            [
              76.801258,
              9.006858
            ],
            [
              76.799585,
              9.007185
            ],
            [
              76.799198,
              9.009798
            ],
            [
              76.796392,
              9.0115
            ],
            [
              76.797363,
              9.0125
            ],
            [
              76.7969,
              9.014253
            ],
            [
              76.7949,
              9.012018
            ],
            [
              76.789566,
              9.017166
            ],
            [
              76.7899,
              9.01802
            ],
            [
              76.7929,
              9.018149
            ],
            [
              76.7949,
              9.016362
            ],
            [
              76.796733,
              9.0165
            ],
            [
              76.7959,
              9.018133
            ],
            [
              76.794409,
              9.018009
            ],
            [
              76.793172,
              9.019772
            ],
            [
              76.7919,
              9.019893
            ],
            [
              76.7909,
              9.018948
            ],
            [
              76.789393,
              9.0195
            ],
            [
              76.790457,
              9.020942
            ],
            [
              76.791966,
              9.021434
            ],
            [
              76.792109,
              9.02329
            ],
            [
              76.7933,
              9.0245
            ],
            [
              76.791909,
              9.0265
            ],
            [
              76.7909,
              9.026382
            ],
            [
              76.7899,
              9.024802
            ],
            [
              76.7889,
              9.02602
            ],
            [
              76.78672,
              9.025679
            ],
            [
              76.787434,
              9.0225
            ],
            [
              76.786411,
              9.022011
            ],
            [
              76.785578,
              9.023178
            ],
            [
              76.784217,
              9.0285
            ],
            [
              76.78559,
              9.02919
            ],
            [
              76.7859,
              9.027587
            ],
            [
              76.7869,
              9.029145
            ],
            [
              76.7869,
              9.030782
            ],
            [
              76.7849,
              9.031281
            ],
            [
              76.7839,
              9.029747
            ],
            [
              76.781445,
              9.0315
            ],
            [
              76.781185,
              9.0305
            ],
            [
              76.782561,
              9.030161
            ],
            [
              76.782466,
              9.028933
            ],
            [
              76.779898,
              9.028501
            ],
            [
              76.77928,
              9.0265
            ],
            [
              76.780515,
              9.026115
            ],
            [
              76.780584,
              9.024815
            ],
            [
              76.7779,
              9.02373
            ],
            [
              76.7769,
              9.024819
            ],
            [
              76.775515,
              9.024884
            ],
            [
              76.7769,
              9.023237
            ],
            [
              76.78158,
              9.02318
            ],
            [
              76.78158,
              9.02082
            ],
            [
              76.779933,
              9.020533
            ],
            [
              76.7789,
              9.021229
            ],
            [
              76.778164,
              9.0205
            ],
            [
              76.778162,
              9.0195
            ],
            [
              76.780257,
              9.018857
            ],
            [
              76.780395,
              9.018004
            ],
            [
              76.7789,
              9.018018
            ],
            [
              76.7779,
              9.01697
            ],
            [
              76.777323,
              9.017923
            ],
            [
              76.7759,
              9.018138
            ],
            [
              76.774456,
              9.016943
            ],
            [
              76.7739,
              9.015199
            ],
            [
              76.773592,
              9.0175
            ],
            [
              76.775297,
              9.019102
            ],
            [
              76.775297,
              9.019897
            ],
            [
              76.773491,
              9.019909
            ],
            [
              76.7719,
              9.01819
            ],
            [
              76.768697,
              9.018297
            ],
            [
              76.768678,
              9.019721
            ],
            [
              76.7699,
              9.020861
            ],
            [
              76.774273,
              9.021126
            ],
            [
              76.773425,
              9.0245
            ],
            [
              76.775302,
              9.025097
            ],
            [
              76.775433,
              9.0275
            ],
            [
              76.775128,
              9.028728
            ],
            [
              76.7739,
              9.028856
            ],
            [
              76.772621,
              9.027778
            ],
            [
              76.772237,
              9.026162
            ],
            [
              76.769614,
              9.026214
            ],
            [
              76.768413,
              9.0285
            ],
            [
              76.7699,
              9.030095
            ],
            [
              76.771117,
              9.029282
            ],
            [
              76.771227,
              9.0315
            ],
            [
              76.7719,
              9.032238
            ],
            [
              76.772529,
              9.032129
            ],
            [
              76.772904,
              9.030495
            ],
            [
              76.772922,
              9.034522
            ],
            [
              76.772518,
              9.032881
            ],
            [
              76.7719,
              9.032761
            ],
            [
              76.771142,
              9.0335
            ],
            [
              76.771329,
              9.0355
            ],
            [
              76.770761,
              9.035638
            ],
            [
              76.769003,
              9.0345
            ],
            [
              76.770405,
              9.033005
            ],
            [
              76.770343,
              9.032057
            ],
            [
              76.7679,
              9.031781
            ],
            [
              76.7669,
              9.03093
            ],
            [
              76.766288,
              9.0315
            ],
            [
              76.766357,
              9.034042
            ],
            [
              76.76871,
              9.0345
            ],
            [
              76.76615,
              9.03575
            ],
            [
              76.7659,
              9.036932
            ]
          ]
        ],
        "type": "Polygon"
      },
      "type": "Feature"
    },
    {
      "properties": {
        "fill-opacity": 0.33,
        "fillColor": "#bf4040",
        "opacity": 0.33,
        "fill": "#bf4040",
        "fillOpacity": 0.33,
        "color": "#bf4040",
        "contour": 6.0,
        "metric": "distance",
        "provider_name": "KFC",
        "zone_type": "distance",
        "distance_km": 6,
        "mode": "motorcycle",
        "center_lat": 8.9995,
        "center_lon": 76.7689,
        "label": "6km"
      },
      "geometry": {
        "coordinates": [
          [
            [
              76.7579,
              9.041623
            ],
            [
              76.757065,
              9.041665
            ],
            [
              76.7569,
              9.042372
            ],
            [
              76.756475,
              9.0415
            ],
            [
              76.757664,
              9.038735
            ],
            [
              76.756309,
              9.0385
            ],
            [
              76.757723,
              9.038324
            ],
            [
              76.7579,
              9.03767
            ],
            [
              76.758341,
              9.039058
            ],
            [
              76.759344,
              9.038944
            ],
            [
              76.759641,
              9.037241
            ],
            [
              76.764304,
              9.0325
            ],
            [
              76.762519,
              9.031881
            ],
            [
              76.761218,
              9.030181
            ],
            [
              76.759541,
              9.030141
            ],
            [
              76.757462,
              9.032062
            ],
            [
              76.7569,
              9.03479
            ],
            [
              76.75659,
              9.033809
            ],
            [
              76.753064,
              9.0335
            ],
            [
              76.753683,
              9.033283
            ],
            [
              76.7529,
              9.030791
            ],
            [
              76.75197,
              9.03257
            ],
            [
              76.750527,
              9.0325
            ],
            [
              76.751736,
              9.032336
            ],
            [
              76.751703,
              9.0305
            ],
            [
              76.7509,
              9.029754
            ],
            [
              76.749233,
              9.030833
            ],
            [
              76.7479,
              9.029899
            ],
            [
              76.746427,
              9.030027
            ],
            [
              76.744132,
              9.031733
            ],
            [
              76.7439,
              9.032959
            ],
            [
              76.743416,
              9.0325
            ],
            [
              76.74382,
              9.03142
            ],
            [
              76.744557,
              9.031157
            ],
            [
              76.744376,
              9.030023
            ],
            [
              76.741002,
              9.029602
            ],
            [
              76.7409,
              9.030379
            ],
            [
              76.740851,
              9.0295
            ],
            [
              76.741662,
              9.029262
            ],
            [
              76.7419,
              9.027987
            ],
            [
              76.742182,
              9.029217
            ],
            [
              76.743399,
              9.028999
            ],
            [
              76.743868,
              9.025468
            ],
            [
              76.744797,
              9.0255
            ],
            [
              76.743999,
              9.025599
            ],
            [
              76.744408,
              9.027991
            ],
            [
              76.746272,
              9.026872
            ],
            [
              76.747643,
              9.022243
            ],
            [
              76.7489,
              9.024025
            ],
            [
              76.751266,
              9.0225
            ],
            [
              76.749168,
              9.020231
            ],
            [
              76.7469,
              9.020044
            ],
            [
              76.7459,
              9.018998
            ],
            [
              76.744501,
              9.020101
            ],
            [
              76.7439,
              9.021996
            ],
            [
              76.739711,
              9.0215
            ],
            [
              76.737888,
              9.0205
            ],
            [
              76.738533,
              9.0185
            ],
            [
              76.7399,
              9.018348
            ],
            [
              76.7409,
              9.019233
            ],
            [
              76.743293,
              9.018893
            ],
            [
              76.742647,
              9.017247
            ],
            [
              76.74629,
              9.0135
            ],
            [
              76.745289,
              9.0125
            ],
            [
              76.745265,
              9.010134
            ],
            [
              76.7439,
              9.011126
            ],
            [
              76.743138,
              9.009262
            ],
            [
              76.740664,
              9.008264
            ],
            [
              76.739489,
              9.0095
            ],
            [
              76.7414,
              9.0115
            ],
            [
              76.740371,
              9.0125
            ],
            [
              76.742143,
              9.013256
            ],
            [
              76.74311,
              9.01471
            ],
            [
              76.7419,
              9.015812
            ],
            [
              76.7399,
              9.014904
            ],
            [
              76.7369,
              9.014985
            ],
            [
              76.734214,
              9.0175
            ],
            [
              76.735309,
              9.0185
            ],
            [
              76.732001,
              9.019601
            ],
            [
              76.730357,
              9.0195
            ],
            [
              76.732705,
              9.016305
            ],
            [
              76.734308,
              9.015908
            ],
            [
              76.73421,
              9.012189
            ],
            [
              76.732574,
              9.012174
            ],
            [
              76.7319,
              9.013958
            ],
            [
              76.7279,
              9.013806
            ],
            [
              76.727115,
              9.0145
            ],
            [
              76.727543,
              9.0155
            ],
            [
              76.724756,
              9.015643
            ],
            [
              76.724706,
              9.0155
            ],
            [
              76.725708,
              9.015308
            ],
            [
              76.727371,
              9.012971
            ],
            [
              76.728949,
              9.009549
            ],
            [
              76.731243,
              9.009843
            ],
            [
              76.735385,
              9.0055
            ],
            [
              76.7339,
              9.004047
            ],
            [
              76.7309,
              9.005944
            ],
            [
              76.7279,
              9.005822
            ],
            [
              76.726279,
              9.006879
            ],
            [
              76.7259,
              9.008429
            ],
            [
              76.725565,
              9.006834
            ],
            [
              76.724293,
              9.0065
            ],
            [
              76.723941,
              9.0055
            ],
            [
              76.7249,
              9.005251
            ],
            [
              76.725154,
              9.006245
            ],
            [
              76.7259,
              9.006302
            ],
            [
              76.7269,
              9.005231
            ],
            [
              76.730271,
              9.004871
            ],
            [
              76.729501,
              9.0035
            ],
            [
              76.730462,
              9.0025
            ],
            [
              76.7289,
              8.999837
            ],
            [
              76.7249,
              9.000862
            ],
            [
              76.724331,
              8.9995
            ],
            [
              76.728367,
              8.998967
            ],
            [
              76.728514,
              8.997885
            ],
            [
              76.727428,
              8.9975
            ],
            [
              76.728522,
              8.997122
            ],
            [
              76.7299,
              8.994897
            ],
            [
              76.7339,
              8.996968
            ],
            [
              76.734245,
              8.9955
            ],
            [
              76.72888,
              8.991519
            ],
            [
              76.729583,
              8.9885
            ],
            [
              76.728269,
              8.98613
            ],
            [
              76.727513,
              8.986113
            ],
            [
              76.727106,
              8.987706
            ],
            [
              76.7249,
              8.989729
            ],
            [
              76.723819,
              8.9895
            ],
            [
              76.723558,
              8.987841
            ],
            [
              76.722016,
              8.987616
            ],
            [
              76.7219,
              8.988226
            ],
            [
              76.722095,
              8.9855
            ],
            [
              76.7249,
              8.985171
            ],
            [
              76.725497,
              8.9845
            ],
            [
              76.7229,
              8.981685
            ],
            [
              76.721396,
              8.9825
            ],
            [
              76.721825,
              8.980574
            ],
            [
              76.721209,
              8.9805
            ],
            [
              76.7219,
              8.979809
            ],
            [
              76.723359,
              8.979959
            ],
            [
              76.7239,
              8.978195
            ],
            [
              76.724161,
              8.979239
            ],
            [
              76.7259,
              8.978461
            ],
            [
              76.729294,
              8.979894
            ],
            [
              76.7299,
              8.975321
            ],
            [
              76.730176,
              8.9785
            ],
            [
              76.7309,
              8.979168
            ],
            [
              76.732364,
              8.978964
            ],
            [
              76.7329,
              8.977303
            ],
            [
              76.7339,
              8.978359
            ],
            [
              76.735708,
              8.978308
            ],
            [
              76.7359,
              8.977745
            ],
            [
              76.737383,
              8.979016
            ],
            [
              76.7399,
              8.979059
            ],
            [
              76.742272,
              8.980872
            ],
            [
              76.742514,
              8.9795
            ],
            [
              76.741356,
              8.9775
            ],
            [
              76.742728,
              8.977328
            ],
            [
              76.7439,
              8.978201
            ],
            [
              76.744489,
              8.976089
            ],
            [
              76.746265,
              8.9745
            ],
            [
              76.7449,
              8.972052
            ],
            [
              76.74421,
              8.97381
            ],
            [
              76.742524,
              8.974875
            ],
            [
              76.742243,
              8.972156
            ],
            [
              76.740615,
              8.971784
            ],
            [
              76.739661,
              8.970738
            ],
            [
              76.739731,
              8.9685
            ],
            [
              76.743576,
              8.9685
            ],
            [
              76.7409,
              8.968734
            ],
            [
              76.740231,
              8.9695
            ],
            [
              76.741521,
              8.970878
            ],
            [
              76.743233,
              8.970833
            ],
            [
              76.743405,
              8.969005
            ],
            [
              76.745427,
              8.9675
            ],
            [
              76.74576,
              8.96136
            ],
            [
              76.7469,
              8.96079
            ],
            [
              76.747101,
              8.9615
            ],
            [
              76.746139,
              8.9625
            ],
            [
              76.746578,
              8.968821
            ],
            [
              76.751278,
              8.967878
            ],
            [
              76.75147,
              8.9665
            ],
            [
              76.74954,
              8.9635
            ],
            [
              76.7509,
              8.963242
            ],
            [
              76.75253,
              8.966869
            ],
            [
              76.7549,
              8.968942
            ],
            [
              76.75555,
              8.96615
            ],
            [
              76.758507,
              8.9635
            ],
            [
              76.757573,
              8.9625
            ],
            [
              76.7579,
              8.961623
            ],
            [
              76.7609,
              8.9604
            ],
            [
              76.761512,
              8.962887
            ],
            [
              76.763228,
              8.964171
            ],
            [
              76.76335,
              8.9665
            ],
            [
              76.762382,
              8.9675
            ],
            [
              76.762252,
              8.969852
            ],
            [
              76.7599,
              8.971077
            ],
            [
              76.757649,
              8.971249
            ],
            [
              76.757574,
              8.9745
            ],
            [
              76.7589,
              8.974816
            ],
            [
              76.759468,
              8.973068
            ],
            [
              76.7619,
              8.972864
            ],
            [
              76.765192,
              8.970792
            ],
            [
              76.765505,
              8.967105
            ],
            [
              76.766579,
              8.966179
            ],
            [
              76.767756,
              8.9665
            ],
            [
              76.767349,
              8.9675
            ],
            [
              76.7679,
              8.968169
            ],
            [
              76.771307,
              8.967907
            ],
            [
              76.771345,
              8.966054
            ],
            [
              76.768314,
              8.9655
            ],
            [
              76.769525,
              8.964125
            ],
            [
              76.76936,
              8.963039
            ],
            [
              76.7679,
              8.961698
            ],
            [
              76.766189,
              8.9615
            ],
            [
              76.7669,
              8.960036
            ],
            [
              76.7699,
              8.961824
            ],
            [
              76.770564,
              8.961164
            ],
            [
              76.773271,
              8.960871
            ],
            [
              76.7729,
              8.958846
            ],
            [
              76.7719,
              8.95959
            ],
            [
              76.7699,
              8.959605
            ],
            [
              76.769929,
              8.95947
            ],
            [
              76.77073,
              8.95933
            ],
            [
              76.771495,
              8.958095
            ],
            [
              76.7719,
              8.953607
            ],
            [
              76.772223,
              8.955176
            ],
            [
              76.773687,
              8.955287
            ],
            [
              76.7739,
              8.95468
            ],
            [
              76.775492,
              8.9555
            ],
            [
              76.774172,
              8.955772
            ],
            [
              76.774331,
              8.9595
            ],
            [
              76.7749,
              8.960087
            ],
            [
              76.7789,
              8.958064
            ],
            [
              76.779445,
              8.958954
            ],
            [
              76.780359,
              8.958959
            ],
            [
              76.780661,
              8.956738
            ],
            [
              76.779682,
              8.9565
            ],
            [
              76.781898,
              8.955498
            ],
            [
              76.782071,
              8.956328
            ],
            [
              76.78316,
              8.9565
            ],
            [
              76.782093,
              8.956693
            ],
            [
              76.781931,
              8.9585
            ],
            [
              76.782241,
              8.960159
            ],
            [
              76.78355,
              8.960849
            ],
            [
              76.783528,
              8.962871
            ],
            [
              76.7869,
              8.9613
            ],
            [
              76.78862,
              8.96122
            ],
            [
              76.7889,
              8.959975
            ],
            [
              76.789912,
              8.960512
            ],
            [
              76.789121,
              8.961721
            ],
            [
              76.789161,
              8.965761
            ],
            [
              76.786487,
              8.967087
            ],
            [
              76.78459,
              8.96919
            ],
            [
              76.785603,
              8.970796
            ],
            [
              76.787254,
              8.970854
            ],
            [
              76.787647,
              8.969247
            ],
            [
              76.789327,
              8.968927
            ],
            [
              76.789628,
              8.966228
            ],
            [
              76.790926,
              8.966473
            ],
            [
              76.7919,
              8.968215
            ],
            [
              76.793989,
              8.96641
            ],
            [
              76.794904,
              8.966495
            ],
            [
              76.794013,
              8.966613
            ],
            [
              76.793184,
              8.9685
            ],
            [
              76.794268,
              8.9695
            ],
            [
              76.794323,
              8.970923
            ],
            [
              76.793517,
              8.971117
            ],
            [
              76.793371,
              8.971971
            ],
            [
              76.79245,
              8.971949
            ],
            [
              76.792344,
              8.970055
            ],
            [
              76.7919,
              8.969701
            ],
            [
              76.791192,
              8.9705
            ],
            [
              76.792563,
              8.972836
            ],
            [
              76.794465,
              8.971065
            ],
            [
              76.796351,
              8.970951
            ],
            [
              76.796853,
              8.968453
            ],
            [
              76.7979,
              8.967955
            ],
            [
              76.798143,
              8.9705
            ],
            [
              76.797458,
              8.971941
            ],
            [
              76.800558,
              8.972158
            ],
            [
              76.800961,
              8.971438
            ],
            [
              76.801097,
              8.9735
            ],
            [
              76.801975,
              8.9745
            ],
            [
              76.800262,
              8.974862
            ],
            [
              76.800102,
              8.9755
            ],
            [
              76.802186,
              8.9765
            ],
            [
              76.801367,
              8.9775
            ],
            [
              76.801153,
              8.979753
            ],
            [
              76.799591,
              8.979191
            ],
            [
              76.798497,
              8.982097
            ],
            [
              76.795865,
              8.982465
            ],
            [
              76.795942,
              8.9835
            ],
            [
              76.7979,
              8.986144
            ],
            [
              76.799352,
              8.985952
            ],
            [
              76.800128,
              8.9845
            ],
            [
              76.803643,
              8.984243
            ],
            [
              76.8039,
              8.98332
            ],
            [
              76.804122,
              8.984277
            ],
            [
              76.805348,
              8.9845
            ],
            [
              76.804125,
              8.984725
            ],
            [
              76.8039,
              8.985924
            ],
            [
              76.8029,
              8.985722
            ],
            [
              76.802214,
              8.9865
            ],
            [
              76.802408,
              8.988991
            ],
            [
              76.804161,
              8.9905
            ],
            [
              76.804083,
              8.992316
            ],
            [
              76.805003,
              8.992397
            ],
            [
              76.806201,
              8.9945
            ],
            [
              76.805306,
              8.9965
            ],
            [
              76.805391,
              8.9985
            ],
            [
              76.803493,
              9.0015
            ],
            [
              76.8059,
              9.001944
            ],
            [
              76.8069,
              9.00098
            ],
            [
              76.80836,
              9.00096
            ],
            [
              76.8089,
              8.999332
            ],
            [
              76.809089,
              9.00031
            ],
            [
              76.809845,
              9.0005
            ],
            [
              76.809126,
              9.000726
            ],
            [
              76.809483,
              9.002916
            ],
            [
              76.810527,
              9.003127
            ],
            [
              76.8109,
              9.002517
            ],
            [
              76.811434,
              9.004965
            ],
            [
              76.813486,
              9.005086
            ],
            [
              76.8139,
              9.003074
            ],
            [
              76.814155,
              9.004244
            ],
            [
              76.815007,
              9.0045
            ],
            [
              76.8149,
              9.005628
            ],
            [
              76.810491,
              9.006091
            ],
            [
              76.810532,
              9.007867
            ],
            [
              76.8129,
              9.008171
            ],
            [
              76.8139,
              9.009231
            ],
            [
              76.815661,
              9.009261
            ],
            [
              76.8159,
              9.00861
            ],
            [
              76.817099,
              9.0105
            ],
            [
              76.8159,
              9.010602
            ],
            [
              76.815631,
              9.009768
            ],
            [
              76.813419,
              9.010019
            ],
            [
              76.813009,
              9.011609
            ],
            [
              76.811163,
              9.0125
            ],
            [
              76.812024,
              9.0135
            ],
            [
              76.8119,
              9.01549
            ],
            [
              76.8109,
              9.015323
            ],
            [
              76.809878,
              9.0145
            ],
            [
              76.81069,
              9.01429
            ],
            [
              76.81042,
              9.012979
            ],
            [
              76.805721,
              9.012678
            ],
            [
              76.80463,
              9.011769
            ],
            [
              76.804259,
              9.00914
            ],
            [
              76.8019,
              9.008896
            ],
            [
              76.799686,
              9.007286
            ],
            [
              76.799329,
              9.009929
            ],
            [
              76.796563,
              9.0115
            ],
            [
              76.797535,
              9.0135
            ],
            [
              76.796364,
              9.0155
            ],
            [
              76.7979,
              9.016036
            ],
            [
              76.7989,
              9.015107
            ],
            [
              76.800166,
              9.015233
            ],
            [
              76.800454,
              9.016945
            ],
            [
              76.801244,
              9.0175
            ],
            [
              76.800973,
              9.0215
            ],
            [
              76.800022,
              9.021622
            ],
            [
              76.799972,
              9.022572
            ],
            [
              76.798193,
              9.0235
            ],
            [
              76.7989,
              9.024302
            ],
            [
              76.801117,
              9.0245
            ],
            [
              76.800098,
              9.024698
            ],
            [
              76.7999,
              9.025742
            ],
            [
              76.7969,
              9.024812
            ],
            [
              76.795351,
              9.026951
            ],
            [
              76.7939,
              9.025974
            ],
            [
              76.793264,
              9.026864
            ],
            [
              76.7899,
              9.02693
            ],
            [
              76.787381,
              9.0285
            ],
            [
              76.787409,
              9.0305
            ],
            [
              76.788527,
              9.031872
            ],
            [
              76.7909,
              9.032166
            ],
            [
              76.7919,
              9.033238
            ],
            [
              76.795077,
              9.0335
            ],
            [
              76.792359,
              9.033959
            ],
            [
              76.791975,
              9.036424
            ],
            [
              76.792566,
              9.0365
            ],
            [
              76.7919,
              9.036757
            ],
            [
              76.791651,
              9.035748
            ],
            [
              76.7899,
              9.035875
            ],
            [
              76.789419,
              9.03498
            ],
            [
              76.787786,
              9.034613
            ],
            [
              76.787261,
              9.032138
            ],
            [
              76.7859,
              9.031933
            ],
            [
              76.785106,
              9.034706
            ],
            [
              76.7839,
              9.035927
            ],
            [
              76.7809,
              9.03692
            ],
            [
              76.780841,
              9.036441
            ],
            [
              76.781677,
              9.036277
            ],
            [
              76.781363,
              9.034036
            ],
            [
              76.780316,
              9.033916
            ],
            [
              76.7799,
              9.035575
            ],
            [
              76.779705,
              9.0335
            ],
            [
              76.778484,
              9.033084
            ],
            [
              76.777037,
              9.035637
            ],
            [
              76.776161,
              9.035761
            ],
            [
              76.7759,
              9.037451
            ],
            [
              76.775747,
              9.033652
            ],
            [
              76.7749,
              9.03345
            ],
            [
              76.774748,
              9.032348
            ],
            [
              76.77489,
              9.0305
            ],
            [
              76.775553,
              9.030153
            ],
            [
              76.775478,
              9.029078
            ],
            [
              76.776354,
              9.028954
            ],
            [
              76.776313,
              9.028086
            ],
            [
              76.775381,
              9.028981
            ],
            [
              76.7739,
              9.029108
            ],
            [
              76.772478,
              9.027921
            ],
            [
              76.772123,
              9.026276
            ],
            [
              76.7699,
              9.026199
            ],
            [
              76.768572,
              9.0285
            ],
            [
              76.7699,
              9.029873
            ],
            [
              76.771298,
              9.029101
            ],
            [
              76.7719,
              9.031924
            ],
            [
              76.772565,
              9.030165
            ],
            [
              76.773234,
              9.030165
            ],
            [
              76.773554,
              9.0345
            ],
            [
              76.772403,
              9.034996
            ],
            [
              76.7719,
              9.033075
            ],
            [
              76.771427,
              9.0345
            ],
            [
              76.773544,
              9.0365
            ],
            [
              76.7709,
              9.03891
            ],
            [
              76.77033,
              9.037069
            ],
            [
              76.7679,
              9.035983
            ],
            [
              76.766585,
              9.036185
            ],
            [
              76.768197,
              9.0385
            ],
            [
              76.7679,
              9.040715
            ],
            [
              76.766604,
              9.0405
            ],
            [
              76.766265,
              9.038134
            ],
            [
              76.764587,
              9.037812
            ],
            [
              76.7639,
              9.036927
            ],
            [
              76.762555,
              9.037844
            ],
            [
              76.7619,
              9.03697
            ],
            [
              76.761327,
              9.0375
            ],
            [
              76.762073,
              9.038673
            ],
            [
              76.76046,
              9.03906
            ],
            [
              76.7599,
              9.041174
            ],
            [
              76.7579,
              9.041623
            ]
          ]
        ],
        "type": "Polygon"
      },
      "type": "Feature"
    }
  ]
}