{
  "type": "FeatureCollection",
  "metadata": {
    "provider_name": "Pizza Hut",
    "center_lat": 8.999069116,
    "center_lon": 76.76818749,
    "mode": "motorcycle",
    "total_zones": 4,
    "distance_zones": [
      3,
      4,
      5,
      6
    ],
    "generated_at": "2025-12-24T11:24:09.761300Z"
  },
  "features": [
    {
      "properties": {
        "fill-opacity": 0.33,
        "fillColor": "#bf4040",
        "opacity": 0.33,
        "fill": "#bf4040",
        "fillOpacity": 0.33,
        "color": "#bf4040",
        "contour": 3.0,
        "metric": "distance",
        "provider_name": "Pizza Hut",
        "zone_type": "distance",
        "distance_km": 3,
        "mode": "motorcycle",
        "center_lat": 8.999069116,
        "center_lon": 76.76818749,
        "label": "3km"
      },
      "geometry": {
        "coordinates": [
          [
            [
              76.768187,
              9.019687
            ],
            [
              76.767789,
              9.017467
            ],
            [
              76.766302,
              9.017184
            ],
            [
              76.766187,
              9.017806
            ],
            [
              76.765656,
              9.017069
            ],
            [
              76.767725,
              9.016606
            ],
            [
              76.76762,
              9.014636
            ],
            [
              76.764187,
              9.014154
            ],
            [
              76.762187,
              9.016117
            ],
            [
              76.761437,
              9.016069
            ],
            [
              76.761187,
              9.013167
            ],
            [
              76.761365,
              9.013891
            ],
            [
              76.762187,
              9.013898
            ],
            [
              76.762661,
              9.012595
            ],
            [
              76.76144,
              9.012322
            ],
            [
              76.761187,
              9.013002
            ],
            [
              76.760187,
              9.011262
            ],
            [
              76.759433,
              9.011315
            ],
            [
              76.759258,
              9.01214
            ],
            [
              76.758189,
              9.012069
            ],
            [
              76.758184,
              9.011066
            ],
            [
              76.75937,
              9.010069
            ],
            [
              76.761187,
              9.010806
            ],
            [
              76.763753,
              9.010069
            ],
            [
              76.762187,
              9.008398
            ],
            [
              76.759419,
              9.008301
            ],
            [
              76.759187,
              9.009237
            ],
            [
              76.758091,
              9.008069
            ],
            [
              76.760023,
              9.006069
            ],
            [
              76.757762,
              9.005493
            ],
            [
              76.756597,
              9.004069
            ],
            [
              76.758437,
              9.002319
            ],
            [
              76.758536,
              9.000069
            ],
            [
              76.759402,
              8.998854
            ],
            [
              76.757946,
              8.997828
            ],
            [
              76.757552,
              9.001433
            ],
            [
              76.755187,
              9.002555
            ],
            [
              76.754187,
              9.001567
            ],
            [
              76.752811,
              9.002693
            ],
            [
              76.752676,
              9.00558
            ],
            [
              76.753429,
              9.006826
            ],
            [
              76.754642,
              9.007069
            ],
            [
              76.754187,
              9.007981
            ],
            [
              76.753187,
              9.007862
            ],
            [
              76.750845,
              9.004069
            ],
            [
              76.751048,
              9.003207
            ],
            [
              76.74834,
              9.003221
            ],
            [
              76.748187,
              9.00422
            ],
            [
              76.748186,
              9.00207
            ],
            [
              76.747392,
              9.002273
            ],
            [
              76.746187,
              9.001248
            ],
            [
              76.745395,
              9.001277
            ],
            [
              76.745187,
              9.00256
            ],
            [
              76.744524,
              9.002069
            ],
            [
              76.745911,
              9.000069
            ],
            [
              76.744964,
              8.999069
            ],
            [
              76.745049,
              8.997207
            ],
            [
              76.74371,
              8.997069
            ],
            [
              76.746597,
              8.996069
            ],
            [
              76.744187,
              8.994831
            ],
            [
              76.743021,
              8.993069
            ],
            [
              76.744579,
              8.991069
            ],
            [
              76.746483,
              8.991364
            ],
            [
              76.74717,
              8.988051
            ],
            [
              76.747061,
              8.986195
            ],
            [
              76.74645,
              8.986069
            ],
            [
              76.747187,
              8.985324
            ],
            [
              76.747422,
              8.986834
            ],
            [
              76.748725,
              8.986607
            ],
            [
              76.749187,
              8.98392
            ],
            [
              76.751193,
              8.985069
            ],
            [
              76.750411,
              8.985293
            ],
            [
              76.750763,
              8.988493
            ],
            [
              76.753187,
              8.98959
            ],
            [
              76.755187,
              8.987481
            ],
            [
              76.757516,
              8.987398
            ],
            [
              76.755844,
              8.985069
            ],
            [
              76.7559,
              8.982356
            ],
            [
              76.755029,
              8.982069
            ],
            [
              76.755187,
              8.980905
            ],
            [
              76.755368,
              8.981888
            ],
            [
              76.756278,
              8.981978
            ],
            [
              76.756478,
              8.984069
            ],
            [
              76.757187,
              8.984725
            ],
            [
              76.758588,
              8.98447
            ],
            [
              76.759011,
              8.981893
            ],
            [
              76.760897,
              8.981779
            ],
            [
              76.761187,
              8.980739
            ],
            [
              76.762187,
              8.980824
            ],
            [
              76.761299,
              8.981181
            ],
            [
              76.76172,
              8.983535
            ],
            [
              76.766004,
              8.984069
            ],
            [
              76.7659,
              8.985069
            ],
            [
              76.76379,
              8.986672
            ],
            [
              76.764187,
              8.987511
            ],
            [
              76.764756,
              8.986637
            ],
            [
              76.768579,
              8.986461
            ],
            [
              76.768035,
              8.98422
            ],
            [
              76.766671,
              8.984069
            ],
            [
              76.767187,
              8.983732
            ],
            [
              76.768187,
              8.983798
            ],
            [
              76.768494,
              8.984762
            ],
            [
              76.76933,
              8.984926
            ],
            [
              76.77079,
              8.987466
            ],
            [
              76.772597,
              8.987478
            ],
            [
              76.771941,
              8.986069
            ],
            [
              76.773187,
              8.983222
            ],
            [
              76.774187,
              8.983936
            ],
            [
              76.775884,
              8.983069
            ],
            [
              76.773755,
              8.982069
            ],
            [
              76.773185,
              8.981067
            ],
            [
              76.774206,
              8.981049
            ],
            [
              76.774433,
              8.981822
            ],
            [
              76.775712,
              8.981594
            ],
            [
              76.776187,
              8.978308
            ],
            [
              76.776698,
              8.981558
            ],
            [
              76.77888,
              8.981762
            ],
            [
              76.779187,
              8.98047
            ],
            [
              76.779348,
              8.982069
            ],
            [
              76.77862,
              8.982501
            ],
            [
              76.778692,
              8.983564
            ],
            [
              76.780897,
              8.983779
            ],
            [
              76.781127,
              8.983009
            ],
            [
              76.782055,
              8.983069
            ],
            [
              76.781357,
              8.983239
            ],
            [
              76.781523,
              8.984733
            ],
            [
              76.784882,
              8.985069
            ],
            [
              76.784652,
              8.986069
            ],
            [
              76.782695,
              8.987576
            ],
            [
              76.782534,
              8.989722
            ],
            [
              76.785187,
              8.990372
            ],
            [
              76.786187,
              8.989413
            ],
            [
              76.786272,
              8.991154
            ],
            [
              76.783716,
              8.991597
            ],
            [
              76.783719,
              8.994069
            ],
            [
              76.782081,
              8.996069
            ],
            [
              76.782173,
              8.997083
            ],
            [
              76.783184,
              8.997072
            ],
            [
              76.782504,
              9.001069
            ],
            [
              76.78365,
              9.001531
            ],
            [
              76.784172,
              8.999053
            ],
            [
              76.788187,
              9.000464
            ],
            [
              76.789432,
              9.003069
            ],
            [
              76.791469,
              9.004069
            ],
            [
              76.790402,
              9.004283
            ],
            [
              76.790316,
              9.005069
            ],
            [
              76.790453,
              9.005803
            ],
            [
              76.791663,
              9.006069
            ],
            [
              76.790447,
              9.006329
            ],
            [
              76.790187,
              9.007608
            ],
            [
              76.788696,
              9.008069
            ],
            [
              76.788714,
              9.009069
            ],
            [
              76.78664,
              9.011069
            ],
            [
              76.785187,
              9.014482
            ],
            [
              76.784995,
              9.01326
            ],
            [
              76.783281,
              9.013069
            ],
            [
              76.78312,
              9.012136
            ],
            [
              76.781086,
              9.012069
            ],
            [
              76.780602,
              9.010653
            ],
            [
              76.779828,
              9.01071
            ],
            [
              76.779497,
              9.012379
            ],
            [
              76.778187,
              9.012502
            ],
            [
              76.775187,
              9.010587
            ],
            [
              76.773871,
              9.010752
            ],
            [
              76.773504,
              9.012385
            ],
            [
              76.771836,
              9.012718
            ],
            [
              76.771597,
              9.014069
            ],
            [
              76.772187,
              9.014734
            ],
            [
              76.773187,
              9.013888
            ],
            [
              76.774991,
              9.013873
            ],
            [
              76.775187,
              9.013087
            ],
            [
              76.775187,
              9.01502
            ],
            [
              76.772711,
              9.015593
            ],
            [
              76.772187,
              9.017568
            ],
            [
              76.771249,
              9.017069
            ],
            [
              76.771631,
              9.016069
            ],
            [
              76.7709,
              9.015782
            ],
            [
              76.771048,
              9.017069
            ],
            [
              76.768601,
              9.017483
            ],
            [
              76.768187,
              9.019687
            ]
          ]
        ],
        "type": "Polygon"
      },
      "type": "Feature"
    },
    {
      "properties": {
        "fill-opacity": 0.33,
        "fillColor": "#bf4040",
        "opacity": 0.33,
        "fill": "#bf4040",
        "fillOpacity": 0.33,
        "color": "#bf4040",
        "contour": 4.0,
        "metric": "distance",
        "provider_name": "Pizza Hut",
        "zone_type": "distance",
        "distance_km": 4,
        "mode": "motorcycle",
        "center_lat": 8.999069116,
        "center_lon": 76.76818749,
        "label": "4km"
      },
      "geometry": {
        "coordinates": [
          [
            [
              76.768187,
              9.028289
            ],
            [
              76.767863,
              9.025393
            ],
            [
              76.766332,
              9.025069
            ],
            [
              76.768187,
              9.024881
            ],
            [
              76.768853,
              9.023735
            ],
            [
              76.770967,
              9.024849
            ],
            [
              76.77062,
              9.021635
            ],
            [
              76.768812,
              9.021694
            ],
            [
              76.768548,
              9.02343
            ],
            [
              76.767187,
              9.022457
            ],
            [
              76.766187,
              9.023378
            ],
            [
              76.764585,
              9.023466
            ],
            [
              76.764187,
              9.02529
            ],
            [
              76.762843,
              9.024069
            ],
            [
              76.767572,
              9.021453
            ],
            [
              76.767486,
              9.017769
            ],
            [
              76.763187,
              9.020422
            ],
            [
              76.760187,
              9.020238
            ],
            [
              76.759187,
              9.020971
            ],
            [
              76.758614,
              9.018641
            ],
            [
              76.757518,
              9.0184
            ],
            [
              76.756187,
              9.019271
            ],
            [
              76.754395,
              9.019277
            ],
            [
              76.754128,
              9.020069
            ],
            [
              76.753824,
              9.018069
            ],
            [
              76.756187,
              9.017818
            ],
            [
              76.756922,
              9.017069
            ],
            [
              76.755066,
              9.014948
            ],
            [
              76.75528,
              9.014161
            ],
            [
              76.756411,
              9.014069
            ],
            [
              76.754187,
              9.013874
            ],
            [
              76.752271,
              9.015153
            ],
            [
              76.750776,
              9.015069
            ],
            [
              76.752023,
              9.014904
            ],
            [
              76.753906,
              9.011788
            ],
            [
              76.755187,
              9.012686
            ],
            [
              76.756556,
              9.012437
            ],
            [
              76.756559,
              9.009697
            ],
            [
              76.753711,
              9.010593
            ],
            [
              76.753427,
              9.011309
            ],
            [
              76.752097,
              9.011158
            ],
            [
              76.75181,
              9.010069
            ],
            [
              76.750225,
              9.009069
            ],
            [
              76.752657,
              9.007069
            ],
            [
              76.750482,
              9.003774
            ],
            [
              76.749187,
              9.003618
            ],
            [
              76.748698,
              9.004069
            ],
            [
              76.749607,
              9.005069
            ],
            [
              76.748567,
              9.006069
            ],
            [
              76.74857,
              9.007686
            ],
            [
              76.750188,
              9.008067
            ],
            [
              76.750001,
              9.009069
            ],
            [
              76.748447,
              9.009329
            ],
            [
              76.748187,
              9.011061
            ],
            [
              76.747187,
              9.010614
            ],
            [
              76.745086,
              9.00817
            ],
            [
              76.746694,
              9.007575
            ],
            [
              76.747807,
              9.006069
            ],
            [
              76.747662,
              9.002594
            ],
            [
              76.746187,
              9.001618
            ],
            [
              76.745511,
              9.003392
            ],
            [
              76.743544,
              9.005069
            ],
            [
              76.744187,
              9.005843
            ],
            [
              76.746215,
              9.006096
            ],
            [
              76.741512,
              9.008069
            ],
            [
              76.738728,
              9.007527
            ],
            [
              76.738324,
              9.006069
            ],
            [
              76.739187,
              9.005515
            ],
            [
              76.740187,
              9.00586
            ],
            [
              76.741842,
              9.004069
            ],
            [
              76.741187,
              9.00327
            ],
            [
              76.74041,
              9.003291
            ],
            [
              76.740254,
              9.004136
            ],
            [
              76.739454,
              9.004069
            ],
            [
              76.740076,
              9.003958
            ],
            [
              76.739656,
              9.002069
            ],
            [
              76.740845,
              9.001727
            ],
            [
              76.741187,
              9.00056
            ],
            [
              76.741598,
              9.001658
            ],
            [
              76.742491,
              9.001764
            ],
            [
              76.742756,
              9.0035
            ],
            [
              76.74357,
              9.003452
            ],
            [
              76.742828,
              8.999069
            ],
            [
              76.741318,
              8.998199
            ],
            [
              76.740572,
              8.999454
            ],
            [
              76.738722,
              9.000069
            ],
            [
              76.738743,
              8.999069
            ],
            [
              76.73988,
              8.998762
            ],
            [
              76.739681,
              8.997575
            ],
            [
              76.735454,
              8.997069
            ],
            [
              76.736852,
              8.996733
            ],
            [
              76.73685,
              8.995406
            ],
            [
              76.734929,
              8.995069
            ],
            [
              76.739614,
              8.994495
            ],
            [
              76.738705,
              8.992069
            ],
            [
              76.739613,
              8.991495
            ],
            [
              76.739825,
              8.990069
            ],
            [
              76.738889,
              8.98877
            ],
            [
              76.741649,
              8.98853
            ],
            [
              76.742791,
              8.987673
            ],
            [
              76.743187,
              8.986146
            ],
            [
              76.744356,
              8.9879
            ],
            [
              76.743315,
              8.989197
            ],
            [
              76.74176,
              8.989642
            ],
            [
              76.741809,
              8.990446
            ],
            [
              76.746503,
              8.990385
            ],
            [
              76.746653,
              8.989069
            ],
            [
              76.745721,
              8.988069
            ],
            [
              76.746344,
              8.987069
            ],
            [
              76.745535,
              8.98572
            ],
            [
              76.743841,
              8.985414
            ],
            [
              76.74254,
              8.984069
            ],
            [
              76.744187,
              8.983645
            ],
            [
              76.745187,
              8.984607
            ],
            [
              76.746736,
              8.984069
            ],
            [
              76.746605,
              8.982651
            ],
            [
              76.744898,
              8.982069
            ],
            [
              76.746919,
              8.980069
            ],
            [
              76.74691,
              8.977346
            ],
            [
              76.745968,
              8.977069
            ],
            [
              76.746187,
              8.976174
            ],
            [
              76.746321,
              8.976934
            ],
            [
              76.747275,
              8.976981
            ],
            [
              76.747689,
              8.978566
            ],
            [
              76.748852,
              8.978734
            ],
            [
              76.749187,
              8.97801
            ],
            [
              76.750603,
              8.978069
            ],
            [
              76.749315,
              8.978196
            ],
            [
              76.750187,
              8.982608
            ],
            [
              76.75095,
              8.980832
            ],
            [
              76.754187,
              8.977498
            ],
            [
              76.75481,
              8.979446
            ],
            [
              76.755549,
              8.979431
            ],
            [
              76.755855,
              8.977069
            ],
            [
              76.75476,
              8.976069
            ],
            [
              76.757187,
              8.973185
            ],
            [
              76.757359,
              8.975069
            ],
            [
              76.758187,
              8.975822
            ],
            [
              76.759856,
              8.975738
            ],
            [
              76.760187,
              8.974101
            ],
            [
              76.761187,
              8.97464
            ],
            [
              76.760412,
              8.975294
            ],
            [
              76.760766,
              8.97749
            ],
            [
              76.763383,
              8.976873
            ],
            [
              76.762664,
              8.978069
            ],
            [
              76.762914,
              8.979342
            ],
            [
              76.763737,
              8.980518
            ],
            [
              76.767187,
              8.982316
            ],
            [
              76.768839,
              8.981069
            ],
            [
              76.767641,
              8.980069
            ],
            [
              76.768187,
              8.978521
            ],
            [
              76.770436,
              8.97882
            ],
            [
              76.771187,
              8.979731
            ],
            [
              76.771692,
              8.978564
            ],
            [
              76.770174,
              8.977055
            ],
            [
              76.77125,
              8.977006
            ],
            [
              76.771437,
              8.977818
            ],
            [
              76.773187,
              8.977808
            ],
            [
              76.775584,
              8.975465
            ],
            [
              76.775187,
              8.974325
            ],
            [
              76.774362,
              8.975243
            ],
            [
              76.772238,
              8.975069
            ],
            [
              76.773904,
              8.974786
            ],
            [
              76.774073,
              8.972955
            ],
            [
              76.775738,
              8.972619
            ],
            [
              76.776187,
              8.970339
            ],
            [
              76.776387,
              8.971869
            ],
            [
              76.780116,
              8.972069
            ],
            [
              76.780282,
              8.972974
            ],
            [
              76.776783,
              8.975665
            ],
            [
              76.776838,
              8.977417
            ],
            [
              76.782187,
              8.97782
            ],
            [
              76.784187,
              8.976972
            ],
            [
              76.785061,
              8.978069
            ],
            [
              76.784187,
              8.97909
            ],
            [
              76.783988,
              8.978268
            ],
            [
              76.779792,
              8.978673
            ],
            [
              76.780666,
              8.980069
            ],
            [
              76.778903,
              8.983353
            ],
            [
              76.782187,
              8.982572
            ],
            [
              76.782678,
              8.98356
            ],
            [
              76.781723,
              8.984069
            ],
            [
              76.782515,
              8.984397
            ],
            [
              76.78381,
              8.983069
            ],
            [
              76.784187,
              8.980805
            ],
            [
              76.784776,
              8.98248
            ],
            [
              76.786187,
              8.983621
            ],
            [
              76.7868,
              8.983069
            ],
            [
              76.787072,
              8.979954
            ],
            [
              76.790093,
              8.979974
            ],
            [
              76.790187,
              8.979392
            ],
            [
              76.790522,
              8.981734
            ],
            [
              76.792586,
              8.982069
            ],
            [
              76.790549,
              8.98243
            ],
            [
              76.791371,
              8.984252
            ],
            [
              76.789712,
              8.984594
            ],
            [
              76.789322,
              8.986204
            ],
            [
              76.7873,
              8.988182
            ],
            [
              76.786039,
              8.987069
            ],
            [
              76.787705,
              8.986586
            ],
            [
              76.787187,
              8.985455
            ],
            [
              76.785836,
              8.985717
            ],
            [
              76.785187,
              8.986969
            ],
            [
              76.783883,
              8.986765
            ],
            [
              76.782767,
              8.988069
            ],
            [
              76.783187,
              8.989534
            ],
            [
              76.786617,
              8.988638
            ],
            [
              76.787387,
              8.992069
            ],
            [
              76.788467,
              8.993069
            ],
            [
              76.788161,
              8.994095
            ],
            [
              76.791187,
              8.994587
            ],
            [
              76.789792,
              8.997069
            ],
            [
              76.791539,
              8.999069
            ],
            [
              76.789803,
              8.999685
            ],
            [
              76.789843,
              9.001412
            ],
            [
              76.793776,
              9.000657
            ],
            [
              76.794187,
              8.999957
            ],
            [
              76.794691,
              9.001564
            ],
            [
              76.796858,
              9.00174
            ],
            [
              76.797187,
              9.000917
            ],
            [
              76.798187,
              9.002971
            ],
            [
              76.799994,
              9.004069
            ],
            [
              76.799258,
              9.00714
            ],
            [
              76.796562,
              9.010444
            ],
            [
              76.794187,
              9.009832
            ],
            [
              76.793458,
              9.011069
            ],
            [
              76.794886,
              9.012069
            ],
            [
              76.792549,
              9.012431
            ],
            [
              76.792271,
              9.014153
            ],
            [
              76.791207,
              9.015088
            ],
            [
              76.790187,
              9.014869
            ],
            [
              76.788155,
              9.016036
            ],
            [
              76.788467,
              9.019069
            ],
            [
              76.787363,
              9.019244
            ],
            [
              76.786756,
              9.018499
            ],
            [
              76.785722,
              9.018604
            ],
            [
              76.785559,
              9.020697
            ],
            [
              76.787034,
              9.021069
            ],
            [
              76.785504,
              9.021386
            ],
            [
              76.785187,
              9.023242
            ],
            [
              76.783789,
              9.019466
            ],
            [
              76.782114,
              9.019069
            ],
            [
              76.781669,
              9.016587
            ],
            [
              76.780538,
              9.01642
            ],
            [
              76.780273,
              9.017155
            ],
            [
              76.779026,
              9.017069
            ],
            [
              76.779994,
              9.016876
            ],
            [
              76.781012,
              9.013894
            ],
            [
              76.783187,
              9.014679
            ],
            [
              76.78453,
              9.014412
            ],
            [
              76.784504,
              9.013752
            ],
            [
              76.782187,
              9.01259
            ],
            [
              76.778187,
              9.012707
            ],
            [
              76.775187,
              9.010744
            ],
            [
              76.773972,
              9.010854
            ],
            [
              76.773624,
              9.012506
            ],
            [
              76.771957,
              9.012839
            ],
            [
              76.771928,
              9.014327
            ],
            [
              76.775187,
              9.012569
            ],
            [
              76.776511,
              9.012745
            ],
            [
              76.775686,
              9.015069
            ],
            [
              76.776935,
              9.016069
            ],
            [
              76.776926,
              9.017069
            ],
            [
              76.776187,
              9.017484
            ],
            [
              76.774518,
              9.015738
            ],
            [
              76.772909,
              9.015791
            ],
            [
              76.772837,
              9.017418
            ],
            [
              76.775442,
              9.019069
            ],
            [
              76.774187,
              9.020366
            ],
            [
              76.771187,
              9.017565
            ],
            [
              76.76889,
              9.017772
            ],
            [
              76.768828,
              9.020427
            ],
            [
              76.772187,
              9.020777
            ],
            [
              76.774326,
              9.022069
            ],
            [
              76.773577,
              9.022459
            ],
            [
              76.773187,
              9.024547
            ],
            [
              76.772732,
              9.022524
            ],
            [
              76.771695,
              9.022577
            ],
            [
              76.771359,
              9.024897
            ],
            [
              76.771894,
              9.025069
            ],
            [
              76.768498,
              9.026379
            ],
            [
              76.768187,
              9.028289
            ]
          ]
        ],
        "type": "Polygon"
      },
      "type": "Feature"
    },
    {
      "properties": {
        "fill-opacity": 0.33,
        "fillColor": "#bf4040",
        "opacity": 0.33,
        "fill": "#bf4040",
        "fillOpacity": 0.33,
        "color": "#bf4040",
        "contour": 5.0,
        "metric": "distance",
        "provider_name": "Pizza Hut",
        "zone_type": "distance",
        "distance_km": 5,
        "mode": "motorcycle",
        "center_lat": 8.999069116,
        "center_lon": 76.76818749,
        "label": "5km"
      },
      "geometry": {
        "coordinates": [
          [
            [
              76.766187,
              9.036235
            ],
            [
              76.765986,
              9.034069
            ],
            [
              76.765187,
              9.03332
            ],
            [
              76.7646,
              9.033482
            ],
            [
              76.764436,
              9.035069
            ],
            [
              76.762815,
              9.035069
            ],
            [
              76.764879,
              9.032069
            ],
            [
              76.762105,
              9.03115
            ],
            [
              76.762,
              9.030255
            ],
            [
              76.761185,
              9.030069
            ],
            [
              76.762293,
              9.029963
            ],
            [
              76.762466,
              9.03079
            ],
            [
              76.764634,
              9.030515
            ],
            [
              76.764635,
              9.029621
            ],
            [
              76.763002,
              9.029069
            ],
            [
              76.764626,
              9.028507
            ],
            [
              76.764623,
              9.027633
            ],
            [
              76.763043,
              9.027212
            ],
            [
              76.762187,
              9.02455
            ],
            [
              76.758187,
              9.024381
            ],
            [
              76.757075,
              9.025181
            ],
            [
              76.756434,
              9.024069
            ],
            [
              76.757727,
              9.022069
            ],
            [
              76.757187,
              9.021381
            ],
            [
              76.754187,
              9.021509
            ],
            [
              76.752793,
              9.022675
            ],
            [
              76.752523,
              9.024069
            ],
            [
              76.753187,
              9.024882
            ],
            [
              76.75396,
              9.024842
            ],
            [
              76.754187,
              9.024006
            ],
            [
              76.755014,
              9.024069
            ],
            [
              76.75431,
              9.024191
            ],
            [
              76.754259,
              9.025141
            ],
            [
              76.752655,
              9.025536
            ],
            [
              76.752938,
              9.027819
            ],
            [
              76.751351,
              9.027905
            ],
            [
              76.750868,
              9.026387
            ],
            [
              76.748589,
              9.026069
            ],
            [
              76.749824,
              9.025069
            ],
            [
              76.749597,
              9.024069
            ],
            [
              76.751622,
              9.023503
            ],
            [
              76.752718,
              9.021069
            ],
            [
              76.751187,
              9.020399
            ],
            [
              76.750026,
              9.02123
            ],
            [
              76.74965,
              9.019605
            ],
            [
              76.746571,
              9.019069
            ],
            [
              76.745745,
              9.01651
            ],
            [
              76.744173,
              9.016083
            ],
            [
              76.74568,
              9.015562
            ],
            [
              76.746807,
              9.014069
            ],
            [
              76.746562,
              9.012694
            ],
            [
              76.744782,
              9.012069
            ],
            [
              76.745583,
              9.010672
            ],
            [
              76.744187,
              9.010518
            ],
            [
              76.741187,
              9.008573
            ],
            [
              76.739815,
              9.008697
            ],
            [
              76.740403,
              9.010069
            ],
            [
              76.740187,
              9.012685
            ],
            [
              76.740036,
              9.01222
            ],
            [
              76.737638,
              9.01252
            ],
            [
              76.737187,
              9.014057
            ],
            [
              76.736187,
              9.014406
            ],
            [
              76.735187,
              9.013933
            ],
            [
              76.734743,
              9.011512
            ],
            [
              76.732473,
              9.011355
            ],
            [
              76.732187,
              9.012894
            ],
            [
              76.731214,
              9.012069
            ],
            [
              76.73101,
              9.011069
            ],
            [
              76.732792,
              9.010674
            ],
            [
              76.732943,
              9.010069
            ],
            [
              76.732931,
              9.009325
            ],
            [
              76.731738,
              9.009069
            ],
            [
              76.732956,
              9.008838
            ],
            [
              76.734015,
              9.006896
            ],
            [
              76.735767,
              9.006069
            ],
            [
              76.734187,
              9.004294
            ],
            [
              76.732375,
              9.004257
            ],
            [
              76.731822,
              9.005069
            ],
            [
              76.732187,
              9.003425
            ],
            [
              76.733187,
              9.003895
            ],
            [
              76.733945,
              9.003069
            ],
            [
              76.733187,
              9.002214
            ],
            [
              76.732187,
              9.002408
            ],
            [
              76.732047,
              9.001208
            ],
            [
              76.73139,
              9.001069
            ],
            [
              76.734383,
              9.000873
            ],
            [
              76.735187,
              9.001756
            ],
            [
              76.736757,
              9.001069
            ],
            [
              76.734862,
              9.000394
            ],
            [
              76.732943,
              8.998069
            ],
            [
              76.733187,
              8.997423
            ],
            [
              76.735187,
              8.998716
            ],
            [
              76.739626,
              8.998069
            ],
            [
              76.736187,
              8.997593
            ],
            [
              76.733556,
              8.9947
            ],
            [
              76.731945,
              8.994311
            ],
            [
              76.730885,
              8.993069
            ],
            [
              76.730824,
              8.990431
            ],
            [
              76.730118,
              8.99
            ],
            [
              76.731279,
              8.989976
            ],
            [
              76.731725,
              8.992531
            ],
            [
              76.734463,
              8.992793
            ],
            [
              76.734841,
              8.994415
            ],
            [
              76.739574,
              8.994069
            ],
            [
              76.738187,
              8.992393
            ],
            [
              76.736881,
              8.992069
            ],
            [
              76.737568,
              8.989688
            ],
            [
              76.732937,
              8.987319
            ],
            [
              76.732624,
              8.984632
            ],
            [
              76.729187,
              8.985392
            ],
            [
              76.728116,
              8.984069
            ],
            [
              76.730751,
              8.983633
            ],
            [
              76.73096,
              8.982295
            ],
            [
              76.729857,
              8.982069
            ],
            [
              76.730187,
              8.981354
            ],
            [
              76.732187,
              8.980947
            ],
            [
              76.732425,
              8.98183
            ],
            [
              76.734437,
              8.982069
            ],
            [
              76.735701,
              8.984069
            ],
            [
              76.736835,
              8.984421
            ],
            [
              76.737187,
              8.98654
            ],
            [
              76.738478,
              8.985069
            ],
            [
              76.737569,
              8.984069
            ],
            [
              76.739187,
              8.980609
            ],
            [
              76.740187,
              8.981141
            ],
            [
              76.740646,
              8.982609
            ],
            [
              76.741966,
              8.982847
            ],
            [
              76.742187,
              8.981957
            ],
            [
              76.744187,
              8.983047
            ],
            [
              76.746609,
              8.980069
            ],
            [
              76.746494,
              8.977761
            ],
            [
              76.744187,
              8.978643
            ],
            [
              76.74373,
              8.978069
            ],
            [
              76.743923,
              8.976805
            ],
            [
              76.745713,
              8.975069
            ],
            [
              76.745783,
              8.973069
            ],
            [
              76.744187,
              8.972255
            ],
            [
              76.743405,
              8.972286
            ],
            [
              76.743187,
              8.973137
            ],
            [
              76.743007,
              8.972249
            ],
            [
              76.742228,
              8.972069
            ],
            [
              76.74434,
              8.971221
            ],
            [
              76.745187,
              8.96762
            ],
            [
              76.745463,
              8.968793
            ],
            [
              76.747187,
              8.96986
            ],
            [
              76.748187,
              8.968966
            ],
            [
              76.749214,
              8.969069
            ],
            [
              76.749036,
              8.970069
            ],
            [
              76.746691,
              8.970573
            ],
            [
              76.746628,
              8.974069
            ],
            [
              76.747187,
              8.974603
            ],
            [
              76.748187,
              8.9737
            ],
            [
              76.749556,
              8.974069
            ],
            [
              76.746685,
              8.976069
            ],
            [
              76.747902,
              8.978354
            ],
            [
              76.749659,
              8.978541
            ],
            [
              76.749844,
              8.977725
            ],
            [
              76.751549,
              8.977431
            ],
            [
              76.752738,
              8.976069
            ],
            [
              76.750969,
              8.975287
            ],
            [
              76.749979,
              8.972861
            ],
            [
              76.751776,
              8.972657
            ],
            [
              76.751761,
              8.971069
            ],
            [
              76.752217,
              8.971038
            ],
            [
              76.753187,
              8.971932
            ],
            [
              76.756562,
              8.971444
            ],
            [
              76.756617,
              8.969638
            ],
            [
              76.753187,
              8.969203
            ],
            [
              76.752459,
              8.968069
            ],
            [
              76.754187,
              8.967942
            ],
            [
              76.754596,
              8.96866
            ],
            [
              76.755656,
              8.968538
            ],
            [
              76.756187,
              8.965976
            ],
            [
              76.757732,
              8.966069
            ],
            [
              76.756399,
              8.966281
            ],
            [
              76.756475,
              8.968069
            ],
            [
              76.758187,
              8.970678
            ],
            [
              76.761913,
              8.968794
            ],
            [
              76.762187,
              8.967196
            ],
            [
              76.762318,
              8.969069
            ],
            [
              76.761336,
              8.970217
            ],
            [
              76.757809,
              8.97169
            ],
            [
              76.757907,
              8.976349
            ],
            [
              76.759656,
              8.975069
            ],
            [
              76.759878,
              8.972759
            ],
            [
              76.761187,
              8.973585
            ],
            [
              76.764639,
              8.971521
            ],
            [
              76.765081,
              8.969069
            ],
            [
              76.766187,
              8.968241
            ],
            [
              76.766403,
              8.971284
            ],
            [
              76.764531,
              8.973413
            ],
            [
              76.762819,
              8.9737
            ],
            [
              76.760873,
              8.975754
            ],
            [
              76.760929,
              8.977327
            ],
            [
              76.7625,
              8.977382
            ],
            [
              76.763187,
              8.976478
            ],
            [
              76.764187,
              8.977709
            ],
            [
              76.765578,
              8.97746
            ],
            [
              76.765833,
              8.976069
            ],
            [
              76.764911,
              8.975069
            ],
            [
              76.764933,
              8.973815
            ],
            [
              76.766187,
              8.973795
            ],
            [
              76.766625,
              8.974631
            ],
            [
              76.768203,
              8.975069
            ],
            [
              76.766541,
              8.976069
            ],
            [
              76.76782,
              8.977436
            ],
            [
              76.769681,
              8.977574
            ],
            [
              76.770187,
              8.978496
            ],
            [
              76.770656,
              8.978069
            ],
            [
              76.769682,
              8.977069
            ],
            [
              76.770187,
              8.976564
            ],
            [
              76.773187,
              8.977494
            ],
            [
              76.7746,
              8.975655
            ],
            [
              76.771689,
              8.975069
            ],
            [
              76.773494,
              8.974375
            ],
            [
              76.773823,
              8.972704
            ],
            [
              76.775662,
              8.972069
            ],
            [
              76.77553,
              8.970725
            ],
            [
              76.773805,
              8.97045
            ],
            [
              76.772931,
              8.969069
            ],
            [
              76.773187,
              8.967821
            ],
            [
              76.774716,
              8.967597
            ],
            [
              76.774812,
              8.966444
            ],
            [
              76.773614,
              8.965069
            ],
            [
              76.774544,
              8.963069
            ],
            [
              76.776187,
              8.961843
            ],
            [
              76.77713,
              8.962126
            ],
            [
              76.77644,
              8.963322
            ],
            [
              76.776688,
              8.964568
            ],
            [
              76.780323,
              8.964933
            ],
            [
              76.77869,
              8.965571
            ],
            [
              76.77874,
              8.966516
            ],
            [
              76.783145,
              8.967069
            ],
            [
              76.780697,
              8.967579
            ],
            [
              76.78082,
              8.970435
            ],
            [
              76.782623,
              8.970504
            ],
            [
              76.782738,
              8.969518
            ],
            [
              76.782011,
              8.969069
            ],
            [
              76.782843,
              8.968724
            ],
            [
              76.783187,
              8.967128
            ],
            [
              76.783364,
              8.967891
            ],
            [
              76.784401,
              8.968069
            ],
            [
              76.783408,
              8.968289
            ],
            [
              76.783381,
              8.969069
            ],
            [
              76.785292,
              8.970964
            ],
            [
              76.785291,
              8.971965
            ],
            [
              76.786375,
              8.972069
            ],
            [
              76.785187,
              8.972407
            ],
            [
              76.784893,
              8.971363
            ],
            [
              76.784187,
              8.971264
            ],
            [
              76.780685,
              8.972069
            ],
            [
              76.784454,
              8.974802
            ],
            [
              76.784859,
              8.977396
            ],
            [
              76.787855,
              8.976069
            ],
            [
              76.787781,
              8.975475
            ],
            [
              76.786178,
              8.97506
            ],
            [
              76.789489,
              8.974766
            ],
            [
              76.791466,
              8.975789
            ],
            [
              76.79179,
              8.977466
            ],
            [
              76.792613,
              8.977495
            ],
            [
              76.792737,
              8.975519
            ],
            [
              76.791154,
              8.974069
            ],
            [
              76.792187,
              8.973638
            ],
            [
              76.793259,
              8.97414
            ],
            [
              76.794187,
              8.973233
            ],
            [
              76.795211,
              8.974093
            ],
            [
              76.79502,
              8.975069
            ],
            [
              76.793582,
              8.975463
            ],
            [
              76.79372,
              8.976536
            ],
            [
              76.795187,
              8.977863
            ],
            [
              76.797487,
              8.978069
            ],
            [
              76.794187,
              8.978354
            ],
            [
              76.793187,
              8.979368
            ],
            [
              76.792187,
              8.97847
            ],
            [
              76.790848,
              8.979729
            ],
            [
              76.790882,
              8.981374
            ],
            [
              76.794187,
              8.981618
            ],
            [
              76.795187,
              8.980683
            ],
            [
              76.797675,
              8.980557
            ],
            [
              76.798187,
              8.978499
            ],
            [
              76.799141,
              8.978023
            ],
            [
              76.799887,
              8.979069
            ],
            [
              76.79843,
              8.979312
            ],
            [
              76.798315,
              8.981196
            ],
            [
              76.797187,
              8.982382
            ],
            [
              76.795766,
              8.982647
            ],
            [
              76.795639,
              8.984069
            ],
            [
              76.796482,
              8.985364
            ],
            [
              76.792187,
              8.985588
            ],
            [
              76.791498,
              8.984758
            ],
            [
              76.790187,
              8.984643
            ],
            [
              76.788757,
              8.987069
            ],
            [
              76.788533,
              8.988069
            ],
            [
              76.789454,
              8.988801
            ],
            [
              76.789598,
              8.990069
            ],
            [
              76.787702,
              8.991069
            ],
            [
              76.790187,
              8.99267
            ],
            [
              76.791562,
              8.992444
            ],
            [
              76.790903,
              8.990069
            ],
            [
              76.793187,
              8.98796
            ],
            [
              76.794252,
              8.988134
            ],
            [
              76.794116,
              8.989069
            ],
            [
              76.792484,
              8.990069
            ],
            [
              76.793187,
              8.99266
            ],
            [
              76.794187,
              8.991718
            ],
            [
              76.795723,
              8.991605
            ],
            [
              76.796187,
              8.990014
            ],
            [
              76.796584,
              8.990672
            ],
            [
              76.79905,
              8.991069
            ],
            [
              76.798277,
              8.991159
            ],
            [
              76.798187,
              8.993843
            ],
            [
              76.798062,
              8.993193
            ],
            [
              76.796187,
              8.992913
            ],
            [
              76.794977,
              8.993859
            ],
            [
              76.795187,
              8.99545
            ],
            [
              76.792987,
              8.995269
            ],
            [
              76.792582,
              8.993673
            ],
            [
              76.791831,
              8.993712
            ],
            [
              76.791693,
              8.995069
            ],
            [
              76.790674,
              8.996069
            ],
            [
              76.792462,
              8.996794
            ],
            [
              76.792757,
              8.998069
            ],
            [
              76.791592,
              8.999473
            ],
            [
              76.789943,
              8.999825
            ],
            [
              76.78996,
              9.001295
            ],
            [
              76.791187,
              9.000484
            ],
            [
              76.793479,
              9.00036
            ],
            [
              76.794187,
              8.999539
            ],
            [
              76.795187,
              9.001482
            ],
            [
              76.796489,
              9.00137
            ],
            [
              76.797187,
              8.999932
            ],
            [
              76.798187,
              9.001768
            ],
            [
              76.799583,
              9.001465
            ],
            [
              76.799674,
              8.999581
            ],
            [
              76.798064,
              8.999192
            ],
            [
              76.798,
              8.998256
            ],
            [
              76.797169,
              8.998069
            ],
            [
              76.799304,
              8.996952
            ],
            [
              76.800187,
              8.997257
            ],
            [
              76.800587,
              8.998668
            ],
            [
              76.801885,
              8.999069
            ],
            [
              76.800648,
              8.99953
            ],
            [
              76.800548,
              9.001069
            ],
            [
              76.802187,
              9.001729
            ],
            [
              76.802943,
              9.001069
            ],
            [
              76.803007,
              8.999249
            ],
            [
              76.80247,
              8.999069
            ],
            [
              76.803187,
              8.998115
            ],
            [
              76.803943,
              8.999069
            ],
            [
              76.803702,
              9.001554
            ],
            [
              76.807187,
              9.002485
            ],
            [
              76.805187,
              9.002271
            ],
            [
              76.804302,
              9.004183
            ],
            [
              76.803187,
              9.003406
            ],
            [
              76.802794,
              9.004462
            ],
            [
              76.806187,
              9.006901
            ],
            [
              76.808187,
              9.007069
            ],
            [
              76.807616,
              9.008069
            ],
            [
              76.805993,
              9.008262
            ],
            [
              76.804674,
              9.006582
            ],
            [
              76.801187,
              9.005501
            ],
            [
              76.798692,
              9.008069
            ],
            [
              76.7986,
              9.011069
            ],
            [
              76.79684,
              9.011721
            ],
            [
              76.796187,
              9.014758
            ],
            [
              76.795549,
              9.012707
            ],
            [
              76.792883,
              9.012764
            ],
            [
              76.792543,
              9.014425
            ],
            [
              76.788692,
              9.017573
            ],
            [
              76.788855,
              9.018401
            ],
            [
              76.792187,
              9.018707
            ],
            [
              76.794187,
              9.016913
            ],
            [
              76.796157,
              9.017069
            ],
            [
              76.79454,
              9.017421
            ],
            [
              76.793187,
              9.019382
            ],
            [
              76.789642,
              9.020069
            ],
            [
              76.791359,
              9.020897
            ],
            [
              76.79271,
              9.023069
            ],
            [
              76.79099,
              9.023266
            ],
            [
              76.790187,
              9.022357
            ],
            [
              76.788561,
              9.023069
            ],
            [
              76.790422,
              9.023833
            ],
            [
              76.790576,
              9.02468
            ],
            [
              76.792705,
              9.025069
            ],
            [
              76.791879,
              9.026069
            ],
            [
              76.789187,
              9.025477
            ],
            [
              76.788187,
              9.026498
            ],
            [
              76.78704,
              9.026216
            ],
            [
              76.787823,
              9.024069
            ],
            [
              76.787187,
              9.023491
            ],
            [
              76.785843,
              9.023725
            ],
            [
              76.784583,
              9.026069
            ],
            [
              76.786524,
              9.030069
            ],
            [
              76.785187,
              9.030702
            ],
            [
              76.784876,
              9.02938
            ],
            [
              76.784187,
              9.029316
            ],
            [
              76.781966,
              9.031069
            ],
            [
              76.781633,
              9.030069
            ],
            [
              76.782882,
              9.029764
            ],
            [
              76.782729,
              9.028527
            ],
            [
              76.780316,
              9.028069
            ],
            [
              76.779793,
              9.026463
            ],
            [
              76.780121,
              9.023069
            ],
            [
              76.781187,
              9.023039
            ],
            [
              76.781981,
              9.022069
            ],
            [
              76.781841,
              9.021415
            ],
            [
              76.780474,
              9.021069
            ],
            [
              76.782187,
              9.02088
            ],
            [
              76.783187,
              9.021797
            ],
            [
              76.783495,
              9.019761
            ],
            [
              76.780742,
              9.019623
            ],
            [
              76.779985,
              9.020867
            ],
            [
              76.779187,
              9.020826
            ],
            [
              76.77851,
              9.020069
            ],
            [
              76.778529,
              9.017727
            ],
            [
              76.776187,
              9.0177
            ],
            [
              76.774187,
              9.015744
            ],
            [
              76.772991,
              9.015873
            ],
            [
              76.772958,
              9.017298
            ],
            [
              76.77576,
              9.019069
            ],
            [
              76.774187,
              9.020656
            ],
            [
              76.77141,
              9.017846
            ],
            [
              76.768982,
              9.017863
            ],
            [
              76.768954,
              9.020302
            ],
            [
              76.772187,
              9.020483
            ],
            [
              76.774545,
              9.02171
            ],
            [
              76.773731,
              9.023069
            ],
            [
              76.774187,
              9.024661
            ],
            [
              76.776187,
              9.024749
            ],
            [
              76.777489,
              9.023767
            ],
            [
              76.778735,
              9.024069
            ],
            [
              76.775719,
              9.025601
            ],
            [
              76.775187,
              9.028347
            ],
            [
              76.773187,
              9.028435
            ],
            [
              76.771521,
              9.025735
            ],
            [
              76.769894,
              9.025776
            ],
            [
              76.768721,
              9.027069
            ],
            [
              76.768835,
              9.028421
            ],
            [
              76.770429,
              9.029827
            ],
            [
              76.770724,
              9.031532
            ],
            [
              76.773187,
              9.031242
            ],
            [
              76.773204,
              9.034069
            ],
            [
              76.773096,
              9.03316
            ],
            [
              76.77058,
              9.033462
            ],
            [
              76.770114,
              9.035141
            ],
            [
              76.769628,
              9.031628
            ],
            [
              76.767187,
              9.031387
            ],
            [
              76.766494,
              9.032069
            ],
            [
              76.766573,
              9.033683
            ],
            [
              76.768029,
              9.034069
            ],
            [
              76.766187,
              9.036235
            ]
          ]
        ],
        "type": "Polygon"
      },
      "type": "Feature"
    },
    {
      "properties": {
        "fill-opacity": 0.33,
        "fillColor": "#bf4040",
        "opacity": 0.33,
        "fill": "#bf4040",
        "fillOpacity": 0.33,
        "color": "#bf4040",
        "contour": 6.0,
        "metric": "distance",
        "provider_name": "Pizza Hut",
        "zone_type": "distance",
        "distance_km": 6,
        "mode": "motorcycle",
        "center_lat": 8.999069116,
        "center_lon": 76.76818749,
        "label": "6km"
      },
      "geometry": {
        "coordinates": [
          [
            [
              76.759187,
              9.041559
            ],
            [
              76.757187,
              9.041683
            ],
            [
              76.756721,
              9.039069
            ],
            [
              76.758187,
              9.038154
            ],
            [
              76.759643,
              9.038525
            ],
            [
              76.759935,
              9.036817
            ],
            [
              76.764458,
              9.031798
            ],
            [
              76.762187,
              9.031601
            ],
            [
              76.761187,
              9.030569
            ],
            [
              76.758791,
              9.030673
            ],
            [
              76.756401,
              9.033069
            ],
            [
              76.757212,
              9.034069
            ],
            [
              76.757187,
              9.035003
            ],
            [
              76.757133,
              9.034123
            ],
            [
              76.756187,
              9.034187
            ],
            [
              76.755187,
              9.033238
            ],
            [
              76.754279,
              9.033161
            ],
            [
              76.754034,
              9.034069
            ],
            [
              76.753908,
              9.032069
            ],
            [
              76.753187,
              9.031347
            ],
            [
              76.7513,
              9.031181
            ],
            [
              76.751187,
              9.03236
            ],
            [
              76.751072,
              9.031183
            ],
            [
              76.749187,
              9.030391
            ],
            [
              76.748187,
              9.031339
            ],
            [
              76.746187,
              9.029409
            ],
            [
              76.744187,
              9.032295
            ],
            [
              76.743768,
              9.029488
            ],
            [
              76.742392,
              9.029274
            ],
            [
              76.742204,
              9.030086
            ],
            [
              76.74129,
              9.030069
            ],
            [
              76.742134,
              9.030015
            ],
            [
              76.742187,
              9.028402
            ],
            [
              76.743752,
              9.028634
            ],
            [
              76.744187,
              9.025869
            ],
            [
              76.744383,
              9.028069
            ],
            [
              76.745619,
              9.0285
            ],
            [
              76.745394,
              9.025069
            ],
            [
              76.747593,
              9.023475
            ],
            [
              76.747968,
              9.02185
            ],
            [
              76.748792,
              9.023464
            ],
            [
              76.751187,
              9.023472
            ],
            [
              76.752534,
              9.021069
            ],
            [
              76.751187,
              9.020668
            ],
            [
              76.750187,
              9.021638
            ],
            [
              76.749187,
              9.019652
            ],
            [
              76.745187,
              9.019492
            ],
            [
              76.744528,
              9.020069
            ],
            [
              76.744412,
              9.022294
            ],
            [
              76.743015,
              9.022241
            ],
            [
              76.742125,
              9.02213
            ],
            [
              76.742152,
              9.021104
            ],
            [
              76.740124,
              9.021069
            ],
            [
              76.738673,
              9.020069
            ],
            [
              76.739273,
              9.018155
            ],
            [
              76.740195,
              9.01806
            ],
            [
              76.742187,
              9.019777
            ],
            [
              76.742942,
              9.017824
            ],
            [
              76.74551,
              9.017392
            ],
            [
              76.74548,
              9.016775
            ],
            [
              76.743682,
              9.016069
            ],
            [
              76.746566,
              9.014069
            ],
            [
              76.746427,
              9.012829
            ],
            [
              76.74456,
              9.012069
            ],
            [
              76.745436,
              9.01082
            ],
            [
              76.744187,
              9.010713
            ],
            [
              76.741187,
              9.008737
            ],
            [
              76.739948,
              9.00883
            ],
            [
              76.740748,
              9.010069
            ],
            [
              76.740828,
              9.013428
            ],
            [
              76.743414,
              9.013841
            ],
            [
              76.743587,
              9.015469
            ],
            [
              76.740187,
              9.015471
            ],
            [
              76.739187,
              9.014478
            ],
            [
              76.73849,
              9.015371
            ],
            [
              76.737187,
              9.015539
            ],
            [
              76.736187,
              9.014582
            ],
            [
              76.734564,
              9.017069
            ],
            [
              76.735613,
              9.018069
            ],
            [
              76.731559,
              9.020069
            ],
            [
              76.730187,
              9.020023
            ],
            [
              76.73005,
              9.019069
            ],
            [
              76.732951,
              9.015832
            ],
            [
              76.734563,
              9.015445
            ],
            [
              76.734479,
              9.011777
            ],
            [
              76.73288,
              9.011762
            ],
            [
              76.732187,
              9.013563
            ],
            [
              76.727736,
              9.013618
            ],
            [
              76.727421,
              9.014834
            ],
            [
              76.728147,
              9.015069
            ],
            [
              76.724187,
              9.01609
            ],
            [
              76.724187,
              9.014944
            ],
            [
              76.7258,
              9.014682
            ],
            [
              76.727594,
              9.012475
            ],
            [
              76.729187,
              9.008275
            ],
            [
              76.729363,
              9.008893
            ],
            [
              76.732187,
              9.008557
            ],
            [
              76.733804,
              9.006686
            ],
            [
              76.735554,
              9.006069
            ],
            [
              76.734187,
              9.004632
            ],
            [
              76.730187,
              9.006506
            ],
            [
              76.729187,
              9.005488
            ],
            [
              76.728187,
              9.006839
            ],
            [
              76.726703,
              9.006585
            ],
            [
              76.726259,
              9.00814
            ],
            [
              76.725187,
              9.008363
            ],
            [
              76.725176,
              9.008058
            ],
            [
              76.725952,
              9.007833
            ],
            [
              76.725727,
              9.006529
            ],
            [
              76.723218,
              9.006069
            ],
            [
              76.727187,
              9.005733
            ],
            [
              76.729564,
              9.004446
            ],
            [
              76.729896,
              9.002778
            ],
            [
              76.73168,
              9.002069
            ],
            [
              76.729187,
              9.000462
            ],
            [
              76.726187,
              9.00029
            ],
            [
              76.725498,
              9.00038
            ],
            [
              76.725187,
              9.002168
            ],
            [
              76.725012,
              8.999244
            ],
            [
              76.72362,
              8.999069
            ],
            [
              76.725187,
              8.998986
            ],
            [
              76.726187,
              8.999847
            ],
            [
              76.727643,
              8.999525
            ],
            [
              76.728903,
              8.998069
            ],
            [
              76.727316,
              8.997198
            ],
            [
              76.727187,
              8.998079
            ],
            [
              76.72679,
              8.997069
            ],
            [
              76.72946,
              8.996342
            ],
            [
              76.729187,
              8.99429
            ],
            [
              76.730187,
              8.994318
            ],
            [
              76.731796,
              8.99646
            ],
            [
              76.73351,
              8.996745
            ],
            [
              76.735187,
              8.998462
            ],
            [
              76.739492,
              8.998069
            ],
            [
              76.735735,
              8.99752
            ],
            [
              76.733425,
              8.994831
            ],
            [
              76.730743,
              8.993512
            ],
            [
              76.730187,
              8.991267
            ],
            [
              76.729451,
              8.991333
            ],
            [
              76.729187,
              8.993106
            ],
            [
              76.728972,
              8.991283
            ],
            [
              76.728187,
              8.990983
            ],
            [
              76.729187,
              8.990946
            ],
            [
              76.729668,
              8.990069
            ],
            [
              76.728906,
              8.98935
            ],
            [
              76.728187,
              8.985556
            ],
            [
              76.727402,
              8.988284
            ],
            [
              76.725693,
              8.988574
            ],
            [
              76.725187,
              8.989513
            ],
            [
              76.723187,
              8.989354
            ],
            [
              76.723179,
              8.98906
            ],
            [
              76.723906,
              8.988788
            ],
            [
              76.723973,
              8.988069
            ],
            [
              76.723187,
              8.987304
            ],
            [
              76.721187,
              8.988799
            ],
            [
              76.72097,
              8.988069
            ],
            [
              76.721948,
              8.98783
            ],
            [
              76.722041,
              8.987069
            ],
            [
              76.720983,
              8.986069
            ],
            [
              76.721135,
              8.985017
            ],
            [
              76.723187,
              8.984906
            ],
            [
              76.724187,
              8.985739
            ],
            [
              76.724785,
              8.984069
            ],
            [
              76.723187,
              8.982317
            ],
            [
              76.721325,
              8.982206
            ],
            [
              76.721187,
              8.982711
            ],
            [
              76.721036,
              8.98122
            ],
            [
              76.72031,
              8.981069
            ],
            [
              76.724187,
              8.977421
            ],
            [
              76.726229,
              8.978027
            ],
            [
              76.725346,
              8.978228
            ],
            [
              76.726187,
              8.97974
            ],
            [
              76.729568,
              8.979449
            ],
            [
              76.729865,
              8.97639
            ],
            [
              76.728536,
              8.976069
            ],
            [
              76.728822,
              8.975069
            ],
            [
              76.730187,
              8.974694
            ],
            [
              76.730542,
              8.979069
            ],
            [
              76.731187,
              8.979713
            ],
            [
              76.732993,
              8.977875
            ],
            [
              76.736021,
              8.977902
            ],
            [
              76.736187,
              8.977191
            ],
            [
              76.736341,
              8.977914
            ],
            [
              76.737309,
              8.978069
            ],
            [
              76.7364,
              8.978282
            ],
            [
              76.736734,
              8.979521
            ],
            [
              76.737585,
              8.979466
            ],
            [
              76.738187,
              8.978211
            ],
            [
              76.741187,
              8.980603
            ],
            [
              76.742552,
              8.980434
            ],
            [
              76.741829,
              8.977427
            ],
            [
              76.740738,
              8.977069
            ],
            [
              76.744433,
              8.976314
            ],
            [
              76.745532,
              8.975069
            ],
            [
              76.74556,
              8.973069
            ],
            [
              76.743873,
              8.972754
            ],
            [
              76.743497,
              8.974379
            ],
            [
              76.742187,
              8.97585
            ],
            [
              76.741766,
              8.97549
            ],
            [
              76.741747,
              8.974069
            ],
            [
              76.742685,
              8.973069
            ],
            [
              76.741534,
              8.971721
            ],
            [
              76.739903,
              8.971352
            ],
            [
              76.740008,
              8.968069
            ],
            [
              76.743265,
              8.967991
            ],
            [
              76.740584,
              8.970069
            ],
            [
              76.743506,
              8.971388
            ],
            [
              76.744641,
              8.969069
            ],
            [
              76.744739,
              8.966069
            ],
            [
              76.745774,
              8.965069
            ],
            [
              76.744838,
              8.964069
            ],
            [
              76.744859,
              8.962069
            ],
            [
              76.746187,
              8.960663
            ],
            [
              76.748042,
              8.961069
            ],
            [
              76.746556,
              8.961438
            ],
            [
              76.745499,
              8.963069
            ],
            [
              76.7466,
              8.965069
            ],
            [
              76.745702,
              8.968069
            ],
            [
              76.747187,
              8.96951
            ],
            [
              76.748187,
              8.968542
            ],
            [
              76.750725,
              8.968069
            ],
            [
              76.750731,
              8.965069
            ],
            [
              76.749919,
              8.963801
            ],
            [
              76.751433,
              8.963823
            ],
            [
              76.751816,
              8.96644
            ],
            [
              76.755462,
              8.968344
            ],
            [
              76.755837,
              8.965719
            ],
            [
              76.757711,
              8.965069
            ],
            [
              76.757782,
              8.961663
            ],
            [
              76.758187,
              8.961097
            ],
            [
              76.759846,
              8.960728
            ],
            [
              76.760154,
              8.960036
            ],
            [
              76.761187,
              8.959758
            ],
            [
              76.761091,
              8.960165
            ],
            [
              76.760283,
              8.960165
            ],
            [
              76.760357,
              8.961069
            ],
            [
              76.762507,
              8.962749
            ],
            [
              76.763621,
              8.966069
            ],
            [
              76.762684,
              8.967069
            ],
            [
              76.762722,
              8.969069
            ],
            [
              76.761562,
              8.970444
            ],
            [
              76.757946,
              8.971827
            ],
            [
              76.757875,
              8.975069
            ],
            [
              76.759394,
              8.975276
            ],
            [
              76.759753,
              8.972635
            ],
            [
              76.761187,
              8.973409
            ],
            [
              76.764456,
              8.971338
            ],
            [
              76.765872,
              8.965754
            ],
            [
              76.767622,
              8.966634
            ],
            [
              76.768187,
              8.967764
            ],
            [
              76.770632,
              8.967514
            ],
            [
              76.770716,
              8.96554
            ],
            [
              76.768744,
              8.965069
            ],
            [
              76.770669,
              8.964551
            ],
            [
              76.770627,
              8.963629
            ],
            [
              76.768822,
              8.961434
            ],
            [
              76.76678,
              8.961069
            ],
            [
              76.769383,
              8.960873
            ],
            [
              76.771187,
              8.961753
            ],
            [
              76.773564,
              8.960446
            ],
            [
              76.773599,
              8.959656
            ],
            [
              76.772187,
              8.958934
            ],
            [
              76.770576,
              8.959069
            ],
            [
              76.771954,
              8.957069
            ],
            [
              76.771329,
              8.954211
            ],
            [
              76.774946,
              8.956069
            ],
            [
              76.773522,
              8.958069
            ],
            [
              76.775187,
              8.959697
            ],
            [
              76.777187,
              8.95875
            ],
            [
              76.780689,
              8.958571
            ],
            [
              76.780637,
              8.956519
            ],
            [
              76.782187,
              8.956561
            ],
            [
              76.782614,
              8.957069
            ],
            [
              76.781936,
              8.959069
            ],
            [
              76.78369,
              8.962566
            ],
            [
              76.785645,
              8.962527
            ],
            [
              76.787187,
              8.960957
            ],
            [
              76.789187,
              8.960983
            ],
            [
              76.789187,
              8.961142
            ],
            [
              76.788307,
              8.962069
            ],
            [
              76.789187,
              8.962811
            ],
            [
              76.788818,
              8.965069
            ],
            [
              76.789318,
              8.965938
            ],
            [
              76.790666,
              8.966069
            ],
            [
              76.791497,
              8.967759
            ],
            [
              76.792917,
              8.967799
            ],
            [
              76.793118,
              8.967
            ],
            [
              76.794219,
              8.967069
            ],
            [
              76.793379,
              8.967261
            ],
            [
              76.793483,
              8.969069
            ],
            [
              76.794543,
              8.970069
            ],
            [
              76.793811,
              8.971445
            ],
            [
              76.796685,
              8.970566
            ],
            [
              76.797297,
              8.968959
            ],
            [
              76.798345,
              8.96991
            ],
            [
              76.797617,
              8.970499
            ],
            [
              76.797707,
              8.971549
            ],
            [
              76.801251,
              8.972069
            ],
            [
              76.800385,
              8.973069
            ],
            [
              76.801348,
              8.974069
            ],
            [
              76.801469,
              8.977069
            ],
            [
              76.79969,
              8.978069
            ],
            [
              76.801187,
              8.978619
            ],
            [
              76.801591,
              8.980069
            ],
            [
              76.798878,
              8.979759
            ],
            [
              76.798662,
              8.981543
            ],
            [
              76.796151,
              8.983033
            ],
            [
              76.796229,
              8.984069
            ],
            [
              76.798187,
              8.985792
            ],
            [
              76.800385,
              8.985267
            ],
            [
              76.801187,
              8.984159
            ],
            [
              76.801379,
              8.984877
            ],
            [
              76.804187,
              8.984186
            ],
            [
              76.804187,
              8.9854
            ],
            [
              76.802592,
              8.985474
            ],
            [
              76.801529,
              8.987069
            ],
            [
              76.803576,
              8.991069
            ],
            [
              76.802187,
              8.990987
            ],
            [
              76.801667,
              8.988588
            ],
            [
              76.800617,
              8.989069
            ],
            [
              76.800814,
              8.991442
            ],
            [
              76.802751,
              8.993504
            ],
            [
              76.803749,
              8.99363
            ],
            [
              76.804187,
              8.991639
            ],
            [
              76.804368,
              8.992887
            ],
            [
              76.805321,
              8.993069
            ],
            [
              76.805648,
              8.999069
            ],
            [
              76.803756,
              9.001069
            ],
            [
              76.807187,
              9.001566
            ],
            [
              76.808187,
              9.002596
            ],
            [
              76.809007,
              9.002069
            ],
            [
              76.809187,
              9.000148
            ],
            [
              76.809367,
              9.002069
            ],
            [
              76.811187,
              9.003106
            ],
            [
              76.810746,
              9.00551
            ],
            [
              76.812765,
              9.005647
            ],
            [
              76.813187,
              9.003783
            ],
            [
              76.813467,
              9.004789
            ],
            [
              76.815198,
              9.005069
            ],
            [
              76.813519,
              9.0054
            ],
            [
              76.813187,
              9.006271
            ],
            [
              76.810187,
              9.006439
            ],
            [
              76.809822,
              9.007434
            ],
            [
              76.811187,
              9.008697
            ],
            [
              76.814366,
              9.00889
            ],
            [
              76.816404,
              9.010069
            ],
            [
              76.814187,
              9.010215
            ],
            [
              76.811605,
              9.011487
            ],
            [
              76.811384,
              9.013871
            ],
            [
              76.811995,
              9.014069
            ],
            [
              76.811187,
              9.014744
            ],
            [
              76.810404,
              9.014069
            ],
            [
              76.81099,
              9.013872
            ],
            [
              76.810738,
              9.012518
            ],
            [
              76.808363,
              9.012245
            ],
            [
              76.808224,
              9.013106
            ],
            [
              76.807641,
              9.013069
            ],
            [
              76.807732,
              9.012069
            ],
            [
              76.809187,
              9.011888
            ],
            [
              76.809828,
              9.011069
            ],
            [
              76.807187,
              9.008578
            ],
            [
              76.805415,
              9.011069
            ],
            [
              76.805501,
              9.011755
            ],
            [
              76.806612,
              9.012069
            ],
            [
              76.80497,
              9.012286
            ],
            [
              76.804604,
              9.009652
            ],
            [
              76.803187,
              9.008484
            ],
            [
              76.800857,
              9.008069
            ],
            [
              76.804187,
              9.007619
            ],
            [
              76.804468,
              9.006787
            ],
            [
              76.800947,
              9.005829
            ],
            [
              76.798856,
              9.008069
            ],
            [
              76.798599,
              9.01148
            ],
            [
              76.796837,
              9.012069
            ],
            [
              76.796609,
              9.015069
            ],
            [
              76.800415,
              9.015841
            ],
            [
              76.801349,
              9.018069
            ],
            [
              76.801187,
              9.019993
            ],
            [
              76.800874,
              9.018382
            ],
            [
              76.800187,
              9.018389
            ],
            [
              76.797187,
              9.018517
            ],
            [
              76.79558,
              9.020069
            ],
            [
              76.796187,
              9.020842
            ],
            [
              76.800278,
              9.022069
            ],
            [
              76.798432,
              9.022313
            ],
            [
              76.798379,
              9.023069
            ],
            [
              76.798549,
              9.023707
            ],
            [
              76.800407,
              9.024069
            ],
            [
              76.799383,
              9.025069
            ],
            [
              76.795326,
              9.025207
            ],
            [
              76.795187,
              9.026533
            ],
            [
              76.794799,
              9.025457
            ],
            [
              76.794187,
              9.025519
            ],
            [
              76.792187,
              9.027516
            ],
            [
              76.789187,
              9.027397
            ],
            [
              76.78669,
              9.029069
            ],
            [
              76.789749,
              9.032506
            ],
            [
              76.793187,
              9.03295
            ],
            [
              76.793334,
              9.033922
            ],
            [
              76.794362,
              9.034069
            ],
            [
              76.792484,
              9.034366
            ],
            [
              76.792187,
              9.035917
            ],
            [
              76.791877,
              9.034379
            ],
            [
              76.791187,
              9.03419
            ],
            [
              76.790187,
              9.035252
            ],
            [
              76.789187,
              9.034281
            ],
            [
              76.788187,
              9.03515
            ],
            [
              76.788052,
              9.034069
            ],
            [
              76.788852,
              9.033069
            ],
            [
              76.787187,
              9.031535
            ],
            [
              76.785767,
              9.032649
            ],
            [
              76.785384,
              9.034265
            ],
            [
              76.783495,
              9.034377
            ],
            [
              76.783187,
              9.035946
            ],
            [
              76.781423,
              9.035305
            ],
            [
              76.781187,
              9.03646
            ],
            [
              76.780997,
              9.035259
            ],
            [
              76.779169,
              9.035069
            ],
            [
              76.780087,
              9.034969
            ],
            [
              76.780942,
              9.033069
            ],
            [
              76.779187,
              9.032465
            ],
            [
              76.776548,
              9.034429
            ],
            [
              76.776187,
              9.036795
            ],
            [
              76.775906,
              9.03435
            ],
            [
              76.775187,
              9.033796
            ],
            [
              76.776187,
              9.033905
            ],
            [
              76.776882,
              9.033069
            ],
            [
              76.776187,
              9.032264
            ],
            [
              76.775187,
              9.032736
            ],
            [
              76.775073,
              9.032069
            ],
            [
              76.775162,
              9.030069
            ],
            [
              76.775986,
              9.029069
            ],
            [
              76.772779,
              9.028477
            ],
            [
              76.772423,
              9.026833
            ],
            [
              76.770187,
              9.025758
            ],
            [
              76.768869,
              9.027069
            ],
            [
              76.768841,
              9.029069
            ],
            [
              76.770594,
              9.029662
            ],
            [
              76.771187,
              9.031495
            ],
            [
              76.773497,
              9.029759
            ],
            [
              76.773575,
              9.034457
            ],
            [
              76.772187,
              9.033604
            ],
            [
              76.770723,
              9.034069
            ],
            [
              76.771813,
              9.036443
            ],
            [
              76.773774,
              9.037069
            ],
            [
              76.771187,
              9.038462
            ],
            [
              76.769187,
              9.036484
            ],
            [
              76.766841,
              9.036723
            ],
            [
              76.768187,
              9.040304
            ],
            [
              76.767016,
              9.04024
            ],
            [
              76.766593,
              9.038663
            ],
            [
              76.765187,
              9.037529
            ],
            [
              76.761187,
              9.037488
            ],
            [
              76.760542,
              9.038069
            ],
            [
              76.761451,
              9.039069
            ],
            [
              76.759187,
              9.041559
            ]
          ]
        ],
        "type": "Polygon"
      },
      "type": "Feature"
    }
  ]
}