{
  "type": "FeatureCollection",
  "metadata": {
    "provider_name": "KFC",
    "center_lat": 10.34178,
    "center_lon": 76.216252,
    "mode": "motorcycle",
    "total_zones": 4,
    "distance_zones": [
      3,
      4,
      5,
      6
    ],
    "generated_at": "2025-12-29T05:47:13.812892Z"
  },
  "features": [
    {
      "properties": {
        "fill-opacity": 0.33,
        "fillColor": "#bf4040",
        "opacity": 0.33,
        "fill": "#bf4040",
        "fillOpacity": 0.33,
        "color": "#bf4040",
        "contour": 3.0,
        "metric": "distance",
        "provider_name": "KFC",
        "zone_type": "distance",
        "distance_km": 3,
        "mode": "motorcycle",
        "center_lat": 10.34178,
        "center_lon": 76.216252,
        "label": "3km"
      },
      "geometry": {
        "coordinates": [
          [
            [
              76.219252,
              10.368868
            ],
            [
              76.218663,
              10.367368
            ],
            [
              76.217011,
              10.36702
            ],
            [
              76.215252,
              10.365188
            ],
            [
              76.214252,
              10.365749
            ],
            [
              76.21361,
              10.36478
            ],
            [
              76.213819,
              10.363212
            ],
            [
              76.212175,
              10.362856
            ],
            [
              76.212052,
              10.360979
            ],
            [
              76.21124,
              10.36078
            ],
            [
              76.211083,
              10.35978
            ],
            [
              76.211629,
              10.35878
            ],
            [
              76.210252,
              10.357557
            ],
            [
              76.209224,
              10.358807
            ],
            [
              76.203252,
              10.355815
            ],
            [
              76.200815,
              10.353216
            ],
            [
              76.199534,
              10.353062
            ],
            [
              76.199252,
              10.354112
            ],
            [
              76.198321,
              10.35371
            ],
            [
              76.198999,
              10.35178
            ],
            [
              76.198451,
              10.34958
            ],
            [
              76.197105,
              10.34878
            ],
            [
              76.197101,
              10.346931
            ],
            [
              76.194939,
              10.34578
            ],
            [
              76.194046,
              10.342985
            ],
            [
              76.192997,
              10.34278
            ],
            [
              76.192705,
              10.34178
            ],
            [
              76.193932,
              10.34146
            ],
            [
              76.193754,
              10.340277
            ],
            [
              76.192477,
              10.340005
            ],
            [
              76.192252,
              10.340922
            ],
            [
              76.190747,
              10.33878
            ],
            [
              76.19203,
              10.338558
            ],
            [
              76.192252,
              10.337484
            ],
            [
              76.193681,
              10.33935
            ],
            [
              76.194715,
              10.339243
            ],
            [
              76.195117,
              10.336914
            ],
            [
              76.19463,
              10.33678
            ],
            [
              76.197252,
              10.334862
            ],
            [
              76.205503,
              10.337031
            ],
            [
              76.20563,
              10.332401
            ],
            [
              76.204845,
              10.332373
            ],
            [
              76.204465,
              10.333993
            ],
            [
              76.203931,
              10.33378
            ],
            [
              76.203905,
              10.33078
            ],
            [
              76.204981,
              10.32878
            ],
            [
              76.204149,
              10.327677
            ],
            [
              76.206694,
              10.328222
            ],
            [
              76.207252,
              10.324576
            ],
            [
              76.209252,
              10.328342
            ],
            [
              76.209978,
              10.326506
            ],
            [
              76.21356,
              10.326088
            ],
            [
              76.213924,
              10.324452
            ],
            [
              76.215594,
              10.324122
            ],
            [
              76.215674,
              10.323357
            ],
            [
              76.211239,
              10.32278
            ],
            [
              76.215525,
              10.322053
            ],
            [
              76.215358,
              10.31878
            ],
            [
              76.219252,
              10.316023
            ],
            [
              76.220135,
              10.316896
            ],
            [
              76.219597,
              10.319434
            ],
            [
              76.221815,
              10.31978
            ],
            [
              76.219252,
              10.319944
            ],
            [
              76.218825,
              10.321207
            ],
            [
              76.220252,
              10.322442
            ],
            [
              76.224315,
              10.32278
            ],
            [
              76.219844,
              10.323372
            ],
            [
              76.219896,
              10.326135
            ],
            [
              76.226738,
              10.32678
            ],
            [
              76.223252,
              10.327084
            ],
            [
              76.222594,
              10.32778
            ],
            [
              76.22466,
              10.32878
            ],
            [
              76.225252,
              10.333253
            ],
            [
              76.226599,
              10.333127
            ],
            [
              76.226976,
              10.331504
            ],
            [
              76.227956,
              10.33078
            ],
            [
              76.227086,
              10.32978
            ],
            [
              76.227198,
              10.328726
            ],
            [
              76.230252,
              10.328677
            ],
            [
              76.231488,
              10.32978
            ],
            [
              76.230495,
              10.330023
            ],
            [
              76.230252,
              10.330896
            ],
            [
              76.229252,
              10.329997
            ],
            [
              76.228547,
              10.33078
            ],
            [
              76.229252,
              10.332409
            ],
            [
              76.231866,
              10.332394
            ],
            [
              76.232252,
              10.331126
            ],
            [
              76.2336,
              10.33178
            ],
            [
              76.231641,
              10.33378
            ],
            [
              76.232252,
              10.33582
            ],
            [
              76.231252,
              10.335238
            ],
            [
              76.230132,
              10.33578
            ],
            [
              76.231236,
              10.33778
            ],
            [
              76.229506,
              10.33878
            ],
            [
              76.230252,
              10.33955
            ],
            [
              76.230907,
              10.339435
            ],
            [
              76.231252,
              10.337799
            ],
            [
              76.232252,
              10.338389
            ],
            [
              76.231508,
              10.34078
            ],
            [
              76.232891,
              10.34178
            ],
            [
              76.232792,
              10.343239
            ],
            [
              76.235252,
              10.342292
            ],
            [
              76.23749,
              10.34278
            ],
            [
              76.237032,
              10.34478
            ],
            [
              76.23454,
              10.34578
            ],
            [
              76.234636,
              10.347395
            ],
            [
              76.237338,
              10.34778
            ],
            [
              76.236486,
              10.348014
            ],
            [
              76.236526,
              10.351054
            ],
            [
              76.235042,
              10.35057
            ],
            [
              76.23564,
              10.35178
            ],
            [
              76.233594,
              10.352122
            ],
            [
              76.233252,
              10.353911
            ],
            [
              76.232252,
              10.353317
            ],
            [
              76.230908,
              10.355436
            ],
            [
              76.227679,
              10.355207
            ],
            [
              76.227446,
              10.356585
            ],
            [
              76.228399,
              10.356632
            ],
            [
              76.229451,
              10.35878
            ],
            [
              76.227252,
              10.360029
            ],
            [
              76.224774,
              10.360302
            ],
            [
              76.224428,
              10.361603
            ],
            [
              76.225252,
              10.361856
            ],
            [
              76.224252,
              10.361866
            ],
            [
              76.223252,
              10.360989
            ],
            [
              76.220853,
              10.361381
            ],
            [
              76.221514,
              10.363517
            ],
            [
              76.222264,
              10.36378
            ],
            [
              76.222252,
              10.365934
            ],
            [
              76.219578,
              10.367106
            ],
            [
              76.219252,
              10.368868
            ]
          ]
        ],
        "type": "Polygon"
      },
      "type": "Feature"
    },
    {
      "properties": {
        "fill-opacity": 0.33,
        "fillColor": "#bf4040",
        "opacity": 0.33,
        "fill": "#bf4040",
        "fillOpacity": 0.33,
        "color": "#bf4040",
        "contour": 4.0,
        "metric": "distance",
        "provider_name": "KFC",
        "zone_type": "distance",
        "distance_km": 4,
        "mode": "motorcycle",
        "center_lat": 10.34178,
        "center_lon": 76.216252,
        "label": "4km"
      },
      "geometry": {
        "coordinates": [
          [
            [
              76.220252,
              10.377326
            ],
            [
              76.219939,
              10.375092
            ],
            [
              76.218279,
              10.37478
            ],
            [
              76.21989,
              10.374418
            ],
            [
              76.219786,
              10.373245
            ],
            [
              76.217207,
              10.37278
            ],
            [
              76.217855,
              10.37078
            ],
            [
              76.215534,
              10.367497
            ],
            [
              76.213252,
              10.36722
            ],
            [
              76.212252,
              10.366191
            ],
            [
              76.207788,
              10.36678
            ],
            [
              76.211373,
              10.36378
            ],
            [
              76.211576,
              10.361455
            ],
            [
              76.20978,
              10.361308
            ],
            [
              76.209527,
              10.362504
            ],
            [
              76.210308,
              10.362836
            ],
            [
              76.209252,
              10.362927
            ],
            [
              76.208893,
              10.362138
            ],
            [
              76.205807,
              10.361335
            ],
            [
              76.205617,
              10.363414
            ],
            [
              76.207286,
              10.36378
            ],
            [
              76.204401,
              10.364929
            ],
            [
              76.204252,
              10.365722
            ],
            [
              76.202972,
              10.3625
            ],
            [
              76.205671,
              10.360199
            ],
            [
              76.205575,
              10.357456
            ],
            [
              76.204565,
              10.35778
            ],
            [
              76.204423,
              10.358951
            ],
            [
              76.20253,
              10.359058
            ],
            [
              76.202252,
              10.35997
            ],
            [
              76.201918,
              10.35878
            ],
            [
              76.203737,
              10.358265
            ],
            [
              76.20371,
              10.357321
            ],
            [
              76.202252,
              10.355982
            ],
            [
              76.200252,
              10.356069
            ],
            [
              76.199545,
              10.35678
            ],
            [
              76.200252,
              10.358256
            ],
            [
              76.198316,
              10.358844
            ],
            [
              76.197252,
              10.360171
            ],
            [
              76.196811,
              10.35922
            ],
            [
              76.195685,
              10.359213
            ],
            [
              76.195252,
              10.361684
            ],
            [
              76.193885,
              10.36078
            ],
            [
              76.195056,
              10.360585
            ],
            [
              76.194817,
              10.358214
            ],
            [
              76.192408,
              10.35778
            ],
            [
              76.191649,
              10.35678
            ],
            [
              76.192985,
              10.356513
            ],
            [
              76.192956,
              10.35478
            ],
            [
              76.193881,
              10.354409
            ],
            [
              76.193933,
              10.353098
            ],
            [
              76.191252,
              10.352019
            ],
            [
              76.192031,
              10.351559
            ],
            [
              76.191756,
              10.349275
            ],
            [
              76.1892,
              10.34878
            ],
            [
              76.190911,
              10.348439
            ],
            [
              76.191032,
              10.346999
            ],
            [
              76.189808,
              10.34678
            ],
            [
              76.189734,
              10.34478
            ],
            [
              76.188252,
              10.34273
            ],
            [
              76.186591,
              10.34178
            ],
            [
              76.186363,
              10.340669
            ],
            [
              76.184252,
              10.342222
            ],
            [
              76.183365,
              10.341667
            ],
            [
              76.183918,
              10.339113
            ],
            [
              76.182291,
              10.33778
            ],
            [
              76.183252,
              10.336613
            ],
            [
              76.18345,
              10.337581
            ],
            [
              76.185252,
              10.338508
            ],
            [
              76.191572,
              10.3381
            ],
            [
              76.191599,
              10.337432
            ],
            [
              76.189392,
              10.33678
            ],
            [
              76.189341,
              10.335869
            ],
            [
              76.190865,
              10.335393
            ],
            [
              76.190252,
              10.333596
            ],
            [
              76.191765,
              10.333293
            ],
            [
              76.193252,
              10.3305
            ],
            [
              76.193651,
              10.33238
            ],
            [
              76.19473,
              10.332258
            ],
            [
              76.195252,
              10.331274
            ],
            [
              76.195836,
              10.333195
            ],
            [
              76.196658,
              10.333186
            ],
            [
              76.19796,
              10.33078
            ],
            [
              76.196669,
              10.32878
            ],
            [
              76.197298,
              10.328733
            ],
            [
              76.198252,
              10.329493
            ],
            [
              76.199141,
              10.327669
            ],
            [
              76.200184,
              10.327712
            ],
            [
              76.200252,
              10.326749
            ],
            [
              76.200501,
              10.32778
            ],
            [
              76.199462,
              10.32799
            ],
            [
              76.199442,
              10.32897
            ],
            [
              76.199599,
              10.33178
            ],
            [
              76.200561,
              10.33278
            ],
            [
              76.198851,
              10.333379
            ],
            [
              76.197733,
              10.33478
            ],
            [
              76.202252,
              10.335506
            ],
            [
              76.20406,
              10.336971
            ],
            [
              76.205434,
              10.336962
            ],
            [
              76.205493,
              10.332538
            ],
            [
              76.204649,
              10.334177
            ],
            [
              76.203656,
              10.33378
            ],
            [
              76.203647,
              10.33078
            ],
            [
              76.204646,
              10.330174
            ],
            [
              76.204673,
              10.32878
            ],
            [
              76.203457,
              10.32778
            ],
            [
              76.204252,
              10.327083
            ],
            [
              76.206518,
              10.328046
            ],
            [
              76.207252,
              10.324223
            ],
            [
              76.207848,
              10.32678
            ],
            [
              76.209252,
              10.328139
            ],
            [
              76.209832,
              10.32636
            ],
            [
              76.213252,
              10.326096
            ],
            [
              76.213809,
              10.324338
            ],
            [
              76.215626,
              10.32378
            ],
            [
              76.209938,
              10.323093
            ],
            [
              76.210252,
              10.321333
            ],
            [
              76.211252,
              10.322279
            ],
            [
              76.214559,
              10.322087
            ],
            [
              76.214813,
              10.32078
            ],
            [
              76.213809,
              10.31978
            ],
            [
              76.214755,
              10.31878
            ],
            [
              76.214252,
              10.318222
            ],
            [
              76.210252,
              10.318
            ],
            [
              76.208581,
              10.31578
            ],
            [
              76.209252,
              10.314942
            ],
            [
              76.209405,
              10.315626
            ],
            [
              76.211247,
              10.31578
            ],
            [
              76.210462,
              10.31599
            ],
            [
              76.210747,
              10.317284
            ],
            [
              76.212436,
              10.316964
            ],
            [
              76.213075,
              10.313603
            ],
            [
              76.214252,
              10.311834
            ],
            [
              76.214951,
              10.31308
            ],
            [
              76.217252,
              10.313021
            ],
            [
              76.217881,
              10.31515
            ],
            [
              76.218606,
              10.315134
            ],
            [
              76.218722,
              10.311309
            ],
            [
              76.217638,
              10.311166
            ],
            [
              76.216839,
              10.312192
            ],
            [
              76.215218,
              10.310813
            ],
            [
              76.216934,
              10.310462
            ],
            [
              76.218252,
              10.307236
            ],
            [
              76.220405,
              10.30978
            ],
            [
              76.219795,
              10.311236
            ],
            [
              76.222013,
              10.310541
            ],
            [
              76.222252,
              10.309721
            ],
            [
              76.223302,
              10.31078
            ],
            [
              76.221634,
              10.311162
            ],
            [
              76.221384,
              10.312912
            ],
            [
              76.219818,
              10.312346
            ],
            [
              76.219877,
              10.314154
            ],
            [
              76.223252,
              10.315451
            ],
            [
              76.224027,
              10.31478
            ],
            [
              76.223884,
              10.31378
            ],
            [
              76.225252,
              10.313041
            ],
            [
              76.225305,
              10.313833
            ],
            [
              76.224556,
              10.314084
            ],
            [
              76.224747,
              10.315284
            ],
            [
              76.22714,
              10.315668
            ],
            [
              76.227275,
              10.31478
            ],
            [
              76.227813,
              10.31578
            ],
            [
              76.226252,
              10.315918
            ],
            [
              76.225465,
              10.31678
            ],
            [
              76.227429,
              10.318602
            ],
            [
              76.227702,
              10.320329
            ],
            [
              76.229114,
              10.320642
            ],
            [
              76.229252,
              10.319938
            ],
            [
              76.230568,
              10.321463
            ],
            [
              76.230577,
              10.32378
            ],
            [
              76.231634,
              10.32478
            ],
            [
              76.230716,
              10.32678
            ],
            [
              76.230911,
              10.32812
            ],
            [
              76.233252,
              10.329386
            ],
            [
              76.235252,
              10.328439
            ],
            [
              76.236252,
              10.330394
            ],
            [
              76.237224,
              10.328752
            ],
            [
              76.239258,
              10.327773
            ],
            [
              76.239501,
              10.32978
            ],
            [
              76.237777,
              10.330305
            ],
            [
              76.236652,
              10.33178
            ],
            [
              76.238518,
              10.333046
            ],
            [
              76.236801,
              10.333329
            ],
            [
              76.235282,
              10.33478
            ],
            [
              76.235542,
              10.336489
            ],
            [
              76.236591,
              10.33678
            ],
            [
              76.234541,
              10.33778
            ],
            [
              76.234627,
              10.33978
            ],
            [
              76.235555,
              10.340476
            ],
            [
              76.235919,
              10.342112
            ],
            [
              76.23865,
              10.340178
            ],
            [
              76.239,
              10.338528
            ],
            [
              76.239985,
              10.33778
            ],
            [
              76.23999,
              10.336041
            ],
            [
              76.239105,
              10.33578
            ],
            [
              76.239394,
              10.334637
            ],
            [
              76.240252,
              10.334947
            ],
            [
              76.240769,
              10.338262
            ],
            [
              76.241873,
              10.338401
            ],
            [
              76.242231,
              10.336759
            ],
            [
              76.24281,
              10.33678
            ],
            [
              76.242317,
              10.336845
            ],
            [
              76.242875,
              10.33978
            ],
            [
              76.242252,
              10.339861
            ],
            [
              76.241252,
              10.33903
            ],
            [
              76.23981,
              10.339338
            ],
            [
              76.239871,
              10.34216
            ],
            [
              76.243252,
              10.342501
            ],
            [
              76.24627,
              10.34478
            ],
            [
              76.24251,
              10.346038
            ],
            [
              76.242011,
              10.34778
            ],
            [
              76.240422,
              10.34895
            ],
            [
              76.239672,
              10.3542
            ],
            [
              76.238007,
              10.354024
            ],
            [
              76.236252,
              10.352269
            ],
            [
              76.233946,
              10.352474
            ],
            [
              76.233811,
              10.35722
            ],
            [
              76.234815,
              10.357343
            ],
            [
              76.235412,
              10.356619
            ],
            [
              76.237237,
              10.35778
            ],
            [
              76.23579,
              10.35978
            ],
            [
              76.234975,
              10.359056
            ],
            [
              76.233658,
              10.359186
            ],
            [
              76.233301,
              10.361829
            ],
            [
              76.232835,
              10.360196
            ],
            [
              76.231074,
              10.35878
            ],
            [
              76.230602,
              10.356429
            ],
            [
              76.229252,
              10.355329
            ],
            [
              76.227796,
              10.35578
            ],
            [
              76.229608,
              10.357423
            ],
            [
              76.229622,
              10.35915
            ],
            [
              76.224799,
              10.36078
            ],
            [
              76.226555,
              10.363083
            ],
            [
              76.224937,
              10.363094
            ],
            [
              76.223252,
              10.361338
            ],
            [
              76.221002,
              10.36153
            ],
            [
              76.221945,
              10.363086
            ],
            [
              76.22372,
              10.36378
            ],
            [
              76.222769,
              10.36478
            ],
            [
              76.222563,
              10.367091
            ],
            [
              76.21978,
              10.36778
            ],
            [
              76.220846,
              10.371185
            ],
            [
              76.221707,
              10.371235
            ],
            [
              76.222252,
              10.369603
            ],
            [
              76.224298,
              10.369733
            ],
            [
              76.226266,
              10.37178
            ],
            [
              76.225412,
              10.37194
            ],
            [
              76.224252,
              10.374007
            ],
            [
              76.223861,
              10.37217
            ],
            [
              76.221815,
              10.372343
            ],
            [
              76.22178,
              10.373251
            ],
            [
              76.222854,
              10.37378
            ],
            [
              76.223083,
              10.37578
            ],
            [
              76.22122,
              10.375748
            ],
            [
              76.220252,
              10.377326
            ]
          ]
        ],
        "type": "Polygon"
      },
      "type": "Feature"
    },
    {
      "properties": {
        "fill-opacity": 0.33,
        "fillColor": "#bf4040",
        "opacity": 0.33,
        "fill": "#bf4040",
        "fillOpacity": 0.33,
        "color": "#bf4040",
        "contour": 5.0,
        "metric": "distance",
        "provider_name": "KFC",
        "zone_type": "distance",
        "distance_km": 5,
        "mode": "motorcycle",
        "center_lat": 10.34178,
        "center_lon": 76.216252,
        "label": "5km"
      },
      "geometry": {
        "coordinates": [
          [
            [
              76.220252,
              10.385957
            ],
            [
              76.219252,
              10.385357
            ],
            [
              76.218812,
              10.38278
            ],
            [
              76.216252,
              10.382074
            ],
            [
              76.216053,
              10.380978
            ],
            [
              76.214905,
              10.38078
            ],
            [
              76.216252,
              10.380396
            ],
            [
              76.216533,
              10.381498
            ],
            [
              76.217252,
              10.381568
            ],
            [
              76.217689,
              10.380342
            ],
            [
              76.215887,
              10.379144
            ],
            [
              76.213234,
              10.37878
            ],
            [
              76.213672,
              10.37778
            ],
            [
              76.212064,
              10.37678
            ],
            [
              76.212414,
              10.375617
            ],
            [
              76.211398,
              10.374633
            ],
            [
              76.2127,
              10.371331
            ],
            [
              76.211057,
              10.371974
            ],
            [
              76.210064,
              10.369967
            ],
            [
              76.209148,
              10.36978
            ],
            [
              76.209804,
              10.36878
            ],
            [
              76.210982,
              10.36878
            ],
            [
              76.211712,
              10.370319
            ],
            [
              76.214252,
              10.370408
            ],
            [
              76.21471,
              10.369321
            ],
            [
              76.213057,
              10.36878
            ],
            [
              76.215001,
              10.36778
            ],
            [
              76.213252,
              10.367421
            ],
            [
              76.212252,
              10.366409
            ],
            [
              76.210252,
              10.366389
            ],
            [
              76.209252,
              10.367683
            ],
            [
              76.207252,
              10.367452
            ],
            [
              76.206252,
              10.36836
            ],
            [
              76.204859,
              10.368387
            ],
            [
              76.204762,
              10.370269
            ],
            [
              76.206286,
              10.37078
            ],
            [
              76.205486,
              10.371014
            ],
            [
              76.205306,
              10.372834
            ],
            [
              76.20416,
              10.373871
            ],
            [
              76.203252,
              10.373732
            ],
            [
              76.203036,
              10.371995
            ],
            [
              76.202232,
              10.37178
            ],
            [
              76.2038,
              10.371328
            ],
            [
              76.20368,
              10.369351
            ],
            [
              76.201131,
              10.3689
            ],
            [
              76.199252,
              10.366953
            ],
            [
              76.197275,
              10.367803
            ],
            [
              76.196201,
              10.36783
            ],
            [
              76.195981,
              10.36705
            ],
            [
              76.194759,
              10.367287
            ],
            [
              76.194252,
              10.370589
            ],
            [
              76.193972,
              10.369059
            ],
            [
              76.19271,
              10.36878
            ],
            [
              76.193919,
              10.368447
            ],
            [
              76.193738,
              10.367293
            ],
            [
              76.190252,
              10.367143
            ],
            [
              76.190204,
              10.36478
            ],
            [
              76.192559,
              10.364472
            ],
            [
              76.193252,
              10.365571
            ],
            [
              76.193854,
              10.36478
            ],
            [
              76.192896,
              10.364135
            ],
            [
              76.192825,
              10.36178
            ],
            [
              76.19182,
              10.36078
            ],
            [
              76.191838,
              10.35978
            ],
            [
              76.191252,
              10.359245
            ],
            [
              76.189252,
              10.360595
            ],
            [
              76.188691,
              10.359341
            ],
            [
              76.18773,
              10.359258
            ],
            [
              76.187477,
              10.360554
            ],
            [
              76.188152,
              10.36078
            ],
            [
              76.187443,
              10.360971
            ],
            [
              76.187252,
              10.362076
            ],
            [
              76.186832,
              10.359199
            ],
            [
              76.184252,
              10.358173
            ],
            [
              76.183739,
              10.35578
            ],
            [
              76.185252,
              10.355083
            ],
            [
              76.185373,
              10.355658
            ],
            [
              76.187252,
              10.356114
            ],
            [
              76.188604,
              10.35378
            ],
            [
              76.188549,
              10.352077
            ],
            [
              76.189411,
              10.35162
            ],
            [
              76.189063,
              10.349968
            ],
            [
              76.187674,
              10.34978
            ],
            [
              76.186252,
              10.347748
            ],
            [
              76.186806,
              10.34378
            ],
            [
              76.186252,
              10.34319
            ],
            [
              76.18489,
              10.343418
            ],
            [
              76.183618,
              10.34578
            ],
            [
              76.183764,
              10.347267
            ],
            [
              76.186224,
              10.34778
            ],
            [
              76.18517,
              10.349698
            ],
            [
              76.183252,
              10.350862
            ],
            [
              76.181969,
              10.348062
            ],
            [
              76.180422,
              10.34795
            ],
            [
              76.180252,
              10.348741
            ],
            [
              76.179369,
              10.34778
            ],
            [
              76.179493,
              10.34678
            ],
            [
              76.180857,
              10.346385
            ],
            [
              76.180932,
              10.34478
            ],
            [
              76.181852,
              10.34378
            ],
            [
              76.181791,
              10.34178
            ],
            [
              76.180816,
              10.34078
            ],
            [
              76.183705,
              10.33978
            ],
            [
              76.182252,
              10.338278
            ],
            [
              76.178987,
              10.338045
            ],
            [
              76.178893,
              10.336421
            ],
            [
              76.17965,
              10.336382
            ],
            [
              76.180252,
              10.337344
            ],
            [
              76.180627,
              10.336404
            ],
            [
              76.179252,
              10.335148
            ],
            [
              76.178029,
              10.336002
            ],
            [
              76.177252,
              10.334888
            ],
            [
              76.176413,
              10.334941
            ],
            [
              76.176252,
              10.335852
            ],
            [
              76.176195,
              10.334723
            ],
            [
              76.177,
              10.334528
            ],
            [
              76.176875,
              10.333156
            ],
            [
              76.174764,
              10.33278
            ],
            [
              76.177966,
              10.332494
            ],
            [
              76.178252,
              10.330789
            ],
            [
              76.179186,
              10.33278
            ],
            [
              76.178541,
              10.333069
            ],
            [
              76.178796,
              10.334235
            ],
            [
              76.181252,
              10.335343
            ],
            [
              76.18385,
              10.33378
            ],
            [
              76.181651,
              10.33278
            ],
            [
              76.181047,
              10.33078
            ],
            [
              76.182372,
              10.330659
            ],
            [
              76.183252,
              10.332467
            ],
            [
              76.185252,
              10.331509
            ],
            [
              76.185536,
              10.33278
            ],
            [
              76.183757,
              10.33678
            ],
            [
              76.185252,
              10.338201
            ],
            [
              76.18754,
              10.338068
            ],
            [
              76.188629,
              10.337157
            ],
            [
              76.188924,
              10.335452
            ],
            [
              76.190551,
              10.335079
            ],
            [
              76.189937,
              10.333465
            ],
            [
              76.19154,
              10.333068
            ],
            [
              76.193805,
              10.32878
            ],
            [
              76.193103,
              10.324928
            ],
            [
              76.19182,
              10.32478
            ],
            [
              76.193252,
              10.324519
            ],
            [
              76.194252,
              10.325553
            ],
            [
              76.195252,
              10.324244
            ],
            [
              76.195777,
              10.325254
            ],
            [
              76.196693,
              10.325221
            ],
            [
              76.196979,
              10.323507
            ],
            [
              76.198981,
              10.32278
            ],
            [
              76.198252,
              10.321972
            ],
            [
              76.196048,
              10.32178
            ],
            [
              76.197923,
              10.321451
            ],
            [
              76.198252,
              10.319495
            ],
            [
              76.20001,
              10.319538
            ],
            [
              76.200252,
              10.319007
            ],
            [
              76.201461,
              10.32078
            ],
            [
              76.200549,
              10.32178
            ],
            [
              76.201797,
              10.323235
            ],
            [
              76.205064,
              10.32378
            ],
            [
              76.204478,
              10.324006
            ],
            [
              76.204567,
              10.32678
            ],
            [
              76.206053,
              10.327978
            ],
            [
              76.207252,
              10.324087
            ],
            [
              76.209252,
              10.328044
            ],
            [
              76.209767,
              10.326295
            ],
            [
              76.213412,
              10.32594
            ],
            [
              76.213753,
              10.324281
            ],
            [
              76.215438,
              10.323593
            ],
            [
              76.210252,
              10.323433
            ],
            [
              76.209608,
              10.32178
            ],
            [
              76.210252,
              10.321136
            ],
            [
              76.211252,
              10.322113
            ],
            [
              76.214462,
              10.32199
            ],
            [
              76.214611,
              10.32078
            ],
            [
              76.213609,
              10.31978
            ],
            [
              76.214483,
              10.318548
            ],
            [
              76.210252,
              10.318342
            ],
            [
              76.208252,
              10.316268
            ],
            [
              76.207252,
              10.317211
            ],
            [
              76.206252,
              10.317147
            ],
            [
              76.204074,
              10.315957
            ],
            [
              76.204032,
              10.31478
            ],
            [
              76.205252,
              10.315459
            ],
            [
              76.205919,
              10.31478
            ],
            [
              76.206051,
              10.31278
            ],
            [
              76.20514,
              10.31178
            ],
            [
              76.205147,
              10.310675
            ],
            [
              76.205252,
              10.310133
            ],
            [
              76.205485,
              10.311546
            ],
            [
              76.206795,
              10.311323
            ],
            [
              76.207549,
              10.30978
            ],
            [
              76.206762,
              10.30878
            ],
            [
              76.210315,
              10.308716
            ],
            [
              76.209523,
              10.30978
            ],
            [
              76.210252,
              10.312389
            ],
            [
              76.216561,
              10.310089
            ],
            [
              76.214804,
              10.30778
            ],
            [
              76.216683,
              10.307348
            ],
            [
              76.217746,
              10.308274
            ],
            [
              76.216846,
              10.307185
            ],
            [
              76.216672,
              10.305359
            ],
            [
              76.214197,
              10.305834
            ],
            [
              76.214034,
              10.304997
            ],
            [
              76.212252,
              10.304058
            ],
            [
              76.212145,
              10.30278
            ],
            [
              76.212278,
              10.302806
            ],
            [
              76.21233,
              10.303701
            ],
            [
              76.214786,
              10.303314
            ],
            [
              76.215252,
              10.300448
            ],
            [
              76.216252,
              10.2998
            ],
            [
              76.216356,
              10.300675
            ],
            [
              76.217887,
              10.300415
            ],
            [
              76.218142,
              10.298889
            ],
            [
              76.21723,
              10.29878
            ],
            [
              76.218252,
              10.29829
            ],
            [
              76.219002,
              10.29903
            ],
            [
              76.218721,
              10.30131
            ],
            [
              76.220474,
              10.301557
            ],
            [
              76.221008,
              10.303023
            ],
            [
              76.222252,
              10.30298
            ],
            [
              76.22352,
              10.304511
            ],
            [
              76.223436,
              10.306595
            ],
            [
              76.224252,
              10.307822
            ],
            [
              76.222566,
              10.30878
            ],
            [
              76.223979,
              10.310052
            ],
            [
              76.2239,
              10.313131
            ],
            [
              76.225252,
              10.311959
            ],
            [
              76.225703,
              10.312328
            ],
            [
              76.224965,
              10.315066
            ],
            [
              76.226573,
              10.315101
            ],
            [
              76.226912,
              10.31244
            ],
            [
              76.227893,
              10.31178
            ],
            [
              76.225306,
              10.30978
            ],
            [
              76.226252,
              10.308905
            ],
            [
              76.226437,
              10.309595
            ],
            [
              76.227252,
              10.309615
            ],
            [
              76.228197,
              10.308725
            ],
            [
              76.22998,
              10.308508
            ],
            [
              76.230252,
              10.306794
            ],
            [
              76.230835,
              10.30778
            ],
            [
              76.229502,
              10.30978
            ],
            [
              76.232143,
              10.31078
            ],
            [
              76.232821,
              10.31178
            ],
            [
              76.231098,
              10.311933
            ],
            [
              76.230923,
              10.311108
            ],
            [
              76.229779,
              10.311307
            ],
            [
              76.230588,
              10.31278
            ],
            [
              76.228857,
              10.313385
            ],
            [
              76.228881,
              10.31415
            ],
            [
              76.232687,
              10.31578
            ],
            [
              76.226943,
              10.316471
            ],
            [
              76.226827,
              10.31778
            ],
            [
              76.22796,
              10.320071
            ],
            [
              76.230252,
              10.318347
            ],
            [
              76.23182,
              10.319348
            ],
            [
              76.233252,
              10.318451
            ],
            [
              76.234418,
              10.318613
            ],
            [
              76.233608,
              10.31978
            ],
            [
              76.234252,
              10.320448
            ],
            [
              76.238156,
              10.320684
            ],
            [
              76.238252,
              10.320185
            ],
            [
              76.238676,
              10.32078
            ],
            [
              76.237327,
              10.321855
            ],
            [
              76.236974,
              10.321057
            ],
            [
              76.235252,
              10.321057
            ],
            [
              76.234471,
              10.322999
            ],
            [
              76.231859,
              10.321387
            ],
            [
              76.230829,
              10.32278
            ],
            [
              76.23187,
              10.32478
            ],
            [
              76.231026,
              10.328005
            ],
            [
              76.233252,
              10.328181
            ],
            [
              76.234252,
              10.329162
            ],
            [
              76.235252,
              10.328177
            ],
            [
              76.236002,
              10.330029
            ],
            [
              76.23766,
              10.330188
            ],
            [
              76.236741,
              10.32878
            ],
            [
              76.237756,
              10.32778
            ],
            [
              76.23765,
              10.325381
            ],
            [
              76.235023,
              10.32378
            ],
            [
              76.237565,
              10.323466
            ],
            [
              76.23869,
              10.324341
            ],
            [
              76.238726,
              10.32678
            ],
            [
              76.240252,
              10.32956
            ],
            [
              76.241252,
              10.327522
            ],
            [
              76.242252,
              10.327088
            ],
            [
              76.244433,
              10.329599
            ],
            [
              76.246252,
              10.330105
            ],
            [
              76.246364,
              10.331667
            ],
            [
              76.247125,
              10.33178
            ],
            [
              76.245546,
              10.333074
            ],
            [
              76.245176,
              10.33478
            ],
            [
              76.245844,
              10.336188
            ],
            [
              76.246714,
              10.336242
            ],
            [
              76.247252,
              10.332806
            ],
            [
              76.24746,
              10.337988
            ],
            [
              76.246252,
              10.339022
            ],
            [
              76.245671,
              10.33736
            ],
            [
              76.244252,
              10.3382
            ],
            [
              76.243252,
              10.337273
            ],
            [
              76.242932,
              10.339099
            ],
            [
              76.244555,
              10.339477
            ],
            [
              76.244555,
              10.340083
            ],
            [
              76.242252,
              10.340301
            ],
            [
              76.241252,
              10.339351
            ],
            [
              76.239858,
              10.339386
            ],
            [
              76.240009,
              10.342022
            ],
            [
              76.243252,
              10.342198
            ],
            [
              76.244252,
              10.343222
            ],
            [
              76.246252,
              10.341426
            ],
            [
              76.250252,
              10.343425
            ],
            [
              76.251843,
              10.342371
            ],
            [
              76.252252,
              10.340728
            ],
            [
              76.252438,
              10.341593
            ],
            [
              76.254495,
              10.34178
            ],
            [
              76.254054,
              10.34278
            ],
            [
              76.249838,
              10.344366
            ],
            [
              76.249808,
              10.345223
            ],
            [
              76.251435,
              10.34578
            ],
            [
              76.250336,
              10.346864
            ],
            [
              76.248252,
              10.345216
            ],
            [
              76.246882,
              10.34641
            ],
            [
              76.246388,
              10.34778
            ],
            [
              76.248125,
              10.34978
            ],
            [
              76.247864,
              10.35078
            ],
            [
              76.246252,
              10.349958
            ],
            [
              76.244252,
              10.351025
            ],
            [
              76.243252,
              10.350022
            ],
            [
              76.240919,
              10.349447
            ],
            [
              76.240697,
              10.35178
            ],
            [
              76.241579,
              10.35278
            ],
            [
              76.240917,
              10.354114
            ],
            [
              76.243961,
              10.35478
            ],
            [
              76.243652,
              10.35578
            ],
            [
              76.243114,
              10.354917
            ],
            [
              76.242252,
              10.354945
            ],
            [
              76.239252,
              10.355973
            ],
            [
              76.239039,
              10.35478
            ],
            [
              76.23649,
              10.352542
            ],
            [
              76.233934,
              10.35278
            ],
            [
              76.233986,
              10.357045
            ],
            [
              76.236252,
              10.356277
            ],
            [
              76.240252,
              10.359403
            ],
            [
              76.245683,
              10.35978
            ],
            [
              76.238252,
              10.360215
            ],
            [
              76.237252,
              10.35927
            ],
            [
              76.235252,
              10.360291
            ],
            [
              76.234252,
              10.359338
            ],
            [
              76.233252,
              10.362299
            ],
            [
              76.232547,
              10.360484
            ],
            [
              76.230703,
              10.35878
            ],
            [
              76.230481,
              10.35655
            ],
            [
              76.228252,
              10.355477
            ],
            [
              76.229944,
              10.35878
            ],
            [
              76.227252,
              10.360479
            ],
            [
              76.225055,
              10.360583
            ],
            [
              76.226683,
              10.363211
            ],
            [
              76.224815,
              10.363216
            ],
            [
              76.223252,
              10.361483
            ],
            [
              76.22107,
              10.361598
            ],
            [
              76.222042,
              10.362989
            ],
            [
              76.223904,
              10.36378
            ],
            [
              76.222926,
              10.36478
            ],
            [
              76.222686,
              10.367214
            ],
            [
              76.219931,
              10.36778
            ],
            [
              76.22101,
              10.370022
            ],
            [
              76.223601,
              10.369129
            ],
            [
              76.225252,
              10.366455
            ],
            [
              76.227252,
              10.366522
            ],
            [
              76.228252,
              10.365625
            ],
            [
              76.230057,
              10.366585
            ],
            [
              76.230252,
              10.365618
            ],
            [
              76.230408,
              10.366623
            ],
            [
              76.231178,
              10.36678
            ],
            [
              76.228721,
              10.367249
            ],
            [
              76.228628,
              10.36978
            ],
            [
              76.229252,
              10.370497
            ],
            [
              76.232252,
              10.370748
            ],
            [
              76.232252,
              10.370782
            ],
            [
              76.231252,
              10.370882
            ],
            [
              76.230621,
              10.371149
            ],
            [
              76.22963,
              10.37278
            ],
            [
              76.23143,
              10.373601
            ],
            [
              76.233346,
              10.375874
            ],
            [
              76.233252,
              10.376519
            ],
            [
              76.232252,
              10.376708
            ],
            [
              76.231884,
              10.375147
            ],
            [
              76.230252,
              10.375046
            ],
            [
              76.229252,
              10.37415
            ],
            [
              76.227844,
              10.374372
            ],
            [
              76.228527,
              10.37578
            ],
            [
              76.227496,
              10.37678
            ],
            [
              76.227252,
              10.379554
            ],
            [
              76.225949,
              10.379477
            ],
            [
              76.225252,
              10.381094
            ],
            [
              76.224252,
              10.381154
            ],
            [
              76.22388,
              10.380151
            ],
            [
              76.220831,
              10.380359
            ],
            [
              76.220631,
              10.3834
            ],
            [
              76.22201,
              10.38478
            ],
            [
              76.220252,
              10.385957
            ]
          ]
        ],
        "type": "Polygon"
      },
      "type": "Feature"
    },
    {
      "properties": {
        "fill-opacity": 0.33,
        "fillColor": "#bf4040",
        "opacity": 0.33,
        "fill": "#bf4040",
        "fillOpacity": 0.33,
        "color": "#bf4040",
        "contour": 6.0,
        "metric": "distance",
        "provider_name": "KFC",
        "zone_type": "distance",
        "distance_km": 6,
        "mode": "motorcycle",
        "center_lat": 10.34178,
        "center_lon": 76.216252,
        "label": "6km"
      },
      "geometry": {
        "coordinates": [
          [
            [
              76.220252,
              10.394883
            ],
            [
              76.219051,
              10.39298
            ],
            [
              76.218085,
              10.39278
            ],
            [
              76.218864,
              10.39178
            ],
            [
              76.217798,
              10.39078
            ],
            [
              76.217358,
              10.388886
            ],
            [
              76.21826,
              10.388771
            ],
            [
              76.215252,
              10.388081
            ],
            [
              76.213842,
              10.38678
            ],
            [
              76.216252,
              10.386526
            ],
            [
              76.216886,
              10.38578
            ],
            [
              76.215088,
              10.384943
            ],
            [
              76.214063,
              10.382968
            ],
            [
              76.212808,
              10.38278
            ],
            [
              76.214252,
              10.381861
            ],
            [
              76.214548,
              10.383484
            ],
            [
              76.215685,
              10.383213
            ],
            [
              76.215636,
              10.382395
            ],
            [
              76.213765,
              10.38078
            ],
            [
              76.214252,
              10.379998
            ],
            [
              76.215584,
              10.380112
            ],
            [
              76.21556,
              10.379471
            ],
            [
              76.213252,
              10.379503
            ],
            [
              76.211803,
              10.380331
            ],
            [
              76.211252,
              10.382378
            ],
            [
              76.209252,
              10.380953
            ],
            [
              76.208017,
              10.38178
            ],
            [
              76.208252,
              10.379929
            ],
            [
              76.208424,
              10.380607
            ],
            [
              76.209252,
              10.380606
            ],
            [
              76.210879,
              10.37878
            ],
            [
              76.210597,
              10.375434
            ],
            [
              76.208252,
              10.375197
            ],
            [
              76.207252,
              10.374138
            ],
            [
              76.203907,
              10.374435
            ],
            [
              76.202674,
              10.37578
            ],
            [
              76.204386,
              10.377914
            ],
            [
              76.203252,
              10.378972
            ],
            [
              76.202252,
              10.37808
            ],
            [
              76.20152,
              10.37878
            ],
            [
              76.20247,
              10.380561
            ],
            [
              76.203271,
              10.38078
            ],
            [
              76.202252,
              10.38175
            ],
            [
              76.201957,
              10.380074
            ],
            [
              76.200495,
              10.380023
            ],
            [
              76.200252,
              10.380933
            ],
            [
              76.199252,
              10.380834
            ],
            [
              76.199198,
              10.38078
            ],
            [
              76.200184,
              10.380712
            ],
            [
              76.19909,
              10.377941
            ],
            [
              76.196252,
              10.376488
            ],
            [
              76.195252,
              10.376947
            ],
            [
              76.19486,
              10.375171
            ],
            [
              76.192782,
              10.37531
            ],
            [
              76.192387,
              10.376915
            ],
            [
              76.191424,
              10.376952
            ],
            [
              76.191252,
              10.377587
            ],
            [
              76.191126,
              10.37578
            ],
            [
              76.190046,
              10.37478
            ],
            [
              76.191697,
              10.373225
            ],
            [
              76.191702,
              10.372329
            ],
            [
              76.187162,
              10.37187
            ],
            [
              76.187926,
              10.37078
            ],
            [
              76.187252,
              10.370105
            ],
            [
              76.186125,
              10.370906
            ],
            [
              76.185887,
              10.36778
            ],
            [
              76.185252,
              10.367095
            ],
            [
              76.183652,
              10.36718
            ],
            [
              76.183356,
              10.368675
            ],
            [
              76.184179,
              10.36878
            ],
            [
              76.183252,
              10.368828
            ],
            [
              76.182915,
              10.367116
            ],
            [
              76.181252,
              10.367087
            ],
            [
              76.181252,
              10.366704
            ],
            [
              76.182936,
              10.366464
            ],
            [
              76.183252,
              10.364957
            ],
            [
              76.183624,
              10.366408
            ],
            [
              76.184252,
              10.366521
            ],
            [
              76.185162,
              10.36469
            ],
            [
              76.186076,
              10.364604
            ],
            [
              76.186697,
              10.35978
            ],
            [
              76.185912,
              10.35944
            ],
            [
              76.182812,
              10.36234
            ],
            [
              76.182553,
              10.364081
            ],
            [
              76.181252,
              10.365276
            ],
            [
              76.180785,
              10.36378
            ],
            [
              76.181751,
              10.363279
            ],
            [
              76.181717,
              10.361314
            ],
            [
              76.180509,
              10.361037
            ],
            [
              76.180291,
              10.361819
            ],
            [
              76.179481,
              10.36178
            ],
            [
              76.180133,
              10.361661
            ],
            [
              76.179988,
              10.35778
            ],
            [
              76.181022,
              10.35678
            ],
            [
              76.179252,
              10.355082
            ],
            [
              76.178252,
              10.355975
            ],
            [
              76.177172,
              10.355859
            ],
            [
              76.177884,
              10.355412
            ],
            [
              76.177988,
              10.354043
            ],
            [
              76.176843,
              10.35378
            ],
            [
              76.176859,
              10.35278
            ],
            [
              76.177916,
              10.35078
            ],
            [
              76.175963,
              10.34978
            ],
            [
              76.17767,
              10.349198
            ],
            [
              76.177917,
              10.346445
            ],
            [
              76.180548,
              10.346076
            ],
            [
              76.181627,
              10.34378
            ],
            [
              76.180826,
              10.340354
            ],
            [
              76.183563,
              10.33978
            ],
            [
              76.182252,
              10.338446
            ],
            [
              76.178836,
              10.338196
            ],
            [
              76.178652,
              10.336379
            ],
            [
              76.177772,
              10.3363
            ],
            [
              76.176691,
              10.33778
            ],
            [
              76.177482,
              10.33901
            ],
            [
              76.175608,
              10.33978
            ],
            [
              76.175854,
              10.34378
            ],
            [
              76.174197,
              10.343834
            ],
            [
              76.175027,
              10.343555
            ],
            [
              76.174812,
              10.342219
            ],
            [
              76.173464,
              10.341992
            ],
            [
              76.173177,
              10.34278
            ],
            [
              76.173086,
              10.341945
            ],
            [
              76.174895,
              10.33978
            ],
            [
              76.173921,
              10.33878
            ],
            [
              76.174049,
              10.335982
            ],
            [
              76.172252,
              10.334946
            ],
            [
              76.170252,
              10.334951
            ],
            [
              76.169965,
              10.334067
            ],
            [
              76.168577,
              10.33378
            ],
            [
              76.170001,
              10.333529
            ],
            [
              76.170357,
              10.331675
            ],
            [
              76.168674,
              10.331202
            ],
            [
              76.168252,
              10.333385
            ],
            [
              76.167899,
              10.331133
            ],
            [
              76.167075,
              10.329956
            ],
            [
              76.166072,
              10.32978
            ],
            [
              76.167252,
              10.329018
            ],
            [
              76.167503,
              10.330528
            ],
            [
              76.171252,
              10.330441
            ],
            [
              76.172133,
              10.327661
            ],
            [
              76.173252,
              10.327621
            ],
            [
              76.172498,
              10.32878
            ],
            [
              76.173252,
              10.33133
            ],
            [
              76.174864,
              10.32978
            ],
            [
              76.175075,
              10.327603
            ],
            [
              76.176533,
              10.327498
            ],
            [
              76.176857,
              10.329174
            ],
            [
              76.177615,
              10.329143
            ],
            [
              76.177687,
              10.327344
            ],
            [
              76.176775,
              10.326256
            ],
            [
              76.175168,
              10.325863
            ],
            [
              76.175252,
              10.324467
            ],
            [
              76.175501,
              10.32553
            ],
            [
              76.176858,
              10.325386
            ],
            [
              76.177252,
              10.323962
            ],
            [
              76.177704,
              10.325327
            ],
            [
              76.178732,
              10.32526
            ],
            [
              76.178914,
              10.324117
            ],
            [
              76.1776,
              10.32378
            ],
            [
              76.178965,
              10.323493
            ],
            [
              76.179252,
              10.321911
            ],
            [
              76.180374,
              10.32278
            ],
            [
              76.179437,
              10.322965
            ],
            [
              76.179753,
              10.325278
            ],
            [
              76.180938,
              10.325466
            ],
            [
              76.181252,
              10.324273
            ],
            [
              76.182015,
              10.32478
            ],
            [
              76.18055,
              10.32678
            ],
            [
              76.181252,
              10.327692
            ],
            [
              76.18255,
              10.32778
            ],
            [
              76.181431,
              10.327959
            ],
            [
              76.181725,
              10.329306
            ],
            [
              76.186127,
              10.33178
            ],
            [
              76.183921,
              10.33678
            ],
            [
              76.185252,
              10.338076
            ],
            [
              76.187453,
              10.337981
            ],
            [
              76.18881,
              10.335338
            ],
            [
              76.190458,
              10.334986
            ],
            [
              76.189461,
              10.33378
            ],
            [
              76.191452,
              10.33298
            ],
            [
              76.192581,
              10.33078
            ],
            [
              76.192608,
              10.32878
            ],
            [
              76.19363,
              10.32778
            ],
            [
              76.193537,
              10.326494
            ],
            [
              76.192252,
              10.325291
            ],
            [
              76.189861,
              10.325389
            ],
            [
              76.189061,
              10.326971
            ],
            [
              76.188853,
              10.324381
            ],
            [
              76.192252,
              10.32138
            ],
            [
              76.194252,
              10.325216
            ],
            [
              76.194933,
              10.321461
            ],
            [
              76.197715,
              10.32078
            ],
            [
              76.195817,
              10.31878
            ],
            [
              76.19761,
              10.318138
            ],
            [
              76.19783,
              10.31678
            ],
            [
              76.196732,
              10.314299
            ],
            [
              76.195123,
              10.31278
            ],
            [
              76.195252,
              10.311131
            ],
            [
              76.197252,
              10.313008
            ],
            [
              76.197817,
              10.315214
            ],
            [
              76.199252,
              10.314512
            ],
            [
              76.200252,
              10.315484
            ],
            [
              76.201344,
              10.314688
            ],
            [
              76.202509,
              10.31678
            ],
            [
              76.201576,
              10.31778
            ],
            [
              76.20181,
              10.32078
            ],
            [
              76.200839,
              10.32178
            ],
            [
              76.202252,
              10.323198
            ],
            [
              76.204252,
              10.323248
            ],
            [
              76.204767,
              10.32278
            ],
            [
              76.203954,
              10.321482
            ],
            [
              76.205554,
              10.321477
            ],
            [
              76.205744,
              10.32378
            ],
            [
              76.204805,
              10.32478
            ],
            [
              76.204845,
              10.32678
            ],
            [
              76.206099,
              10.327933
            ],
            [
              76.206487,
              10.32478
            ],
            [
              76.207252,
              10.324015
            ],
            [
              76.208017,
              10.32478
            ],
            [
              76.208028,
              10.32678
            ],
            [
              76.209252,
              10.327989
            ],
            [
              76.209678,
              10.326206
            ],
            [
              76.213381,
              10.325909
            ],
            [
              76.213654,
              10.324182
            ],
            [
              76.215397,
              10.323634
            ],
            [
              76.210252,
              10.323522
            ],
            [
              76.209514,
              10.32178
            ],
            [
              76.210252,
              10.321042
            ],
            [
              76.211252,
              10.322029
            ],
            [
              76.214412,
              10.321939
            ],
            [
              76.214516,
              10.32078
            ],
            [
              76.213515,
              10.31978
            ],
            [
              76.214423,
              10.318608
            ],
            [
              76.210252,
              10.318475
            ],
            [
              76.208252,
              10.316441
            ],
            [
              76.206252,
              10.317392
            ],
            [
              76.203867,
              10.316164
            ],
            [
              76.203877,
              10.314405
            ],
            [
              76.205516,
              10.315044
            ],
            [
              76.205696,
              10.31278
            ],
            [
              76.204588,
              10.310443
            ],
            [
              76.201898,
              10.30778
            ],
            [
              76.203652,
              10.307379
            ],
            [
              76.203839,
              10.308192
            ],
            [
              76.20574,
              10.309291
            ],
            [
              76.206252,
              10.311227
            ],
            [
              76.206781,
              10.30978
            ],
            [
              76.205764,
              10.309268
            ],
            [
              76.205628,
              10.307403
            ],
            [
              76.203852,
              10.307179
            ],
            [
              76.204252,
              10.306202
            ],
            [
              76.206631,
              10.3064
            ],
            [
              76.207252,
              10.308267
            ],
            [
              76.210602,
              10.30843
            ],
            [
              76.20983,
              10.30978
            ],
            [
              76.210252,
              10.312158
            ],
            [
              76.216463,
              10.309991
            ],
            [
              76.214607,
              10.30778
            ],
            [
              76.216618,
              10.307146
            ],
            [
              76.216509,
              10.305522
            ],
            [
              76.214252,
              10.306301
            ],
            [
              76.211936,
              10.305096
            ],
            [
              76.211252,
              10.303255
            ],
            [
              76.210493,
              10.305021
            ],
            [
              76.208252,
              10.305793
            ],
            [
              76.208028,
              10.30378
            ],
            [
              76.206741,
              10.30229
            ],
            [
              76.204449,
              10.301977
            ],
            [
              76.204252,
              10.30258
            ],
            [
              76.203294,
              10.30178
            ],
            [
              76.204736,
              10.301264
            ],
            [
              76.20542,
              10.299611
            ],
            [
              76.206541,
              10.30049
            ],
            [
              76.20775,
              10.300278
            ],
            [
              76.207945,
              10.299086
            ],
            [
              76.206345,
              10.298873
            ],
            [
              76.206252,
              10.299371
            ],
            [
              76.205911,
              10.29878
            ],
            [
              76.207997,
              10.297525
            ],
            [
              76.208819,
              10.301212
            ],
            [
              76.210252,
              10.301347
            ],
            [
              76.213252,
              10.303248
            ],
            [
              76.214542,
              10.30307
            ],
            [
              76.213799,
              10.29978
            ],
            [
              76.214805,
              10.29878
            ],
            [
              76.214687,
              10.297344
            ],
            [
              76.213587,
              10.297115
            ],
            [
              76.213252,
              10.297841
            ],
            [
              76.212963,
              10.297068
            ],
            [
              76.211182,
              10.29678
            ],
            [
              76.214707,
              10.296235
            ],
            [
              76.214005,
              10.294026
            ],
            [
              76.213129,
              10.293657
            ],
            [
              76.21672,
              10.293248
            ],
            [
              76.216835,
              10.292196
            ],
            [
              76.215336,
              10.29178
            ],
            [
              76.216071,
              10.291599
            ],
            [
              76.216252,
              10.290253
            ],
            [
              76.217252,
              10.289348
            ],
            [
              76.217627,
              10.291404
            ],
            [
              76.219252,
              10.291513
            ],
            [
              76.219629,
              10.293402
            ],
            [
              76.221063,
              10.293591
            ],
            [
              76.221252,
              10.293009
            ],
            [
              76.222111,
              10.29378
            ],
            [
              76.221443,
              10.293971
            ],
            [
              76.221699,
              10.295332
            ],
            [
              76.222981,
              10.295509
            ],
            [
              76.223252,
              10.294739
            ],
            [
              76.224294,
              10.29578
            ],
            [
              76.223321,
              10.29778
            ],
            [
              76.223832,
              10.29878
            ],
            [
              76.221825,
              10.299353
            ],
            [
              76.221802,
              10.300229
            ],
            [
              76.225252,
              10.300279
            ],
            [
              76.226586,
              10.301445
            ],
            [
              76.225848,
              10.303183
            ],
            [
              76.229252,
              10.303421
            ],
            [
              76.229904,
              10.30278
            ],
            [
              76.229918,
              10.300113
            ],
            [
              76.228494,
              10.29978
            ],
            [
              76.229115,
              10.299643
            ],
            [
              76.229252,
              10.298314
            ],
            [
              76.230252,
              10.298177
            ],
            [
              76.23157,
              10.301461
            ],
            [
              76.234619,
              10.30178
            ],
            [
              76.233487,
              10.302015
            ],
            [
              76.232541,
              10.30378
            ],
            [
              76.233252,
              10.30464
            ],
            [
              76.234679,
              10.30478
            ],
            [
              76.23481,
              10.307221
            ],
            [
              76.236895,
              10.307423
            ],
            [
              76.237169,
              10.306697
            ],
            [
              76.238252,
              10.30612
            ],
            [
              76.238293,
              10.306821
            ],
            [
              76.237492,
              10.30702
            ],
            [
              76.23748,
              10.309551
            ],
            [
              76.239252,
              10.309738
            ],
            [
              76.239898,
              10.31078
            ],
            [
              76.237497,
              10.31278
            ],
            [
              76.239793,
              10.31378
            ],
            [
              76.239314,
              10.316717
            ],
            [
              76.240148,
              10.31678
            ],
            [
              76.239252,
              10.31708
            ],
            [
              76.237937,
              10.316465
            ],
            [
              76.235252,
              10.316932
            ],
            [
              76.23483,
              10.316201
            ],
            [
              76.233724,
              10.316252
            ],
            [
              76.233337,
              10.31778
            ],
            [
              76.234823,
              10.31878
            ],
            [
              76.23399,
              10.320041
            ],
            [
              76.237252,
              10.320242
            ],
            [
              76.237898,
              10.318426
            ],
            [
              76.239019,
              10.318012
            ],
            [
              76.238743,
              10.31978
            ],
            [
              76.239896,
              10.321135
            ],
            [
              76.240632,
              10.32116
            ],
            [
              76.241252,
              10.320132
            ],
            [
              76.242252,
              10.321402
            ],
            [
              76.243408,
              10.321623
            ],
            [
              76.242826,
              10.323205
            ],
            [
              76.245252,
              10.323532
            ],
            [
              76.246547,
              10.325484
            ],
            [
              76.247797,
              10.325325
            ],
            [
              76.248252,
              10.322941
            ],
            [
              76.248598,
              10.326433
            ],
            [
              76.251896,
              10.32678
            ],
            [
              76.249659,
              10.327187
            ],
            [
              76.249252,
              10.327964
            ],
            [
              76.2478,
              10.327328
            ],
            [
              76.246774,
              10.33078
            ],
            [
              76.25058,
              10.331451
            ],
            [
              76.25182,
              10.333211
            ],
            [
              76.253687,
              10.33378
            ],
            [
              76.253252,
              10.33495
            ],
            [
              76.253126,
              10.333906
            ],
            [
              76.251618,
              10.334146
            ],
            [
              76.25149,
              10.33478
            ],
            [
              76.252934,
              10.33578
            ],
            [
              76.252604,
              10.33678
            ],
            [
              76.253591,
              10.33778
            ],
            [
              76.252685,
              10.33878
            ],
            [
              76.25293,
              10.341101
            ],
            [
              76.253581,
              10.341109
            ],
            [
              76.255007,
              10.337535
            ],
            [
              76.255943,
              10.33678
            ],
            [
              76.255045,
              10.33578
            ],
            [
              76.25496,
              10.33378
            ],
            [
              76.257122,
              10.33365
            ],
            [
              76.257252,
              10.333111
            ],
            [
              76.259252,
              10.336144
            ],
            [
              76.259381,
              10.33778
            ],
            [
              76.258252,
              10.338969
            ],
            [
              76.257771,
              10.33826
            ],
            [
              76.256814,
              10.338342
            ],
            [
              76.256513,
              10.340041
            ],
            [
              76.254891,
              10.340419
            ],
            [
              76.254912,
              10.341119
            ],
            [
              76.257252,
              10.34138
            ],
            [
              76.258252,
              10.340475
            ],
            [
              76.259252,
              10.341524
            ],
            [
              76.262045,
              10.341573
            ],
            [
              76.262252,
              10.341022
            ],
            [
              76.263377,
              10.34178
            ],
            [
              76.262434,
              10.341962
            ],
            [
              76.261671,
              10.34378
            ],
            [
              76.258252,
              10.344057
            ],
            [
              76.256843,
              10.343371
            ],
            [
              76.255409,
              10.345937
            ],
            [
              76.253528,
              10.347056
            ],
            [
              76.253252,
              10.348346
            ],
            [
              76.253104,
              10.34678
            ],
            [
              76.253891,
              10.346419
            ],
            [
              76.253998,
              10.34478
            ],
            [
              76.25584,
              10.34278
            ],
            [
              76.255252,
              10.342259
            ],
            [
              76.254696,
              10.343224
            ],
            [
              76.252252,
              10.343341
            ],
            [
              76.249996,
              10.344524
            ],
            [
              76.251802,
              10.34578
            ],
            [
              76.250608,
              10.347136
            ],
            [
              76.248252,
              10.345419
            ],
            [
              76.247014,
              10.346542
            ],
            [
              76.246788,
              10.34778
            ],
            [
              76.248739,
              10.35078
            ],
            [
              76.248673,
              10.35278
            ],
            [
              76.24954,
              10.35378
            ],
            [
              76.24747,
              10.35678
            ],
            [
              76.247374,
              10.35778
            ],
            [
              76.248658,
              10.35878
            ],
            [
              76.247518,
              10.359046
            ],
            [
              76.247252,
              10.360232
            ],
            [
              76.238252,
              10.360419
            ],
            [
              76.237252,
              10.359442
            ],
            [
              76.235252,
              10.360451
            ],
            [
              76.234252,
              10.359473
            ],
            [
              76.233252,
              10.362455
            ],
            [
              76.232456,
              10.360575
            ],
            [
              76.230563,
              10.35878
            ],
            [
              76.230422,
              10.356609
            ],
            [
              76.228252,
              10.355547
            ],
            [
              76.229769,
              10.357262
            ],
            [
              76.230016,
              10.35878
            ],
            [
              76.227252,
              10.360549
            ],
            [
              76.2251,
              10.360628
            ],
            [
              76.226744,
              10.362287
            ],
            [
              76.226744,
              10.363272
            ],
            [
              76.225252,
              10.363523
            ],
            [
              76.223252,
              10.361545
            ],
            [
              76.221109,
              10.361637
            ],
            [
              76.222092,
              10.362939
            ],
            [
              76.223994,
              10.36378
            ],
            [
              76.223006,
              10.36478
            ],
            [
              76.222746,
              10.367274
            ],
            [
              76.220009,
              10.36778
            ],
            [
              76.221252,
              10.371056
            ],
            [
              76.221792,
              10.36932
            ],
            [
              76.224495,
              10.368023
            ],
            [
              76.224854,
              10.366382
            ],
            [
              76.227252,
              10.366206
            ],
            [
              76.228252,
              10.365238
            ],
            [
              76.229252,
              10.366225
            ],
            [
              76.230252,
              10.364304
            ],
            [
              76.231252,
              10.366282
            ],
            [
              76.233252,
              10.364378
            ],
            [
              76.233866,
              10.366165
            ],
            [
              76.237252,
              10.366666
            ],
            [
              76.237521,
              10.36751
            ],
            [
              76.23892,
              10.36778
            ],
            [
              76.236764,
              10.368292
            ],
            [
              76.234542,
              10.37107
            ],
            [
              76.233252,
              10.370252
            ],
            [
              76.229868,
              10.37278
            ],
            [
              76.231636,
              10.373395
            ],
            [
              76.235252,
              10.377364
            ],
            [
              76.237164,
              10.374692
            ],
            [
              76.238295,
              10.374737
            ],
            [
              76.237459,
              10.37578
            ],
            [
              76.238459,
              10.37678
            ],
            [
              76.238432,
              10.37896
            ],
            [
              76.235252,
              10.379114
            ],
            [
              76.234644,
              10.37978
            ],
            [
              76.236087,
              10.38478
            ],
            [
              76.235252,
              10.385044
            ],
            [
              76.233996,
              10.38378
            ],
            [
              76.233252,
              10.381449
            ],
            [
              76.231252,
              10.382603
            ],
            [
              76.230963,
              10.381491
            ],
            [
              76.232122,
              10.378909
            ],
            [
              76.231015,
              10.37878
            ],
            [
              76.232345,
              10.378686
            ],
            [
              76.233252,
              10.379529
            ],
            [
              76.23382,
              10.37878
            ],
            [
              76.23192,
              10.377111
            ],
            [
              76.231551,
              10.37548
            ],
            [
              76.229252,
              10.374393
            ],
            [
              76.227867,
              10.37478
            ],
            [
              76.228831,
              10.37578
            ],
            [
              76.227821,
              10.37678
            ],
            [
              76.228997,
              10.38078
            ],
            [
              76.227905,
              10.38178
            ],
            [
              76.228906,
              10.38278
            ],
            [
              76.228434,
              10.383962
            ],
            [
              76.223969,
              10.382062
            ],
            [
              76.223548,
              10.380483
            ],
            [
              76.220994,
              10.380522
            ],
            [
              76.220952,
              10.383079
            ],
            [
              76.224547,
              10.38678
            ],
            [
              76.223761,
              10.38927
            ],
            [
              76.226516,
              10.38978
            ],
            [
              76.222429,
              10.389957
            ],
            [
              76.22259,
              10.391441
            ],
            [
              76.224243,
              10.39278
            ],
            [
              76.223252,
              10.393336
            ],
            [
              76.221525,
              10.393053
            ],
            [
              76.220252,
              10.394883
            ]
          ]
        ],
        "type": "Polygon"
      },
      "type": "Feature"
    }
  ]
}