{
  "type": "FeatureCollection",
  "metadata": {
    "provider_name": "Domino's Pizza",
    "center_lat": 18.66426,
    "center_lon": 73.888263,
    "mode": "motorcycle",
    "total_zones": 4,
    "distance_zones": [
      3,
      4,
      5,
      6
    ],
    "generated_at": "2025-12-24T06:31:47.530887Z"
  },
  "features": [
    {
      "properties": {
        "fill-opacity": 0.33,
        "fillColor": "#bf4040",
        "opacity": 0.33,
        "fill": "#bf4040",
        "fillOpacity": 0.33,
        "color": "#bf4040",
        "contour": 3.0,
        "metric": "distance",
        "provider_name": "Domino's Pizza",
        "zone_type": "distance",
        "distance_km": 3,
        "mode": "motorcycle",
        "center_lat": 18.66426,
        "center_lon": 73.888263,
        "label": "3km"
      },
      "geometry": {
        "coordinates": [
          [
            [
              73.892263,
              18.688391
            ],
            [
              73.892876,
              18.684646
            ],
            [
              73.891423,
              18.68442
            ],
            [
              73.891263,
              18.685346
            ],
            [
              73.891072,
              18.68445
            ],
            [
              73.889263,
              18.683487
            ],
            [
              73.887589,
              18.684586
            ],
            [
              73.886635,
              18.68426
            ],
            [
              73.888361,
              18.67926
            ],
            [
              73.889648,
              18.678645
            ],
            [
              73.889615,
              18.677908
            ],
            [
              73.887263,
              18.676794
            ],
            [
              73.882263,
              18.676662
            ],
            [
              73.881639,
              18.67726
            ],
            [
              73.882478,
              18.678475
            ],
            [
              73.88078,
              18.678777
            ],
            [
              73.879344,
              18.680341
            ],
            [
              73.878413,
              18.68041
            ],
            [
              73.878263,
              18.681255
            ],
            [
              73.878211,
              18.680208
            ],
            [
              73.879018,
              18.680015
            ],
            [
              73.879115,
              18.678407
            ],
            [
              73.877756,
              18.676766
            ],
            [
              73.876753,
              18.67675
            ],
            [
              73.876263,
              18.678169
            ],
            [
              73.873598,
              18.67726
            ],
            [
              73.875788,
              18.676785
            ],
            [
              73.875644,
              18.67326
            ],
            [
              73.876982,
              18.672979
            ],
            [
              73.876996,
              18.670993
            ],
            [
              73.879263,
              18.671609
            ],
            [
              73.879798,
              18.673724
            ],
            [
              73.881263,
              18.67386
            ],
            [
              73.882617,
              18.672614
            ],
            [
              73.882943,
              18.67094
            ],
            [
              73.884587,
              18.66926
            ],
            [
              73.882674,
              18.66726
            ],
            [
              73.885491,
              18.665488
            ],
            [
              73.885453,
              18.663069
            ],
            [
              73.884263,
              18.663947
            ],
            [
              73.883263,
              18.66295
            ],
            [
              73.881032,
              18.664029
            ],
            [
              73.880679,
              18.665676
            ],
            [
              73.879263,
              18.666865
            ],
            [
              73.875981,
              18.664978
            ],
            [
              73.875619,
              18.666616
            ],
            [
              73.873263,
              18.666741
            ],
            [
              73.871868,
              18.667865
            ],
            [
              73.871263,
              18.670507
            ],
            [
              73.870848,
              18.66726
            ],
            [
              73.872584,
              18.664938
            ],
            [
              73.870263,
              18.664602
            ],
            [
              73.868263,
              18.665481
            ],
            [
              73.865203,
              18.665319
            ],
            [
              73.864806,
              18.664716
            ],
            [
              73.864685,
              18.66326
            ],
            [
              73.866811,
              18.662808
            ],
            [
              73.868065,
              18.66126
            ],
            [
              73.867263,
              18.659121
            ],
            [
              73.868303,
              18.65926
            ],
            [
              73.870263,
              18.661919
            ],
            [
              73.874583,
              18.66158
            ],
            [
              73.875879,
              18.66026
            ],
            [
              73.87399,
              18.65926
            ],
            [
              73.876263,
              18.657978
            ],
            [
              73.876848,
              18.659674
            ],
            [
              73.87883,
              18.65926
            ],
            [
              73.878796,
              18.65726
            ],
            [
              73.879783,
              18.65626
            ],
            [
              73.879562,
              18.65396
            ],
            [
              73.877969,
              18.654553
            ],
            [
              73.877263,
              18.652729
            ],
            [
              73.874339,
              18.655336
            ],
            [
              73.873354,
              18.655351
            ],
            [
              73.873112,
              18.65626
            ],
            [
              73.87296,
              18.65526
            ],
            [
              73.874001,
              18.654998
            ],
            [
              73.873739,
              18.652783
            ],
            [
              73.872641,
              18.652638
            ],
            [
              73.872263,
              18.654342
            ],
            [
              73.871864,
              18.650658
            ],
            [
              73.869342,
              18.65026
            ],
            [
              73.871263,
              18.649008
            ],
            [
              73.873263,
              18.650966
            ],
            [
              73.876083,
              18.65026
            ],
            [
              73.87777,
              18.64526
            ],
            [
              73.875995,
              18.64226
            ],
            [
              73.876938,
              18.64026
            ],
            [
              73.879422,
              18.6421
            ],
            [
              73.879819,
              18.643703
            ],
            [
              73.881263,
              18.644883
            ],
            [
              73.884973,
              18.64397
            ],
            [
              73.885263,
              18.642374
            ],
            [
              73.886359,
              18.645163
            ],
            [
              73.888263,
              18.645998
            ],
            [
              73.890263,
              18.645227
            ],
            [
              73.892057,
              18.64626
            ],
            [
              73.892169,
              18.64726
            ],
            [
              73.890263,
              18.647366
            ],
            [
              73.889629,
              18.64826
            ],
            [
              73.889715,
              18.65026
            ],
            [
              73.891263,
              18.651769
            ],
            [
              73.89209,
              18.649087
            ],
            [
              73.893524,
              18.648521
            ],
            [
              73.894263,
              18.647077
            ],
            [
              73.896109,
              18.64826
            ],
            [
              73.894751,
              18.649748
            ],
            [
              73.894829,
              18.651693
            ],
            [
              73.899263,
              18.652733
            ],
            [
              73.900263,
              18.652371
            ],
            [
              73.902263,
              18.654807
            ],
            [
              73.903263,
              18.653884
            ],
            [
              73.905977,
              18.65326
            ],
            [
              73.906333,
              18.65233
            ],
            [
              73.908263,
              18.652338
            ],
            [
              73.90945,
              18.65326
            ],
            [
              73.908644,
              18.65526
            ],
            [
              73.908966,
              18.65626
            ],
            [
              73.907149,
              18.656373
            ],
            [
              73.905263,
              18.654579
            ],
            [
              73.902707,
              18.65626
            ],
            [
              73.904656,
              18.65826
            ],
            [
              73.904694,
              18.659828
            ],
            [
              73.90629,
              18.66126
            ],
            [
              73.906263,
              18.661823
            ],
            [
              73.906229,
              18.661293
            ],
            [
              73.905263,
              18.661376
            ],
            [
              73.904263,
              18.660476
            ],
            [
              73.902505,
              18.660502
            ],
            [
              73.901965,
              18.66126
            ],
            [
              73.900263,
              18.658729
            ],
            [
              73.899879,
              18.660643
            ],
            [
              73.901085,
              18.66126
            ],
            [
              73.900639,
              18.66426
            ],
            [
              73.899697,
              18.66526
            ],
            [
              73.900177,
              18.66726
            ],
            [
              73.895263,
              18.667907
            ],
            [
              73.892945,
              18.66926
            ],
            [
              73.893923,
              18.67026
            ],
            [
              73.894011,
              18.672511
            ],
            [
              73.89472,
              18.672717
            ],
            [
              73.896263,
              18.670825
            ],
            [
              73.897263,
              18.6737
            ],
            [
              73.899108,
              18.670105
            ],
            [
              73.899898,
              18.669895
            ],
            [
              73.900263,
              18.667833
            ],
            [
              73.900698,
              18.670824
            ],
            [
              73.901954,
              18.670951
            ],
            [
              73.902263,
              18.669367
            ],
            [
              73.904937,
              18.670585
            ],
            [
              73.90509,
              18.672087
            ],
            [
              73.903631,
              18.672628
            ],
            [
              73.903643,
              18.673879
            ],
            [
              73.905263,
              18.675082
            ],
            [
              73.906057,
              18.675054
            ],
            [
              73.906263,
              18.673877
            ],
            [
              73.906991,
              18.674531
            ],
            [
              73.905737,
              18.67726
            ],
            [
              73.904501,
              18.67826
            ],
            [
              73.904263,
              18.680071
            ],
            [
              73.902812,
              18.68126
            ],
            [
              73.903263,
              18.683531
            ],
            [
              73.900263,
              18.682461
            ],
            [
              73.899263,
              18.684771
            ],
            [
              73.898806,
              18.682716
            ],
            [
              73.897263,
              18.682579
            ],
            [
              73.894838,
              18.683835
            ],
            [
              73.893263,
              18.688209
            ],
            [
              73.892263,
              18.688391
            ]
          ]
        ],
        "type": "Polygon"
      },
      "type": "Feature"
    },
    {
      "properties": {
        "fill-opacity": 0.33,
        "fillColor": "#bf4040",
        "opacity": 0.33,
        "fill": "#bf4040",
        "fillOpacity": 0.33,
        "color": "#bf4040",
        "contour": 4.0,
        "metric": "distance",
        "provider_name": "Domino's Pizza",
        "zone_type": "distance",
        "distance_km": 4,
        "mode": "motorcycle",
        "center_lat": 18.66426,
        "center_lon": 73.888263,
        "label": "4km"
      },
      "geometry": {
        "coordinates": [
          [
            [
              73.892263,
              18.695678
            ],
            [
              73.892074,
              18.694448
            ],
            [
              73.89116,
              18.694362
            ],
            [
              73.890263,
              18.692593
            ],
            [
              73.88939,
              18.694387
            ],
            [
              73.888598,
              18.694595
            ],
            [
              73.888263,
              18.696199
            ],
            [
              73.887906,
              18.693617
            ],
            [
              73.88708,
              18.693077
            ],
            [
              73.887263,
              18.691834
            ],
            [
              73.887504,
              18.693018
            ],
            [
              73.888759,
              18.692756
            ],
            [
              73.889124,
              18.690121
            ],
            [
              73.890263,
              18.690886
            ],
            [
              73.890824,
              18.69026
            ],
            [
              73.890752,
              18.68526
            ],
            [
              73.889554,
              18.683968
            ],
            [
              73.888763,
              18.68426
            ],
            [
              73.888263,
              18.686707
            ],
            [
              73.886263,
              18.684751
            ],
            [
              73.885698,
              18.68526
            ],
            [
              73.886641,
              18.68626
            ],
            [
              73.885541,
              18.687538
            ],
            [
              73.884263,
              18.686618
            ],
            [
              73.882806,
              18.686803
            ],
            [
              73.883474,
              18.68826
            ],
            [
              73.883263,
              18.690684
            ],
            [
              73.881093,
              18.69026
            ],
            [
              73.882038,
              18.68826
            ],
            [
              73.881263,
              18.687504
            ],
            [
              73.879457,
              18.687454
            ],
            [
              73.87931,
              18.688307
            ],
            [
              73.878389,
              18.68826
            ],
            [
              73.879129,
              18.688126
            ],
            [
              73.879263,
              18.686188
            ],
            [
              73.879445,
              18.687078
            ],
            [
              73.880824,
              18.686821
            ],
            [
              73.880979,
              18.685543
            ],
            [
              73.879756,
              18.68526
            ],
            [
              73.881776,
              18.684773
            ],
            [
              73.881943,
              18.68326
            ],
            [
              73.883707,
              18.681704
            ],
            [
              73.884048,
              18.680045
            ],
            [
              73.885263,
              18.68089
            ],
            [
              73.886263,
              18.678892
            ],
            [
              73.887263,
              18.680774
            ],
            [
              73.887941,
              18.678938
            ],
            [
              73.889493,
              18.678029
            ],
            [
              73.887263,
              18.676942
            ],
            [
              73.882263,
              18.676885
            ],
            [
              73.88266,
              18.678657
            ],
            [
              73.880982,
              18.678979
            ],
            [
              73.878941,
              18.680938
            ],
            [
              73.878594,
              18.683591
            ],
            [
              73.875055,
              18.684052
            ],
            [
              73.874263,
              18.684977
            ],
            [
              73.873863,
              18.68266
            ],
            [
              73.872115,
              18.682408
            ],
            [
              73.871972,
              18.68126
            ],
            [
              73.872912,
              18.68026
            ],
            [
              73.871643,
              18.678879
            ],
            [
              73.870263,
              18.678646
            ],
            [
              73.869557,
              18.67926
            ],
            [
              73.869397,
              18.682126
            ],
            [
              73.870263,
              18.682741
            ],
            [
              73.869037,
              18.68226
            ],
            [
              73.868134,
              18.680388
            ],
            [
              73.867243,
              18.68024
            ],
            [
              73.866263,
              18.681335
            ],
            [
              73.86456,
              18.67826
            ],
            [
              73.865263,
              18.677784
            ],
            [
              73.867263,
              18.679034
            ],
            [
              73.86872,
              18.677717
            ],
            [
              73.86908,
              18.676077
            ],
            [
              73.871657,
              18.676654
            ],
            [
              73.870787,
              18.673736
            ],
            [
              73.869234,
              18.673289
            ],
            [
              73.869094,
              18.67226
            ],
            [
              73.871379,
              18.672143
            ],
            [
              73.871815,
              18.674708
            ],
            [
              73.873263,
              18.674949
            ],
            [
              73.874219,
              18.673216
            ],
            [
              73.876575,
              18.672572
            ],
            [
              73.875768,
              18.67126
            ],
            [
              73.876263,
              18.669787
            ],
            [
              73.879584,
              18.670939
            ],
            [
              73.879989,
              18.673533
            ],
            [
              73.8815,
              18.673497
            ],
            [
              73.882611,
              18.672608
            ],
            [
              73.882824,
              18.670821
            ],
            [
              73.884444,
              18.669441
            ],
            [
              73.882554,
              18.66726
            ],
            [
              73.885433,
              18.66543
            ],
            [
              73.885411,
              18.663112
            ],
            [
              73.884263,
              18.664022
            ],
            [
              73.883263,
              18.663023
            ],
            [
              73.882775,
              18.663772
            ],
            [
              73.881091,
              18.664088
            ],
            [
              73.880747,
              18.665744
            ],
            [
              73.879263,
              18.666977
            ],
            [
              73.876065,
              18.665062
            ],
            [
              73.875718,
              18.666715
            ],
            [
              73.873263,
              18.666918
            ],
            [
              73.872015,
              18.668012
            ],
            [
              73.871263,
              18.67083
            ],
            [
              73.870632,
              18.66726
            ],
            [
              73.872479,
              18.665043
            ],
            [
              73.870263,
              18.664863
            ],
            [
              73.869263,
              18.6658
            ],
            [
              73.865922,
              18.665919
            ],
            [
              73.864627,
              18.66726
            ],
            [
              73.865595,
              18.66826
            ],
            [
              73.865263,
              18.669492
            ],
            [
              73.862992,
              18.66653
            ],
            [
              73.861667,
              18.662855
            ],
            [
              73.857134,
              18.66226
            ],
            [
              73.858808,
              18.661805
            ],
            [
              73.859263,
              18.660096
            ],
            [
              73.863327,
              18.661195
            ],
            [
              73.863858,
              18.662664
            ],
            [
              73.866554,
              18.662551
            ],
            [
              73.867708,
              18.66126
            ],
            [
              73.865775,
              18.65826
            ],
            [
              73.866263,
              18.656441
            ],
            [
              73.867923,
              18.658599
            ],
            [
              73.869586,
              18.658936
            ],
            [
              73.870565,
              18.659957
            ],
            [
              73.869839,
              18.66126
            ],
            [
              73.870263,
              18.661657
            ],
            [
              73.874479,
              18.661476
            ],
            [
              73.875644,
              18.66026
            ],
            [
              73.873684,
              18.65926
            ],
            [
              73.876263,
              18.657678
            ],
            [
              73.877007,
              18.659515
            ],
            [
              73.878625,
              18.65926
            ],
            [
              73.879571,
              18.65426
            ],
            [
              73.877835,
              18.654687
            ],
            [
              73.877263,
              18.652913
            ],
            [
              73.873599,
              18.656596
            ],
            [
              73.871263,
              18.656693
            ],
            [
              73.871559,
              18.650963
            ],
            [
              73.869926,
              18.650923
            ],
            [
              73.869263,
              18.652682
            ],
            [
              73.868263,
              18.651651
            ],
            [
              73.866263,
              18.652572
            ],
            [
              73.865263,
              18.650611
            ],
            [
              73.864263,
              18.651628
            ],
            [
              73.861562,
              18.65196
            ],
            [
              73.860419,
              18.650416
            ],
            [
              73.863263,
              18.651003
            ],
            [
              73.864263,
              18.649946
            ],
            [
              73.869263,
              18.649762
            ],
            [
              73.869803,
              18.64826
            ],
            [
              73.868909,
              18.64726
            ],
            [
              73.869263,
              18.645917
            ],
            [
              73.87154,
              18.646982
            ],
            [
              73.871781,
              18.64926
            ],
            [
              73.872975,
              18.650547
            ],
            [
              73.87553,
              18.650527
            ],
            [
              73.876671,
              18.64826
            ],
            [
              73.876629,
              18.645893
            ],
            [
              73.875676,
              18.644846
            ],
            [
              73.873997,
              18.644525
            ],
            [
              73.871925,
              18.64226
            ],
            [
              73.872038,
              18.641035
            ],
            [
              73.873263,
              18.641867
            ],
            [
              73.873851,
              18.64126
            ],
            [
              73.872921,
              18.63926
            ],
            [
              73.872794,
              18.63526
            ],
            [
              73.874325,
              18.63426
            ],
            [
              73.873903,
              18.6329
            ],
            [
              73.875263,
              18.631876
            ],
            [
              73.875597,
              18.633925
            ],
            [
              73.87643,
              18.63426
            ],
            [
              73.875655,
              18.634652
            ],
            [
              73.875685,
              18.63826
            ],
            [
              73.879641,
              18.641881
            ],
            [
              73.879996,
              18.643526
            ],
            [
              73.881263,
              18.644644
            ],
            [
              73.88457,
              18.643567
            ],
            [
              73.884766,
              18.64226
            ],
            [
              73.882987,
              18.63826
            ],
            [
              73.884433,
              18.638089
            ],
            [
              73.88465,
              18.64026
            ],
            [
              73.885655,
              18.640652
            ],
            [
              73.886915,
              18.63926
            ],
            [
              73.887108,
              18.635414
            ],
            [
              73.886275,
              18.63526
            ],
            [
              73.887263,
              18.634536
            ],
            [
              73.887684,
              18.64226
            ],
            [
              73.886742,
              18.64326
            ],
            [
              73.887263,
              18.644781
            ],
            [
              73.888621,
              18.644618
            ],
            [
              73.890035,
              18.642032
            ],
            [
              73.89176,
              18.640757
            ],
            [
              73.891998,
              18.639524
            ],
            [
              73.891226,
              18.639297
            ],
            [
              73.891243,
              18.63824
            ],
            [
              73.892748,
              18.63826
            ],
            [
              73.894363,
              18.641159
            ],
            [
              73.896263,
              18.642071
            ],
            [
              73.898191,
              18.642188
            ],
            [
              73.898263,
              18.641635
            ],
            [
              73.898285,
              18.642282
            ],
            [
              73.896623,
              18.64262
            ],
            [
              73.89647,
              18.64326
            ],
            [
              73.896799,
              18.644723
            ],
            [
              73.898263,
              18.645867
            ],
            [
              73.901263,
              18.645559
            ],
            [
              73.903263,
              18.647075
            ],
            [
              73.904067,
              18.64626
            ],
            [
              73.904263,
              18.644282
            ],
            [
              73.904435,
              18.645087
            ],
            [
              73.905263,
              18.645192
            ],
            [
              73.906487,
              18.64426
            ],
            [
              73.907935,
              18.64426
            ],
            [
              73.907374,
              18.644371
            ],
            [
              73.907478,
              18.64626
            ],
            [
              73.909311,
              18.647211
            ],
            [
              73.90931,
              18.64826
            ],
            [
              73.909104,
              18.647418
            ],
            [
              73.907767,
              18.647764
            ],
            [
              73.908558,
              18.64926
            ],
            [
              73.90772,
              18.65126
            ],
            [
              73.908263,
              18.651763
            ],
            [
              73.909548,
              18.650974
            ],
            [
              73.910263,
              18.652787
            ],
            [
              73.912685,
              18.652682
            ],
            [
              73.913263,
              18.650469
            ],
            [
              73.913792,
              18.65173
            ],
            [
              73.914789,
              18.651786
            ],
            [
              73.915042,
              18.65048
            ],
            [
              73.914164,
              18.65026
            ],
            [
              73.914929,
              18.64926
            ],
            [
              73.915602,
              18.650921
            ],
            [
              73.91712,
              18.651117
            ],
            [
              73.917263,
              18.650564
            ],
            [
              73.91731,
              18.651307
            ],
            [
              73.915648,
              18.652645
            ],
            [
              73.9154,
              18.654397
            ],
            [
              73.913497,
              18.656494
            ],
            [
              73.908263,
              18.656778
            ],
            [
              73.907263,
              18.655807
            ],
            [
              73.904838,
              18.65926
            ],
            [
              73.906263,
              18.660756
            ],
            [
              73.90843,
              18.660092
            ],
            [
              73.908811,
              18.661712
            ],
            [
              73.910263,
              18.663039
            ],
            [
              73.910911,
              18.662908
            ],
            [
              73.911263,
              18.661355
            ],
            [
              73.91142,
              18.662102
            ],
            [
              73.912329,
              18.66226
            ],
            [
              73.911458,
              18.662455
            ],
            [
              73.912263,
              18.664083
            ],
            [
              73.914335,
              18.66326
            ],
            [
              73.914137,
              18.66426
            ],
            [
              73.912572,
              18.664569
            ],
            [
              73.912263,
              18.665374
            ],
            [
              73.909807,
              18.664804
            ],
            [
              73.909263,
              18.667004
            ],
            [
              73.908699,
              18.664823
            ],
            [
              73.90786,
              18.664857
            ],
            [
              73.907843,
              18.66726
            ],
            [
              73.905737,
              18.66926
            ],
            [
              73.905749,
              18.672746
            ],
            [
              73.904263,
              18.672766
            ],
            [
              73.903963,
              18.673559
            ],
            [
              73.905576,
              18.674573
            ],
            [
              73.905777,
              18.672774
            ],
            [
              73.907633,
              18.67263
            ],
            [
              73.907028,
              18.671025
            ],
            [
              73.909925,
              18.66826
            ],
            [
              73.911263,
              18.668965
            ],
            [
              73.910521,
              18.669518
            ],
            [
              73.910759,
              18.670763
            ],
            [
              73.915947,
              18.67126
            ],
            [
              73.914526,
              18.671523
            ],
            [
              73.914263,
              18.672418
            ],
            [
              73.912263,
              18.672551
            ],
            [
              73.911263,
              18.673603
            ],
            [
              73.909263,
              18.673684
            ],
            [
              73.906767,
              18.67626
            ],
            [
              73.908263,
              18.677873
            ],
            [
              73.910534,
              18.67726
            ],
            [
              73.910437,
              18.679434
            ],
            [
              73.908603,
              18.68026
            ],
            [
              73.908733,
              18.681789
            ],
            [
              73.909568,
              18.68226
            ],
            [
              73.909771,
              18.68526
            ],
            [
              73.907795,
              18.685792
            ],
            [
              73.907553,
              18.686969
            ],
            [
              73.908504,
              18.689018
            ],
            [
              73.910231,
              18.68926
            ],
            [
              73.907263,
              18.690878
            ],
            [
              73.906741,
              18.687781
            ],
            [
              73.904263,
              18.68847
            ],
            [
              73.903263,
              18.68751
            ],
            [
              73.902437,
              18.689434
            ],
            [
              73.900476,
              18.69126
            ],
            [
              73.900263,
              18.693582
            ],
            [
              73.900049,
              18.69126
            ],
            [
              73.899042,
              18.69026
            ],
            [
              73.899934,
              18.68926
            ],
            [
              73.899841,
              18.68726
            ],
            [
              73.897791,
              18.68426
            ],
            [
              73.898553,
              18.682969
            ],
            [
              73.897263,
              18.682855
            ],
            [
              73.895003,
              18.684
            ],
            [
              73.893818,
              18.68626
            ],
            [
              73.8939,
              18.688622
            ],
            [
              73.895374,
              18.689148
            ],
            [
              73.895513,
              18.69026
            ],
            [
              73.894593,
              18.69159
            ],
            [
              73.891846,
              18.691843
            ],
            [
              73.891489,
              18.69326
            ],
            [
              73.892352,
              18.69426
            ],
            [
              73.892263,
              18.695678
            ]
          ]
        ],
        "type": "Polygon"
      },
      "type": "Feature"
    },
    {
      "properties": {
        "fill-opacity": 0.33,
        "fillColor": "#bf4040",
        "opacity": 0.33,
        "fill": "#bf4040",
        "fillOpacity": 0.33,
        "color": "#bf4040",
        "contour": 5.0,
        "metric": "distance",
        "provider_name": "Domino's Pizza",
        "zone_type": "distance",
        "distance_km": 5,
        "mode": "motorcycle",
        "center_lat": 18.66426,
        "center_lon": 73.888263,
        "label": "5km"
      },
      "geometry": {
        "coordinates": [
          [
            [
              73.896263,
              18.703826
            ],
            [
              73.895263,
              18.7032
            ],
            [
              73.894033,
              18.70026
            ],
            [
              73.894798,
              18.69626
            ],
            [
              73.893761,
              18.69426
            ],
            [
              73.894697,
              18.69326
            ],
            [
              73.89467,
              18.691852
            ],
            [
              73.891865,
              18.69226
            ],
            [
              73.893641,
              18.698638
            ],
            [
              73.891968,
              18.697554
            ],
            [
              73.890536,
              18.692986
            ],
            [
              73.888793,
              18.69526
            ],
            [
              73.888642,
              18.69926
            ],
            [
              73.88956,
              18.70026
            ],
            [
              73.889679,
              18.701843
            ],
            [
              73.892114,
              18.70226
            ],
            [
              73.890552,
              18.702549
            ],
            [
              73.890263,
              18.704013
            ],
            [
              73.889263,
              18.703849
            ],
            [
              73.888993,
              18.70126
            ],
            [
              73.887263,
              18.699649
            ],
            [
              73.884263,
              18.703189
            ],
            [
              73.884171,
              18.70126
            ],
            [
              73.88498,
              18.699977
            ],
            [
              73.884101,
              18.698098
            ],
            [
              73.887794,
              18.69726
            ],
            [
              73.887714,
              18.69426
            ],
            [
              73.885791,
              18.69226
            ],
            [
              73.887263,
              18.690776
            ],
            [
              73.888263,
              18.692704
            ],
            [
              73.88889,
              18.689887
            ],
            [
              73.890622,
              18.69026
            ],
            [
              73.890591,
              18.68526
            ],
            [
              73.889465,
              18.684057
            ],
            [
              73.888692,
              18.686689
            ],
            [
              73.886899,
              18.685896
            ],
            [
              73.885849,
              18.68726
            ],
            [
              73.886818,
              18.68826
            ],
            [
              73.886725,
              18.690722
            ],
            [
              73.885818,
              18.69026
            ],
            [
              73.885691,
              18.687831
            ],
            [
              73.884263,
              18.686869
            ],
            [
              73.882992,
              18.686989
            ],
            [
              73.883822,
              18.68826
            ],
            [
              73.883746,
              18.69126
            ],
            [
              73.882521,
              18.693518
            ],
            [
              73.880263,
              18.694595
            ],
            [
              73.878862,
              18.690859
            ],
            [
              73.881566,
              18.688563
            ],
            [
              73.881263,
              18.687829
            ],
            [
              73.879949,
              18.687946
            ],
            [
              73.878729,
              18.68926
            ],
            [
              73.878678,
              18.690675
            ],
            [
              73.877263,
              18.691605
            ],
            [
              73.876632,
              18.68889
            ],
            [
              73.874834,
              18.688831
            ],
            [
              73.873263,
              18.693032
            ],
            [
              73.872263,
              18.692716
            ],
            [
              73.872,
              18.691522
            ],
            [
              73.870056,
              18.69126
            ],
            [
              73.869683,
              18.69026
            ],
            [
              73.870263,
              18.689198
            ],
            [
              73.872748,
              18.688745
            ],
            [
              73.873263,
              18.687045
            ],
            [
              73.874263,
              18.687909
            ],
            [
              73.875263,
              18.686931
            ],
            [
              73.876263,
              18.687822
            ],
            [
              73.878587,
              18.687584
            ],
            [
              73.877792,
              18.68626
            ],
            [
              73.87879,
              18.68526
            ],
            [
              73.878708,
              18.683814
            ],
            [
              73.87696,
              18.683957
            ],
            [
              73.874263,
              18.685752
            ],
            [
              73.872263,
              18.685697
            ],
            [
              73.871263,
              18.68664
            ],
            [
              73.869263,
              18.686593
            ],
            [
              73.865992,
              18.68453
            ],
            [
              73.865792,
              18.68226
            ],
            [
              73.864615,
              18.680907
            ],
            [
              73.862173,
              18.68035
            ],
            [
              73.862673,
              18.677849
            ],
            [
              73.859792,
              18.677789
            ],
            [
              73.858661,
              18.678658
            ],
            [
              73.858263,
              18.680277
            ],
            [
              73.858119,
              18.679404
            ],
            [
              73.855672,
              18.67826
            ],
            [
              73.855861,
              18.67526
            ],
            [
              73.860744,
              18.674741
            ],
            [
              73.860911,
              18.673611
            ],
            [
              73.859953,
              18.67326
            ],
            [
              73.860263,
              18.672092
            ],
            [
              73.864263,
              18.675835
            ],
            [
              73.865043,
              18.67404
            ],
            [
              73.866498,
              18.674024
            ],
            [
              73.866687,
              18.67626
            ],
            [
              73.865738,
              18.67726
            ],
            [
              73.867546,
              18.678543
            ],
            [
              73.868876,
              18.675873
            ],
            [
              73.870673,
              18.67567
            ],
            [
              73.870672,
              18.67426
            ],
            [
              73.868922,
              18.6736
            ],
            [
              73.865804,
              18.669801
            ],
            [
              73.867525,
              18.669998
            ],
            [
              73.869263,
              18.671755
            ],
            [
              73.871628,
              18.671894
            ],
            [
              73.871995,
              18.674528
            ],
            [
              73.873263,
              18.674668
            ],
            [
              73.873918,
              18.672915
            ],
            [
              73.876475,
              18.672472
            ],
            [
              73.875598,
              18.67126
            ],
            [
              73.876263,
              18.669605
            ],
            [
              73.879702,
              18.670821
            ],
            [
              73.879945,
              18.67326
            ],
            [
              73.881263,
              18.673532
            ],
            [
              73.884459,
              18.66926
            ],
            [
              73.882488,
              18.66726
            ],
            [
              73.885398,
              18.665395
            ],
            [
              73.885263,
              18.663076
            ],
            [
              73.884263,
              18.664067
            ],
            [
              73.883263,
              18.663068
            ],
            [
              73.88287,
              18.663867
            ],
            [
              73.881126,
              18.664123
            ],
            [
              73.880833,
              18.66583
            ],
            [
              73.879263,
              18.667039
            ],
            [
              73.87611,
              18.665107
            ],
            [
              73.875781,
              18.666778
            ],
            [
              73.873263,
              18.667005
            ],
            [
              73.872082,
              18.668079
            ],
            [
              73.871962,
              18.67026
            ],
            [
              73.871263,
              18.670959
            ],
            [
              73.870563,
              18.67026
            ],
            [
              73.870532,
              18.66726
            ],
            [
              73.872263,
              18.665008
            ],
            [
              73.866037,
              18.666034
            ],
            [
              73.864874,
              18.66726
            ],
            [
              73.866451,
              18.66826
            ],
            [
              73.865745,
              18.669742
            ],
            [
              73.864871,
              18.669651
            ],
            [
              73.863835,
              18.668687
            ],
            [
              73.861514,
              18.663008
            ],
            [
              73.856728,
              18.66226
            ],
            [
              73.858554,
              18.661551
            ],
            [
              73.859263,
              18.659715
            ],
            [
              73.863263,
              18.660352
            ],
            [
              73.864263,
              18.662599
            ],
            [
              73.866263,
              18.66257
            ],
            [
              73.867464,
              18.661461
            ],
            [
              73.866552,
              18.65897
            ],
            [
              73.864486,
              18.658483
            ],
            [
              73.864263,
              18.659608
            ],
            [
              73.861389,
              18.65726
            ],
            [
              73.86291,
              18.656907
            ],
            [
              73.863663,
              18.654859
            ],
            [
              73.862263,
              18.653703
            ],
            [
              73.861631,
              18.65426
            ],
            [
              73.862459,
              18.655456
            ],
            [
              73.861263,
              18.655375
            ],
            [
              73.857263,
              18.65264
            ],
            [
              73.856263,
              18.655083
            ],
            [
              73.854473,
              18.65547
            ],
            [
              73.854263,
              18.656424
            ],
            [
              73.852019,
              18.653503
            ],
            [
              73.852902,
              18.65126
            ],
            [
              73.851658,
              18.65026
            ],
            [
              73.854081,
              18.64926
            ],
            [
              73.851611,
              18.64726
            ],
            [
              73.853912,
              18.646909
            ],
            [
              73.85413,
              18.645392
            ],
            [
              73.853408,
              18.64526
            ],
            [
              73.853907,
              18.644904
            ],
            [
              73.857857,
              18.644854
            ],
            [
              73.858208,
              18.643205
            ],
            [
              73.860334,
              18.64526
            ],
            [
              73.858727,
              18.645724
            ],
            [
              73.858802,
              18.64672
            ],
            [
              73.862328,
              18.647194
            ],
            [
              73.860737,
              18.64926
            ],
            [
              73.862263,
              18.650707
            ],
            [
              73.864263,
              18.649667
            ],
            [
              73.869483,
              18.64948
            ],
            [
              73.869613,
              18.64826
            ],
            [
              73.868655,
              18.64726
            ],
            [
              73.869263,
              18.645656
            ],
            [
              73.871684,
              18.646839
            ],
            [
              73.871938,
              18.64926
            ],
            [
              73.873062,
              18.65046
            ],
            [
              73.875454,
              18.650451
            ],
            [
              73.876553,
              18.64826
            ],
            [
              73.876499,
              18.646023
            ],
            [
              73.875518,
              18.645004
            ],
            [
              73.873846,
              18.644676
            ],
            [
              73.871661,
              18.64226
            ],
            [
              73.871862,
              18.640859
            ],
            [
              73.873633,
              18.64126
            ],
            [
              73.872575,
              18.636947
            ],
            [
              73.869263,
              18.63845
            ],
            [
              73.866369,
              18.63826
            ],
            [
              73.868263,
              18.638087
            ],
            [
              73.870707,
              18.636704
            ],
            [
              73.871822,
              18.63426
            ],
            [
              73.871263,
              18.633619
            ],
            [
              73.868263,
              18.633423
            ],
            [
              73.868144,
              18.632378
            ],
            [
              73.867013,
              18.63226
            ],
            [
              73.868263,
              18.631641
            ],
            [
              73.868583,
              18.632939
            ],
            [
              73.869263,
              18.633024
            ],
            [
              73.869968,
              18.63226
            ],
            [
              73.86616,
              18.62926
            ],
            [
              73.866055,
              18.628052
            ],
            [
              73.867263,
              18.626655
            ],
            [
              73.868263,
              18.627447
            ],
            [
              73.870671,
              18.626668
            ],
            [
              73.871263,
              18.624323
            ],
            [
              73.87261,
              18.624912
            ],
            [
              73.872727,
              18.62726
            ],
            [
              73.873561,
              18.627558
            ],
            [
              73.873371,
              18.62426
            ],
            [
              73.874263,
              18.622777
            ],
            [
              73.874857,
              18.62326
            ],
            [
              73.874298,
              18.623295
            ],
            [
              73.874532,
              18.62626
            ],
            [
              73.875583,
              18.62726
            ],
            [
              73.876263,
              18.630808
            ],
            [
              73.879263,
              18.62801
            ],
            [
              73.88475,
              18.62826
            ],
            [
              73.884635,
              18.631632
            ],
            [
              73.883903,
              18.63126
            ],
            [
              73.883939,
              18.628583
            ],
            [
              73.880263,
              18.628493
            ],
            [
              73.875796,
              18.63326
            ],
            [
              73.882527,
              18.63426
            ],
            [
              73.882446,
              18.635443
            ],
            [
              73.881263,
              18.634566
            ],
            [
              73.879263,
              18.634659
            ],
            [
              73.878263,
              18.635687
            ],
            [
              73.877263,
              18.63473
            ],
            [
              73.875844,
              18.63526
            ],
            [
              73.876024,
              18.638498
            ],
            [
              73.879728,
              18.641794
            ],
            [
              73.880072,
              18.64345
            ],
            [
              73.881263,
              18.644537
            ],
            [
              73.884586,
              18.64326
            ],
            [
              73.882664,
              18.63926
            ],
            [
              73.883161,
              18.636158
            ],
            [
              73.884221,
              18.63626
            ],
            [
              73.883489,
              18.63726
            ],
            [
              73.884703,
              18.637819
            ],
            [
              73.885015,
              18.640507
            ],
            [
              73.886657,
              18.63926
            ],
            [
              73.886718,
              18.63626
            ],
            [
              73.884808,
              18.63426
            ],
            [
              73.884874,
              18.631871
            ],
            [
              73.88553,
              18.631992
            ],
            [
              73.885905,
              18.633618
            ],
            [
              73.886609,
              18.633606
            ],
            [
              73.887845,
              18.63226
            ],
            [
              73.888263,
              18.628984
            ],
            [
              73.888716,
              18.63326
            ],
            [
              73.887755,
              18.63426
            ],
            [
              73.887896,
              18.64226
            ],
            [
              73.88692,
              18.64326
            ],
            [
              73.887263,
              18.644602
            ],
            [
              73.889508,
              18.643505
            ],
            [
              73.889861,
              18.641858
            ],
            [
              73.891705,
              18.64026
            ],
            [
              73.890748,
              18.63926
            ],
            [
              73.890924,
              18.637921
            ],
            [
              73.894637,
              18.637634
            ],
            [
              73.895007,
              18.63426
            ],
            [
              73.896086,
              18.63326
            ],
            [
              73.896263,
              18.631526
            ],
            [
              73.89668,
              18.633842
            ],
            [
              73.899872,
              18.63426
            ],
            [
              73.900812,
              18.63871
            ],
            [
              73.903627,
              18.638624
            ],
            [
              73.905263,
              18.637594
            ],
            [
              73.905562,
              18.64026
            ],
            [
              73.906263,
              18.640889
            ],
            [
              73.90789,
              18.64026
            ],
            [
              73.907868,
              18.637654
            ],
            [
              73.905971,
              18.637551
            ],
            [
              73.90609,
              18.63726
            ],
            [
              73.907089,
              18.637086
            ],
            [
              73.907263,
              18.634945
            ],
            [
              73.909263,
              18.635948
            ],
            [
              73.908374,
              18.636371
            ],
            [
              73.908755,
              18.64426
            ],
            [
              73.907823,
              18.64626
            ],
            [
              73.909609,
              18.646914
            ],
            [
              73.909775,
              18.64826
            ],
            [
              73.908002,
              18.649999
            ],
            [
              73.908034,
              18.651488
            ],
            [
              73.909263,
              18.650623
            ],
            [
              73.910035,
              18.652487
            ],
            [
              73.912521,
              18.652518
            ],
            [
              73.912946,
              18.649943
            ],
            [
              73.914802,
              18.64826
            ],
            [
              73.914974,
              18.64426
            ],
            [
              73.914263,
              18.643471
            ],
            [
              73.912263,
              18.644261
            ],
            [
              73.912415,
              18.64326
            ],
            [
              73.916263,
              18.642483
            ],
            [
              73.917357,
              18.64326
            ],
            [
              73.917817,
              18.646705
            ],
            [
              73.919901,
              18.645898
            ],
            [
              73.920263,
              18.644663
            ],
            [
              73.921263,
              18.644156
            ],
            [
              73.921568,
              18.645954
            ],
            [
              73.924263,
              18.645556
            ],
            [
              73.925474,
              18.648048
            ],
            [
              73.926556,
              18.64826
            ],
            [
              73.922263,
              18.648576
            ],
            [
              73.917928,
              18.650925
            ],
            [
              73.915962,
              18.652959
            ],
            [
              73.915634,
              18.654631
            ],
            [
              73.913263,
              18.656866
            ],
            [
              73.908263,
              18.656934
            ],
            [
              73.907045,
              18.656042
            ],
            [
              73.90669,
              18.657687
            ],
            [
              73.904965,
              18.65926
            ],
            [
              73.906263,
              18.660591
            ],
            [
              73.907263,
              18.659683
            ],
            [
              73.908644,
              18.659878
            ],
            [
              73.908993,
              18.661529
            ],
            [
              73.910263,
              18.662698
            ],
            [
              73.910795,
              18.66026
            ],
            [
              73.911635,
              18.659887
            ],
            [
              73.912769,
              18.662753
            ],
            [
              73.914263,
              18.662765
            ],
            [
              73.914726,
              18.661796
            ],
            [
              73.913077,
              18.661445
            ],
            [
              73.912915,
              18.66026
            ],
            [
              73.914051,
              18.660048
            ],
            [
              73.915174,
              18.658171
            ],
            [
              73.916263,
              18.659978
            ],
            [
              73.918263,
              18.659117
            ],
            [
              73.920401,
              18.66026
            ],
            [
              73.917632,
              18.66226
            ],
            [
              73.919263,
              18.664749
            ],
            [
              73.919685,
              18.667837
            ],
            [
              73.921904,
              18.667901
            ],
            [
              73.922263,
              18.66653
            ],
            [
              73.924437,
              18.668085
            ],
            [
              73.924263,
              18.668741
            ],
            [
              73.922617,
              18.668614
            ],
            [
              73.922751,
              18.67126
            ],
            [
              73.921562,
              18.671559
            ],
            [
              73.921263,
              18.673008
            ],
            [
              73.92102,
              18.672502
            ],
            [
              73.919768,
              18.672765
            ],
            [
              73.919694,
              18.673828
            ],
            [
              73.920827,
              18.67426
            ],
            [
              73.920491,
              18.67626
            ],
            [
              73.918733,
              18.672789
            ],
            [
              73.915263,
              18.671778
            ],
            [
              73.914263,
              18.672803
            ],
            [
              73.909025,
              18.674022
            ],
            [
              73.906931,
              18.67626
            ],
            [
              73.908263,
              18.67764
            ],
            [
              73.910263,
              18.676681
            ],
            [
              73.910841,
              18.67726
            ],
            [
              73.910838,
              18.67926
            ],
            [
              73.908999,
              18.679996
            ],
            [
              73.908847,
              18.68126
            ],
            [
              73.910465,
              18.682057
            ],
            [
              73.910873,
              18.68465
            ],
            [
              73.914263,
              18.683134
            ],
            [
              73.914581,
              18.684941
            ],
            [
              73.915414,
              18.68526
            ],
            [
              73.912826,
              18.684823
            ],
            [
              73.912883,
              18.686639
            ],
            [
              73.91494,
              18.68826
            ],
            [
              73.913263,
              18.688624
            ],
            [
              73.912263,
              18.687696
            ],
            [
              73.911631,
              18.688628
            ],
            [
              73.912867,
              18.690655
            ],
            [
              73.914263,
              18.691453
            ],
            [
              73.915263,
              18.690561
            ],
            [
              73.916263,
              18.691517
            ],
            [
              73.916263,
              18.695872
            ],
            [
              73.913263,
              18.695156
            ],
            [
              73.912493,
              18.69726
            ],
            [
              73.911263,
              18.697528
            ],
            [
              73.911313,
              18.697209
            ],
            [
              73.912161,
              18.697158
            ],
            [
              73.912126,
              18.69626
            ],
            [
              73.910235,
              18.695232
            ],
            [
              73.910932,
              18.69326
            ],
            [
              73.910263,
              18.690738
            ],
            [
              73.908701,
              18.69226
            ],
            [
              73.909622,
              18.69326
            ],
            [
              73.909263,
              18.694048
            ],
            [
              73.907263,
              18.693684
            ],
            [
              73.906591,
              18.69426
            ],
            [
              73.906168,
              18.697354
            ],
            [
              73.905757,
              18.694765
            ],
            [
              73.903207,
              18.694204
            ],
            [
              73.90494,
              18.693937
            ],
            [
              73.905045,
              18.692042
            ],
            [
              73.906635,
              18.691632
            ],
            [
              73.906698,
              18.68826
            ],
            [
              73.906263,
              18.687857
            ],
            [
              73.904263,
              18.688818
            ],
            [
              73.903263,
              18.687831
            ],
            [
              73.902646,
              18.689643
            ],
            [
              73.900822,
              18.69126
            ],
            [
              73.900935,
              18.692587
            ],
            [
              73.902709,
              18.69326
            ],
            [
              73.900741,
              18.69426
            ],
            [
              73.902595,
              18.694927
            ],
            [
              73.902526,
              18.695523
            ],
            [
              73.900263,
              18.695712
            ],
            [
              73.899601,
              18.693921
            ],
            [
              73.897263,
              18.693767
            ],
            [
              73.895727,
              18.69626
            ],
            [
              73.895589,
              18.701933
            ],
            [
              73.897081,
              18.70326
            ],
            [
              73.896263,
              18.703826
            ]
          ]
        ],
        "type": "Polygon"
      },
      "type": "Feature"
    },
    {
      "properties": {
        "fill-opacity": 0.33,
        "fillColor": "#bf4040",
        "opacity": 0.33,
        "fill": "#bf4040",
        "fillOpacity": 0.33,
        "color": "#bf4040",
        "contour": 6.0,
        "metric": "distance",
        "provider_name": "Domino's Pizza",
        "zone_type": "distance",
        "distance_km": 6,
        "mode": "motorcycle",
        "center_lat": 18.66426,
        "center_lon": 73.888263,
        "label": "6km"
      },
      "geometry": {
        "coordinates": [
          [
            [
              73.882263,
              18.709474
            ],
            [
              73.882214,
              18.70826
            ],
            [
              73.881016,
              18.70726
            ],
            [
              73.880876,
              18.70426
            ],
            [
              73.881956,
              18.702953
            ],
            [
              73.883591,
              18.702588
            ],
            [
              73.884557,
              18.700554
            ],
            [
              73.883883,
              18.69788
            ],
            [
              73.887609,
              18.69726
            ],
            [
              73.887574,
              18.69426
            ],
            [
              73.885608,
              18.69226
            ],
            [
              73.886611,
              18.690911
            ],
            [
              73.88562,
              18.69026
            ],
            [
              73.885563,
              18.68796
            ],
            [
              73.884263,
              18.686979
            ],
            [
              73.88307,
              18.687067
            ],
            [
              73.883957,
              18.68826
            ],
            [
              73.883922,
              18.69126
            ],
            [
              73.881263,
              18.694863
            ],
            [
              73.879862,
              18.69466
            ],
            [
              73.878634,
              18.690888
            ],
            [
              73.87686,
              18.691663
            ],
            [
              73.8765,
              18.689022
            ],
            [
              73.875002,
              18.688999
            ],
            [
              73.874807,
              18.69126
            ],
            [
              73.87378,
              18.69226
            ],
            [
              73.87475,
              18.69326
            ],
            [
              73.874263,
              18.696651
            ],
            [
              73.873607,
              18.693915
            ],
            [
              73.87194,
              18.693583
            ],
            [
              73.871263,
              18.691779
            ],
            [
              73.869263,
              18.692711
            ],
            [
              73.865821,
              18.692818
            ],
            [
              73.865722,
              18.6938
            ],
            [
              73.867302,
              18.69422
            ],
            [
              73.867686,
              18.69526
            ],
            [
              73.86724,
              18.695282
            ],
            [
              73.86713,
              18.694392
            ],
            [
              73.865263,
              18.694464
            ],
            [
              73.864263,
              18.693528
            ],
            [
              73.860771,
              18.69326
            ],
            [
              73.862909,
              18.692906
            ],
            [
              73.863193,
              18.691329
            ],
            [
              73.862661,
              18.69126
            ],
            [
              73.863263,
              18.69105
            ],
            [
              73.864263,
              18.692991
            ],
            [
              73.864989,
              18.691986
            ],
            [
              73.867263,
              18.691845
            ],
            [
              73.869919,
              18.688916
            ],
            [
              73.872544,
              18.688541
            ],
            [
              73.873263,
              18.686699
            ],
            [
              73.874263,
              18.687653
            ],
            [
              73.875263,
              18.686661
            ],
            [
              73.876263,
              18.68762
            ],
            [
              73.878263,
              18.687594
            ],
            [
              73.877609,
              18.68626
            ],
            [
              73.878608,
              18.68526
            ],
            [
              73.878571,
              18.683951
            ],
            [
              73.877054,
              18.684051
            ],
            [
              73.874263,
              18.685923
            ],
            [
              73.872263,
              18.6859
            ],
            [
              73.871263,
              18.686877
            ],
            [
              73.869263,
              18.68686
            ],
            [
              73.865844,
              18.684678
            ],
            [
              73.865609,
              18.68226
            ],
            [
              73.864493,
              18.681029
            ],
            [
              73.861905,
              18.680617
            ],
            [
              73.862263,
              18.677892
            ],
            [
              73.859987,
              18.677984
            ],
            [
              73.858782,
              18.67926
            ],
            [
              73.858263,
              18.681621
            ],
            [
              73.856804,
              18.68126
            ],
            [
              73.857762,
              18.68026
            ],
            [
              73.857263,
              18.679322
            ],
            [
              73.856282,
              18.680279
            ],
            [
              73.853861,
              18.679858
            ],
            [
              73.85357,
              18.681952
            ],
            [
              73.85429,
              18.682232
            ],
            [
              73.854263,
              18.68326
            ],
            [
              73.853263,
              18.683628
            ],
            [
              73.851075,
              18.68326
            ],
            [
              73.851504,
              18.68126
            ],
            [
              73.850263,
              18.679586
            ],
            [
              73.848263,
              18.681444
            ],
            [
              73.847359,
              18.68126
            ],
            [
              73.846361,
              18.67926
            ],
            [
              73.847394,
              18.67726
            ],
            [
              73.84893,
              18.676927
            ],
            [
              73.849263,
              18.673894
            ],
            [
              73.84969,
              18.675832
            ],
            [
              73.850725,
              18.675722
            ],
            [
              73.850725,
              18.673722
            ],
            [
              73.852793,
              18.67279
            ],
            [
              73.853413,
              18.67026
            ],
            [
              73.855302,
              18.67022
            ],
            [
              73.856263,
              18.671748
            ],
            [
              73.857263,
              18.669
            ],
            [
              73.858263,
              18.670814
            ],
            [
              73.862696,
              18.670693
            ],
            [
              73.863542,
              18.66726
            ],
            [
              73.861445,
              18.663077
            ],
            [
              73.857263,
              18.662942
            ],
            [
              73.85658,
              18.66226
            ],
            [
              73.858465,
              18.661462
            ],
            [
              73.858804,
              18.659801
            ],
            [
              73.860575,
              18.659572
            ],
            [
              73.860932,
              18.656929
            ],
            [
              73.862563,
              18.65656
            ],
            [
              73.8627,
              18.655822
            ],
            [
              73.860909,
              18.655613
            ],
            [
              73.85953,
              18.653992
            ],
            [
              73.857263,
              18.652877
            ],
            [
              73.85682,
              18.65426
            ],
            [
              73.857653,
              18.65565
            ],
            [
              73.856734,
              18.65626
            ],
            [
              73.857263,
              18.656888
            ],
            [
              73.858435,
              18.656087
            ],
            [
              73.858465,
              18.658462
            ],
            [
              73.856263,
              18.659537
            ],
            [
              73.855949,
              18.658573
            ],
            [
              73.853263,
              18.658517
            ],
            [
              73.852263,
              18.65964
            ],
            [
              73.850629,
              18.652893
            ],
            [
              73.849436,
              18.65326
            ],
            [
              73.849263,
              18.655127
            ],
            [
              73.845644,
              18.65126
            ],
            [
              73.844485,
              18.648037
            ],
            [
              73.84253,
              18.64826
            ],
            [
              73.846166,
              18.643163
            ],
            [
              73.847263,
              18.643815
            ],
            [
              73.848263,
              18.642988
            ],
            [
              73.848563,
              18.643959
            ],
            [
              73.849843,
              18.64384
            ],
            [
              73.850263,
              18.639562
            ],
            [
              73.851978,
              18.64226
            ],
            [
              73.851937,
              18.64326
            ],
            [
              73.850606,
              18.64426
            ],
            [
              73.850905,
              18.646617
            ],
            [
              73.853568,
              18.646565
            ],
            [
              73.85245,
              18.64326
            ],
            [
              73.853955,
              18.641953
            ],
            [
              73.855541,
              18.642981
            ],
            [
              73.855929,
              18.644593
            ],
            [
              73.85756,
              18.644557
            ],
            [
              73.856632,
              18.64189
            ],
            [
              73.854889,
              18.641633
            ],
            [
              73.855263,
              18.640892
            ],
            [
              73.857263,
              18.640819
            ],
            [
              73.857924,
              18.642598
            ],
            [
              73.860781,
              18.64526
            ],
            [
              73.858973,
              18.64597
            ],
            [
              73.85899,
              18.646532
            ],
            [
              73.862788,
              18.64726
            ],
            [
              73.860918,
              18.64926
            ],
            [
              73.86205,
              18.650472
            ],
            [
              73.863263,
              18.650558
            ],
            [
              73.864263,
              18.649549
            ],
            [
              73.869428,
              18.649425
            ],
            [
              73.869522,
              18.64826
            ],
            [
              73.868544,
              18.64726
            ],
            [
              73.869263,
              18.645544
            ],
            [
              73.87175,
              18.646772
            ],
            [
              73.872017,
              18.64926
            ],
            [
              73.873108,
              18.650414
            ],
            [
              73.875411,
              18.650408
            ],
            [
              73.876487,
              18.64826
            ],
            [
              73.876493,
              18.64626
            ],
            [
              73.872777,
              18.643745
            ],
            [
              73.872542,
              18.64198
            ],
            [
              73.871548,
              18.64126
            ],
            [
              73.872263,
              18.640545
            ],
            [
              73.872983,
              18.641539
            ],
            [
              73.873533,
              18.64126
            ],
            [
              73.872263,
              18.636886
            ],
            [
              73.869263,
              18.638812
            ],
            [
              73.863855,
              18.639852
            ],
            [
              73.863263,
              18.642446
            ],
            [
              73.861263,
              18.642357
            ],
            [
              73.860267,
              18.64126
            ],
            [
              73.86093,
              18.64026
            ],
            [
              73.861257,
              18.634255
            ],
            [
              73.862263,
              18.634176
            ],
            [
              73.862492,
              18.63503
            ],
            [
              73.863387,
              18.635135
            ],
            [
              73.863623,
              18.63826
            ],
            [
              73.864263,
              18.638825
            ],
            [
              73.870529,
              18.636526
            ],
            [
              73.871626,
              18.63526
            ],
            [
              73.871513,
              18.634009
            ],
            [
              73.868263,
              18.633804
            ],
            [
              73.865944,
              18.632578
            ],
            [
              73.864864,
              18.630861
            ],
            [
              73.86676,
              18.630762
            ],
            [
              73.867263,
              18.631753
            ],
            [
              73.867771,
              18.63126
            ],
            [
              73.866263,
              18.62977
            ],
            [
              73.860571,
              18.63126
            ],
            [
              73.860049,
              18.630046
            ],
            [
              73.860263,
              18.629398
            ],
            [
              73.860321,
              18.630201
            ],
            [
              73.861263,
              18.630112
            ],
            [
              73.861754,
              18.628768
            ],
            [
              73.860555,
              18.628552
            ],
            [
              73.860263,
              18.629238
            ],
            [
              73.858263,
              18.628536
            ],
            [
              73.857056,
              18.62626
            ],
            [
              73.857238,
              18.62426
            ],
            [
              73.860161,
              18.622158
            ],
            [
              73.862792,
              18.62426
            ],
            [
              73.863055,
              18.62326
            ],
            [
              73.865201,
              18.62226
            ],
            [
              73.866588,
              18.62026
            ],
            [
              73.869875,
              18.61826
            ],
            [
              73.873558,
              18.617555
            ],
            [
              73.873549,
              18.615973
            ],
            [
              73.872477,
              18.61526
            ],
            [
              73.873263,
              18.61426
            ],
            [
              73.877263,
              18.616424
            ],
            [
              73.879263,
              18.618676
            ],
            [
              73.879372,
              18.621369
            ],
            [
              73.875263,
              18.621691
            ],
            [
              73.874747,
              18.62226
            ],
            [
              73.876581,
              18.62326
            ],
            [
              73.874617,
              18.62426
            ],
            [
              73.87484,
              18.62626
            ],
            [
              73.875858,
              18.62726
            ],
            [
              73.876029,
              18.630493
            ],
            [
              73.879263,
              18.627688
            ],
            [
              73.884263,
              18.627713
            ],
            [
              73.888757,
              18.625754
            ],
            [
              73.889178,
              18.624175
            ],
            [
              73.890522,
              18.62326
            ],
            [
              73.890333,
              18.62433
            ],
            [
              73.889545,
              18.624542
            ],
            [
              73.889421,
              18.626418
            ],
            [
              73.885879,
              18.627876
            ],
            [
              73.884836,
              18.62926
            ],
            [
              73.88488,
              18.631642
            ],
            [
              73.88568,
              18.631843
            ],
            [
              73.886263,
              18.633599
            ],
            [
              73.887631,
              18.63226
            ],
            [
              73.887876,
              18.628873
            ],
            [
              73.888843,
              18.62926
            ],
            [
              73.888909,
              18.63326
            ],
            [
              73.887926,
              18.63426
            ],
            [
              73.887994,
              18.64226
            ],
            [
              73.887007,
              18.64326
            ],
            [
              73.887263,
              18.644515
            ],
            [
              73.889442,
              18.643439
            ],
            [
              73.889785,
              18.641782
            ],
            [
              73.891569,
              18.64026
            ],
            [
              73.890589,
              18.63926
            ],
            [
              73.890816,
              18.637813
            ],
            [
              73.894502,
              18.637499
            ],
            [
              73.896263,
              18.628834
            ],
            [
              73.898768,
              18.62926
            ],
            [
              73.896722,
              18.63026
            ],
            [
              73.896966,
              18.633556
            ],
            [
              73.897591,
              18.633588
            ],
            [
              73.898263,
              18.631782
            ],
            [
              73.900681,
              18.631841
            ],
            [
              73.901059,
              18.633463
            ],
            [
              73.902713,
              18.634809
            ],
            [
              73.904263,
              18.634965
            ],
            [
              73.906582,
              18.636579
            ],
            [
              73.906715,
              18.630807
            ],
            [
              73.902996,
              18.63026
            ],
            [
              73.904107,
              18.62926
            ],
            [
              73.904263,
              18.62711
            ],
            [
              73.905296,
              18.627226
            ],
            [
              73.906263,
              18.629024
            ],
            [
              73.908263,
              18.626135
            ],
            [
              73.908432,
              18.62826
            ],
            [
              73.90752,
              18.62926
            ],
            [
              73.90771,
              18.63326
            ],
            [
              73.908913,
              18.634609
            ],
            [
              73.910263,
              18.634819
            ],
            [
              73.913263,
              18.633016
            ],
            [
              73.916216,
              18.633213
            ],
            [
              73.916263,
              18.632192
            ],
            [
              73.917138,
              18.63226
            ],
            [
              73.916391,
              18.632388
            ],
            [
              73.916323,
              18.63332
            ],
            [
              73.914263,
              18.633487
            ],
            [
              73.908878,
              18.636875
            ],
            [
              73.908926,
              18.64426
            ],
            [
              73.907957,
              18.64626
            ],
            [
              73.909713,
              18.646809
            ],
            [
              73.909935,
              18.64826
            ],
            [
              73.908075,
              18.650072
            ],
            [
              73.908093,
              18.65143
            ],
            [
              73.909263,
              18.650526
            ],
            [
              73.910093,
              18.652429
            ],
            [
              73.912449,
              18.652446
            ],
            [
              73.912825,
              18.649822
            ],
            [
              73.914613,
              18.64826
            ],
            [
              73.91455,
              18.643973
            ],
            [
              73.912263,
              18.64476
            ],
            [
              73.911933,
              18.64293
            ],
            [
              73.915263,
              18.642695
            ],
            [
              73.916263,
              18.641774
            ],
            [
              73.917787,
              18.64326
            ],
            [
              73.917996,
              18.646527
            ],
            [
              73.919562,
              18.645559
            ],
            [
              73.919791,
              18.64426
            ],
            [
              73.91899,
              18.642987
            ],
            [
              73.921827,
              18.64226
            ],
            [
              73.919968,
              18.64026
            ],
            [
              73.920263,
              18.636926
            ],
            [
              73.92277,
              18.63726
            ],
            [
              73.922661,
              18.64126
            ],
            [
              73.923263,
              18.641884
            ],
            [
              73.924263,
              18.642022
            ],
            [
              73.924997,
              18.64126
            ],
            [
              73.925044,
              18.639478
            ],
            [
              73.92421,
              18.639312
            ],
            [
              73.924263,
              18.638496
            ],
            [
              73.92533,
              18.639192
            ],
            [
              73.925528,
              18.64126
            ],
            [
              73.926516,
              18.64226
            ],
            [
              73.925676,
              18.64426
            ],
            [
              73.925941,
              18.647581
            ],
            [
              73.928263,
              18.647827
            ],
            [
              73.929263,
              18.64691
            ],
            [
              73.930804,
              18.646801
            ],
            [
              73.931263,
              18.644605
            ],
            [
              73.932263,
              18.644915
            ],
            [
              73.931415,
              18.645412
            ],
            [
              73.931409,
              18.647406
            ],
            [
              73.928686,
              18.64926
            ],
            [
              73.929887,
              18.65026
            ],
            [
              73.929965,
              18.651557
            ],
            [
              73.932218,
              18.65326
            ],
            [
              73.931263,
              18.65407
            ],
            [
              73.928729,
              18.651793
            ],
            [
              73.927008,
              18.651514
            ],
            [
              73.925592,
              18.64893
            ],
            [
              73.922263,
              18.648854
            ],
            [
              73.91804,
              18.651037
            ],
            [
              73.913741,
              18.656738
            ],
            [
              73.908263,
              18.657014
            ],
            [
              73.907263,
              18.656022
            ],
            [
              73.906753,
              18.65775
            ],
            [
              73.905033,
              18.65926
            ],
            [
              73.906263,
              18.660509
            ],
            [
              73.907263,
              18.659557
            ],
            [
              73.908729,
              18.659793
            ],
            [
              73.909071,
              18.661451
            ],
            [
              73.910263,
              18.662564
            ],
            [
              73.910828,
              18.659825
            ],
            [
              73.913263,
              18.65975
            ],
            [
              73.915263,
              18.657724
            ],
            [
              73.916263,
              18.659678
            ],
            [
              73.917263,
              18.658702
            ],
            [
              73.920806,
              18.65826
            ],
            [
              73.922633,
              18.65926
            ],
            [
              73.921394,
              18.659391
            ],
            [
              73.921683,
              18.660839
            ],
            [
              73.924136,
              18.661133
            ],
            [
              73.924589,
              18.66026
            ],
            [
              73.923872,
              18.66465
            ],
            [
              73.925263,
              18.665428
            ],
            [
              73.926039,
              18.665036
            ],
            [
              73.927124,
              18.66326
            ],
            [
              73.926654,
              18.66226
            ],
            [
              73.927263,
              18.662033
            ],
            [
              73.928811,
              18.665711
            ],
            [
              73.932427,
              18.665095
            ],
            [
              73.933856,
              18.66626
            ],
            [
              73.930764,
              18.666761
            ],
            [
              73.929479,
              18.66926
            ],
            [
              73.930201,
              18.67026
            ],
            [
              73.929263,
              18.671822
            ],
            [
              73.928864,
              18.669658
            ],
            [
              73.927684,
              18.669681
            ],
            [
              73.927263,
              18.671916
            ],
            [
              73.925666,
              18.669856
            ],
            [
              73.923791,
              18.669731
            ],
            [
              73.92296,
              18.668957
            ],
            [
              73.923749,
              18.67126
            ],
            [
              73.921952,
              18.671949
            ],
            [
              73.921748,
              18.67326
            ],
            [
              73.922883,
              18.675639
            ],
            [
              73.924464,
              18.675058
            ],
            [
              73.924595,
              18.676592
            ],
            [
              73.921906,
              18.676903
            ],
            [
              73.921657,
              18.67926
            ],
            [
              73.920452,
              18.681449
            ],
            [
              73.91861,
              18.681607
            ],
            [
              73.918263,
              18.682802
            ],
            [
              73.918152,
              18.681149
            ],
            [
              73.920829,
              18.67826
            ],
            [
              73.918538,
              18.672984
            ],
            [
              73.916263,
              18.672759
            ],
            [
              73.915263,
              18.671935
            ],
            [
              73.911263,
              18.673976
            ],
            [
              73.909263,
              18.673992
            ],
            [
              73.907014,
              18.67626
            ],
            [
              73.908263,
              18.677535
            ],
            [
              73.910263,
              18.676556
            ],
            [
              73.910966,
              18.67726
            ],
            [
              73.910964,
              18.67926
            ],
            [
              73.909074,
              18.680071
            ],
            [
              73.908962,
              18.68156
            ],
            [
              73.910656,
              18.681866
            ],
            [
              73.911017,
              18.684506
            ],
            [
              73.914263,
              18.682726
            ],
            [
              73.915263,
              18.684727
            ],
            [
              73.917042,
              18.685039
            ],
            [
              73.917236,
              18.684233
            ],
            [
              73.918059,
              18.68426
            ],
            [
              73.917345,
              18.684342
            ],
            [
              73.917334,
              18.685331
            ],
            [
              73.915592,
              18.68626
            ],
            [
              73.915859,
              18.687663
            ],
            [
              73.918589,
              18.68826
            ],
            [
              73.918543,
              18.69054
            ],
            [
              73.916746,
              18.69126
            ],
            [
              73.916782,
              18.69526
            ],
            [
              73.918531,
              18.695991
            ],
            [
              73.920263,
              18.697964
            ],
            [
              73.92119,
              18.696187
            ],
            [
              73.923263,
              18.695777
            ],
            [
              73.923304,
              18.697301
            ],
            [
              73.921502,
              18.69826
            ],
            [
              73.922393,
              18.69926
            ],
            [
              73.922443,
              18.701079
            ],
            [
              73.923228,
              18.70126
            ],
            [
              73.92285,
              18.701847
            ],
            [
              73.919122,
              18.701401
            ],
            [
              73.918263,
              18.698655
            ],
            [
              73.916263,
              18.699568
            ],
            [
              73.915263,
              18.698649
            ],
            [
              73.914631,
              18.69926
            ],
            [
              73.915499,
              18.700023
            ],
            [
              73.91537,
              18.70226
            ],
            [
              73.91434,
              18.702337
            ],
            [
              73.913263,
              18.704208
            ],
            [
              73.912716,
              18.699806
            ],
            [
              73.911858,
              18.699855
            ],
            [
              73.910462,
              18.702459
            ],
            [
              73.909964,
              18.70226
            ],
            [
              73.909853,
              18.69926
            ],
            [
              73.908908,
              18.69826
            ],
            [
              73.910263,
              18.697894
            ],
            [
              73.911726,
              18.69626
            ],
            [
              73.909926,
              18.695596
            ],
            [
              73.908545,
              18.693977
            ],
            [
              73.907007,
              18.694004
            ],
            [
              73.906263,
              18.697798
            ],
            [
              73.905263,
              18.6948
            ],
            [
              73.902836,
              18.694833
            ],
            [
              73.902263,
              18.695883
            ],
            [
              73.900263,
              18.695906
            ],
            [
              73.899487,
              18.694035
            ],
            [
              73.897263,
              18.69393
            ],
            [
              73.895914,
              18.69626
            ],
            [
              73.895827,
              18.70126
            ],
            [
              73.897759,
              18.70326
            ],
            [
              73.897707,
              18.70526
            ],
            [
              73.896263,
              18.706667
            ],
            [
              73.894263,
              18.706549
            ],
            [
              73.89407,
              18.706067
            ],
            [
              73.895666,
              18.705663
            ],
            [
              73.895777,
              18.70426
            ],
            [
              73.89381,
              18.70126
            ],
            [
              73.89365,
              18.698872
            ],
            [
              73.891621,
              18.69726
            ],
            [
              73.891588,
              18.69526
            ],
            [
              73.890263,
              18.692974
            ],
            [
              73.888943,
              18.69526
            ],
            [
              73.88888,
              18.69926
            ],
            [
              73.889969,
              18.701553
            ],
            [
              73.892593,
              18.701929
            ],
            [
              73.892593,
              18.70259
            ],
            [
              73.890787,
              18.70326
            ],
            [
              73.892672,
              18.70626
            ],
            [
              73.890984,
              18.706539
            ],
            [
              73.890263,
              18.704751
            ],
            [
              73.889652,
              18.70726
            ],
            [
              73.889003,
              18.707519
            ],
            [
              73.888685,
              18.70126
            ],
            [
              73.887263,
              18.699881
            ],
            [
              73.885982,
              18.700979
            ],
            [
              73.885624,
              18.702621
            ],
            [
              73.881628,
              18.70526
            ],
            [
              73.882405,
              18.708117
            ],
            [
              73.883381,
              18.70826
            ],
            [
              73.882366,
              18.708363
            ],
            [
              73.882263,
              18.709474
            ]
          ]
        ],
        "type": "Polygon"
      },
      "type": "Feature"
    }
  ]
}