{
  "type": "FeatureCollection",
  "metadata": {
    "provider_name": "Meat And Eat",
    "center_lat": 12.4858148,
    "center_lon": 78.5619844,
    "mode": "motorcycle",
    "total_zones": 4,
    "distance_zones": [
      3,
      4,
      5,
      6
    ],
    "generated_at": "2025-12-24T09:03:06.249565Z"
  },
  "features": [
    {
      "properties": {
        "fill-opacity": 0.33,
        "fillColor": "#bf4040",
        "opacity": 0.33,
        "fill": "#bf4040",
        "fillOpacity": 0.33,
        "color": "#bf4040",
        "contour": 3.0,
        "metric": "distance",
        "provider_name": "Meat And Eat",
        "zone_type": "distance",
        "distance_km": 3,
        "mode": "motorcycle",
        "center_lat": 12.4858148,
        "center_lon": 78.5619844,
        "label": "3km"
      },
      "geometry": {
        "coordinates": [
          [
            [
              78.570984,
              12.505909
            ],
            [
              78.569818,
              12.50598
            ],
            [
              78.568984,
              12.504066
            ],
            [
              78.566206,
              12.503814
            ],
            [
              78.569453,
              12.503283
            ],
            [
              78.56938,
              12.501418
            ],
            [
              78.56656,
              12.501391
            ],
            [
              78.565984,
              12.503743
            ],
            [
              78.564984,
              12.502429
            ],
            [
              78.563715,
              12.502083
            ],
            [
              78.563637,
              12.499814
            ],
            [
              78.561984,
              12.498255
            ],
            [
              78.560137,
              12.502967
            ],
            [
              78.557984,
              12.502308
            ],
            [
              78.558389,
              12.500814
            ],
            [
              78.557088,
              12.499814
            ],
            [
              78.558462,
              12.499293
            ],
            [
              78.559545,
              12.497814
            ],
            [
              78.559314,
              12.496485
            ],
            [
              78.557984,
              12.49534
            ],
            [
              78.556446,
              12.495814
            ],
            [
              78.556984,
              12.499725
            ],
            [
              78.554984,
              12.499949
            ],
            [
              78.553984,
              12.499086
            ],
            [
              78.552984,
              12.500736
            ],
            [
              78.550984,
              12.499407
            ],
            [
              78.549461,
              12.499337
            ],
            [
              78.549984,
              12.496898
            ],
            [
              78.550091,
              12.497708
            ],
            [
              78.551984,
              12.497552
            ],
            [
              78.553414,
              12.496244
            ],
            [
              78.55364,
              12.493814
            ],
            [
              78.552672,
              12.492814
            ],
            [
              78.553625,
              12.491814
            ],
            [
              78.550643,
              12.490155
            ],
            [
              78.547984,
              12.486395
            ],
            [
              78.54651,
              12.486814
            ],
            [
              78.548373,
              12.489814
            ],
            [
              78.54824,
              12.49207
            ],
            [
              78.547252,
              12.492814
            ],
            [
              78.548984,
              12.493874
            ],
            [
              78.544929,
              12.493869
            ],
            [
              78.545757,
              12.493587
            ],
            [
              78.545489,
              12.492309
            ],
            [
              78.543984,
              12.491091
            ],
            [
              78.542984,
              12.491706
            ],
            [
              78.54263,
              12.491169
            ],
            [
              78.542772,
              12.489602
            ],
            [
              78.544384,
              12.489215
            ],
            [
              78.54438,
              12.488418
            ],
            [
              78.541984,
              12.487247
            ],
            [
              78.541336,
              12.487814
            ],
            [
              78.541279,
              12.491814
            ],
            [
              78.540968,
              12.491814
            ],
            [
              78.540773,
              12.489814
            ],
            [
              78.539984,
              12.489089
            ],
            [
              78.537564,
              12.490814
            ],
            [
              78.537896,
              12.489726
            ],
            [
              78.538645,
              12.489475
            ],
            [
              78.538811,
              12.487641
            ],
            [
              78.540408,
              12.487239
            ],
            [
              78.541551,
              12.485814
            ],
            [
              78.539984,
              12.484172
            ],
            [
              78.535134,
              12.483814
            ],
            [
              78.535807,
              12.483637
            ],
            [
              78.535984,
              12.482129
            ],
            [
              78.536198,
              12.483601
            ],
            [
              78.537555,
              12.483386
            ],
            [
              78.538984,
              12.480481
            ],
            [
              78.539176,
              12.481622
            ],
            [
              78.541018,
              12.481814
            ],
            [
              78.540053,
              12.481884
            ],
            [
              78.540514,
              12.483284
            ],
            [
              78.543984,
              12.485309
            ],
            [
              78.546984,
              12.485239
            ],
            [
              78.548383,
              12.483814
            ],
            [
              78.546628,
              12.48217
            ],
            [
              78.546327,
              12.480471
            ],
            [
              78.544984,
              12.47892
            ],
            [
              78.543925,
              12.478814
            ],
            [
              78.544761,
              12.478592
            ],
            [
              78.544415,
              12.475383
            ],
            [
              78.540669,
              12.474814
            ],
            [
              78.540763,
              12.473035
            ],
            [
              78.539777,
              12.472814
            ],
            [
              78.541727,
              12.472557
            ],
            [
              78.542984,
              12.470143
            ],
            [
              78.543269,
              12.471529
            ],
            [
              78.544487,
              12.471318
            ],
            [
              78.544585,
              12.470213
            ],
            [
              78.543158,
              12.469814
            ],
            [
              78.542984,
              12.468452
            ],
            [
              78.545565,
              12.469814
            ],
            [
              78.545984,
              12.471211
            ],
            [
              78.545973,
              12.467814
            ],
            [
              78.547056,
              12.467742
            ],
            [
              78.547577,
              12.472222
            ],
            [
              78.548984,
              12.473374
            ],
            [
              78.551984,
              12.473499
            ],
            [
              78.552592,
              12.472814
            ],
            [
              78.551685,
              12.471814
            ],
            [
              78.550984,
              12.467413
            ],
            [
              78.551984,
              12.467998
            ],
            [
              78.552525,
              12.471273
            ],
            [
              78.553984,
              12.472381
            ],
            [
              78.555659,
              12.470814
            ],
            [
              78.553917,
              12.468881
            ],
            [
              78.553839,
              12.467814
            ],
            [
              78.553984,
              12.467626
            ],
            [
              78.55419,
              12.468608
            ],
            [
              78.554984,
              12.468631
            ],
            [
              78.555783,
              12.468614
            ],
            [
              78.555984,
              12.467636
            ],
            [
              78.556984,
              12.467762
            ],
            [
              78.558988,
              12.46881
            ],
            [
              78.55902,
              12.469814
            ],
            [
              78.557399,
              12.47023
            ],
            [
              78.556552,
              12.472246
            ],
            [
              78.560407,
              12.472391
            ],
            [
              78.56074,
              12.475058
            ],
            [
              78.562984,
              12.47617
            ],
            [
              78.563984,
              12.47503
            ],
            [
              78.56514,
              12.47497
            ],
            [
              78.56544,
              12.473814
            ],
            [
              78.564115,
              12.471946
            ],
            [
              78.564984,
              12.46339
            ],
            [
              78.565327,
              12.467814
            ],
            [
              78.566564,
              12.469234
            ],
            [
              78.567742,
              12.468814
            ],
            [
              78.567984,
              12.466084
            ],
            [
              78.568984,
              12.466803
            ],
            [
              78.568152,
              12.466983
            ],
            [
              78.568497,
              12.469302
            ],
            [
              78.571438,
              12.469814
            ],
            [
              78.568984,
              12.47004
            ],
            [
              78.567984,
              12.471191
            ],
            [
              78.566984,
              12.470152
            ],
            [
              78.565445,
              12.470814
            ],
            [
              78.5674,
              12.471398
            ],
            [
              78.566503,
              12.472814
            ],
            [
              78.566649,
              12.480814
            ],
            [
              78.568984,
              12.482142
            ],
            [
              78.570348,
              12.481814
            ],
            [
              78.570463,
              12.480814
            ],
            [
              78.569513,
              12.479814
            ],
            [
              78.570504,
              12.478814
            ],
            [
              78.56786,
              12.477938
            ],
            [
              78.567746,
              12.476814
            ],
            [
              78.568776,
              12.475606
            ],
            [
              78.571225,
              12.475573
            ],
            [
              78.571632,
              12.478166
            ],
            [
              78.573984,
              12.478323
            ],
            [
              78.575621,
              12.475814
            ],
            [
              78.574525,
              12.474274
            ],
            [
              78.573178,
              12.473814
            ],
            [
              78.573185,
              12.472814
            ],
            [
              78.574984,
              12.47124
            ],
            [
              78.575576,
              12.471814
            ],
            [
              78.5754,
              12.473399
            ],
            [
              78.576984,
              12.473618
            ],
            [
              78.577932,
              12.471763
            ],
            [
              78.579004,
              12.471795
            ],
            [
              78.580607,
              12.476814
            ],
            [
              78.578984,
              12.476911
            ],
            [
              78.577984,
              12.476081
            ],
            [
              78.576561,
              12.476391
            ],
            [
              78.57544,
              12.477814
            ],
            [
              78.575248,
              12.482079
            ],
            [
              78.573984,
              12.481287
            ],
            [
              78.573556,
              12.481814
            ],
            [
              78.573683,
              12.485116
            ],
            [
              78.575984,
              12.487276
            ],
            [
              78.57825,
              12.487548
            ],
            [
              78.57857,
              12.490814
            ],
            [
              78.577499,
              12.492329
            ],
            [
              78.574633,
              12.493463
            ],
            [
              78.571563,
              12.496393
            ],
            [
              78.571341,
              12.497814
            ],
            [
              78.573154,
              12.498645
            ],
            [
              78.573221,
              12.500052
            ],
            [
              78.571548,
              12.500814
            ],
            [
              78.572379,
              12.501419
            ],
            [
              78.572557,
              12.502814
            ],
            [
              78.570865,
              12.503814
            ],
            [
              78.572036,
              12.504814
            ],
            [
              78.571839,
              12.505814
            ],
            [
              78.570984,
              12.505909
            ]
          ]
        ],
        "type": "Polygon"
      },
      "type": "Feature"
    },
    {
      "properties": {
        "fill-opacity": 0.33,
        "fillColor": "#bf4040",
        "opacity": 0.33,
        "fill": "#bf4040",
        "fillOpacity": 0.33,
        "color": "#bf4040",
        "contour": 4.0,
        "metric": "distance",
        "provider_name": "Meat And Eat",
        "zone_type": "distance",
        "distance_km": 4,
        "mode": "motorcycle",
        "center_lat": 12.4858148,
        "center_lon": 78.5619844,
        "label": "4km"
      },
      "geometry": {
        "coordinates": [
          [
            [
              78.568984,
              12.516123
            ],
            [
              78.567984,
              12.516122
            ],
            [
              78.567807,
              12.514991
            ],
            [
              78.566002,
              12.513814
            ],
            [
              78.565984,
              12.512614
            ],
            [
              78.564984,
              12.512441
            ],
            [
              78.564794,
              12.510004
            ],
            [
              78.563504,
              12.509814
            ],
            [
              78.564984,
              12.509726
            ],
            [
              78.565653,
              12.508814
            ],
            [
              78.563441,
              12.504357
            ],
            [
              78.561984,
              12.504218
            ],
            [
              78.560984,
              12.505238
            ],
            [
              78.559562,
              12.505393
            ],
            [
              78.5602,
              12.506814
            ],
            [
              78.559083,
              12.507814
            ],
            [
              78.558987,
              12.509818
            ],
            [
              78.557984,
              12.509676
            ],
            [
              78.557807,
              12.508992
            ],
            [
              78.55777,
              12.506814
            ],
            [
              78.558638,
              12.505814
            ],
            [
              78.557984,
              12.504266
            ],
            [
              78.550984,
              12.507531
            ],
            [
              78.550727,
              12.506814
            ],
            [
              78.55261,
              12.506441
            ],
            [
              78.553852,
              12.504682
            ],
            [
              78.555391,
              12.504222
            ],
            [
              78.557325,
              12.502155
            ],
            [
              78.556329,
              12.50047
            ],
            [
              78.553692,
              12.499523
            ],
            [
              78.553314,
              12.501145
            ],
            [
              78.551625,
              12.501455
            ],
            [
              78.549984,
              12.503191
            ],
            [
              78.548504,
              12.503335
            ],
            [
              78.547984,
              12.505683
            ],
            [
              78.546776,
              12.504606
            ],
            [
              78.547733,
              12.502814
            ],
            [
              78.546984,
              12.501226
            ],
            [
              78.545288,
              12.501814
            ],
            [
              78.546753,
              12.503814
            ],
            [
              78.546159,
              12.503989
            ],
            [
              78.544878,
              12.50392
            ],
            [
              78.543984,
              12.502089
            ],
            [
              78.541103,
              12.501934
            ],
            [
              78.540674,
              12.502814
            ],
            [
              78.540611,
              12.501814
            ],
            [
              78.541736,
              12.501567
            ],
            [
              78.541984,
              12.499267
            ],
            [
              78.54219,
              12.500608
            ],
            [
              78.544454,
              12.500284
            ],
            [
              78.544468,
              12.49933
            ],
            [
              78.542277,
              12.498814
            ],
            [
              78.544748,
              12.497814
            ],
            [
              78.543486,
              12.496312
            ],
            [
              78.541748,
              12.496051
            ],
            [
              78.541506,
              12.492814
            ],
            [
              78.54048,
              12.491814
            ],
            [
              78.540272,
              12.489526
            ],
            [
              78.537487,
              12.490814
            ],
            [
              78.537504,
              12.494294
            ],
            [
              78.539107,
              12.494814
            ],
            [
              78.537151,
              12.495981
            ],
            [
              78.5366,
              12.492814
            ],
            [
              78.534984,
              12.491249
            ],
            [
              78.532368,
              12.494199
            ],
            [
              78.531984,
              12.496124
            ],
            [
              78.531609,
              12.494189
            ],
            [
              78.53008,
              12.49391
            ],
            [
              78.529984,
              12.494653
            ],
            [
              78.529684,
              12.494115
            ],
            [
              78.529659,
              12.493814
            ],
            [
              78.531545,
              12.493375
            ],
            [
              78.53084,
              12.491671
            ],
            [
              78.532961,
              12.489814
            ],
            [
              78.532709,
              12.486814
            ],
            [
              78.530984,
              12.484176
            ],
            [
              78.528984,
              12.485021
            ],
            [
              78.525837,
              12.484814
            ],
            [
              78.528552,
              12.484382
            ],
            [
              78.528888,
              12.480911
            ],
            [
              78.527984,
              12.480647
            ],
            [
              78.528984,
              12.480504
            ],
            [
              78.52937,
              12.482429
            ],
            [
              78.530483,
              12.482313
            ],
            [
              78.531665,
              12.480814
            ],
            [
              78.530508,
              12.479814
            ],
            [
              78.530878,
              12.478708
            ],
            [
              78.53253,
              12.480269
            ],
            [
              78.53342,
              12.480251
            ],
            [
              78.533457,
              12.476814
            ],
            [
              78.534808,
              12.476639
            ],
            [
              78.534984,
              12.475835
            ],
            [
              78.535665,
              12.476814
            ],
            [
              78.534243,
              12.479073
            ],
            [
              78.535363,
              12.481194
            ],
            [
              78.534561,
              12.481392
            ],
            [
              78.534438,
              12.482814
            ],
            [
              78.535308,
              12.483138
            ],
            [
              78.535984,
              12.481324
            ],
            [
              78.536984,
              12.483269
            ],
            [
              78.538473,
              12.480814
            ],
            [
              78.538712,
              12.477542
            ],
            [
              78.539392,
              12.477814
            ],
            [
              78.539984,
              12.481306
            ],
            [
              78.541341,
              12.481171
            ],
            [
              78.542359,
              12.480189
            ],
            [
              78.542669,
              12.478499
            ],
            [
              78.544422,
              12.477814
            ],
            [
              78.544246,
              12.475552
            ],
            [
              78.539661,
              12.475138
            ],
            [
              78.540301,
              12.473497
            ],
            [
              78.537984,
              12.473414
            ],
            [
              78.536984,
              12.472205
            ],
            [
              78.533984,
              12.471432
            ],
            [
              78.533851,
              12.469947
            ],
            [
              78.533212,
              12.469814
            ],
            [
              78.533856,
              12.469687
            ],
            [
              78.533705,
              12.468093
            ],
            [
              78.53209,
              12.467814
            ],
            [
              78.532984,
              12.467256
            ],
            [
              78.534768,
              12.467598
            ],
            [
              78.534984,
              12.466827
            ],
            [
              78.535984,
              12.469489
            ],
            [
              78.542324,
              12.469155
            ],
            [
              78.542493,
              12.467814
            ],
            [
              78.541397,
              12.465401
            ],
            [
              78.539984,
              12.464075
            ],
            [
              78.537747,
              12.463814
            ],
            [
              78.537984,
              12.462511
            ],
            [
              78.539627,
              12.462457
            ],
            [
              78.539984,
              12.460014
            ],
            [
              78.540415,
              12.462384
            ],
            [
              78.542545,
              12.461814
            ],
            [
              78.544004,
              12.462814
            ],
            [
              78.543143,
              12.462973
            ],
            [
              78.542349,
              12.464814
            ],
            [
              78.543654,
              12.468144
            ],
            [
              78.544984,
              12.46941
            ],
            [
              78.545649,
              12.467479
            ],
            [
              78.547336,
              12.467462
            ],
            [
              78.547598,
              12.471814
            ],
            [
              78.548744,
              12.473055
            ],
            [
              78.552362,
              12.472814
            ],
            [
              78.551396,
              12.471814
            ],
            [
              78.551421,
              12.469814
            ],
            [
              78.550454,
              12.468814
            ],
            [
              78.550501,
              12.466814
            ],
            [
              78.549399,
              12.464399
            ],
            [
              78.547808,
              12.462991
            ],
            [
              78.547681,
              12.461117
            ],
            [
              78.54647,
              12.460814
            ],
            [
              78.546984,
              12.459412
            ],
            [
              78.548769,
              12.459814
            ],
            [
              78.548106,
              12.459936
            ],
            [
              78.548141,
              12.460971
            ],
            [
              78.548984,
              12.462509
            ],
            [
              78.549984,
              12.461636
            ],
            [
              78.552724,
              12.461555
            ],
            [
              78.552984,
              12.460758
            ],
            [
              78.554984,
              12.46093
            ],
            [
              78.55538,
              12.462418
            ],
            [
              78.557383,
              12.463814
            ],
            [
              78.557563,
              12.465814
            ],
            [
              78.556646,
              12.467152
            ],
            [
              78.557984,
              12.467126
            ],
            [
              78.559632,
              12.468814
            ],
            [
              78.559323,
              12.470154
            ],
            [
              78.557689,
              12.470519
            ],
            [
              78.556722,
              12.472076
            ],
            [
              78.561984,
              12.472435
            ],
            [
              78.564334,
              12.470814
            ],
            [
              78.563984,
              12.467389
            ],
            [
              78.562962,
              12.466836
            ],
            [
              78.563034,
              12.465764
            ],
            [
              78.561868,
              12.465814
            ],
            [
              78.561644,
              12.465154
            ],
            [
              78.562732,
              12.464562
            ],
            [
              78.562984,
              12.462225
            ],
            [
              78.563192,
              12.463607
            ],
            [
              78.564501,
              12.462814
            ],
            [
              78.564759,
              12.460814
            ],
            [
              78.563614,
              12.459814
            ],
            [
              78.563984,
              12.454532
            ],
            [
              78.564522,
              12.458277
            ],
            [
              78.566138,
              12.45866
            ],
            [
              78.566521,
              12.460277
            ],
            [
              78.568257,
              12.460814
            ],
            [
              78.568,
              12.463814
            ],
            [
              78.569416,
              12.464814
            ],
            [
              78.568702,
              12.469096
            ],
            [
              78.571984,
              12.46933
            ],
            [
              78.574379,
              12.468209
            ],
            [
              78.574642,
              12.466814
            ],
            [
              78.573721,
              12.465814
            ],
            [
              78.573984,
              12.462376
            ],
            [
              78.57423,
              12.463568
            ],
            [
              78.576986,
              12.463813
            ],
            [
              78.577148,
              12.467814
            ],
            [
              78.577984,
              12.46844
            ],
            [
              78.580719,
              12.466814
            ],
            [
              78.580862,
              12.464936
            ],
            [
              78.579984,
              12.464737
            ],
            [
              78.581023,
              12.464775
            ],
            [
              78.581237,
              12.465561
            ],
            [
              78.582727,
              12.465558
            ],
            [
              78.582984,
              12.464043
            ],
            [
              78.583633,
              12.464814
            ],
            [
              78.583432,
              12.465814
            ],
            [
              78.582359,
              12.46619
            ],
            [
              78.582177,
              12.468814
            ],
            [
              78.584161,
              12.470638
            ],
            [
              78.584503,
              12.473296
            ],
            [
              78.585499,
              12.473329
            ],
            [
              78.585984,
              12.47114
            ],
            [
              78.586122,
              12.471676
            ],
            [
              78.588048,
              12.471814
            ],
            [
              78.588032,
              12.472862
            ],
            [
              78.586362,
              12.473193
            ],
            [
              78.586226,
              12.473814
            ],
            [
              78.587083,
              12.474814
            ],
            [
              78.586599,
              12.477814
            ],
            [
              78.587984,
              12.478435
            ],
            [
              78.587984,
              12.479243
            ],
            [
              78.585984,
              12.479243
            ],
            [
              78.584984,
              12.47809
            ],
            [
              78.583984,
              12.479992
            ],
            [
              78.583453,
              12.478345
            ],
            [
              78.581984,
              12.477211
            ],
            [
              78.581392,
              12.479814
            ],
            [
              78.58222,
              12.481051
            ],
            [
              78.579984,
              12.481123
            ],
            [
              78.578738,
              12.48006
            ],
            [
              78.578592,
              12.478814
            ],
            [
              78.580351,
              12.478181
            ],
            [
              78.58032,
              12.477478
            ],
            [
              78.576984,
              12.476411
            ],
            [
              78.575632,
              12.477814
            ],
            [
              78.5754,
              12.48223
            ],
            [
              78.573772,
              12.481602
            ],
            [
              78.573684,
              12.484814
            ],
            [
              78.575782,
              12.487016
            ],
            [
              78.578618,
              12.48718
            ],
            [
              78.578984,
              12.489245
            ],
            [
              78.580285,
              12.490513
            ],
            [
              78.583647,
              12.490814
            ],
            [
              78.580984,
              12.49308
            ],
            [
              78.574753,
              12.493584
            ],
            [
              78.571726,
              12.496556
            ],
            [
              78.571723,
              12.498075
            ],
            [
              78.573366,
              12.498432
            ],
            [
              78.574575,
              12.501223
            ],
            [
              78.578984,
              12.501753
            ],
            [
              78.579081,
              12.502814
            ],
            [
              78.575984,
              12.503094
            ],
            [
              78.575312,
              12.503814
            ],
            [
              78.577101,
              12.504697
            ],
            [
              78.57721,
              12.506589
            ],
            [
              78.577984,
              12.507238
            ],
            [
              78.572777,
              12.507607
            ],
            [
              78.571311,
              12.508814
            ],
            [
              78.572984,
              12.508814
            ],
            [
              78.573029,
              12.50986
            ],
            [
              78.571454,
              12.510285
            ],
            [
              78.570984,
              12.511405
            ],
            [
              78.569812,
              12.510642
            ],
            [
              78.569984,
              12.512558
            ],
            [
              78.570923,
              12.513814
            ],
            [
              78.568984,
              12.516123
            ]
          ]
        ],
        "type": "Polygon"
      },
      "type": "Feature"
    },
    {
      "properties": {
        "fill-opacity": 0.33,
        "fillColor": "#bf4040",
        "opacity": 0.33,
        "fill": "#bf4040",
        "fillOpacity": 0.33,
        "color": "#bf4040",
        "contour": 5.0,
        "metric": "distance",
        "provider_name": "Meat And Eat",
        "zone_type": "distance",
        "distance_km": 5,
        "mode": "motorcycle",
        "center_lat": 12.4858148,
        "center_lon": 78.5619844,
        "label": "5km"
      },
      "geometry": {
        "coordinates": [
          [
            [
              78.569984,
              12.525167
            ],
            [
              78.568672,
              12.524814
            ],
            [
              78.568701,
              12.521814
            ],
            [
              78.567736,
              12.521062
            ],
            [
              78.566455,
              12.517344
            ],
            [
              78.564706,
              12.516814
            ],
            [
              78.565349,
              12.514449
            ],
            [
              78.564584,
              12.514415
            ],
            [
              78.564349,
              12.51518
            ],
            [
              78.561463,
              12.515294
            ],
            [
              78.561041,
              12.516872
            ],
            [
              78.559504,
              12.516814
            ],
            [
              78.560792,
              12.516622
            ],
            [
              78.560835,
              12.514665
            ],
            [
              78.562984,
              12.514464
            ],
            [
              78.564356,
              12.513187
            ],
            [
              78.564298,
              12.5105
            ],
            [
              78.562984,
              12.510295
            ],
            [
              78.559984,
              12.512167
            ],
            [
              78.55845,
              12.512281
            ],
            [
              78.557984,
              12.513945
            ],
            [
              78.557818,
              12.51298
            ],
            [
              78.555984,
              12.512778
            ],
            [
              78.555984,
              12.511086
            ],
            [
              78.556161,
              12.511638
            ],
            [
              78.558984,
              12.5115
            ],
            [
              78.560397,
              12.510228
            ],
            [
              78.560772,
              12.508602
            ],
            [
              78.562984,
              12.508341
            ],
            [
              78.56446,
              12.50729
            ],
            [
              78.563255,
              12.504543
            ],
            [
              78.559724,
              12.505555
            ],
            [
              78.560544,
              12.506814
            ],
            [
              78.55951,
              12.507814
            ],
            [
              78.559436,
              12.510267
            ],
            [
              78.556145,
              12.509814
            ],
            [
              78.557451,
              12.508814
            ],
            [
              78.557424,
              12.506814
            ],
            [
              78.558385,
              12.505814
            ],
            [
              78.557984,
              12.50446
            ],
            [
              78.553696,
              12.506527
            ],
            [
              78.552984,
              12.508055
            ],
            [
              78.551663,
              12.507494
            ],
            [
              78.552184,
              12.509014
            ],
            [
              78.550589,
              12.509419
            ],
            [
              78.549178,
              12.512009
            ],
            [
              78.547463,
              12.512293
            ],
            [
              78.546984,
              12.514899
            ],
            [
              78.546799,
              12.514
            ],
            [
              78.545225,
              12.513814
            ],
            [
              78.545868,
              12.513699
            ],
            [
              78.545651,
              12.512147
            ],
            [
              78.543914,
              12.511814
            ],
            [
              78.544823,
              12.511653
            ],
            [
              78.544984,
              12.510255
            ],
            [
              78.547429,
              12.510259
            ],
            [
              78.549514,
              12.507814
            ],
            [
              78.546306,
              12.504493
            ],
            [
              78.544622,
              12.504176
            ],
            [
              78.544264,
              12.502534
            ],
            [
              78.542465,
              12.502814
            ],
            [
              78.542295,
              12.507814
            ],
            [
              78.542984,
              12.508646
            ],
            [
              78.54468,
              12.508814
            ],
            [
              78.543286,
              12.509117
            ],
            [
              78.542984,
              12.509963
            ],
            [
              78.54151,
              12.508289
            ],
            [
              78.540004,
              12.507814
            ],
            [
              78.541469,
              12.507299
            ],
            [
              78.540984,
              12.506203
            ],
            [
              78.539984,
              12.507809
            ],
            [
              78.53887,
              12.5077
            ],
            [
              78.537183,
              12.509014
            ],
            [
              78.536777,
              12.508021
            ],
            [
              78.535719,
              12.507814
            ],
            [
              78.539446,
              12.506276
            ],
            [
              78.540557,
              12.504814
            ],
            [
              78.539984,
              12.503296
            ],
            [
              78.538984,
              12.504237
            ],
            [
              78.536984,
              12.504188
            ],
            [
              78.535984,
              12.505114
            ],
            [
              78.533219,
              12.505049
            ],
            [
              78.533041,
              12.505872
            ],
            [
              78.531892,
              12.505814
            ],
            [
              78.53282,
              12.505651
            ],
            [
              78.532875,
              12.504814
            ],
            [
              78.532759,
              12.504039
            ],
            [
              78.531663,
              12.503814
            ],
            [
              78.533642,
              12.503472
            ],
            [
              78.533984,
              12.501122
            ],
            [
              78.534251,
              12.502547
            ],
            [
              78.536984,
              12.501227
            ],
            [
              78.537984,
              12.502441
            ],
            [
              78.53951,
              12.501814
            ],
            [
              78.538418,
              12.49938
            ],
            [
              78.53718,
              12.498814
            ],
            [
              78.537773,
              12.496814
            ],
            [
              78.536421,
              12.495814
            ],
            [
              78.536365,
              12.492814
            ],
            [
              78.535221,
              12.491577
            ],
            [
              78.533718,
              12.492548
            ],
            [
              78.532523,
              12.494814
            ],
            [
              78.532383,
              12.497814
            ],
            [
              78.532984,
              12.498482
            ],
            [
              78.533984,
              12.49762
            ],
            [
              78.536119,
              12.49795
            ],
            [
              78.535984,
              12.498456
            ],
            [
              78.534402,
              12.498233
            ],
            [
              78.532984,
              12.500672
            ],
            [
              78.531984,
              12.499203
            ],
            [
              78.529984,
              12.500144
            ],
            [
              78.527842,
              12.499957
            ],
            [
              78.527587,
              12.498211
            ],
            [
              78.526754,
              12.497585
            ],
            [
              78.527551,
              12.493814
            ],
            [
              78.526984,
              12.493213
            ],
            [
              78.525245,
              12.494814
            ],
            [
              78.525209,
              12.49659
            ],
            [
              78.526108,
              12.496814
            ],
            [
              78.524872,
              12.496814
            ],
            [
              78.524591,
              12.493207
            ],
            [
              78.523877,
              12.492707
            ],
            [
              78.525984,
              12.492448
            ],
            [
              78.528984,
              12.490325
            ],
            [
              78.532478,
              12.489814
            ],
            [
              78.532404,
              12.486814
            ],
            [
              78.531241,
              12.484558
            ],
            [
              78.529984,
              12.484406
            ],
            [
              78.528984,
              12.485372
            ],
            [
              78.527642,
              12.485472
            ],
            [
              78.526984,
              12.487128
            ],
            [
              78.521984,
              12.487112
            ],
            [
              78.520984,
              12.488004
            ],
            [
              78.519075,
              12.487906
            ],
            [
              78.518984,
              12.48886
            ],
            [
              78.518951,
              12.486847
            ],
            [
              78.517984,
              12.486428
            ],
            [
              78.517782,
              12.485016
            ],
            [
              78.51673,
              12.484814
            ],
            [
              78.517789,
              12.484619
            ],
            [
              78.517984,
              12.4836
            ],
            [
              78.518216,
              12.484583
            ],
            [
              78.52239,
              12.48422
            ],
            [
              78.522771,
              12.480814
            ],
            [
              78.523678,
              12.479814
            ],
            [
              78.522756,
              12.478814
            ],
            [
              78.522984,
              12.476203
            ],
            [
              78.523138,
              12.477814
            ],
            [
              78.523984,
              12.478586
            ],
            [
              78.525984,
              12.478474
            ],
            [
              78.527616,
              12.476814
            ],
            [
              78.527578,
              12.47422
            ],
            [
              78.525922,
              12.472814
            ],
            [
              78.528533,
              12.472814
            ],
            [
              78.528251,
              12.474814
            ],
            [
              78.528984,
              12.475518
            ],
            [
              78.530984,
              12.475647
            ],
            [
              78.532406,
              12.474237
            ],
            [
              78.532603,
              12.471814
            ],
            [
              78.533426,
              12.470814
            ],
            [
              78.532489,
              12.469814
            ],
            [
              78.533292,
              12.468506
            ],
            [
              78.530984,
              12.46828
            ],
            [
              78.529382,
              12.466416
            ],
            [
              78.527984,
              12.466126
            ],
            [
              78.527138,
              12.466814
            ],
            [
              78.526984,
              12.468343
            ],
            [
              78.526712,
              12.467086
            ],
            [
              78.524896,
              12.465814
            ],
            [
              78.524984,
              12.464506
            ],
            [
              78.526615,
              12.464446
            ],
            [
              78.526637,
              12.463161
            ],
            [
              78.524984,
              12.46251
            ],
            [
              78.525279,
              12.461814
            ],
            [
              78.527046,
              12.461752
            ],
            [
              78.527984,
              12.463545
            ],
            [
              78.529621,
              12.462177
            ],
            [
              78.531227,
              12.463571
            ],
            [
              78.530333,
              12.464814
            ],
            [
              78.530984,
              12.466356
            ],
            [
              78.533395,
              12.465225
            ],
            [
              78.533733,
              12.462066
            ],
            [
              78.532748,
              12.461814
            ],
            [
              78.534826,
              12.461656
            ],
            [
              78.534984,
              12.460109
            ],
            [
              78.5351,
              12.460698
            ],
            [
              78.536984,
              12.460631
            ],
            [
              78.539289,
              12.46212
            ],
            [
              78.539384,
              12.457414
            ],
            [
              78.536984,
              12.458084
            ],
            [
              78.534926,
              12.455756
            ],
            [
              78.534984,
              12.455043
            ],
            [
              78.535102,
              12.455697
            ],
            [
              78.536055,
              12.455743
            ],
            [
              78.536351,
              12.456447
            ],
            [
              78.539405,
              12.456236
            ],
            [
              78.539842,
              12.451814
            ],
            [
              78.540068,
              12.451814
            ],
            [
              78.54033,
              12.452814
            ],
            [
              78.540984,
              12.45336
            ],
            [
              78.541504,
              12.455294
            ],
            [
              78.541984,
              12.455562
            ],
            [
              78.544508,
              12.454339
            ],
            [
              78.544607,
              12.453191
            ],
            [
              78.543213,
              12.451814
            ],
            [
              78.543984,
              12.451015
            ],
            [
              78.544288,
              12.452511
            ],
            [
              78.54515,
              12.452814
            ],
            [
              78.545541,
              12.455257
            ],
            [
              78.547402,
              12.456814
            ],
            [
              78.547653,
              12.459145
            ],
            [
              78.54948,
              12.459814
            ],
            [
              78.548524,
              12.460814
            ],
            [
              78.548703,
              12.462096
            ],
            [
              78.554315,
              12.460145
            ],
            [
              78.553536,
              12.458814
            ],
            [
              78.554984,
              12.458358
            ],
            [
              78.555524,
              12.461814
            ],
            [
              78.556445,
              12.462276
            ],
            [
              78.556987,
              12.461811
            ],
            [
              78.558547,
              12.465251
            ],
            [
              78.560339,
              12.46517
            ],
            [
              78.560984,
              12.462429
            ],
            [
              78.561631,
              12.464167
            ],
            [
              78.562299,
              12.46413
            ],
            [
              78.562499,
              12.461814
            ],
            [
              78.561398,
              12.4594
            ],
            [
              78.557949,
              12.45585
            ],
            [
              78.557984,
              12.454811
            ],
            [
              78.558093,
              12.455706
            ],
            [
              78.559065,
              12.455733
            ],
            [
              78.562229,
              12.458569
            ],
            [
              78.562611,
              12.460188
            ],
            [
              78.563482,
              12.460316
            ],
            [
              78.563984,
              12.46327
            ],
            [
              78.56444,
              12.460814
            ],
            [
              78.563371,
              12.459814
            ],
            [
              78.563504,
              12.453814
            ],
            [
              78.562562,
              12.452814
            ],
            [
              78.562712,
              12.447087
            ],
            [
              78.561925,
              12.446814
            ],
            [
              78.562956,
              12.445786
            ],
            [
              78.563397,
              12.451814
            ],
            [
              78.564432,
              12.452814
            ],
            [
              78.564565,
              12.457814
            ],
            [
              78.566361,
              12.458437
            ],
            [
              78.566711,
              12.460087
            ],
            [
              78.56837,
              12.460428
            ],
            [
              78.568488,
              12.463814
            ],
            [
              78.569622,
              12.464814
            ],
            [
              78.568786,
              12.469012
            ],
            [
              78.571984,
              12.469154
            ],
            [
              78.574365,
              12.467814
            ],
            [
              78.573408,
              12.465814
            ],
            [
              78.573531,
              12.460814
            ],
            [
              78.572597,
              12.459814
            ],
            [
              78.572984,
              12.453637
            ],
            [
              78.57336,
              12.458814
            ],
            [
              78.574401,
              12.459814
            ],
            [
              78.574669,
              12.46313
            ],
            [
              78.576984,
              12.463314
            ],
            [
              78.577984,
              12.46438
            ],
            [
              78.579328,
              12.464159
            ],
            [
              78.57941,
              12.461388
            ],
            [
              78.57759,
              12.459208
            ],
            [
              78.575883,
              12.458713
            ],
            [
              78.575984,
              12.458228
            ],
            [
              78.577984,
              12.458626
            ],
            [
              78.580217,
              12.460581
            ],
            [
              78.580457,
              12.463814
            ],
            [
              78.581984,
              12.465263
            ],
            [
              78.585721,
              12.458814
            ],
            [
              78.585984,
              12.455833
            ],
            [
              78.586987,
              12.455814
            ],
            [
              78.587264,
              12.456814
            ],
            [
              78.586229,
              12.457059
            ],
            [
              78.586275,
              12.459814
            ],
            [
              78.58536,
              12.460814
            ],
            [
              78.585586,
              12.462212
            ],
            [
              78.586984,
              12.461486
            ],
            [
              78.591614,
              12.461814
            ],
            [
              78.589368,
              12.462198
            ],
            [
              78.588984,
              12.463041
            ],
            [
              78.585586,
              12.463416
            ],
            [
              78.585557,
              12.464241
            ],
            [
              78.588396,
              12.467403
            ],
            [
              78.590463,
              12.467814
            ],
            [
              78.587984,
              12.468011
            ],
            [
              78.586541,
              12.467371
            ],
            [
              78.586264,
              12.468814
            ],
            [
              78.587167,
              12.469814
            ],
            [
              78.586656,
              12.471142
            ],
            [
              78.588332,
              12.471162
            ],
            [
              78.591195,
              12.467814
            ],
            [
              78.595517,
              12.466814
            ],
            [
              78.595424,
              12.467814
            ],
            [
              78.592497,
              12.468327
            ],
            [
              78.589457,
              12.471814
            ],
            [
              78.589616,
              12.473182
            ],
            [
              78.593984,
              12.478079
            ],
            [
              78.592874,
              12.477924
            ],
            [
              78.588331,
              12.473467
            ],
            [
              78.586553,
              12.473814
            ],
            [
              78.58751,
              12.474814
            ],
            [
              78.587476,
              12.476814
            ],
            [
              78.588643,
              12.479156
            ],
            [
              78.591984,
              12.481485
            ],
            [
              78.593619,
              12.481449
            ],
            [
              78.593984,
              12.479854
            ],
            [
              78.594272,
              12.483526
            ],
            [
              78.595656,
              12.483814
            ],
            [
              78.594223,
              12.484053
            ],
            [
              78.593984,
              12.484706
            ],
            [
              78.593596,
              12.483202
            ],
            [
              78.591984,
              12.483102
            ],
            [
              78.590282,
              12.484814
            ],
            [
              78.589557,
              12.487814
            ],
            [
              78.590337,
              12.490461
            ],
            [
              78.591909,
              12.490739
            ],
            [
              78.591984,
              12.49019
            ],
            [
              78.592335,
              12.490814
            ],
            [
              78.591195,
              12.491026
            ],
            [
              78.590984,
              12.492204
            ],
            [
              78.590731,
              12.491068
            ],
            [
              78.588497,
              12.491327
            ],
            [
              78.588345,
              12.492453
            ],
            [
              78.589648,
              12.493814
            ],
            [
              78.588984,
              12.494636
            ],
            [
              78.587448,
              12.49135
            ],
            [
              78.584984,
              12.490262
            ],
            [
              78.583335,
              12.492165
            ],
            [
              78.580984,
              12.493391
            ],
            [
              78.574813,
              12.493643
            ],
            [
              78.571711,
              12.496814
            ],
            [
              78.571796,
              12.498002
            ],
            [
              78.573451,
              12.498347
            ],
            [
              78.573755,
              12.500044
            ],
            [
              78.574984,
              12.501199
            ],
            [
              78.578984,
              12.501299
            ],
            [
              78.579984,
              12.50234
            ],
            [
              78.582252,
              12.502546
            ],
            [
              78.582984,
              12.503467
            ],
            [
              78.583984,
              12.502546
            ],
            [
              78.586845,
              12.502676
            ],
            [
              78.586984,
              12.501976
            ],
            [
              78.587095,
              12.502703
            ],
            [
              78.585411,
              12.503241
            ],
            [
              78.585252,
              12.504546
            ],
            [
              78.58624,
              12.504814
            ],
            [
              78.585509,
              12.505814
            ],
            [
              78.584966,
              12.505833
            ],
            [
              78.584549,
              12.50425
            ],
            [
              78.582984,
              12.504162
            ],
            [
              78.582343,
              12.504814
            ],
            [
              78.583237,
              12.505814
            ],
            [
              78.583311,
              12.509487
            ],
            [
              78.584507,
              12.509814
            ],
            [
              78.584641,
              12.510814
            ],
            [
              78.583939,
              12.510859
            ],
            [
              78.583786,
              12.510012
            ],
            [
              78.582867,
              12.509931
            ],
            [
              78.581434,
              12.508365
            ],
            [
              78.580577,
              12.508408
            ],
            [
              78.580315,
              12.509814
            ],
            [
              78.581232,
              12.510814
            ],
            [
              78.581236,
              12.512563
            ],
            [
              78.582034,
              12.512864
            ],
            [
              78.580904,
              12.512894
            ],
            [
              78.579373,
              12.508425
            ],
            [
              78.577984,
              12.508297
            ],
            [
              78.576984,
              12.507346
            ],
            [
              78.575659,
              12.507489
            ],
            [
              78.574984,
              12.509409
            ],
            [
              78.571694,
              12.510525
            ],
            [
              78.571624,
              12.512174
            ],
            [
              78.572984,
              12.513635
            ],
            [
              78.573796,
              12.513627
            ],
            [
              78.574115,
              12.512814
            ],
            [
              78.574265,
              12.514814
            ],
            [
              78.572409,
              12.516239
            ],
            [
              78.571984,
              12.519438
            ],
            [
              78.570974,
              12.518824
            ],
            [
              78.570435,
              12.516363
            ],
            [
              78.568437,
              12.517814
            ],
            [
              78.569418,
              12.522381
            ],
            [
              78.570391,
              12.522814
            ],
            [
              78.569984,
              12.525167
            ]
          ]
        ],
        "type": "Polygon"
      },
      "type": "Feature"
    },
    {
      "properties": {
        "fill-opacity": 0.33,
        "fillColor": "#bf4040",
        "opacity": 0.33,
        "fill": "#bf4040",
        "fillOpacity": 0.33,
        "color": "#bf4040",
        "contour": 6.0,
        "metric": "distance",
        "provider_name": "Meat And Eat",
        "zone_type": "distance",
        "distance_km": 6,
        "mode": "motorcycle",
        "center_lat": 12.4858148,
        "center_lon": 78.5619844,
        "label": "6km"
      },
      "geometry": {
        "coordinates": [
          [
            [
              78.567984,
              12.532849
            ],
            [
              78.566581,
              12.532814
            ],
            [
              78.566546,
              12.530252
            ],
            [
              78.56459,
              12.529814
            ],
            [
              78.565762,
              12.529593
            ],
            [
              78.568112,
              12.525814
            ],
            [
              78.565522,
              12.524814
            ],
            [
              78.565776,
              12.521606
            ],
            [
              78.567466,
              12.521333
            ],
            [
              78.566357,
              12.522814
            ],
            [
              78.566606,
              12.524193
            ],
            [
              78.568449,
              12.523814
            ],
            [
              78.568401,
              12.521814
            ],
            [
              78.567489,
              12.521309
            ],
            [
              78.56626,
              12.517538
            ],
            [
              78.564597,
              12.517202
            ],
            [
              78.564374,
              12.515424
            ],
            [
              78.561696,
              12.515527
            ],
            [
              78.561332,
              12.517163
            ],
            [
              78.560428,
              12.517814
            ],
            [
              78.560214,
              12.522814
            ],
            [
              78.560984,
              12.524847
            ],
            [
              78.559307,
              12.524814
            ],
            [
              78.559836,
              12.524666
            ],
            [
              78.559576,
              12.523222
            ],
            [
              78.556236,
              12.522814
            ],
            [
              78.55946,
              12.521291
            ],
            [
              78.559351,
              12.518447
            ],
            [
              78.557558,
              12.519389
            ],
            [
              78.557227,
              12.521057
            ],
            [
              78.555382,
              12.521213
            ],
            [
              78.555071,
              12.522727
            ],
            [
              78.555743,
              12.522814
            ],
            [
              78.555184,
              12.523014
            ],
            [
              78.554934,
              12.522864
            ],
            [
              78.554531,
              12.520267
            ],
            [
              78.552154,
              12.519814
            ],
            [
              78.552811,
              12.519641
            ],
            [
              78.552656,
              12.518142
            ],
            [
              78.551303,
              12.518134
            ],
            [
              78.551046,
              12.519752
            ],
            [
              78.551556,
              12.519814
            ],
            [
              78.550123,
              12.519814
            ],
            [
              78.550921,
              12.519751
            ],
            [
              78.550843,
              12.517814
            ],
            [
              78.553399,
              12.51523
            ],
            [
              78.553664,
              12.512814
            ],
            [
              78.554705,
              12.511814
            ],
            [
              78.552798,
              12.510629
            ],
            [
              78.553984,
              12.509473
            ],
            [
              78.557206,
              12.509037
            ],
            [
              78.558162,
              12.504636
            ],
            [
              78.556984,
              12.504554
            ],
            [
              78.555458,
              12.506289
            ],
            [
              78.553783,
              12.506613
            ],
            [
              78.552376,
              12.509207
            ],
            [
              78.550736,
              12.509566
            ],
            [
              78.550389,
              12.511219
            ],
            [
              78.547696,
              12.512526
            ],
            [
              78.547577,
              12.517814
            ],
            [
              78.545984,
              12.519141
            ],
            [
              78.544442,
              12.519272
            ],
            [
              78.544043,
              12.520873
            ],
            [
              78.542984,
              12.521315
            ],
            [
              78.542941,
              12.520771
            ],
            [
              78.543787,
              12.520617
            ],
            [
              78.543845,
              12.518675
            ],
            [
              78.545433,
              12.518263
            ],
            [
              78.546543,
              12.516814
            ],
            [
              78.545984,
              12.51433
            ],
            [
              78.543984,
              12.516237
            ],
            [
              78.542175,
              12.515814
            ],
            [
              78.545293,
              12.512505
            ],
            [
              78.543984,
              12.512316
            ],
            [
              78.541582,
              12.513413
            ],
            [
              78.540984,
              12.514727
            ],
            [
              78.537984,
              12.515047
            ],
            [
              78.535984,
              12.513108
            ],
            [
              78.532925,
              12.512814
            ],
            [
              78.536415,
              12.512245
            ],
            [
              78.536548,
              12.510814
            ],
            [
              78.535596,
              12.509814
            ],
            [
              78.536481,
              12.508814
            ],
            [
              78.535984,
              12.508322
            ],
            [
              78.533585,
              12.509416
            ],
            [
              78.532984,
              12.511136
            ],
            [
              78.531984,
              12.509171
            ],
            [
              78.530984,
              12.510665
            ],
            [
              78.528107,
              12.509814
            ],
            [
              78.529735,
              12.507814
            ],
            [
              78.528984,
              12.507207
            ],
            [
              78.527166,
              12.508814
            ],
            [
              78.527779,
              12.509814
            ],
            [
              78.526087,
              12.509917
            ],
            [
              78.525984,
              12.510798
            ],
            [
              78.525932,
              12.509762
            ],
            [
              78.526745,
              12.509575
            ],
            [
              78.526497,
              12.508302
            ],
            [
              78.525325,
              12.508155
            ],
            [
              78.5251,
              12.50893
            ],
            [
              78.523381,
              12.508814
            ],
            [
              78.524743,
              12.508573
            ],
            [
              78.524984,
              12.506551
            ],
            [
              78.525295,
              12.507503
            ],
            [
              78.526984,
              12.507517
            ],
            [
              78.527984,
              12.506465
            ],
            [
              78.529984,
              12.506383
            ],
            [
              78.530668,
              12.505499
            ],
            [
              78.532305,
              12.505136
            ],
            [
              78.530516,
              12.503347
            ],
            [
              78.533451,
              12.502814
            ],
            [
              78.531984,
              12.499435
            ],
            [
              78.530723,
              12.499554
            ],
            [
              78.529286,
              12.500814
            ],
            [
              78.530448,
              12.503278
            ],
            [
              78.526697,
              12.503102
            ],
            [
              78.526454,
              12.502344
            ],
            [
              78.525412,
              12.502243
            ],
            [
              78.525199,
              12.5036
            ],
            [
              78.526053,
              12.503746
            ],
            [
              78.525984,
              12.50483
            ],
            [
              78.525875,
              12.503924
            ],
            [
              78.524727,
              12.503814
            ],
            [
              78.524453,
              12.502345
            ],
            [
              78.522708,
              12.501814
            ],
            [
              78.523771,
              12.501601
            ],
            [
              78.523984,
              12.500524
            ],
            [
              78.524239,
              12.50156
            ],
            [
              78.526984,
              12.501525
            ],
            [
              78.527984,
              12.502439
            ],
            [
              78.528632,
              12.501814
            ],
            [
              78.527283,
              12.498516
            ],
            [
              78.525984,
              12.497318
            ],
            [
              78.524596,
              12.497202
            ],
            [
              78.524399,
              12.493814
            ],
            [
              78.52344,
              12.492814
            ],
            [
              78.525984,
              12.492202
            ],
            [
              78.528984,
              12.490152
            ],
            [
              78.530984,
              12.491129
            ],
            [
              78.532186,
              12.490016
            ],
            [
              78.53228,
              12.486814
            ],
            [
              78.531169,
              12.484629
            ],
            [
              78.527758,
              12.485588
            ],
            [
              78.526984,
              12.487407
            ],
            [
              78.521984,
              12.487402
            ],
            [
              78.519663,
              12.488494
            ],
            [
              78.519559,
              12.490239
            ],
            [
              78.521254,
              12.490814
            ],
            [
              78.518486,
              12.491316
            ],
            [
              78.518066,
              12.492897
            ],
            [
              78.516984,
              12.491073
            ],
            [
              78.514984,
              12.492624
            ],
            [
              78.513955,
              12.491814
            ],
            [
              78.514793,
              12.491624
            ],
            [
              78.515712,
              12.489814
            ],
            [
              78.514841,
              12.488814
            ],
            [
              78.515675,
              12.487814
            ],
            [
              78.514765,
              12.486595
            ],
            [
              78.516131,
              12.486667
            ],
            [
              78.516513,
              12.488285
            ],
            [
              78.518333,
              12.488163
            ],
            [
              78.517305,
              12.485493
            ],
            [
              78.514984,
              12.48526
            ],
            [
              78.514321,
              12.486152
            ],
            [
              78.511984,
              12.486131
            ],
            [
              78.510984,
              12.487023
            ],
            [
              78.508036,
              12.486814
            ],
            [
              78.512984,
              12.485448
            ],
            [
              78.513594,
              12.484425
            ],
            [
              78.517307,
              12.484138
            ],
            [
              78.516529,
              12.482814
            ],
            [
              78.516654,
              12.477144
            ],
            [
              78.515189,
              12.476814
            ],
            [
              78.515715,
              12.476546
            ],
            [
              78.517872,
              12.476814
            ],
            [
              78.51722,
              12.477814
            ],
            [
              78.517422,
              12.481814
            ],
            [
              78.518671,
              12.484127
            ],
            [
              78.52236,
              12.483814
            ],
            [
              78.522424,
              12.480814
            ],
            [
              78.523406,
              12.479392
            ],
            [
              78.52242,
              12.478814
            ],
            [
              78.52232,
              12.476478
            ],
            [
              78.520452,
              12.475282
            ],
            [
              78.519984,
              12.477577
            ],
            [
              78.519676,
              12.476122
            ],
            [
              78.517984,
              12.475893
            ],
            [
              78.517984,
              12.475812
            ],
            [
              78.519628,
              12.475459
            ],
            [
              78.519841,
              12.472671
            ],
            [
              78.522823,
              12.472653
            ],
            [
              78.522468,
              12.47033
            ],
            [
              78.521519,
              12.469279
            ],
            [
              78.519722,
              12.468814
            ],
            [
              78.519984,
              12.46724
            ],
            [
              78.520984,
              12.466889
            ],
            [
              78.521354,
              12.468444
            ],
            [
              78.522984,
              12.469482
            ],
            [
              78.524984,
              12.469397
            ],
            [
              78.526466,
              12.467814
            ],
            [
              78.524461,
              12.465814
            ],
            [
              78.524325,
              12.462474
            ],
            [
              78.521984,
              12.461205
            ],
            [
              78.520513,
              12.461343
            ],
            [
              78.519309,
              12.462139
            ],
            [
              78.518984,
              12.463328
            ],
            [
              78.517984,
              12.463324
            ],
            [
              78.517834,
              12.459964
            ],
            [
              78.516937,
              12.459814
            ],
            [
              78.517984,
              12.456902
            ],
            [
              78.518156,
              12.457642
            ],
            [
              78.519984,
              12.458562
            ],
            [
              78.520942,
              12.456772
            ],
            [
              78.521984,
              12.456317
            ],
            [
              78.522117,
              12.457814
            ],
            [
              78.521188,
              12.458814
            ],
            [
              78.521556,
              12.460243
            ],
            [
              78.523984,
              12.461345
            ],
            [
              78.525984,
              12.461296
            ],
            [
              78.527984,
              12.463236
            ],
            [
              78.528494,
              12.461814
            ],
            [
              78.527552,
              12.460814
            ],
            [
              78.528608,
              12.458814
            ],
            [
              78.526572,
              12.457814
            ],
            [
              78.529204,
              12.457594
            ],
            [
              78.529638,
              12.46116
            ],
            [
              78.531984,
              12.461384
            ],
            [
              78.532617,
              12.460814
            ],
            [
              78.53082,
              12.458814
            ],
            [
              78.531613,
              12.457814
            ],
            [
              78.530984,
              12.456002
            ],
            [
              78.535663,
              12.460135
            ],
            [
              78.537351,
              12.460447
            ],
            [
              78.539193,
              12.462024
            ],
            [
              78.539234,
              12.457564
            ],
            [
              78.536984,
              12.458392
            ],
            [
              78.533674,
              12.455124
            ],
            [
              78.533363,
              12.453435
            ],
            [
              78.530745,
              12.450814
            ],
            [
              78.530984,
              12.448666
            ],
            [
              78.531487,
              12.450311
            ],
            [
              78.532984,
              12.451453
            ],
            [
              78.53448,
              12.451311
            ],
            [
              78.535984,
              12.447393
            ],
            [
              78.536448,
              12.449351
            ],
            [
              78.537984,
              12.449443
            ],
            [
              78.538984,
              12.450392
            ],
            [
              78.539984,
              12.45056
            ],
            [
              78.540984,
              12.449444
            ],
            [
              78.544261,
              12.449537
            ],
            [
              78.544543,
              12.453255
            ],
            [
              78.545354,
              12.453445
            ],
            [
              78.547763,
              12.459035
            ],
            [
              78.549649,
              12.459814
            ],
            [
              78.548669,
              12.460814
            ],
            [
              78.548786,
              12.462012
            ],
            [
              78.554205,
              12.460036
            ],
            [
              78.55334,
              12.458814
            ],
            [
              78.554984,
              12.458167
            ],
            [
              78.555632,
              12.458814
            ],
            [
              78.555777,
              12.462021
            ],
            [
              78.557318,
              12.46148
            ],
            [
              78.55872,
              12.465078
            ],
            [
              78.560216,
              12.465046
            ],
            [
              78.560984,
              12.462195
            ],
            [
              78.562198,
              12.464029
            ],
            [
              78.56233,
              12.461468
            ],
            [
              78.557642,
              12.456157
            ],
            [
              78.556538,
              12.453814
            ],
            [
              78.55646,
              12.449338
            ],
            [
              78.55285,
              12.448814
            ],
            [
              78.558984,
              12.448413
            ],
            [
              78.56132,
              12.446151
            ],
            [
              78.561506,
              12.443814
            ],
            [
              78.559693,
              12.440814
            ],
            [
              78.559984,
              12.437102
            ],
            [
              78.560214,
              12.439814
            ],
            [
              78.562255,
              12.442543
            ],
            [
              78.56246,
              12.444814
            ],
            [
              78.563488,
              12.445814
            ],
            [
              78.563614,
              12.451814
            ],
            [
              78.564628,
              12.452814
            ],
            [
              78.564689,
              12.457814
            ],
            [
              78.566449,
              12.45835
            ],
            [
              78.56679,
              12.460008
            ],
            [
              78.568688,
              12.460814
            ],
            [
              78.568652,
              12.463814
            ],
            [
              78.569718,
              12.464814
            ],
            [
              78.568831,
              12.468967
            ],
            [
              78.571984,
              12.469068
            ],
            [
              78.57426,
              12.467814
            ],
            [
              78.573282,
              12.465814
            ],
            [
              78.573338,
              12.460814
            ],
            [
              78.572364,
              12.459814
            ],
            [
              78.572329,
              12.454469
            ],
            [
              78.568984,
              12.454096
            ],
            [
              78.567984,
              12.455897
            ],
            [
              78.567781,
              12.454814
            ],
            [
              78.567984,
              12.453594
            ],
            [
              78.57138,
              12.453211
            ],
            [
              78.571368,
              12.452431
            ],
            [
              78.56966,
              12.451814
            ],
            [
              78.571581,
              12.450814
            ],
            [
              78.570681,
              12.449814
            ],
            [
              78.570801,
              12.448632
            ],
            [
              78.571984,
              12.449485
            ],
            [
              78.572667,
              12.448814
            ],
            [
              78.572984,
              12.444904
            ],
            [
              78.573984,
              12.446595
            ],
            [
              78.57505,
              12.446748
            ],
            [
              78.575061,
              12.447891
            ],
            [
              78.573301,
              12.448814
            ],
            [
              78.574299,
              12.449814
            ],
            [
              78.573387,
              12.450814
            ],
            [
              78.573685,
              12.457113
            ],
            [
              78.575309,
              12.457489
            ],
            [
              78.575486,
              12.458312
            ],
            [
              78.577984,
              12.458262
            ],
            [
              78.579373,
              12.459426
            ],
            [
              78.579598,
              12.4612
            ],
            [
              78.580606,
              12.461814
            ],
            [
              78.580639,
              12.463814
            ],
            [
              78.581772,
              12.465026
            ],
            [
              78.585408,
              12.458814
            ],
            [
              78.585452,
              12.456814
            ],
            [
              78.582747,
              12.454052
            ],
            [
              78.582455,
              12.452343
            ],
            [
              78.579967,
              12.451831
            ],
            [
              78.580139,
              12.450814
            ],
            [
              78.582128,
              12.45067
            ],
            [
              78.583557,
              12.453241
            ],
            [
              78.586324,
              12.455154
            ],
            [
              78.587592,
              12.452814
            ],
            [
              78.587984,
              12.446949
            ],
            [
              78.588395,
              12.453814
            ],
            [
              78.587455,
              12.454814
            ],
            [
              78.587646,
              12.456152
            ],
            [
              78.588358,
              12.456189
            ],
            [
              78.590824,
              12.453654
            ],
            [
              78.593984,
              12.45278
            ],
            [
              78.593267,
              12.453814
            ],
            [
              78.591475,
              12.454305
            ],
            [
              78.590355,
              12.455814
            ],
            [
              78.590516,
              12.458283
            ],
            [
              78.593837,
              12.458814
            ],
            [
              78.589984,
              12.459125
            ],
            [
              78.588368,
              12.45743
            ],
            [
              78.586984,
              12.457327
            ],
            [
              78.585735,
              12.462064
            ],
            [
              78.586984,
              12.461216
            ],
            [
              78.592341,
              12.461172
            ],
            [
              78.595517,
              12.457348
            ],
            [
              78.595984,
              12.455191
            ],
            [
              78.597101,
              12.455697
            ],
            [
              78.596198,
              12.456029
            ],
            [
              78.595323,
              12.459814
            ],
            [
              78.59329,
              12.46212
            ],
            [
              78.589984,
              12.462356
            ],
            [
              78.588984,
              12.463378
            ],
            [
              78.585984,
              12.463434
            ],
            [
              78.585724,
              12.464075
            ],
            [
              78.588689,
              12.467109
            ],
            [
              78.590984,
              12.468208
            ],
            [
              78.595984,
              12.465347
            ],
            [
              78.597376,
              12.465206
            ],
            [
              78.599984,
              12.461263
            ],
            [
              78.601189,
              12.462609
            ],
            [
              78.602984,
              12.462555
            ],
            [
              78.603128,
              12.46367
            ],
            [
              78.603798,
              12.463814
            ],
            [
              78.600501,
              12.464331
            ],
            [
              78.60031,
              12.466488
            ],
            [
              78.601068,
              12.46673
            ],
            [
              78.601067,
              12.467897
            ],
            [
              78.599984,
              12.469346
            ],
            [
              78.597984,
              12.468232
            ],
            [
              78.592984,
              12.468379
            ],
            [
              78.588657,
              12.472814
            ],
            [
              78.590406,
              12.473392
            ],
            [
              78.594322,
              12.477476
            ],
            [
              78.594984,
              12.480497
            ],
            [
              78.595984,
              12.479617
            ],
            [
              78.597163,
              12.479814
            ],
            [
              78.596246,
              12.480814
            ],
            [
              78.596434,
              12.483814
            ],
            [
              78.597425,
              12.485256
            ],
            [
              78.595516,
              12.485282
            ],
            [
              78.594984,
              12.484336
            ],
            [
              78.594479,
              12.484814
            ],
            [
              78.595448,
              12.485351
            ],
            [
              78.595507,
              12.489291
            ],
            [
              78.597461,
              12.490291
            ],
            [
              78.598368,
              12.488814
            ],
            [
              78.596664,
              12.486814
            ],
            [
              78.597553,
              12.485383
            ],
            [
              78.599444,
              12.485275
            ],
            [
              78.599619,
              12.48418
            ],
            [
              78.598848,
              12.483814
            ],
            [
              78.599984,
              12.482852
            ],
            [
              78.600401,
              12.484397
            ],
            [
              78.602019,
              12.484814
            ],
            [
              78.602069,
              12.4859
            ],
            [
              78.600512,
              12.486343
            ],
            [
              78.600498,
              12.4873
            ],
            [
              78.60379,
              12.487814
            ],
            [
              78.602274,
              12.488104
            ],
            [
              78.601984,
              12.490087
            ],
            [
              78.600984,
              12.490062
            ],
            [
              78.599529,
              12.491359
            ],
            [
              78.598984,
              12.493695
            ],
            [
              78.598661,
              12.492137
            ],
            [
              78.596984,
              12.491147
            ],
            [
              78.591984,
              12.491324
            ],
            [
              78.590984,
              12.493292
            ],
            [
              78.590294,
              12.491504
            ],
            [
              78.588548,
              12.491814
            ],
            [
              78.590467,
              12.493331
            ],
            [
              78.589479,
              12.494814
            ],
            [
              78.589365,
              12.497814
            ],
            [
              78.591159,
              12.498639
            ],
            [
              78.591553,
              12.501245
            ],
            [
              78.593984,
              12.501591
            ],
            [
              78.595999,
              12.500829
            ],
            [
              78.595052,
              12.502883
            ],
            [
              78.593984,
              12.502037
            ],
            [
              78.59242,
              12.503251
            ],
            [
              78.592984,
              12.504614
            ],
            [
              78.594066,
              12.503732
            ],
            [
              78.594067,
              12.504898
            ],
            [
              78.587984,
              12.505262
            ],
            [
              78.586463,
              12.506814
            ],
            [
              78.588292,
              12.507814
            ],
            [
              78.587984,
              12.51183
            ],
            [
              78.587464,
              12.509335
            ],
            [
              78.585984,
              12.509233
            ],
            [
              78.585609,
              12.51219
            ],
            [
              78.590868,
              12.513814
            ],
            [
              78.585774,
              12.515025
            ],
            [
              78.584322,
              12.511476
            ],
            [
              78.580984,
              12.50843
            ],
            [
              78.580583,
              12.509814
            ],
            [
              78.582503,
              12.512814
            ],
            [
              78.580984,
              12.513346
            ],
            [
              78.579403,
              12.510814
            ],
            [
              78.57923,
              12.508569
            ],
            [
              78.575765,
              12.507596
            ],
            [
              78.575621,
              12.512178
            ],
            [
              78.577984,
              12.512464
            ],
            [
              78.579268,
              12.513814
            ],
            [
              78.575538,
              12.51426
            ],
            [
              78.575355,
              12.513443
            ],
            [
              78.574652,
              12.513482
            ],
            [
              78.576388,
              12.516814
            ],
            [
              78.576602,
              12.518814
            ],
            [
              78.57576,
              12.519038
            ],
            [
              78.574984,
              12.517247
            ],
            [
              78.574177,
              12.519007
            ],
            [
              78.572984,
              12.519044
            ],
            [
              78.571984,
              12.520305
            ],
            [
              78.570648,
              12.51915
            ],
            [
              78.569984,
              12.516438
            ],
            [
              78.568753,
              12.517583
            ],
            [
              78.568617,
              12.518814
            ],
            [
              78.569984,
              12.522354
            ],
            [
              78.571984,
              12.522395
            ],
            [
              78.572984,
              12.521465
            ],
            [
              78.577984,
              12.521859
            ],
            [
              78.573984,
              12.522127
            ],
            [
              78.572589,
              12.52342
            ],
            [
              78.572301,
              12.525814
            ],
            [
              78.573377,
              12.528207
            ],
            [
              78.572984,
              12.528708
            ],
            [
              78.571562,
              12.528237
            ],
            [
              78.570984,
              12.526282
            ],
            [
              78.568592,
              12.527422
            ],
            [
              78.567259,
              12.529814
            ],
            [
              78.567097,
              12.532701
            ],
            [
              78.567979,
              12.532809
            ],
            [
              78.567986,
              12.532814
            ],
            [
              78.567984,
              12.532849
            ]
          ]
        ],
        "type": "Polygon"
      },
      "type": "Feature"
    }
  ]
}