{
  "type": "FeatureCollection",
  "metadata": {
    "provider_name": "M M Chicken Center",
    "center_lat": 12.705112,
    "center_lon": 77.701054,
    "mode": "motorcycle",
    "total_zones": 4,
    "distance_zones": [
      3,
      4,
      5,
      6
    ],
    "generated_at": "2025-12-26T05:17:00.311665Z"
  },
  "features": [
    {
      "properties": {
        "fill-opacity": 0.33,
        "fillColor": "#bf4040",
        "opacity": 0.33,
        "fill": "#bf4040",
        "fillOpacity": 0.33,
        "color": "#bf4040",
        "contour": 3.0,
        "metric": "distance",
        "provider_name": "M M Chicken Center",
        "zone_type": "distance",
        "distance_km": 3,
        "mode": "motorcycle",
        "center_lat": 12.705112,
        "center_lon": 77.701054,
        "label": "3km"
      },
      "geometry": {
        "coordinates": [
          [
            [
              77.705054,
              12.729071
            ],
            [
              77.704054,
              12.72848
            ],
            [
              77.70387,
              12.727296
            ],
            [
              77.702054,
              12.72694
            ],
            [
              77.701624,
              12.725541
            ],
            [
              77.700054,
              12.725394
            ],
            [
              77.699273,
              12.723892
            ],
            [
              77.696364,
              12.724422
            ],
            [
              77.696054,
              12.726
            ],
            [
              77.695896,
              12.725269
            ],
            [
              77.694451,
              12.725112
            ],
            [
              77.692054,
              12.719503
            ],
            [
              77.691386,
              12.720112
            ],
            [
              77.691228,
              12.722937
            ],
            [
              77.692094,
              12.723071
            ],
            [
              77.692054,
              12.72376
            ],
            [
              77.690019,
              12.723146
            ],
            [
              77.689858,
              12.722307
            ],
            [
              77.688024,
              12.722141
            ],
            [
              77.687807,
              12.720358
            ],
            [
              77.687028,
              12.720112
            ],
            [
              77.687805,
              12.719863
            ],
            [
              77.68773,
              12.718112
            ],
            [
              77.688071,
              12.718094
            ],
            [
              77.688281,
              12.718885
            ],
            [
              77.68951,
              12.718568
            ],
            [
              77.689619,
              12.717112
            ],
            [
              77.686768,
              12.715397
            ],
            [
              77.686674,
              12.713112
            ],
            [
              77.683054,
              12.712539
            ],
            [
              77.681031,
              12.713134
            ],
            [
              77.681054,
              12.710743
            ],
            [
              77.680047,
              12.711118
            ],
            [
              77.67976,
              12.709405
            ],
            [
              77.678147,
              12.709112
            ],
            [
              77.682499,
              12.708557
            ],
            [
              77.682054,
              12.707375
            ],
            [
              77.679011,
              12.707112
            ],
            [
              77.681054,
              12.706913
            ],
            [
              77.683501,
              12.705559
            ],
            [
              77.682783,
              12.703382
            ],
            [
              77.681729,
              12.703112
            ],
            [
              77.682054,
              12.70202
            ],
            [
              77.684054,
              12.700479
            ],
            [
              77.685054,
              12.700878
            ],
            [
              77.684591,
              12.703112
            ],
            [
              77.685606,
              12.704559
            ],
            [
              77.688208,
              12.705112
            ],
            [
              77.686633,
              12.706691
            ],
            [
              77.686707,
              12.707458
            ],
            [
              77.688054,
              12.708573
            ],
            [
              77.689332,
              12.70839
            ],
            [
              77.690477,
              12.707112
            ],
            [
              77.689613,
              12.706112
            ],
            [
              77.689588,
              12.702112
            ],
            [
              77.692679,
              12.698112
            ],
            [
              77.692054,
              12.696339
            ],
            [
              77.691054,
              12.69718
            ],
            [
              77.68968,
              12.697112
            ],
            [
              77.690794,
              12.695852
            ],
            [
              77.691054,
              12.69383
            ],
            [
              77.691387,
              12.695778
            ],
            [
              77.695527,
              12.695585
            ],
            [
              77.697054,
              12.690677
            ],
            [
              77.698202,
              12.690963
            ],
            [
              77.699656,
              12.693509
            ],
            [
              77.700429,
              12.693487
            ],
            [
              77.701769,
              12.691112
            ],
            [
              77.700882,
              12.690112
            ],
            [
              77.701054,
              12.687719
            ],
            [
              77.701404,
              12.689761
            ],
            [
              77.705658,
              12.689716
            ],
            [
              77.706613,
              12.686671
            ],
            [
              77.709783,
              12.685841
            ],
            [
              77.710514,
              12.685112
            ],
            [
              77.710054,
              12.68364
            ],
            [
              77.711069,
              12.683096
            ],
            [
              77.712054,
              12.684132
            ],
            [
              77.712274,
              12.688112
            ],
            [
              77.710621,
              12.688679
            ],
            [
              77.710672,
              12.689493
            ],
            [
              77.714054,
              12.689829
            ],
            [
              77.715054,
              12.689009
            ],
            [
              77.717054,
              12.689973
            ],
            [
              77.718077,
              12.689088
            ],
            [
              77.718422,
              12.690743
            ],
            [
              77.719869,
              12.690927
            ],
            [
              77.720054,
              12.689906
            ],
            [
              77.720951,
              12.691112
            ],
            [
              77.718581,
              12.691639
            ],
            [
              77.718168,
              12.693226
            ],
            [
              77.71629,
              12.694112
            ],
            [
              77.717201,
              12.695112
            ],
            [
              77.717087,
              12.697112
            ],
            [
              77.71816,
              12.698005
            ],
            [
              77.718642,
              12.701523
            ],
            [
              77.724073,
              12.702112
            ],
            [
              77.723575,
              12.703112
            ],
            [
              77.722335,
              12.703393
            ],
            [
              77.722109,
              12.705167
            ],
            [
              77.721054,
              12.705217
            ],
            [
              77.719932,
              12.704233
            ],
            [
              77.719503,
              12.702662
            ],
            [
              77.718054,
              12.703485
            ],
            [
              77.716693,
              12.702751
            ],
            [
              77.71637,
              12.706112
            ],
            [
              77.7173,
              12.707112
            ],
            [
              77.717341,
              12.708824
            ],
            [
              77.718054,
              12.709206
            ],
            [
              77.718547,
              12.711618
            ],
            [
              77.720136,
              12.71203
            ],
            [
              77.720209,
              12.712956
            ],
            [
              77.721054,
              12.713338
            ],
            [
              77.720054,
              12.713468
            ],
            [
              77.71874,
              12.712425
            ],
            [
              77.714054,
              12.712552
            ],
            [
              77.712308,
              12.714366
            ],
            [
              77.710688,
              12.714746
            ],
            [
              77.709527,
              12.716112
            ],
            [
              77.710054,
              12.716686
            ],
            [
              77.710667,
              12.715725
            ],
            [
              77.715031,
              12.715112
            ],
            [
              77.714867,
              12.716112
            ],
            [
              77.713261,
              12.717112
            ],
            [
              77.71571,
              12.721112
            ],
            [
              77.714054,
              12.722152
            ],
            [
              77.713709,
              12.720456
            ],
            [
              77.713054,
              12.72036
            ],
            [
              77.711479,
              12.721537
            ],
            [
              77.7111,
              12.723158
            ],
            [
              77.708199,
              12.723257
            ],
            [
              77.708054,
              12.723992
            ],
            [
              77.70791,
              12.723255
            ],
            [
              77.707047,
              12.723112
            ],
            [
              77.707196,
              12.721969
            ],
            [
              77.704656,
              12.720714
            ],
            [
              77.704458,
              12.722112
            ],
            [
              77.705342,
              12.723112
            ],
            [
              77.704457,
              12.725112
            ],
            [
              77.70525,
              12.726112
            ],
            [
              77.705054,
              12.729071
            ]
          ]
        ],
        "type": "Polygon"
      },
      "type": "Feature"
    },
    {
      "properties": {
        "fill-opacity": 0.33,
        "fillColor": "#bf4040",
        "opacity": 0.33,
        "fill": "#bf4040",
        "fillOpacity": 0.33,
        "color": "#bf4040",
        "contour": 4.0,
        "metric": "distance",
        "provider_name": "M M Chicken Center",
        "zone_type": "distance",
        "distance_km": 4,
        "mode": "motorcycle",
        "center_lat": 12.705112,
        "center_lon": 77.701054,
        "label": "4km"
      },
      "geometry": {
        "coordinates": [
          [
            [
              77.708054,
              12.737143
            ],
            [
              77.70784,
              12.736325
            ],
            [
              77.70687,
              12.736112
            ],
            [
              77.706717,
              12.733112
            ],
            [
              77.706054,
              12.732503
            ],
            [
              77.704054,
              12.732414
            ],
            [
              77.703054,
              12.733333
            ],
            [
              77.700054,
              12.732995
            ],
            [
              77.699054,
              12.733647
            ],
            [
              77.69868,
              12.732485
            ],
            [
              77.697142,
              12.732112
            ],
            [
              77.69771,
              12.730112
            ],
            [
              77.696054,
              12.727571
            ],
            [
              77.695054,
              12.729308
            ],
            [
              77.693898,
              12.729267
            ],
            [
              77.693054,
              12.727484
            ],
            [
              77.690054,
              12.7274
            ],
            [
              77.689249,
              12.728112
            ],
            [
              77.689054,
              12.729772
            ],
            [
              77.687203,
              12.729112
            ],
            [
              77.687365,
              12.727112
            ],
            [
              77.691054,
              12.726772
            ],
            [
              77.69163,
              12.726112
            ],
            [
              77.6914,
              12.724765
            ],
            [
              77.689372,
              12.722793
            ],
            [
              77.687713,
              12.722453
            ],
            [
              77.686547,
              12.720112
            ],
            [
              77.687381,
              12.718784
            ],
            [
              77.686054,
              12.717557
            ],
            [
              77.684629,
              12.717687
            ],
            [
              77.683301,
              12.719112
            ],
            [
              77.683675,
              12.721112
            ],
            [
              77.682165,
              12.721223
            ],
            [
              77.682054,
              12.72177
            ],
            [
              77.681486,
              12.721112
            ],
            [
              77.682236,
              12.718112
            ],
            [
              77.683809,
              12.716867
            ],
            [
              77.687497,
              12.716555
            ],
            [
              77.686417,
              12.715112
            ],
            [
              77.686284,
              12.712881
            ],
            [
              77.683054,
              12.712747
            ],
            [
              77.682054,
              12.713629
            ],
            [
              77.680442,
              12.713723
            ],
            [
              77.67953,
              12.710112
            ],
            [
              77.678714,
              12.709772
            ],
            [
              77.679099,
              12.715066
            ],
            [
              77.677336,
              12.715394
            ],
            [
              77.677054,
              12.716833
            ],
            [
              77.676039,
              12.716112
            ],
            [
              77.676897,
              12.715955
            ],
            [
              77.676891,
              12.715112
            ],
            [
              77.675643,
              12.713112
            ],
            [
              77.676436,
              12.710729
            ],
            [
              77.675627,
              12.710685
            ],
            [
              77.675054,
              12.712007
            ],
            [
              77.670317,
              12.711112
            ],
            [
              77.672867,
              12.709112
            ],
            [
              77.671639,
              12.707526
            ],
            [
              77.66901,
              12.707112
            ],
            [
              77.671687,
              12.706745
            ],
            [
              77.672054,
              12.70598
            ],
            [
              77.67255,
              12.707615
            ],
            [
              77.675464,
              12.707522
            ],
            [
              77.675522,
              12.706643
            ],
            [
              77.67391,
              12.706112
            ],
            [
              77.674837,
              12.705112
            ],
            [
              77.674745,
              12.70442
            ],
            [
              77.673544,
              12.704112
            ],
            [
              77.674054,
              12.703069
            ],
            [
              77.674201,
              12.703964
            ],
            [
              77.676219,
              12.704946
            ],
            [
              77.677054,
              12.70681
            ],
            [
              77.681054,
              12.706557
            ],
            [
              77.683321,
              12.705379
            ],
            [
              77.682054,
              12.703621
            ],
            [
              77.679755,
              12.70341
            ],
            [
              77.679755,
              12.702813
            ],
            [
              77.681389,
              12.702447
            ],
            [
              77.681404,
              12.701761
            ],
            [
              77.679054,
              12.701473
            ],
            [
              77.678054,
              12.702235
            ],
            [
              77.677557,
              12.700608
            ],
            [
              77.675008,
              12.700157
            ],
            [
              77.677054,
              12.699881
            ],
            [
              77.677802,
              12.699112
            ],
            [
              77.677054,
              12.698279
            ],
            [
              77.675257,
              12.698112
            ],
            [
              77.676765,
              12.697823
            ],
            [
              77.677054,
              12.69583
            ],
            [
              77.679054,
              12.698818
            ],
            [
              77.681835,
              12.696893
            ],
            [
              77.681872,
              12.695293
            ],
            [
              77.681054,
              12.6949
            ],
            [
              77.682054,
              12.694779
            ],
            [
              77.682404,
              12.695761
            ],
            [
              77.68451,
              12.695568
            ],
            [
              77.68461,
              12.694555
            ],
            [
              77.683682,
              12.69374
            ],
            [
              77.685647,
              12.693705
            ],
            [
              77.68617,
              12.691995
            ],
            [
              77.686965,
              12.692112
            ],
            [
              77.686197,
              12.692255
            ],
            [
              77.686247,
              12.696112
            ],
            [
              77.687634,
              12.697532
            ],
            [
              77.688413,
              12.697471
            ],
            [
              77.690519,
              12.695112
            ],
            [
              77.688716,
              12.694112
            ],
            [
              77.689633,
              12.693112
            ],
            [
              77.68929,
              12.692112
            ],
            [
              77.691464,
              12.690522
            ],
            [
              77.692054,
              12.689065
            ],
            [
              77.696484,
              12.688542
            ],
            [
              77.696649,
              12.686517
            ],
            [
              77.695343,
              12.686112
            ],
            [
              77.697054,
              12.683854
            ],
            [
              77.699054,
              12.684279
            ],
            [
              77.700054,
              12.685686
            ],
            [
              77.704054,
              12.685761
            ],
            [
              77.704621,
              12.685112
            ],
            [
              77.703589,
              12.684112
            ],
            [
              77.703671,
              12.683112
            ],
            [
              77.70458,
              12.682638
            ],
            [
              77.704563,
              12.681112
            ],
            [
              77.705781,
              12.680112
            ],
            [
              77.705054,
              12.67928
            ],
            [
              77.704054,
              12.679377
            ],
            [
              77.703569,
              12.678112
            ],
            [
              77.705806,
              12.677864
            ],
            [
              77.706054,
              12.67658
            ],
            [
              77.706447,
              12.678718
            ],
            [
              77.708054,
              12.678814
            ],
            [
              77.708795,
              12.678112
            ],
            [
              77.708979,
              12.676186
            ],
            [
              77.708415,
              12.676112
            ],
            [
              77.70896,
              12.676018
            ],
            [
              77.710263,
              12.678112
            ],
            [
              77.709429,
              12.680112
            ],
            [
              77.711054,
              12.680714
            ],
            [
              77.711717,
              12.680112
            ],
            [
              77.710795,
              12.678853
            ],
            [
              77.711831,
              12.678112
            ],
            [
              77.712124,
              12.676042
            ],
            [
              77.713054,
              12.678125
            ],
            [
              77.715054,
              12.67718
            ],
            [
              77.716542,
              12.678112
            ],
            [
              77.716744,
              12.679421
            ],
            [
              77.718764,
              12.680112
            ],
            [
              77.717535,
              12.680593
            ],
            [
              77.71719,
              12.682112
            ],
            [
              77.71729,
              12.682875
            ],
            [
              77.718349,
              12.683112
            ],
            [
              77.718613,
              12.685552
            ],
            [
              77.720554,
              12.686112
            ],
            [
              77.719587,
              12.686645
            ],
            [
              77.719695,
              12.68847
            ],
            [
              77.721054,
              12.688666
            ],
            [
              77.72233,
              12.687835
            ],
            [
              77.722653,
              12.689512
            ],
            [
              77.723476,
              12.689534
            ],
            [
              77.723793,
              12.687372
            ],
            [
              77.722962,
              12.687203
            ],
            [
              77.723054,
              12.686113
            ],
            [
              77.724054,
              12.685816
            ],
            [
              77.724642,
              12.686523
            ],
            [
              77.726054,
              12.686524
            ],
            [
              77.726243,
              12.687922
            ],
            [
              77.727934,
              12.688112
            ],
            [
              77.727248,
              12.689306
            ],
            [
              77.727475,
              12.690691
            ],
            [
              77.730077,
              12.691135
            ],
            [
              77.72747,
              12.691528
            ],
            [
              77.727167,
              12.692998
            ],
            [
              77.728054,
              12.693429
            ],
            [
              77.727019,
              12.693146
            ],
            [
              77.726573,
              12.691592
            ],
            [
              77.725598,
              12.691656
            ],
            [
              77.725054,
              12.695449
            ],
            [
              77.723891,
              12.695112
            ],
            [
              77.724951,
              12.695009
            ],
            [
              77.724671,
              12.693494
            ],
            [
              77.722054,
              12.69158
            ],
            [
              77.721054,
              12.692453
            ],
            [
              77.719054,
              12.692356
            ],
            [
              77.718418,
              12.693476
            ],
            [
              77.716621,
              12.694112
            ],
            [
              77.717593,
              12.695112
            ],
            [
              77.717562,
              12.697112
            ],
            [
              77.718677,
              12.698112
            ],
            [
              77.718799,
              12.701366
            ],
            [
              77.723054,
              12.701585
            ],
            [
              77.724054,
              12.700632
            ],
            [
              77.728269,
              12.701112
            ],
            [
              77.72274,
              12.703798
            ],
            [
              77.723521,
              12.705112
            ],
            [
              77.723054,
              12.70742
            ],
            [
              77.722401,
              12.705765
            ],
            [
              77.721054,
              12.705639
            ],
            [
              77.719687,
              12.704478
            ],
            [
              77.719322,
              12.702843
            ],
            [
              77.718054,
              12.703726
            ],
            [
              77.71682,
              12.702878
            ],
            [
              77.716647,
              12.706112
            ],
            [
              77.718545,
              12.709112
            ],
            [
              77.71863,
              12.711112
            ],
            [
              77.720409,
              12.711756
            ],
            [
              77.721513,
              12.713112
            ],
            [
              77.721054,
              12.714863
            ],
            [
              77.718054,
              12.714513
            ],
            [
              77.71749,
              12.715112
            ],
            [
              77.718054,
              12.715884
            ],
            [
              77.719054,
              12.715349
            ],
            [
              77.721054,
              12.71745
            ],
            [
              77.72143,
              12.718112
            ],
            [
              77.720348,
              12.718406
            ],
            [
              77.720579,
              12.719586
            ],
            [
              77.722579,
              12.720112
            ],
            [
              77.720596,
              12.720654
            ],
            [
              77.720328,
              12.722112
            ],
            [
              77.721054,
              12.722961
            ],
            [
              77.721842,
              12.7229
            ],
            [
              77.722029,
              12.722087
            ],
            [
              77.722721,
              12.722112
            ],
            [
              77.72213,
              12.722188
            ],
            [
              77.722162,
              12.723112
            ],
            [
              77.721277,
              12.724112
            ],
            [
              77.721406,
              12.724759
            ],
            [
              77.722934,
              12.725112
            ],
            [
              77.722769,
              12.725827
            ],
            [
              77.720054,
              12.726934
            ],
            [
              77.717054,
              12.724421
            ],
            [
              77.71635,
              12.725112
            ],
            [
              77.716054,
              12.728194
            ],
            [
              77.715695,
              12.724112
            ],
            [
              77.715054,
              12.723445
            ],
            [
              77.713396,
              12.726112
            ],
            [
              77.712977,
              12.729188
            ],
            [
              77.711838,
              12.728112
            ],
            [
              77.712667,
              12.725112
            ],
            [
              77.71362,
              12.724112
            ],
            [
              77.713527,
              12.721112
            ],
            [
              77.712768,
              12.720826
            ],
            [
              77.710469,
              12.724112
            ],
            [
              77.710337,
              12.725395
            ],
            [
              77.708313,
              12.726112
            ],
            [
              77.710054,
              12.727284
            ],
            [
              77.710247,
              12.730112
            ],
            [
              77.70942,
              12.731745
            ],
            [
              77.711078,
              12.732136
            ],
            [
              77.707952,
              12.73301
            ],
            [
              77.710017,
              12.735112
            ],
            [
              77.708054,
              12.737143
            ]
          ]
        ],
        "type": "Polygon"
      },
      "type": "Feature"
    },
    {
      "properties": {
        "fill-opacity": 0.33,
        "fillColor": "#bf4040",
        "opacity": 0.33,
        "fill": "#bf4040",
        "fillOpacity": 0.33,
        "color": "#bf4040",
        "contour": 5.0,
        "metric": "distance",
        "provider_name": "M M Chicken Center",
        "zone_type": "distance",
        "distance_km": 5,
        "mode": "motorcycle",
        "center_lat": 12.705112,
        "center_lon": 77.701054,
        "label": "5km"
      },
      "geometry": {
        "coordinates": [
          [
            [
              77.708054,
              12.746213
            ],
            [
              77.70556,
              12.743112
            ],
            [
              77.707609,
              12.742667
            ],
            [
              77.707522,
              12.741643
            ],
            [
              77.705798,
              12.741367
            ],
            [
              77.704498,
              12.740112
            ],
            [
              77.705054,
              12.739284
            ],
            [
              77.705218,
              12.739947
            ],
            [
              77.707311,
              12.739854
            ],
            [
              77.707572,
              12.740593
            ],
            [
              77.708471,
              12.740529
            ],
            [
              77.707631,
              12.739112
            ],
            [
              77.708583,
              12.738112
            ],
            [
              77.707375,
              12.73679
            ],
            [
              77.70568,
              12.737738
            ],
            [
              77.705054,
              12.739084
            ],
            [
              77.704054,
              12.73792
            ],
            [
              77.702839,
              12.738897
            ],
            [
              77.703346,
              12.741112
            ],
            [
              77.702054,
              12.741973
            ],
            [
              77.700696,
              12.740112
            ],
            [
              77.701501,
              12.739559
            ],
            [
              77.701576,
              12.737589
            ],
            [
              77.700555,
              12.737613
            ],
            [
              77.700054,
              12.739545
            ],
            [
              77.699504,
              12.736661
            ],
            [
              77.698054,
              12.73733
            ],
            [
              77.695997,
              12.737168
            ],
            [
              77.696054,
              12.736278
            ],
            [
              77.696222,
              12.736943
            ],
            [
              77.697054,
              12.73695
            ],
            [
              77.699636,
              12.735112
            ],
            [
              77.698352,
              12.732813
            ],
            [
              77.694651,
              12.731112
            ],
            [
              77.695555,
              12.729613
            ],
            [
              77.69651,
              12.729568
            ],
            [
              77.696054,
              12.727761
            ],
            [
              77.695553,
              12.729611
            ],
            [
              77.694054,
              12.729678
            ],
            [
              77.693439,
              12.727726
            ],
            [
              77.689766,
              12.727824
            ],
            [
              77.689576,
              12.729112
            ],
            [
              77.690665,
              12.7315
            ],
            [
              77.692635,
              12.733112
            ],
            [
              77.68956,
              12.733618
            ],
            [
              77.689236,
              12.736112
            ],
            [
              77.688367,
              12.736425
            ],
            [
              77.688054,
              12.738009
            ],
            [
              77.687027,
              12.736112
            ],
            [
              77.688662,
              12.73572
            ],
            [
              77.688804,
              12.735112
            ],
            [
              77.687734,
              12.734112
            ],
            [
              77.687054,
              12.730585
            ],
            [
              77.686216,
              12.734274
            ],
            [
              77.682219,
              12.734277
            ],
            [
              77.682054,
              12.735282
            ],
            [
              77.681745,
              12.73242
            ],
            [
              77.680162,
              12.73222
            ],
            [
              77.680054,
              12.733134
            ],
            [
              77.679003,
              12.731112
            ],
            [
              77.680868,
              12.729926
            ],
            [
              77.681412,
              12.730753
            ],
            [
              77.683054,
              12.730791
            ],
            [
              77.684459,
              12.729517
            ],
            [
              77.684461,
              12.728704
            ],
            [
              77.68262,
              12.728112
            ],
            [
              77.68395,
              12.723008
            ],
            [
              77.684568,
              12.724597
            ],
            [
              77.687704,
              12.726461
            ],
            [
              77.691419,
              12.726112
            ],
            [
              77.691282,
              12.724883
            ],
            [
              77.689269,
              12.722896
            ],
            [
              77.687606,
              12.722559
            ],
            [
              77.686384,
              12.720112
            ],
            [
              77.687273,
              12.718892
            ],
            [
              77.68569,
              12.717748
            ],
            [
              77.683775,
              12.718833
            ],
            [
              77.683603,
              12.720112
            ],
            [
              77.68454,
              12.721112
            ],
            [
              77.682727,
              12.721785
            ],
            [
              77.68236,
              12.723418
            ],
            [
              77.6814,
              12.724112
            ],
            [
              77.682162,
              12.72522
            ],
            [
              77.681054,
              12.7264
            ],
            [
              77.679597,
              12.725655
            ],
            [
              77.678054,
              12.728651
            ],
            [
              77.677054,
              12.729013
            ],
            [
              77.67703,
              12.726112
            ],
            [
              77.678175,
              12.725233
            ],
            [
              77.678238,
              12.723927
            ],
            [
              77.675413,
              12.723471
            ],
            [
              77.674973,
              12.725192
            ],
            [
              77.673247,
              12.724112
            ],
            [
              77.676539,
              12.722597
            ],
            [
              77.67658,
              12.720585
            ],
            [
              77.673704,
              12.721112
            ],
            [
              77.673746,
              12.720112
            ],
            [
              77.676561,
              12.719619
            ],
            [
              77.677771,
              12.718112
            ],
            [
              77.677431,
              12.717734
            ],
            [
              77.676054,
              12.716612
            ],
            [
              77.674054,
              12.716552
            ],
            [
              77.672054,
              12.718753
            ],
            [
              77.671054,
              12.718395
            ],
            [
              77.670054,
              12.719262
            ],
            [
              77.668054,
              12.719571
            ],
            [
              77.668054,
              12.719099
            ],
            [
              77.669739,
              12.718797
            ],
            [
              77.670861,
              12.716919
            ],
            [
              77.67247,
              12.716529
            ],
            [
              77.673788,
              12.714846
            ],
            [
              77.675054,
              12.715639
            ],
            [
              77.676372,
              12.71543
            ],
            [
              77.676353,
              12.714812
            ],
            [
              77.674304,
              12.713362
            ],
            [
              77.669054,
              12.713528
            ],
            [
              77.668054,
              12.712529
            ],
            [
              77.667054,
              12.713457
            ],
            [
              77.665054,
              12.713627
            ],
            [
              77.664539,
              12.713112
            ],
            [
              77.665304,
              12.712112
            ],
            [
              77.664936,
              12.710229
            ],
            [
              77.663967,
              12.710112
            ],
            [
              77.663609,
              12.707557
            ],
            [
              77.660446,
              12.707112
            ],
            [
              77.660349,
              12.706407
            ],
            [
              77.661054,
              12.706163
            ],
            [
              77.661247,
              12.706918
            ],
            [
              77.663548,
              12.706606
            ],
            [
              77.664054,
              12.703947
            ],
            [
              77.664584,
              12.705581
            ],
            [
              77.666465,
              12.705523
            ],
            [
              77.667689,
              12.704112
            ],
            [
              77.668054,
              12.701871
            ],
            [
              77.669054,
              12.703708
            ],
            [
              77.671054,
              12.701853
            ],
            [
              77.672054,
              12.702863
            ],
            [
              77.674394,
              12.702771
            ],
            [
              77.676434,
              12.704731
            ],
            [
              77.677054,
              12.706523
            ],
            [
              77.681054,
              12.70642
            ],
            [
              77.683245,
              12.705303
            ],
            [
              77.682054,
              12.703782
            ],
            [
              77.679624,
              12.703541
            ],
            [
              77.679624,
              12.702682
            ],
            [
              77.681283,
              12.701882
            ],
            [
              77.679054,
              12.701722
            ],
            [
              77.678054,
              12.702644
            ],
            [
              77.67734,
              12.700825
            ],
            [
              77.674708,
              12.700457
            ],
            [
              77.675054,
              12.699594
            ],
            [
              77.677337,
              12.699395
            ],
            [
              77.677054,
              12.698657
            ],
            [
              77.671054,
              12.698469
            ],
            [
              77.670054,
              12.700314
            ],
            [
              77.669054,
              12.699356
            ],
            [
              77.666246,
              12.699112
            ],
            [
              77.668054,
              12.69762
            ],
            [
              77.6684,
              12.698765
            ],
            [
              77.669532,
              12.69859
            ],
            [
              77.669662,
              12.697503
            ],
            [
              77.668608,
              12.697112
            ],
            [
              77.669054,
              12.696331
            ],
            [
              77.671054,
              12.697754
            ],
            [
              77.674598,
              12.697112
            ],
            [
              77.674054,
              12.695468
            ],
            [
              77.669264,
              12.695112
            ],
            [
              77.672054,
              12.694861
            ],
            [
              77.673723,
              12.693112
            ],
            [
              77.671948,
              12.691217
            ],
            [
              77.671948,
              12.690217
            ],
            [
              77.670858,
              12.690112
            ],
            [
              77.672085,
              12.69008
            ],
            [
              77.674228,
              12.691937
            ],
            [
              77.674629,
              12.693536
            ],
            [
              77.676054,
              12.693684
            ],
            [
              77.677373,
              12.694792
            ],
            [
              77.677587,
              12.697112
            ],
            [
              77.679054,
              12.698526
            ],
            [
              77.681506,
              12.696112
            ],
            [
              77.679658,
              12.692112
            ],
            [
              77.679725,
              12.690112
            ],
            [
              77.680923,
              12.687981
            ],
            [
              77.683043,
              12.688112
            ],
            [
              77.681438,
              12.688496
            ],
            [
              77.681343,
              12.690112
            ],
            [
              77.680439,
              12.691112
            ],
            [
              77.682054,
              12.693665
            ],
            [
              77.683054,
              12.691655
            ],
            [
              77.684363,
              12.691802
            ],
            [
              77.684546,
              12.693112
            ],
            [
              77.685349,
              12.693407
            ],
            [
              77.686635,
              12.689112
            ],
            [
              77.684194,
              12.687112
            ],
            [
              77.685907,
              12.686112
            ],
            [
              77.68582,
              12.685345
            ],
            [
              77.684755,
              12.685112
            ],
            [
              77.686054,
              12.684986
            ],
            [
              77.686376,
              12.685789
            ],
            [
              77.68859,
              12.685648
            ],
            [
              77.689054,
              12.683119
            ],
            [
              77.690269,
              12.684112
            ],
            [
              77.689284,
              12.684342
            ],
            [
              77.68844,
              12.689112
            ],
            [
              77.687507,
              12.690112
            ],
            [
              77.687708,
              12.691457
            ],
            [
              77.689054,
              12.691677
            ],
            [
              77.691307,
              12.690365
            ],
            [
              77.691712,
              12.68877
            ],
            [
              77.693054,
              12.687633
            ],
            [
              77.693734,
              12.688431
            ],
            [
              77.695315,
              12.688373
            ],
            [
              77.69635,
              12.686815
            ],
            [
              77.691689,
              12.685112
            ],
            [
              77.696547,
              12.684112
            ],
            [
              77.694437,
              12.683112
            ],
            [
              77.695644,
              12.681112
            ],
            [
              77.693847,
              12.679905
            ],
            [
              77.696259,
              12.678906
            ],
            [
              77.696696,
              12.682469
            ],
            [
              77.699054,
              12.682724
            ],
            [
              77.700054,
              12.683668
            ],
            [
              77.701054,
              12.682726
            ],
            [
              77.704343,
              12.682401
            ],
            [
              77.703547,
              12.679112
            ],
            [
              77.702054,
              12.677564
            ],
            [
              77.701264,
              12.679322
            ],
            [
              77.699892,
              12.680274
            ],
            [
              77.699751,
              12.679112
            ],
            [
              77.700676,
              12.677734
            ],
            [
              77.699711,
              12.675769
            ],
            [
              77.702214,
              12.675951
            ],
            [
              77.703054,
              12.676659
            ],
            [
              77.703809,
              12.673867
            ],
            [
              77.705407,
              12.673758
            ],
            [
              77.704472,
              12.675112
            ],
            [
              77.704567,
              12.678112
            ],
            [
              77.705355,
              12.678413
            ],
            [
              77.706647,
              12.674112
            ],
            [
              77.705705,
              12.673461
            ],
            [
              77.70495,
              12.671112
            ],
            [
              77.708904,
              12.670962
            ],
            [
              77.709054,
              12.670371
            ],
            [
              77.709128,
              12.671112
            ],
            [
              77.708337,
              12.672112
            ],
            [
              77.710268,
              12.673112
            ],
            [
              77.709373,
              12.674112
            ],
            [
              77.709593,
              12.677112
            ],
            [
              77.710622,
              12.678543
            ],
            [
              77.711337,
              12.678395
            ],
            [
              77.711537,
              12.676112
            ],
            [
              77.712664,
              12.675112
            ],
            [
              77.711796,
              12.674112
            ],
            [
              77.713704,
              12.673112
            ],
            [
              77.712905,
              12.669963
            ],
            [
              77.714054,
              12.668263
            ],
            [
              77.715199,
              12.669112
            ],
            [
              77.715192,
              12.670973
            ],
            [
              77.716755,
              12.671112
            ],
            [
              77.716625,
              12.67354
            ],
            [
              77.718368,
              12.674112
            ],
            [
              77.718423,
              12.676112
            ],
            [
              77.716689,
              12.676747
            ],
            [
              77.716717,
              12.677448
            ],
            [
              77.719456,
              12.677514
            ],
            [
              77.720054,
              12.673972
            ],
            [
              77.721054,
              12.673985
            ],
            [
              77.721326,
              12.675839
            ],
            [
              77.722144,
              12.676021
            ],
            [
              77.721177,
              12.677112
            ],
            [
              77.721434,
              12.679112
            ],
            [
              77.719663,
              12.681502
            ],
            [
              77.725284,
              12.681881
            ],
            [
              77.7245,
              12.684112
            ],
            [
              77.726377,
              12.685788
            ],
            [
              77.727054,
              12.68759
            ],
            [
              77.730477,
              12.687535
            ],
            [
              77.730954,
              12.686012
            ],
            [
              77.731924,
              12.685982
            ],
            [
              77.732054,
              12.684796
            ],
            [
              77.732532,
              12.686112
            ],
            [
              77.734046,
              12.687112
            ],
            [
              77.730649,
              12.688707
            ],
            [
              77.730555,
              12.691112
            ],
            [
              77.733054,
              12.69325
            ],
            [
              77.735054,
              12.693181
            ],
            [
              77.736198,
              12.697256
            ],
            [
              77.736054,
              12.697859
            ],
            [
              77.73589,
              12.697275
            ],
            [
              77.734054,
              12.697494
            ],
            [
              77.734026,
              12.697084
            ],
            [
              77.734853,
              12.696911
            ],
            [
              77.734845,
              12.696112
            ],
            [
              77.733054,
              12.695423
            ],
            [
              77.731453,
              12.696511
            ],
            [
              77.730054,
              12.699857
            ],
            [
              77.729567,
              12.692112
            ],
            [
              77.727756,
              12.691814
            ],
            [
              77.72856,
              12.693112
            ],
            [
              77.728054,
              12.694597
            ],
            [
              77.726054,
              12.691702
            ],
            [
              77.72537,
              12.696428
            ],
            [
              77.724054,
              12.695617
            ],
            [
              77.721648,
              12.696706
            ],
            [
              77.721204,
              12.700112
            ],
            [
              77.72027,
              12.700328
            ],
            [
              77.720116,
              12.701112
            ],
            [
              77.723054,
              12.701433
            ],
            [
              77.724054,
              12.700454
            ],
            [
              77.728054,
              12.70022
            ],
            [
              77.728868,
              12.700297
            ],
            [
              77.728498,
              12.701556
            ],
            [
              77.72284,
              12.703898
            ],
            [
              77.723706,
              12.705112
            ],
            [
              77.723054,
              12.707844
            ],
            [
              77.722282,
              12.705883
            ],
            [
              77.721054,
              12.705791
            ],
            [
              77.719594,
              12.704571
            ],
            [
              77.719245,
              12.70292
            ],
            [
              77.718054,
              12.703834
            ],
            [
              77.71688,
              12.702938
            ],
            [
              77.716765,
              12.706112
            ],
            [
              77.718717,
              12.709112
            ],
            [
              77.718853,
              12.711312
            ],
            [
              77.720508,
              12.711657
            ],
            [
              77.722054,
              12.713909
            ],
            [
              77.723054,
              12.713381
            ],
            [
              77.724054,
              12.714422
            ],
            [
              77.724273,
              12.715892
            ],
            [
              77.725368,
              12.716112
            ],
            [
              77.724326,
              12.716384
            ],
            [
              77.724364,
              12.718112
            ],
            [
              77.726336,
              12.719112
            ],
            [
              77.725307,
              12.720365
            ],
            [
              77.723683,
              12.720741
            ],
            [
              77.723384,
              12.722442
            ],
            [
              77.721616,
              12.724112
            ],
            [
              77.723054,
              12.724616
            ],
            [
              77.724334,
              12.723831
            ],
            [
              77.724501,
              12.725112
            ],
            [
              77.723542,
              12.726112
            ],
            [
              77.725314,
              12.727851
            ],
            [
              77.725415,
              12.729473
            ],
            [
              77.723557,
              12.730615
            ],
            [
              77.723054,
              12.73182
            ],
            [
              77.721054,
              12.732408
            ],
            [
              77.721113,
              12.732052
            ],
            [
              77.721941,
              12.731999
            ],
            [
              77.721946,
              12.731004
            ],
            [
              77.723733,
              12.729112
            ],
            [
              77.723416,
              12.727749
            ],
            [
              77.720705,
              12.727763
            ],
            [
              77.719469,
              12.729112
            ],
            [
              77.719054,
              12.734766
            ],
            [
              77.718497,
              12.730668
            ],
            [
              77.714154,
              12.730212
            ],
            [
              77.71402,
              12.731145
            ],
            [
              77.713841,
              12.730112
            ],
            [
              77.711493,
              12.728112
            ],
            [
              77.713415,
              12.724112
            ],
            [
              77.713375,
              12.721112
            ],
            [
              77.712854,
              12.720912
            ],
            [
              77.710685,
              12.724112
            ],
            [
              77.710477,
              12.725535
            ],
            [
              77.708628,
              12.726112
            ],
            [
              77.71055,
              12.727112
            ],
            [
              77.710607,
              12.730112
            ],
            [
              77.709755,
              12.73141
            ],
            [
              77.71345,
              12.731715
            ],
            [
              77.712567,
              12.733112
            ],
            [
              77.712409,
              12.736112
            ],
            [
              77.713054,
              12.736966
            ],
            [
              77.714709,
              12.737112
            ],
            [
              77.714585,
              12.738112
            ],
            [
              77.712054,
              12.738315
            ],
            [
              77.710458,
              12.736707
            ],
            [
              77.709698,
              12.736756
            ],
            [
              77.710482,
              12.738112
            ],
            [
              77.709501,
              12.739112
            ],
            [
              77.709316,
              12.743112
            ],
            [
              77.70824,
              12.744112
            ],
            [
              77.708054,
              12.746213
            ]
          ]
        ],
        "type": "Polygon"
      },
      "type": "Feature"
    },
    {
      "properties": {
        "fill-opacity": 0.33,
        "fillColor": "#bf4040",
        "opacity": 0.33,
        "fill": "#bf4040",
        "fillOpacity": 0.33,
        "color": "#bf4040",
        "contour": 6.0,
        "metric": "distance",
        "provider_name": "M M Chicken Center",
        "zone_type": "distance",
        "distance_km": 6,
        "mode": "motorcycle",
        "center_lat": 12.705112,
        "center_lon": 77.701054,
        "label": "6km"
      },
      "geometry": {
        "coordinates": [
          [
            [
              77.706054,
              12.754896
            ],
            [
              77.70572,
              12.752446
            ],
            [
              77.703963,
              12.752112
            ],
            [
              77.706548,
              12.750606
            ],
            [
              77.704251,
              12.747112
            ],
            [
              77.704726,
              12.746112
            ],
            [
              77.706519,
              12.745577
            ],
            [
              77.706379,
              12.744786
            ],
            [
              77.705054,
              12.743597
            ],
            [
              77.701054,
              12.743556
            ],
            [
              77.700054,
              12.742551
            ],
            [
              77.699054,
              12.744448
            ],
            [
              77.698474,
              12.741691
            ],
            [
              77.694146,
              12.741112
            ],
            [
              77.696601,
              12.740659
            ],
            [
              77.696923,
              12.738112
            ],
            [
              77.695705,
              12.73746
            ],
            [
              77.694436,
              12.733729
            ],
            [
              77.68977,
              12.733828
            ],
            [
              77.689604,
              12.736112
            ],
            [
              77.688581,
              12.737112
            ],
            [
              77.688648,
              12.740518
            ],
            [
              77.69065,
              12.740708
            ],
            [
              77.691054,
              12.738996
            ],
            [
              77.691277,
              12.741112
            ],
            [
              77.689339,
              12.743112
            ],
            [
              77.690054,
              12.74645
            ],
            [
              77.687982,
              12.745112
            ],
            [
              77.688798,
              12.744856
            ],
            [
              77.688508,
              12.742657
            ],
            [
              77.686498,
              12.742556
            ],
            [
              77.685221,
              12.743279
            ],
            [
              77.685054,
              12.744324
            ],
            [
              77.683038,
              12.743127
            ],
            [
              77.682827,
              12.741338
            ],
            [
              77.681944,
              12.741112
            ],
            [
              77.684547,
              12.740605
            ],
            [
              77.685054,
              12.738894
            ],
            [
              77.686054,
              12.739767
            ],
            [
              77.687434,
              12.739492
            ],
            [
              77.68657,
              12.738112
            ],
            [
              77.687527,
              12.737112
            ],
            [
              77.686547,
              12.736112
            ],
            [
              77.688482,
              12.735112
            ],
            [
              77.687459,
              12.734112
            ],
            [
              77.687287,
              12.730878
            ],
            [
              77.686681,
              12.731112
            ],
            [
              77.686433,
              12.734491
            ],
            [
              77.682737,
              12.734795
            ],
            [
              77.683054,
              12.737638
            ],
            [
              77.681692,
              12.737473
            ],
            [
              77.681361,
              12.732804
            ],
            [
              77.680054,
              12.733617
            ],
            [
              77.679054,
              12.732739
            ],
            [
              77.677453,
              12.732712
            ],
            [
              77.677436,
              12.730729
            ],
            [
              77.676054,
              12.729585
            ],
            [
              77.675335,
              12.73083
            ],
            [
              77.676474,
              12.732112
            ],
            [
              77.674999,
              12.733112
            ],
            [
              77.669645,
              12.73352
            ],
            [
              77.669147,
              12.730205
            ],
            [
              77.672501,
              12.730559
            ],
            [
              77.673784,
              12.728842
            ],
            [
              77.676387,
              12.727445
            ],
            [
              77.677421,
              12.724745
            ],
            [
              77.676054,
              12.723679
            ],
            [
              77.674342,
              12.7264
            ],
            [
              77.672676,
              12.725734
            ],
            [
              77.672306,
              12.729364
            ],
            [
              77.671812,
              12.729353
            ],
            [
              77.670451,
              12.725714
            ],
            [
              77.669615,
              12.725673
            ],
            [
              77.669054,
              12.726629
            ],
            [
              77.666851,
              12.724314
            ],
            [
              77.664875,
              12.724112
            ],
            [
              77.665545,
              12.723112
            ],
            [
              77.668054,
              12.722857
            ],
            [
              77.670458,
              12.721516
            ],
            [
              77.67163,
              12.720112
            ],
            [
              77.671357,
              12.718808
            ],
            [
              77.668054,
              12.720608
            ],
            [
              77.666717,
              12.720448
            ],
            [
              77.666579,
              12.719637
            ],
            [
              77.669357,
              12.718415
            ],
            [
              77.670664,
              12.716722
            ],
            [
              77.67231,
              12.716368
            ],
            [
              77.674054,
              12.714487
            ],
            [
              77.675054,
              12.715457
            ],
            [
              77.676269,
              12.715327
            ],
            [
              77.675273,
              12.713893
            ],
            [
              77.669054,
              12.713743
            ],
            [
              77.668054,
              12.712743
            ],
            [
              77.667054,
              12.713716
            ],
            [
              77.665747,
              12.713805
            ],
            [
              77.665669,
              12.716112
            ],
            [
              77.66427,
              12.717112
            ],
            [
              77.664334,
              12.717831
            ],
            [
              77.665553,
              12.718112
            ],
            [
              77.664289,
              12.718347
            ],
            [
              77.664054,
              12.719621
            ],
            [
              77.663699,
              12.717466
            ],
            [
              77.662063,
              12.717112
            ],
            [
              77.664527,
              12.715585
            ],
            [
              77.664407,
              12.713758
            ],
            [
              77.662587,
              12.713645
            ],
            [
              77.662054,
              12.714773
            ],
            [
              77.658694,
              12.714112
            ],
            [
              77.661054,
              12.71391
            ],
            [
              77.662054,
              12.71283
            ],
            [
              77.664395,
              12.712453
            ],
            [
              77.664558,
              12.711112
            ],
            [
              77.663513,
              12.709112
            ],
            [
              77.664498,
              12.708556
            ],
            [
              77.664336,
              12.707829
            ],
            [
              77.661054,
              12.707637
            ],
            [
              77.660054,
              12.708567
            ],
            [
              77.658804,
              12.708361
            ],
            [
              77.658054,
              12.706544
            ],
            [
              77.651127,
              12.707112
            ],
            [
              77.655508,
              12.705566
            ],
            [
              77.655054,
              12.704342
            ],
            [
              77.652515,
              12.704112
            ],
            [
              77.653796,
              12.703854
            ],
            [
              77.653951,
              12.702215
            ],
            [
              77.653124,
              12.702112
            ],
            [
              77.655054,
              12.701342
            ],
            [
              77.655504,
              12.703661
            ],
            [
              77.658389,
              12.704112
            ],
            [
              77.657396,
              12.704454
            ],
            [
              77.657647,
              12.705519
            ],
            [
              77.661434,
              12.704731
            ],
            [
              77.662054,
              12.706562
            ],
            [
              77.663338,
              12.706396
            ],
            [
              77.663371,
              12.704112
            ],
            [
              77.664054,
              12.703205
            ],
            [
              77.664778,
              12.705387
            ],
            [
              77.666311,
              12.705369
            ],
            [
              77.667442,
              12.704112
            ],
            [
              77.668054,
              12.701543
            ],
            [
              77.669054,
              12.704469
            ],
            [
              77.669649,
              12.702707
            ],
            [
              77.671054,
              12.701537
            ],
            [
              77.673054,
              12.703453
            ],
            [
              77.674501,
              12.702664
            ],
            [
              77.67652,
              12.704645
            ],
            [
              77.677054,
              12.706403
            ],
            [
              77.681054,
              12.706347
            ],
            [
              77.681519,
              12.705577
            ],
            [
              77.683202,
              12.70526
            ],
            [
              77.682054,
              12.703864
            ],
            [
              77.679562,
              12.703603
            ],
            [
              77.679562,
              12.70262
            ],
            [
              77.681224,
              12.701941
            ],
            [
              77.679054,
              12.701831
            ],
            [
              77.678054,
              12.702793
            ],
            [
              77.677254,
              12.700911
            ],
            [
              77.674604,
              12.700561
            ],
            [
              77.674604,
              12.699662
            ],
            [
              77.677054,
              12.699415
            ],
            [
              77.677054,
              12.698799
            ],
            [
              77.671054,
              12.69872
            ],
            [
              77.670054,
              12.700668
            ],
            [
              77.669054,
              12.699681
            ],
            [
              77.665054,
              12.699579
            ],
            [
              77.663054,
              12.698507
            ],
            [
              77.662279,
              12.700112
            ],
            [
              77.663185,
              12.701112
            ],
            [
              77.663117,
              12.702175
            ],
            [
              77.661901,
              12.701112
            ],
            [
              77.66151,
              12.698655
            ],
            [
              77.660054,
              12.698352
            ],
            [
              77.659054,
              12.699245
            ],
            [
              77.658008,
              12.699157
            ],
            [
              77.658091,
              12.698112
            ],
            [
              77.659868,
              12.697112
            ],
            [
              77.659825,
              12.69634
            ],
            [
              77.658894,
              12.696112
            ],
            [
              77.661635,
              12.695693
            ],
            [
              77.662054,
              12.693405
            ],
            [
              77.662796,
              12.694112
            ],
            [
              77.662207,
              12.694265
            ],
            [
              77.662552,
              12.696613
            ],
            [
              77.664984,
              12.697042
            ],
            [
              77.665054,
              12.696487
            ],
            [
              77.665698,
              12.698467
            ],
            [
              77.666383,
              12.698441
            ],
            [
              77.666725,
              12.696783
            ],
            [
              77.667415,
              12.696473
            ],
            [
              77.667597,
              12.695112
            ],
            [
              77.666651,
              12.694112
            ],
            [
              77.666729,
              12.690437
            ],
            [
              77.665054,
              12.689159
            ],
            [
              77.665922,
              12.68898
            ],
            [
              77.665906,
              12.688112
            ],
            [
              77.664966,
              12.685024
            ],
            [
              77.666951,
              12.685112
            ],
            [
              77.666277,
              12.686112
            ],
            [
              77.667054,
              12.686794
            ],
            [
              77.668054,
              12.685518
            ],
            [
              77.668659,
              12.688506
            ],
            [
              77.672395,
              12.68977
            ],
            [
              77.674437,
              12.691728
            ],
            [
              77.674794,
              12.693371
            ],
            [
              77.677492,
              12.694673
            ],
            [
              77.679054,
              12.698404
            ],
            [
              77.681365,
              12.696112
            ],
            [
              77.67943,
              12.692112
            ],
            [
              77.679455,
              12.690112
            ],
            [
              77.680684,
              12.687742
            ],
            [
              77.682387,
              12.687445
            ],
            [
              77.683597,
              12.686112
            ],
            [
              77.681054,
              12.685448
            ],
            [
              77.680054,
              12.686367
            ],
            [
              77.678847,
              12.686112
            ],
            [
              77.680054,
              12.684827
            ],
            [
              77.686054,
              12.684578
            ],
            [
              77.687054,
              12.685545
            ],
            [
              77.688343,
              12.685401
            ],
            [
              77.688386,
              12.683779
            ],
            [
              77.685657,
              12.683112
            ],
            [
              77.689584,
              12.682112
            ],
            [
              77.689667,
              12.680112
            ],
            [
              77.688595,
              12.67857
            ],
            [
              77.686183,
              12.678112
            ],
            [
              77.688607,
              12.677665
            ],
            [
              77.688924,
              12.675241
            ],
            [
              77.688215,
              12.675112
            ],
            [
              77.690054,
              12.674585
            ],
            [
              77.690289,
              12.677112
            ],
            [
              77.691346,
              12.678112
            ],
            [
              77.69145,
              12.681112
            ],
            [
              77.692659,
              12.682506
            ],
            [
              77.695342,
              12.6814
            ],
            [
              77.695054,
              12.680715
            ],
            [
              77.693664,
              12.680501
            ],
            [
              77.693712,
              12.677112
            ],
            [
              77.692666,
              12.676112
            ],
            [
              77.692686,
              12.674744
            ],
            [
              77.694462,
              12.673112
            ],
            [
              77.694617,
              12.671112
            ],
            [
              77.693728,
              12.669112
            ],
            [
              77.694814,
              12.668112
            ],
            [
              77.693946,
              12.667112
            ],
            [
              77.694054,
              12.665529
            ],
            [
              77.694273,
              12.666892
            ],
            [
              77.696054,
              12.667849
            ],
            [
              77.696878,
              12.667112
            ],
            [
              77.697054,
              12.665341
            ],
            [
              77.697499,
              12.667666
            ],
            [
              77.698733,
              12.667791
            ],
            [
              77.698971,
              12.667029
            ],
            [
              77.700054,
              12.667108
            ],
            [
              77.700053,
              12.667112
            ],
            [
              77.699278,
              12.667336
            ],
            [
              77.699106,
              12.670112
            ],
            [
              77.702054,
              12.671168
            ],
            [
              77.699526,
              12.671584
            ],
            [
              77.699496,
              12.673112
            ],
            [
              77.698605,
              12.674112
            ],
            [
              77.701054,
              12.675491
            ],
            [
              77.702054,
              12.675361
            ],
            [
              77.703054,
              12.676465
            ],
            [
              77.703645,
              12.673703
            ],
            [
              77.705449,
              12.673112
            ],
            [
              77.703736,
              12.671429
            ],
            [
              77.702795,
              12.667853
            ],
            [
              77.705054,
              12.666763
            ],
            [
              77.70572,
              12.670445
            ],
            [
              77.708374,
              12.670432
            ],
            [
              77.710679,
              12.667112
            ],
            [
              77.709814,
              12.666112
            ],
            [
              77.709772,
              12.664394
            ],
            [
              77.708949,
              12.664112
            ],
            [
              77.709034,
              12.663092
            ],
            [
              77.710054,
              12.662823
            ],
            [
              77.710448,
              12.664717
            ],
            [
              77.712189,
              12.665112
            ],
            [
              77.711488,
              12.665546
            ],
            [
              77.711628,
              12.666537
            ],
            [
              77.713054,
              12.66687
            ],
            [
              77.714695,
              12.665112
            ],
            [
              77.715054,
              12.661999
            ],
            [
              77.715585,
              12.66458
            ],
            [
              77.719065,
              12.6651
            ],
            [
              77.715624,
              12.665682
            ],
            [
              77.715666,
              12.667499
            ],
            [
              77.718643,
              12.670522
            ],
            [
              77.72037,
              12.671112
            ],
            [
              77.71839,
              12.673112
            ],
            [
              77.71846,
              12.676518
            ],
            [
              77.71683,
              12.677335
            ],
            [
              77.719305,
              12.677363
            ],
            [
              77.720054,
              12.673574
            ],
            [
              77.721371,
              12.673794
            ],
            [
              77.722624,
              12.676112
            ],
            [
              77.721621,
              12.677112
            ],
            [
              77.721465,
              12.679523
            ],
            [
              77.719807,
              12.681358
            ],
            [
              77.725456,
              12.681709
            ],
            [
              77.724697,
              12.684112
            ],
            [
              77.726494,
              12.685671
            ],
            [
              77.726838,
              12.687327
            ],
            [
              77.730054,
              12.687472
            ],
            [
              77.731545,
              12.685112
            ],
            [
              77.731654,
              12.682712
            ],
            [
              77.734054,
              12.683739
            ],
            [
              77.734892,
              12.682112
            ],
            [
              77.734054,
              12.681386
            ],
            [
              77.732628,
              12.682537
            ],
            [
              77.732504,
              12.681661
            ],
            [
              77.731118,
              12.681112
            ],
            [
              77.7318,
              12.680858
            ],
            [
              77.731694,
              12.679472
            ],
            [
              77.729924,
              12.679112
            ],
            [
              77.730533,
              12.678112
            ],
            [
              77.734013,
              12.677071
            ],
            [
              77.734054,
              12.676395
            ],
            [
              77.734089,
              12.677076
            ],
            [
              77.736054,
              12.678237
            ],
            [
              77.736277,
              12.682112
            ],
            [
              77.736965,
              12.683112
            ],
            [
              77.733504,
              12.685112
            ],
            [
              77.737435,
              12.686112
            ],
            [
              77.734704,
              12.686762
            ],
            [
              77.735018,
              12.689148
            ],
            [
              77.736072,
              12.68913
            ],
            [
              77.736009,
              12.688067
            ],
            [
              77.737054,
              12.687998
            ],
            [
              77.737343,
              12.690112
            ],
            [
              77.735633,
              12.690691
            ],
            [
              77.734521,
              12.692112
            ],
            [
              77.737054,
              12.692699
            ],
            [
              77.738054,
              12.693681
            ],
            [
              77.739847,
              12.691905
            ],
            [
              77.744054,
              12.690511
            ],
            [
              77.744068,
              12.692112
            ],
            [
              77.743935,
              12.69123
            ],
            [
              77.742419,
              12.691477
            ],
            [
              77.738363,
              12.695421
            ],
            [
              77.736584,
              12.696112
            ],
            [
              77.738054,
              12.697812
            ],
            [
              77.741791,
              12.698112
            ],
            [
              77.741267,
              12.700112
            ],
            [
              77.743054,
              12.700978
            ],
            [
              77.743963,
              12.701021
            ],
            [
              77.744054,
              12.700295
            ],
            [
              77.744128,
              12.701037
            ],
            [
              77.741529,
              12.701587
            ],
            [
              77.741411,
              12.702754
            ],
            [
              77.742125,
              12.70304
            ],
            [
              77.742643,
              12.704112
            ],
            [
              77.741998,
              12.704167
            ],
            [
              77.741829,
              12.703337
            ],
            [
              77.740372,
              12.70343
            ],
            [
              77.740054,
              12.705145
            ],
            [
              77.739784,
              12.702112
            ],
            [
              77.737054,
              12.699566
            ],
            [
              77.734558,
              12.699616
            ],
            [
              77.734054,
              12.701123
            ],
            [
              77.73392,
              12.700245
            ],
            [
              77.732557,
              12.700615
            ],
            [
              77.733054,
              12.703215
            ],
            [
              77.73162,
              12.701545
            ],
            [
              77.729054,
              12.701256
            ],
            [
              77.728187,
              12.704245
            ],
            [
              77.727518,
              12.704112
            ],
            [
              77.727691,
              12.702112
            ],
            [
              77.727054,
              12.701835
            ],
            [
              77.722892,
              12.70395
            ],
            [
              77.723796,
              12.705112
            ],
            [
              77.723743,
              12.707422
            ],
            [
              77.725054,
              12.708841
            ],
            [
              77.725885,
              12.708112
            ],
            [
              77.726054,
              12.706294
            ],
            [
              77.726293,
              12.709112
            ],
            [
              77.725626,
              12.710539
            ],
            [
              77.728054,
              12.710854
            ],
            [
              77.729054,
              12.70994
            ],
            [
              77.731175,
              12.710112
            ],
            [
              77.729382,
              12.71044
            ],
            [
              77.729054,
              12.711302
            ],
            [
              77.727054,
              12.711425
            ],
            [
              77.726054,
              12.712474
            ],
            [
              77.723701,
              12.712759
            ],
            [
              77.723721,
              12.713444
            ],
            [
              77.725536,
              12.714112
            ],
            [
              77.724735,
              12.715431
            ],
            [
              77.730054,
              12.715783
            ],
            [
              77.73089,
              12.715112
            ],
            [
              77.731054,
              12.71362
            ],
            [
              77.733054,
              12.714749
            ],
            [
              77.733913,
              12.718112
            ],
            [
              77.731216,
              12.718274
            ],
            [
              77.731054,
              12.719004
            ],
            [
              77.730699,
              12.717466
            ],
            [
              77.729521,
              12.716644
            ],
            [
              77.725054,
              12.71662
            ],
            [
              77.724788,
              12.718377
            ],
            [
              77.726922,
              12.719112
            ],
            [
              77.725465,
              12.720523
            ],
            [
              77.723815,
              12.720873
            ],
            [
              77.723497,
              12.722555
            ],
            [
              77.721749,
              12.724112
            ],
            [
              77.723054,
              12.724447
            ],
            [
              77.724476,
              12.723689
            ],
            [
              77.724698,
              12.725112
            ],
            [
              77.723823,
              12.726342
            ],
            [
              77.725795,
              12.72837
            ],
            [
              77.727054,
              12.728586
            ],
            [
              77.728939,
              12.721997
            ],
            [
              77.730054,
              12.725759
            ],
            [
              77.730903,
              12.723961
            ],
            [
              77.733968,
              12.724026
            ],
            [
              77.734161,
              12.723112
            ],
            [
              77.733968,
              12.726026
            ],
            [
              77.733054,
              12.726817
            ],
            [
              77.732127,
              12.726038
            ],
            [
              77.73063,
              12.726688
            ],
            [
              77.730528,
              12.729112
            ],
            [
              77.732556,
              12.729614
            ],
            [
              77.733054,
              12.728213
            ],
            [
              77.736125,
              12.732112
            ],
            [
              77.736054,
              12.732794
            ],
            [
              77.734054,
              12.731361
            ],
            [
              77.732359,
              12.733112
            ],
            [
              77.733054,
              12.734518
            ],
            [
              77.734054,
              12.734485
            ],
            [
              77.735054,
              12.735543
            ],
            [
              77.735679,
              12.737112
            ],
            [
              77.735054,
              12.739146
            ],
            [
              77.734054,
              12.740033
            ],
            [
              77.732512,
              12.739112
            ],
            [
              77.731054,
              12.736482
            ],
            [
              77.730374,
              12.737112
            ],
            [
              77.730135,
              12.740193
            ],
            [
              77.728942,
              12.740223
            ],
            [
              77.726843,
              12.737112
            ],
            [
              77.72852,
              12.735578
            ],
            [
              77.728394,
              12.733771
            ],
            [
              77.727054,
              12.73265
            ],
            [
              77.723054,
              12.732585
            ],
            [
              77.72247,
              12.735112
            ],
            [
              77.723394,
              12.736112
            ],
            [
              77.723054,
              12.741104
            ],
            [
              77.722618,
              12.738547
            ],
            [
              77.720009,
              12.738112
            ],
            [
              77.720054,
              12.737266
            ],
            [
              77.720156,
              12.738009
            ],
            [
              77.721766,
              12.737112
            ],
            [
              77.720547,
              12.732112
            ],
            [
              77.723458,
              12.729112
            ],
            [
              77.723288,
              12.727877
            ],
            [
              77.721403,
              12.727762
            ],
            [
              77.719684,
              12.729112
            ],
            [
              77.719826,
              12.735112
            ],
            [
              77.718497,
              12.736112
            ],
            [
              77.718054,
              12.73943
            ],
            [
              77.717578,
              12.735112
            ],
            [
              77.718536,
              12.734112
            ],
            [
              77.718465,
              12.731112
            ],
            [
              77.714732,
              12.73079
            ],
            [
              77.71368,
              12.732485
            ],
            [
              77.715392,
              12.734112
            ],
            [
              77.715547,
              12.737112
            ],
            [
              77.716467,
              12.739112
            ],
            [
              77.715054,
              12.741518
            ],
            [
              77.714454,
              12.739711
            ],
            [
              77.712858,
              12.740307
            ],
            [
              77.71271,
              12.739112
            ],
            [
              77.710669,
              12.737727
            ],
            [
              77.709698,
              12.739112
            ],
            [
              77.709629,
              12.743112
            ],
            [
              77.708583,
              12.745112
            ],
            [
              77.710054,
              12.745689
            ],
            [
              77.711054,
              12.744767
            ],
            [
              77.713054,
              12.744922
            ],
            [
              77.712595,
              12.74657
            ],
            [
              77.716634,
              12.747112
            ],
            [
              77.715302,
              12.74736
            ],
            [
              77.715054,
              12.748918
            ],
            [
              77.713597,
              12.749655
            ],
            [
              77.712782,
              12.751112
            ],
            [
              77.710913,
              12.750252
            ],
            [
              77.710501,
              12.748664
            ],
            [
              77.709632,
              12.74869
            ],
            [
              77.709275,
              12.751112
            ],
            [
              77.7082,
              12.752112
            ],
            [
              77.708179,
              12.752986
            ],
            [
              77.709054,
              12.75336
            ],
            [
              77.70633,
              12.753388
            ],
            [
              77.706054,
              12.754896
            ]
          ]
        ],
        "type": "Polygon"
      },
      "type": "Feature"
    }
  ]
}