{
  "type": "FeatureCollection",
  "metadata": {
    "provider_name": "Akshay gobi centre",
    "center_lat": 12.716979,
    "center_lon": 77.70039,
    "mode": "motorcycle",
    "total_zones": 4,
    "distance_zones": [
      3,
      4,
      5,
      6
    ],
    "generated_at": "2025-12-29T09:09:11.287805Z"
  },
  "features": [
    {
      "properties": {
        "fill-opacity": 0.33,
        "fillColor": "#bf4040",
        "opacity": 0.33,
        "fill": "#bf4040",
        "fillOpacity": 0.33,
        "color": "#bf4040",
        "contour": 3.0,
        "metric": "distance",
        "provider_name": "Akshay gobi centre",
        "zone_type": "distance",
        "distance_km": 3,
        "mode": "motorcycle",
        "center_lat": 12.716979,
        "center_lon": 77.70039,
        "label": "3km"
      },
      "geometry": {
        "coordinates": [
          [
            [
              77.70939,
              12.742037
            ],
            [
              77.70839,
              12.742457
            ],
            [
              77.706927,
              12.740441
            ],
            [
              77.708046,
              12.737979
            ],
            [
              77.707785,
              12.736583
            ],
            [
              77.706969,
              12.736558
            ],
            [
              77.70539,
              12.738335
            ],
            [
              77.70439,
              12.737344
            ],
            [
              77.70339,
              12.738211
            ],
            [
              77.701805,
              12.737979
            ],
            [
              77.704874,
              12.736463
            ],
            [
              77.705236,
              12.734825
            ],
            [
              77.706782,
              12.735371
            ],
            [
              77.706896,
              12.733979
            ],
            [
              77.705697,
              12.732671
            ],
            [
              77.70439,
              12.732495
            ],
            [
              77.700932,
              12.734521
            ],
            [
              77.70039,
              12.737353
            ],
            [
              77.70013,
              12.736238
            ],
            [
              77.698978,
              12.735979
            ],
            [
              77.698855,
              12.733514
            ],
            [
              77.696329,
              12.731918
            ],
            [
              77.69639,
              12.730911
            ],
            [
              77.696469,
              12.731899
            ],
            [
              77.697986,
              12.730979
            ],
            [
              77.696535,
              12.729979
            ],
            [
              77.69671,
              12.727658
            ],
            [
              77.695058,
              12.727647
            ],
            [
              77.69439,
              12.729353
            ],
            [
              77.69239,
              12.727456
            ],
            [
              77.689975,
              12.727564
            ],
            [
              77.689603,
              12.730765
            ],
            [
              77.690439,
              12.73093
            ],
            [
              77.69039,
              12.731948
            ],
            [
              77.686626,
              12.730979
            ],
            [
              77.685523,
              12.729979
            ],
            [
              77.685345,
              12.727979
            ],
            [
              77.68639,
              12.726434
            ],
            [
              77.69139,
              12.726532
            ],
            [
              77.691883,
              12.725979
            ],
            [
              77.691693,
              12.724676
            ],
            [
              77.689664,
              12.722704
            ],
            [
              77.687011,
              12.722357
            ],
            [
              77.687799,
              12.720979
            ],
            [
              77.686821,
              12.719979
            ],
            [
              77.687806,
              12.718979
            ],
            [
              77.686695,
              12.717673
            ],
            [
              77.684015,
              12.717604
            ],
            [
              77.682715,
              12.719979
            ],
            [
              77.684524,
              12.720979
            ],
            [
              77.682859,
              12.721448
            ],
            [
              77.68239,
              12.723083
            ],
            [
              77.680508,
              12.722979
            ],
            [
              77.679348,
              12.72102
            ],
            [
              77.68164,
              12.720229
            ],
            [
              77.681035,
              12.718979
            ],
            [
              77.68139,
              12.71693
            ],
            [
              77.681587,
              12.717781
            ],
            [
              77.68239,
              12.717832
            ],
            [
              77.68339,
              12.716556
            ],
            [
              77.68786,
              12.716449
            ],
            [
              77.686817,
              12.714979
            ],
            [
              77.68639,
              12.71239
            ],
            [
              77.68339,
              12.712305
            ],
            [
              77.682151,
              12.713217
            ],
            [
              77.681014,
              12.711979
            ],
            [
              77.682316,
              12.710905
            ],
            [
              77.68212,
              12.709248
            ],
            [
              77.680831,
              12.708979
            ],
            [
              77.68239,
              12.708827
            ],
            [
              77.683211,
              12.707979
            ],
            [
              77.683069,
              12.707299
            ],
            [
              77.681509,
              12.706979
            ],
            [
              77.68238,
              12.705969
            ],
            [
              77.68339,
              12.706342
            ],
            [
              77.684045,
              12.705634
            ],
            [
              77.684193,
              12.704175
            ],
            [
              77.683442,
              12.703979
            ],
            [
              77.68439,
              12.702832
            ],
            [
              77.684716,
              12.704653
            ],
            [
              77.68639,
              12.705808
            ],
            [
              77.68739,
              12.70541
            ],
            [
              77.68743,
              12.706019
            ],
            [
              77.686791,
              12.70638
            ],
            [
              77.686985,
              12.707383
            ],
            [
              77.688021,
              12.708347
            ],
            [
              77.68939,
              12.708462
            ],
            [
              77.690856,
              12.706979
            ],
            [
              77.69039,
              12.705252
            ],
            [
              77.689199,
              12.705979
            ],
            [
              77.690237,
              12.700979
            ],
            [
              77.69339,
              12.697071
            ],
            [
              77.694721,
              12.697647
            ],
            [
              77.694129,
              12.700239
            ],
            [
              77.696102,
              12.700691
            ],
            [
              77.69639,
              12.699218
            ],
            [
              77.69739,
              12.700515
            ],
            [
              77.699009,
              12.698979
            ],
            [
              77.69839,
              12.698302
            ],
            [
              77.69739,
              12.698776
            ],
            [
              77.697212,
              12.697801
            ],
            [
              77.69939,
              12.696576
            ],
            [
              77.70039,
              12.698707
            ],
            [
              77.701817,
              12.698406
            ],
            [
              77.70239,
              12.697473
            ],
            [
              77.70439,
              12.697594
            ],
            [
              77.705059,
              12.696309
            ],
            [
              77.704018,
              12.695979
            ],
            [
              77.70539,
              12.694056
            ],
            [
              77.705494,
              12.694875
            ],
            [
              77.70639,
              12.694878
            ],
            [
              77.70739,
              12.693919
            ],
            [
              77.709326,
              12.694979
            ],
            [
              77.707924,
              12.695513
            ],
            [
              77.707631,
              12.698737
            ],
            [
              77.710634,
              12.699979
            ],
            [
              77.709495,
              12.702084
            ],
            [
              77.707034,
              12.703623
            ],
            [
              77.707036,
              12.704332
            ],
            [
              77.70939,
              12.704603
            ],
            [
              77.71139,
              12.702756
            ],
            [
              77.71239,
              12.703771
            ],
            [
              77.713313,
              12.702902
            ],
            [
              77.714582,
              12.702979
            ],
            [
              77.713919,
              12.703979
            ],
            [
              77.71139,
              12.704249
            ],
            [
              77.709958,
              12.705547
            ],
            [
              77.710007,
              12.706361
            ],
            [
              77.711802,
              12.706979
            ],
            [
              77.710894,
              12.708979
            ],
            [
              77.71439,
              12.711602
            ],
            [
              77.71739,
              12.709488
            ],
            [
              77.718632,
              12.711736
            ],
            [
              77.721601,
              12.712767
            ],
            [
              77.719964,
              12.713553
            ],
            [
              77.71939,
              12.714945
            ],
            [
              77.71839,
              12.714307
            ],
            [
              77.717701,
              12.714979
            ],
            [
              77.71839,
              12.715829
            ],
            [
              77.719325,
              12.715914
            ],
            [
              77.71939,
              12.715302
            ],
            [
              77.719893,
              12.716475
            ],
            [
              77.722007,
              12.717979
            ],
            [
              77.720673,
              12.718262
            ],
            [
              77.720512,
              12.718979
            ],
            [
              77.72167,
              12.719979
            ],
            [
              77.720742,
              12.720979
            ],
            [
              77.720902,
              12.722466
            ],
            [
              77.722155,
              12.722744
            ],
            [
              77.72239,
              12.721243
            ],
            [
              77.723229,
              12.721979
            ],
            [
              77.721622,
              12.723979
            ],
            [
              77.722868,
              12.724979
            ],
            [
              77.72239,
              12.726869
            ],
            [
              77.71939,
              12.726762
            ],
            [
              77.718923,
              12.725445
            ],
            [
              77.717135,
              12.725233
            ],
            [
              77.71639,
              12.724339
            ],
            [
              77.715727,
              12.724979
            ],
            [
              77.716644,
              12.725724
            ],
            [
              77.71639,
              12.728208
            ],
            [
              77.71439,
              12.724439
            ],
            [
              77.71239,
              12.729161
            ],
            [
              77.712096,
              12.726979
            ],
            [
              77.713898,
              12.722979
            ],
            [
              77.71339,
              12.722482
            ],
            [
              77.711088,
              12.723677
            ],
            [
              77.710767,
              12.725356
            ],
            [
              77.708863,
              12.725979
            ],
            [
              77.710787,
              12.728979
            ],
            [
              77.710831,
              12.729979
            ],
            [
              77.709855,
              12.730979
            ],
            [
              77.710795,
              12.731979
            ],
            [
              77.710923,
              12.733445
            ],
            [
              77.713252,
              12.732841
            ],
            [
              77.713439,
              12.731929
            ],
            [
              77.713441,
              12.73303
            ],
            [
              77.71273,
              12.733319
            ],
            [
              77.712486,
              12.736075
            ],
            [
              77.711643,
              12.736232
            ],
            [
              77.71139,
              12.737311
            ],
            [
              77.711054,
              12.736314
            ],
            [
              77.70878,
              12.736979
            ],
            [
              77.711119,
              12.737979
            ],
            [
              77.709656,
              12.738979
            ],
            [
              77.70939,
              12.742037
            ]
          ]
        ],
        "type": "Polygon"
      },
      "type": "Feature"
    },
    {
      "properties": {
        "fill-opacity": 0.33,
        "fillColor": "#bf4040",
        "opacity": 0.33,
        "fill": "#bf4040",
        "fillOpacity": 0.33,
        "color": "#bf4040",
        "contour": 4.0,
        "metric": "distance",
        "provider_name": "Akshay gobi centre",
        "zone_type": "distance",
        "distance_km": 4,
        "mode": "motorcycle",
        "center_lat": 12.716979,
        "center_lon": 77.70039,
        "label": "4km"
      },
      "geometry": {
        "coordinates": [
          [
            [
              77.70739,
              12.751014
            ],
            [
              77.706715,
              12.750979
            ],
            [
              77.707315,
              12.750904
            ],
            [
              77.707263,
              12.749979
            ],
            [
              77.70626,
              12.748108
            ],
            [
              77.705383,
              12.747979
            ],
            [
              77.70639,
              12.747475
            ],
            [
              77.707011,
              12.744979
            ],
            [
              77.705802,
              12.743566
            ],
            [
              77.70039,
              12.743209
            ],
            [
              77.69939,
              12.744057
            ],
            [
              77.698981,
              12.742387
            ],
            [
              77.697569,
              12.740979
            ],
            [
              77.69986,
              12.739449
            ],
            [
              77.699707,
              12.736661
            ],
            [
              77.699046,
              12.736635
            ],
            [
              77.698677,
              12.738266
            ],
            [
              77.698048,
              12.73832
            ],
            [
              77.69739,
              12.737432
            ],
            [
              77.69639,
              12.737685
            ],
            [
              77.695158,
              12.73621
            ],
            [
              77.69408,
              12.733288
            ],
            [
              77.69039,
              12.733449
            ],
            [
              77.688774,
              12.734979
            ],
            [
              77.68839,
              12.74041
            ],
            [
              77.687457,
              12.739979
            ],
            [
              77.688294,
              12.739883
            ],
            [
              77.688021,
              12.738347
            ],
            [
              77.686261,
              12.737979
            ],
            [
              77.686264,
              12.736853
            ],
            [
              77.68805,
              12.735979
            ],
            [
              77.687721,
              12.731648
            ],
            [
              77.686016,
              12.732605
            ],
            [
              77.685636,
              12.734225
            ],
            [
              77.68439,
              12.733377
            ],
            [
              77.682909,
              12.734498
            ],
            [
              77.68239,
              12.737074
            ],
            [
              77.681217,
              12.734979
            ],
            [
              77.6838,
              12.732389
            ],
            [
              77.683769,
              12.731599
            ],
            [
              77.681963,
              12.731552
            ],
            [
              77.681664,
              12.733253
            ],
            [
              77.68039,
              12.733218
            ],
            [
              77.679988,
              12.73238
            ],
            [
              77.678276,
              12.732092
            ],
            [
              77.678256,
              12.730112
            ],
            [
              77.677064,
              12.729304
            ],
            [
              77.675597,
              12.729186
            ],
            [
              77.67539,
              12.730052
            ],
            [
              77.674697,
              12.729979
            ],
            [
              77.674557,
              12.728979
            ],
            [
              77.676079,
              12.728668
            ],
            [
              77.677281,
              12.724087
            ],
            [
              77.67539,
              12.725226
            ],
            [
              77.673849,
              12.724438
            ],
            [
              77.6735,
              12.725868
            ],
            [
              77.67439,
              12.726003
            ],
            [
              77.673347,
              12.726021
            ],
            [
              77.673112,
              12.725256
            ],
            [
              77.67139,
              12.725376
            ],
            [
              77.671017,
              12.724979
            ],
            [
              77.672135,
              12.724724
            ],
            [
              77.67239,
              12.723821
            ],
            [
              77.675815,
              12.723404
            ],
            [
              77.676043,
              12.721979
            ],
            [
              77.67539,
              12.721286
            ],
            [
              77.671358,
              12.72101
            ],
            [
              77.672195,
              12.720784
            ],
            [
              77.67239,
              12.718769
            ],
            [
              77.673738,
              12.71963
            ],
            [
              77.67639,
              12.719616
            ],
            [
              77.677993,
              12.717979
            ],
            [
              77.675981,
              12.716387
            ],
            [
              77.673948,
              12.715979
            ],
            [
              77.67639,
              12.715771
            ],
            [
              77.677184,
              12.714979
            ],
            [
              77.676263,
              12.713852
            ],
            [
              77.677084,
              12.712673
            ],
            [
              77.676875,
              12.711493
            ],
            [
              77.672856,
              12.710979
            ],
            [
              77.67339,
              12.710026
            ],
            [
              77.673498,
              12.71087
            ],
            [
              77.67539,
              12.710757
            ],
            [
              77.67584,
              12.709528
            ],
            [
              77.6717,
              12.707979
            ],
            [
              77.67239,
              12.707277
            ],
            [
              77.67254,
              12.707829
            ],
            [
              77.675893,
              12.707482
            ],
            [
              77.676127,
              12.706241
            ],
            [
              77.675088,
              12.705979
            ],
            [
              77.67539,
              12.704892
            ],
            [
              77.675475,
              12.705893
            ],
            [
              77.676477,
              12.705891
            ],
            [
              77.67739,
              12.70778
            ],
            [
              77.679028,
              12.706617
            ],
            [
              77.68139,
              12.706482
            ],
            [
              77.683701,
              12.70529
            ],
            [
              77.68239,
              12.703423
            ],
            [
              77.680145,
              12.703223
            ],
            [
              77.681773,
              12.702362
            ],
            [
              77.681796,
              12.701572
            ],
            [
              77.678231,
              12.701137
            ],
            [
              77.678125,
              12.700243
            ],
            [
              77.677038,
              12.699979
            ],
            [
              77.678149,
              12.699738
            ],
            [
              77.67839,
              12.698214
            ],
            [
              77.678688,
              12.69968
            ],
            [
              77.679911,
              12.6995
            ],
            [
              77.680554,
              12.697814
            ],
            [
              77.681397,
              12.697972
            ],
            [
              77.680623,
              12.698212
            ],
            [
              77.680933,
              12.700436
            ],
            [
              77.682803,
              12.700392
            ],
            [
              77.682182,
              12.698771
            ],
            [
              77.684094,
              12.697979
            ],
            [
              77.682781,
              12.695979
            ],
            [
              77.685055,
              12.695644
            ],
            [
              77.68539,
              12.693985
            ],
            [
              77.685554,
              12.694814
            ],
            [
              77.686417,
              12.694979
            ],
            [
              77.68663,
              12.697738
            ],
            [
              77.68839,
              12.697756
            ],
            [
              77.690811,
              12.695401
            ],
            [
              77.691571,
              12.691797
            ],
            [
              77.691996,
              12.695372
            ],
            [
              77.69339,
              12.695511
            ],
            [
              77.69439,
              12.696484
            ],
            [
              77.696089,
              12.692979
            ],
            [
              77.69539,
              12.692115
            ],
            [
              77.694054,
              12.691979
            ],
            [
              77.696002,
              12.691591
            ],
            [
              77.69639,
              12.689269
            ],
            [
              77.696619,
              12.690749
            ],
            [
              77.69839,
              12.691634
            ],
            [
              77.698793,
              12.693576
            ],
            [
              77.69939,
              12.693738
            ],
            [
              77.70239,
              12.69084
            ],
            [
              77.702458,
              12.692047
            ],
            [
              77.701633,
              12.692222
            ],
            [
              77.701588,
              12.692979
            ],
            [
              77.70239,
              12.693608
            ],
            [
              77.70439,
              12.691318
            ],
            [
              77.70739,
              12.691072
            ],
            [
              77.70939,
              12.69257
            ],
            [
              77.710002,
              12.691979
            ],
            [
              77.70986,
              12.690508
            ],
            [
              77.707573,
              12.690162
            ],
            [
              77.70739,
              12.690696
            ],
            [
              77.706499,
              12.689979
            ],
            [
              77.71039,
              12.686378
            ],
            [
              77.711632,
              12.686979
            ],
            [
              77.710684,
              12.688273
            ],
            [
              77.710888,
              12.68948
            ],
            [
              77.71439,
              12.690053
            ],
            [
              77.714856,
              12.692513
            ],
            [
              77.716079,
              12.692668
            ],
            [
              77.71639,
              12.691465
            ],
            [
              77.717844,
              12.691979
            ],
            [
              77.71639,
              12.693527
            ],
            [
              77.713937,
              12.694526
            ],
            [
              77.713853,
              12.695515
            ],
            [
              77.715398,
              12.695979
            ],
            [
              77.715195,
              12.696784
            ],
            [
              77.712897,
              12.697486
            ],
            [
              77.712846,
              12.698522
            ],
            [
              77.715077,
              12.698979
            ],
            [
              77.714517,
              12.699979
            ],
            [
              77.71739,
              12.700334
            ],
            [
              77.71783,
              12.699979
            ],
            [
              77.716824,
              12.698979
            ],
            [
              77.71704,
              12.697979
            ],
            [
              77.718263,
              12.697852
            ],
            [
              77.718946,
              12.701422
            ],
            [
              77.723444,
              12.701979
            ],
            [
              77.721705,
              12.703294
            ],
            [
              77.72139,
              12.70501
            ],
            [
              77.720367,
              12.705001
            ],
            [
              77.719867,
              12.702501
            ],
            [
              77.71839,
              12.703332
            ],
            [
              77.716985,
              12.702574
            ],
            [
              77.716676,
              12.707692
            ],
            [
              77.718742,
              12.709626
            ],
            [
              77.719074,
              12.711294
            ],
            [
              77.720711,
              12.711657
            ],
            [
              77.72239,
              12.713504
            ],
            [
              77.72339,
              12.712755
            ],
            [
              77.724653,
              12.715715
            ],
            [
              77.725996,
              12.715979
            ],
            [
              77.72439,
              12.716127
            ],
            [
              77.723715,
              12.716979
            ],
            [
              77.725604,
              12.718764
            ],
            [
              77.725773,
              12.719979
            ],
            [
              77.724026,
              12.720615
            ],
            [
              77.72372,
              12.722309
            ],
            [
              77.721955,
              12.723979
            ],
            [
              77.724847,
              12.724979
            ],
            [
              77.723068,
              12.725657
            ],
            [
              77.72306,
              12.726308
            ],
            [
              77.72639,
              12.729655
            ],
            [
              77.72839,
              12.728223
            ],
            [
              77.72867,
              12.729698
            ],
            [
              77.730084,
              12.729979
            ],
            [
              77.72939,
              12.73086
            ],
            [
              77.729225,
              12.730143
            ],
            [
              77.72839,
              12.73014
            ],
            [
              77.727634,
              12.730979
            ],
            [
              77.729182,
              12.732979
            ],
            [
              77.728322,
              12.733046
            ],
            [
              77.728123,
              12.732245
            ],
            [
              77.72239,
              12.731719
            ],
            [
              77.72139,
              12.732978
            ],
            [
              77.721294,
              12.730883
            ],
            [
              77.722885,
              12.730474
            ],
            [
              77.723978,
              12.728979
            ],
            [
              77.722735,
              12.727633
            ],
            [
              77.72139,
              12.727459
            ],
            [
              77.719825,
              12.728979
            ],
            [
              77.719436,
              12.734979
            ],
            [
              77.71839,
              12.735132
            ],
            [
              77.718439,
              12.734929
            ],
            [
              77.719289,
              12.734878
            ],
            [
              77.718861,
              12.731508
            ],
            [
              77.71739,
              12.730308
            ],
            [
              77.714677,
              12.730266
            ],
            [
              77.713902,
              12.731979
            ],
            [
              77.71461,
              12.733758
            ],
            [
              77.715446,
              12.733979
            ],
            [
              77.714654,
              12.734243
            ],
            [
              77.714659,
              12.735979
            ],
            [
              77.71676,
              12.738979
            ],
            [
              77.715861,
              12.73945
            ],
            [
              77.71539,
              12.741067
            ],
            [
              77.71439,
              12.739187
            ],
            [
              77.71239,
              12.738441
            ],
            [
              77.710107,
              12.738696
            ],
            [
              77.709905,
              12.741979
            ],
            [
              77.708879,
              12.742979
            ],
            [
              77.708802,
              12.744979
            ],
            [
              77.71039,
              12.745779
            ],
            [
              77.711865,
              12.744979
            ],
            [
              77.711623,
              12.746745
            ],
            [
              77.712782,
              12.746979
            ],
            [
              77.711614,
              12.747203
            ],
            [
              77.71139,
              12.748634
            ],
            [
              77.71039,
              12.748102
            ],
            [
              77.70854,
              12.749129
            ],
            [
              77.70739,
              12.751014
            ]
          ]
        ],
        "type": "Polygon"
      },
      "type": "Feature"
    },
    {
      "properties": {
        "fill-opacity": 0.33,
        "fillColor": "#bf4040",
        "opacity": 0.33,
        "fill": "#bf4040",
        "fillOpacity": 0.33,
        "color": "#bf4040",
        "contour": 5.0,
        "metric": "distance",
        "provider_name": "Akshay gobi centre",
        "zone_type": "distance",
        "distance_km": 5,
        "mode": "motorcycle",
        "center_lat": 12.716979,
        "center_lon": 77.70039,
        "label": "5km"
      },
      "geometry": {
        "coordinates": [
          [
            [
              77.70439,
              12.759604
            ],
            [
              77.703062,
              12.758979
            ],
            [
              77.704204,
              12.758793
            ],
            [
              77.704012,
              12.757356
            ],
            [
              77.702044,
              12.756979
            ],
            [
              77.705808,
              12.754397
            ],
            [
              77.705755,
              12.752614
            ],
            [
              77.703953,
              12.752542
            ],
            [
              77.70339,
              12.754208
            ],
            [
              77.701841,
              12.75343
            ],
            [
              77.70139,
              12.755608
            ],
            [
              77.70113,
              12.754238
            ],
            [
              77.698911,
              12.753979
            ],
            [
              77.700237,
              12.753826
            ],
            [
              77.699639,
              12.750228
            ],
            [
              77.702028,
              12.750617
            ],
            [
              77.70239,
              12.748788
            ],
            [
              77.702588,
              12.750979
            ],
            [
              77.70339,
              12.751633
            ],
            [
              77.70479,
              12.751379
            ],
            [
              77.70539,
              12.750068
            ],
            [
              77.706714,
              12.750303
            ],
            [
              77.70539,
              12.74848
            ],
            [
              77.704358,
              12.75001
            ],
            [
              77.704097,
              12.748272
            ],
            [
              77.703054,
              12.747314
            ],
            [
              77.703197,
              12.745786
            ],
            [
              77.70639,
              12.745549
            ],
            [
              77.706773,
              12.744979
            ],
            [
              77.70539,
              12.743586
            ],
            [
              77.70039,
              12.743544
            ],
            [
              77.69939,
              12.744499
            ],
            [
              77.697709,
              12.741659
            ],
            [
              77.69639,
              12.741436
            ],
            [
              77.693949,
              12.742538
            ],
            [
              77.693287,
              12.745081
            ],
            [
              77.693164,
              12.741753
            ],
            [
              77.696902,
              12.739979
            ],
            [
              77.694983,
              12.737385
            ],
            [
              77.694803,
              12.734979
            ],
            [
              77.693693,
              12.733675
            ],
            [
              77.69039,
              12.733632
            ],
            [
              77.689008,
              12.734979
            ],
            [
              77.688874,
              12.740979
            ],
            [
              77.690819,
              12.741408
            ],
            [
              77.69139,
              12.736925
            ],
            [
              77.691733,
              12.741979
            ],
            [
              77.689798,
              12.742979
            ],
            [
              77.690652,
              12.744979
            ],
            [
              77.690557,
              12.746979
            ],
            [
              77.689006,
              12.748362
            ],
            [
              77.687954,
              12.747979
            ],
            [
              77.689226,
              12.747815
            ],
            [
              77.688744,
              12.745624
            ],
            [
              77.686919,
              12.744979
            ],
            [
              77.687358,
              12.743947
            ],
            [
              77.687724,
              12.744645
            ],
            [
              77.688851,
              12.74444
            ],
            [
              77.68877,
              12.742598
            ],
            [
              77.68697,
              12.742559
            ],
            [
              77.685632,
              12.743979
            ],
            [
              77.68539,
              12.745489
            ],
            [
              77.68339,
              12.742271
            ],
            [
              77.682274,
              12.744094
            ],
            [
              77.681223,
              12.740145
            ],
            [
              77.679879,
              12.739979
            ],
            [
              77.68139,
              12.739377
            ],
            [
              77.681721,
              12.740647
            ],
            [
              77.68339,
              12.740661
            ],
            [
              77.68439,
              12.738648
            ],
            [
              77.685827,
              12.738541
            ],
            [
              77.68639,
              12.739522
            ],
            [
              77.687712,
              12.739301
            ],
            [
              77.68739,
              12.73853
            ],
            [
              77.685921,
              12.738447
            ],
            [
              77.685837,
              12.736979
            ],
            [
              77.687787,
              12.735979
            ],
            [
              77.687611,
              12.731757
            ],
            [
              77.68615,
              12.732739
            ],
            [
              77.685798,
              12.734387
            ],
            [
              77.68439,
              12.733603
            ],
            [
              77.68311,
              12.734699
            ],
            [
              77.68239,
              12.738452
            ],
            [
              77.681546,
              12.737979
            ],
            [
              77.681887,
              12.736979
            ],
            [
              77.680854,
              12.735979
            ],
            [
              77.68181,
              12.733558
            ],
            [
              77.679932,
              12.733436
            ],
            [
              77.678785,
              12.732583
            ],
            [
              77.677931,
              12.73252
            ],
            [
              77.676457,
              12.734046
            ],
            [
              77.676256,
              12.733112
            ],
            [
              77.67275,
              12.733339
            ],
            [
              77.671505,
              12.734094
            ],
            [
              77.67039,
              12.733257
            ],
            [
              77.669151,
              12.735979
            ],
            [
              77.669011,
              12.733357
            ],
            [
              77.667953,
              12.732979
            ],
            [
              77.669271,
              12.731979
            ],
            [
              77.667347,
              12.730021
            ],
            [
              77.667525,
              12.729114
            ],
            [
              77.66939,
              12.728676
            ],
            [
              77.67239,
              12.730555
            ],
            [
              77.67406,
              12.728649
            ],
            [
              77.675699,
              12.728288
            ],
            [
              77.676848,
              12.724979
            ],
            [
              77.676119,
              12.724708
            ],
            [
              77.67439,
              12.726485
            ],
            [
              77.672915,
              12.726453
            ],
            [
              77.672064,
              12.725653
            ],
            [
              77.672023,
              12.726345
            ],
            [
              77.672853,
              12.726515
            ],
            [
              77.672791,
              12.72938
            ],
            [
              77.672066,
              12.729302
            ],
            [
              77.671773,
              12.727595
            ],
            [
              77.67039,
              12.727727
            ],
            [
              77.66939,
              12.726421
            ],
            [
              77.66839,
              12.726727
            ],
            [
              77.66539,
              12.724338
            ],
            [
              77.662604,
              12.723979
            ],
            [
              77.662807,
              12.722979
            ],
            [
              77.66439,
              12.721629
            ],
            [
              77.664739,
              12.723629
            ],
            [
              77.66539,
              12.72374
            ],
            [
              77.66639,
              12.722679
            ],
            [
              77.66839,
              12.72258
            ],
            [
              77.670729,
              12.721318
            ],
            [
              77.671883,
              12.719979
            ],
            [
              77.67139,
              12.718375
            ],
            [
              77.66839,
              12.720158
            ],
            [
              77.666298,
              12.719979
            ],
            [
              77.669845,
              12.718434
            ],
            [
              77.671117,
              12.716706
            ],
            [
              77.672745,
              12.716334
            ],
            [
              77.67439,
              12.714506
            ],
            [
              77.67539,
              12.715443
            ],
            [
              77.67668,
              12.715269
            ],
            [
              77.674507,
              12.712979
            ],
            [
              77.67682,
              12.711979
            ],
            [
              77.67039,
              12.711401
            ],
            [
              77.669761,
              12.711979
            ],
            [
              77.67039,
              12.712738
            ],
            [
              77.673299,
              12.712979
            ],
            [
              77.66939,
              12.713277
            ],
            [
              77.66839,
              12.712303
            ],
            [
              77.66739,
              12.713221
            ],
            [
              77.66539,
              12.713136
            ],
            [
              77.66639,
              12.710407
            ],
            [
              77.666714,
              12.711654
            ],
            [
              77.66839,
              12.711654
            ],
            [
              77.671905,
              12.708979
            ],
            [
              77.67039,
              12.707439
            ],
            [
              77.664683,
              12.707272
            ],
            [
              77.66439,
              12.708498
            ],
            [
              77.664143,
              12.707225
            ],
            [
              77.662778,
              12.706979
            ],
            [
              77.664131,
              12.70672
            ],
            [
              77.66439,
              12.704842
            ],
            [
              77.664701,
              12.706667
            ],
            [
              77.66539,
              12.706754
            ],
            [
              77.666291,
              12.70488
            ],
            [
              77.667936,
              12.704525
            ],
            [
              77.668128,
              12.70324
            ],
            [
              77.667337,
              12.703031
            ],
            [
              77.66739,
              12.701985
            ],
            [
              77.667542,
              12.702826
            ],
            [
              77.66839,
              12.702854
            ],
            [
              77.670067,
              12.702656
            ],
            [
              77.67039,
              12.701947
            ],
            [
              77.67239,
              12.70361
            ],
            [
              77.67339,
              12.702567
            ],
            [
              77.67467,
              12.702698
            ],
            [
              77.67739,
              12.707424
            ],
            [
              77.67839,
              12.706355
            ],
            [
              77.68139,
              12.706313
            ],
            [
              77.68239,
              12.70531
            ],
            [
              77.68339,
              12.705326
            ],
            [
              77.682619,
              12.703749
            ],
            [
              77.679777,
              12.702979
            ],
            [
              77.681641,
              12.701727
            ],
            [
              77.67839,
              12.701529
            ],
            [
              77.67739,
              12.702439
            ],
            [
              77.676732,
              12.700636
            ],
            [
              77.675091,
              12.700278
            ],
            [
              77.67539,
              12.69953
            ],
            [
              77.677707,
              12.699296
            ],
            [
              77.67739,
              12.698463
            ],
            [
              77.67339,
              12.698321
            ],
            [
              77.67039,
              12.699929
            ],
            [
              77.670143,
              12.699225
            ],
            [
              77.668815,
              12.698979
            ],
            [
              77.66939,
              12.69775
            ],
            [
              77.67139,
              12.698751
            ],
            [
              77.672197,
              12.697786
            ],
            [
              77.67382,
              12.697409
            ],
            [
              77.673935,
              12.695433
            ],
            [
              77.671722,
              12.694979
            ],
            [
              77.673965,
              12.694554
            ],
            [
              77.674041,
              12.693327
            ],
            [
              77.67293,
              12.691979
            ],
            [
              77.673414,
              12.691954
            ],
            [
              77.674861,
              12.693507
            ],
            [
              77.67639,
              12.693678
            ],
            [
              77.67764,
              12.694728
            ],
            [
              77.677851,
              12.696979
            ],
            [
              77.67939,
              12.699413
            ],
            [
              77.68096,
              12.696979
            ],
            [
              77.68099,
              12.693979
            ],
            [
              77.680056,
              12.692979
            ],
            [
              77.68039,
              12.688386
            ],
            [
              77.680943,
              12.692425
            ],
            [
              77.68339,
              12.691624
            ],
            [
              77.68439,
              12.693522
            ],
            [
              77.685958,
              12.691979
            ],
            [
              77.686152,
              12.686979
            ],
            [
              77.68839,
              12.685459
            ],
            [
              77.687971,
              12.691397
            ],
            [
              77.69039,
              12.691726
            ],
            [
              77.69139,
              12.690085
            ],
            [
              77.69239,
              12.691535
            ],
            [
              77.69539,
              12.691442
            ],
            [
              77.695871,
              12.689979
            ],
            [
              77.69539,
              12.689448
            ],
            [
              77.69439,
              12.690388
            ],
            [
              77.691422,
              12.689979
            ],
            [
              77.695741,
              12.68833
            ],
            [
              77.696972,
              12.686979
            ],
            [
              77.69639,
              12.686294
            ],
            [
              77.693137,
              12.685979
            ],
            [
              77.692887,
              12.684979
            ],
            [
              77.69588,
              12.684469
            ],
            [
              77.696006,
              12.683362
            ],
            [
              77.695243,
              12.682979
            ],
            [
              77.696064,
              12.682653
            ],
            [
              77.696334,
              12.680923
            ],
            [
              77.69639,
              12.680912
            ],
            [
              77.696499,
              12.681979
            ],
            [
              77.696724,
              12.682644
            ],
            [
              77.698428,
              12.68294
            ],
            [
              77.698354,
              12.684015
            ],
            [
              77.701392,
              12.683976
            ],
            [
              77.70139,
              12.683979
            ],
            [
              77.700486,
              12.684075
            ],
            [
              77.70039,
              12.68408
            ],
            [
              77.699716,
              12.684305
            ],
            [
              77.699871,
              12.686497
            ],
            [
              77.702039,
              12.686628
            ],
            [
              77.70239,
              12.685835
            ],
            [
              77.704888,
              12.685477
            ],
            [
              77.704975,
              12.684393
            ],
            [
              77.703993,
              12.683979
            ],
            [
              77.70439,
              12.683057
            ],
            [
              77.707907,
              12.682496
            ],
            [
              77.708042,
              12.681327
            ],
            [
              77.707279,
              12.680868
            ],
            [
              77.70939,
              12.678318
            ],
            [
              77.709572,
              12.679979
            ],
            [
              77.71039,
              12.680722
            ],
            [
              77.711044,
              12.680633
            ],
            [
              77.71139,
              12.679046
            ],
            [
              77.712335,
              12.678924
            ],
            [
              77.71339,
              12.680075
            ],
            [
              77.71439,
              12.679293
            ],
            [
              77.715721,
              12.680979
            ],
            [
              77.715826,
              12.682979
            ],
            [
              77.713542,
              12.684979
            ],
            [
              77.713522,
              12.685846
            ],
            [
              77.71439,
              12.686297
            ],
            [
              77.71339,
              12.68604
            ],
            [
              77.712705,
              12.688294
            ],
            [
              77.71139,
              12.688481
            ],
            [
              77.711104,
              12.689264
            ],
            [
              77.71439,
              12.689481
            ],
            [
              77.71539,
              12.688215
            ],
            [
              77.71639,
              12.689362
            ],
            [
              77.717802,
              12.689391
            ],
            [
              77.719102,
              12.687979
            ],
            [
              77.718197,
              12.686979
            ],
            [
              77.718296,
              12.685072
            ],
            [
              77.717365,
              12.684954
            ],
            [
              77.718318,
              12.684907
            ],
            [
              77.719627,
              12.686741
            ],
            [
              77.719961,
              12.689407
            ],
            [
              77.720855,
              12.689444
            ],
            [
              77.72245,
              12.687918
            ],
            [
              77.722838,
              12.68953
            ],
            [
              77.724127,
              12.689716
            ],
            [
              77.72439,
              12.689034
            ],
            [
              77.726498,
              12.690979
            ],
            [
              77.723922,
              12.692512
            ],
            [
              77.72239,
              12.691289
            ],
            [
              77.72139,
              12.692143
            ],
            [
              77.71939,
              12.691953
            ],
            [
              77.716079,
              12.693668
            ],
            [
              77.715862,
              12.694451
            ],
            [
              77.713973,
              12.694979
            ],
            [
              77.71539,
              12.695478
            ],
            [
              77.71639,
              12.694528
            ],
            [
              77.717649,
              12.695719
            ],
            [
              77.717774,
              12.696979
            ],
            [
              77.718901,
              12.697979
            ],
            [
              77.71939,
              12.701382
            ],
            [
              77.72539,
              12.701547
            ],
            [
              77.72639,
              12.70063
            ],
            [
              77.72757,
              12.700799
            ],
            [
              77.726651,
              12.70224
            ],
            [
              77.724045,
              12.702634
            ],
            [
              77.724688,
              12.704277
            ],
            [
              77.723004,
              12.704364
            ],
            [
              77.72239,
              12.703488
            ],
            [
              77.721933,
              12.703979
            ],
            [
              77.72279,
              12.706578
            ],
            [
              77.723627,
              12.706979
            ],
            [
              77.723793,
              12.709979
            ],
            [
              77.724809,
              12.710398
            ],
            [
              77.725189,
              12.708778
            ],
            [
              77.726182,
              12.707979
            ],
            [
              77.72639,
              12.705883
            ],
            [
              77.726615,
              12.708979
            ],
            [
              77.725963,
              12.710406
            ],
            [
              77.72839,
              12.710704
            ],
            [
              77.72939,
              12.709824
            ],
            [
              77.731543,
              12.709979
            ],
            [
              77.72502,
              12.712609
            ],
            [
              77.72492,
              12.714979
            ],
            [
              77.72939,
              12.715592
            ],
            [
              77.730324,
              12.714979
            ],
            [
              77.73039,
              12.713561
            ],
            [
              77.730544,
              12.714824
            ],
            [
              77.733243,
              12.714979
            ],
            [
              77.734347,
              12.717979
            ],
            [
              77.731665,
              12.718254
            ],
            [
              77.73139,
              12.719048
            ],
            [
              77.730886,
              12.717483
            ],
            [
              77.728395,
              12.717979
            ],
            [
              77.729051,
              12.71764
            ],
            [
              77.72839,
              12.716404
            ],
            [
              77.72439,
              12.716519
            ],
            [
              77.724125,
              12.717243
            ],
            [
              77.726248,
              12.718979
            ],
            [
              77.726008,
              12.719979
            ],
            [
              77.724154,
              12.720743
            ],
            [
              77.723833,
              12.722422
            ],
            [
              77.722086,
              12.723979
            ],
            [
              77.724822,
              12.724546
            ],
            [
              77.724822,
              12.725411
            ],
            [
              77.72307,
              12.725979
            ],
            [
              77.72639,
              12.729382
            ],
            [
              77.727899,
              12.727979
            ],
            [
              77.726971,
              12.725979
            ],
            [
              77.729261,
              12.72185
            ],
            [
              77.729671,
              12.72426
            ],
            [
              77.728767,
              12.724979
            ],
            [
              77.72939,
              12.725633
            ],
            [
              77.73139,
              12.7238
            ],
            [
              77.734251,
              12.72384
            ],
            [
              77.73439,
              12.722624
            ],
            [
              77.735061,
              12.724979
            ],
            [
              77.733581,
              12.727979
            ],
            [
              77.734483,
              12.728885
            ],
            [
              77.734878,
              12.73149
            ],
            [
              77.736439,
              12.731929
            ],
            [
              77.736995,
              12.732979
            ],
            [
              77.736357,
              12.733011
            ],
            [
              77.73622,
              12.732148
            ],
            [
              77.73339,
              12.732298
            ],
            [
              77.732698,
              12.732979
            ],
            [
              77.734934,
              12.734979
            ],
            [
              77.734709,
              12.736659
            ],
            [
              77.735939,
              12.737979
            ],
            [
              77.73539,
              12.740003
            ],
            [
              77.73439,
              12.740391
            ],
            [
              77.732364,
              12.739004
            ],
            [
              77.73139,
              12.737319
            ],
            [
              77.730683,
              12.737979
            ],
            [
              77.7305,
              12.740089
            ],
            [
              77.729028,
              12.74034
            ],
            [
              77.726832,
              12.738979
            ],
            [
              77.726372,
              12.736996
            ],
            [
              77.728818,
              12.735407
            ],
            [
              77.728722,
              12.733647
            ],
            [
              77.72739,
              12.732535
            ],
            [
              77.723041,
              12.73263
            ],
            [
              77.721826,
              12.734979
            ],
            [
              77.723667,
              12.737979
            ],
            [
              77.72339,
              12.741499
            ],
            [
              77.722878,
              12.73849
            ],
            [
              77.720748,
              12.738337
            ],
            [
              77.720251,
              12.738979
            ],
            [
              77.720851,
              12.730979
            ],
            [
              77.72376,
              12.728979
            ],
            [
              77.722617,
              12.727751
            ],
            [
              77.721163,
              12.727752
            ],
            [
              77.720029,
              12.728979
            ],
            [
              77.719866,
              12.735455
            ],
            [
              77.718944,
              12.736533
            ],
            [
              77.71862,
              12.739209
            ],
            [
              77.7161,
              12.739689
            ],
            [
              77.71539,
              12.741841
            ],
            [
              77.714681,
              12.739687
            ],
            [
              77.71339,
              12.739509
            ],
            [
              77.71239,
              12.740477
            ],
            [
              77.711647,
              12.738721
            ],
            [
              77.71039,
              12.738676
            ],
            [
              77.710063,
              12.741979
            ],
            [
              77.709052,
              12.742979
            ],
            [
              77.709129,
              12.745239
            ],
            [
              77.71039,
              12.745423
            ],
            [
              77.71139,
              12.74446
            ],
            [
              77.71239,
              12.7445
            ],
            [
              77.712868,
              12.744979
            ],
            [
              77.711922,
              12.745979
            ],
            [
              77.71239,
              12.746469
            ],
            [
              77.714791,
              12.74638
            ],
            [
              77.71623,
              12.744979
            ],
            [
              77.716044,
              12.743633
            ],
            [
              77.717521,
              12.743847
            ],
            [
              77.721324,
              12.745979
            ],
            [
              77.720589,
              12.746178
            ],
            [
              77.72039,
              12.748043
            ],
            [
              77.71792,
              12.747509
            ],
            [
              77.717844,
              12.748524
            ],
            [
              77.719117,
              12.749979
            ],
            [
              77.71839,
              12.751373
            ],
            [
              77.715124,
              12.750713
            ],
            [
              77.71439,
              12.753103
            ],
            [
              77.712831,
              12.751537
            ],
            [
              77.71112,
              12.751248
            ],
            [
              77.710901,
              12.748979
            ],
            [
              77.710081,
              12.74867
            ],
            [
              77.70889,
              12.749979
            ],
            [
              77.708818,
              12.751979
            ],
            [
              77.710564,
              12.754979
            ],
            [
              77.71039,
              12.757163
            ],
            [
              77.710199,
              12.756169
            ],
            [
              77.706765,
              12.756354
            ],
            [
              77.70639,
              12.757864
            ],
            [
              77.70439,
              12.759604
            ]
          ]
        ],
        "type": "Polygon"
      },
      "type": "Feature"
    },
    {
      "properties": {
        "fill-opacity": 0.33,
        "fillColor": "#bf4040",
        "opacity": 0.33,
        "fill": "#bf4040",
        "fillOpacity": 0.33,
        "color": "#bf4040",
        "contour": 6.0,
        "metric": "distance",
        "provider_name": "Akshay gobi centre",
        "zone_type": "distance",
        "distance_km": 6,
        "mode": "motorcycle",
        "center_lat": 12.716979,
        "center_lon": 77.70039,
        "label": "6km"
      },
      "geometry": {
        "coordinates": [
          [
            [
              77.70139,
              12.767841
            ],
            [
              77.698581,
              12.765979
            ],
            [
              77.698929,
              12.762439
            ],
            [
              77.696037,
              12.761979
            ],
            [
              77.69739,
              12.760204
            ],
            [
              77.697572,
              12.760796
            ],
            [
              77.699047,
              12.760636
            ],
            [
              77.698757,
              12.758979
            ],
            [
              77.70039,
              12.757701
            ],
            [
              77.700706,
              12.754663
            ],
            [
              77.69939,
              12.755777
            ],
            [
              77.69839,
              12.755722
            ],
            [
              77.695978,
              12.753979
            ],
            [
              77.699708,
              12.753297
            ],
            [
              77.698734,
              12.750634
            ],
            [
              77.69639,
              12.750374
            ],
            [
              77.69539,
              12.751298
            ],
            [
              77.693225,
              12.750143
            ],
            [
              77.693777,
              12.748591
            ],
            [
              77.692115,
              12.748253
            ],
            [
              77.69139,
              12.747359
            ],
            [
              77.690017,
              12.748606
            ],
            [
              77.689814,
              12.749979
            ],
            [
              77.69039,
              12.750714
            ],
            [
              77.692484,
              12.750884
            ],
            [
              77.691498,
              12.752087
            ],
            [
              77.68939,
              12.752281
            ],
            [
              77.68839,
              12.75138
            ],
            [
              77.68639,
              12.752293
            ],
            [
              77.68539,
              12.751015
            ],
            [
              77.684579,
              12.751168
            ],
            [
              77.68439,
              12.752004
            ],
            [
              77.684278,
              12.750979
            ],
            [
              77.683109,
              12.750259
            ],
            [
              77.68285,
              12.748518
            ],
            [
              77.681194,
              12.747979
            ],
            [
              77.682165,
              12.745754
            ],
            [
              77.684734,
              12.745323
            ],
            [
              77.683669,
              12.742699
            ],
            [
              77.682961,
              12.74255
            ],
            [
              77.68275,
              12.744339
            ],
            [
              77.681603,
              12.745192
            ],
            [
              77.67939,
              12.745206
            ],
            [
              77.678082,
              12.743979
            ],
            [
              77.677689,
              12.739979
            ],
            [
              77.679284,
              12.738979
            ],
            [
              77.678814,
              12.737554
            ],
            [
              77.676931,
              12.736979
            ],
            [
              77.677757,
              12.734611
            ],
            [
              77.67539,
              12.733637
            ],
            [
              77.67339,
              12.733564
            ],
            [
              77.67139,
              12.73451
            ],
            [
              77.670102,
              12.733691
            ],
            [
              77.669987,
              12.737381
            ],
            [
              77.672201,
              12.73779
            ],
            [
              77.67239,
              12.737195
            ],
            [
              77.672866,
              12.737979
            ],
            [
              77.670839,
              12.738428
            ],
            [
              77.670906,
              12.739462
            ],
            [
              77.67239,
              12.740811
            ],
            [
              77.673791,
              12.739979
            ],
            [
              77.673909,
              12.740979
            ],
            [
              77.672847,
              12.741979
            ],
            [
              77.670888,
              12.74048
            ],
            [
              77.66939,
              12.740353
            ],
            [
              77.668566,
              12.742156
            ],
            [
              77.66539,
              12.743501
            ],
            [
              77.664574,
              12.741979
            ],
            [
              77.666213,
              12.739979
            ],
            [
              77.664359,
              12.739009
            ],
            [
              77.664344,
              12.737933
            ],
            [
              77.665856,
              12.736445
            ],
            [
              77.66539,
              12.735379
            ],
            [
              77.663711,
              12.7373
            ],
            [
              77.660907,
              12.738461
            ],
            [
              77.661349,
              12.736979
            ],
            [
              77.664055,
              12.734979
            ],
            [
              77.662748,
              12.733979
            ],
            [
              77.663907,
              12.732496
            ],
            [
              77.664043,
              12.730979
            ],
            [
              77.66339,
              12.730357
            ],
            [
              77.661913,
              12.730502
            ],
            [
              77.66139,
              12.733858
            ],
            [
              77.659289,
              12.73308
            ],
            [
              77.65939,
              12.73149
            ],
            [
              77.660453,
              12.730979
            ],
            [
              77.65939,
              12.73071
            ],
            [
              77.659166,
              12.729202
            ],
            [
              77.65839,
              12.728936
            ],
            [
              77.659048,
              12.725979
            ],
            [
              77.657873,
              12.723496
            ],
            [
              77.654569,
              12.722979
            ],
            [
              77.655241,
              12.72283
            ],
            [
              77.65539,
              12.721656
            ],
            [
              77.65639,
              12.721592
            ],
            [
              77.656753,
              12.722615
            ],
            [
              77.65839,
              12.722723
            ],
            [
              77.65939,
              12.723618
            ],
            [
              77.66139,
              12.723514
            ],
            [
              77.661901,
              12.722979
            ],
            [
              77.661125,
              12.721714
            ],
            [
              77.663747,
              12.720336
            ],
            [
              77.663838,
              12.71753
            ],
            [
              77.661166,
              12.717202
            ],
            [
              77.660634,
              12.716223
            ],
            [
              77.660734,
              12.715323
            ],
            [
              77.664097,
              12.715686
            ],
            [
              77.664991,
              12.71458
            ],
            [
              77.664801,
              12.713567
            ],
            [
              77.66339,
              12.713191
            ],
            [
              77.66239,
              12.714094
            ],
            [
              77.661431,
              12.71402
            ],
            [
              77.66139,
              12.714526
            ],
            [
              77.661377,
              12.713966
            ],
            [
              77.662174,
              12.713763
            ],
            [
              77.662298,
              12.712887
            ],
            [
              77.664056,
              12.711979
            ],
            [
              77.663875,
              12.707979
            ],
            [
              77.66139,
              12.707437
            ],
            [
              77.66039,
              12.708333
            ],
            [
              77.65939,
              12.708198
            ],
            [
              77.65739,
              12.706265
            ],
            [
              77.654505,
              12.706094
            ],
            [
              77.65405,
              12.706979
            ],
            [
              77.654355,
              12.705944
            ],
            [
              77.65599,
              12.705579
            ],
            [
              77.656248,
              12.704121
            ],
            [
              77.65539,
              12.703687
            ],
            [
              77.656689,
              12.703979
            ],
            [
              77.656855,
              12.705513
            ],
            [
              77.65939,
              12.705415
            ],
            [
              77.66039,
              12.704609
            ],
            [
              77.661011,
              12.706357
            ],
            [
              77.66339,
              12.706462
            ],
            [
              77.66439,
              12.703293
            ],
            [
              77.66539,
              12.706415
            ],
            [
              77.66603,
              12.704618
            ],
            [
              77.667833,
              12.703979
            ],
            [
              77.666869,
              12.702979
            ],
            [
              77.66739,
              12.701479
            ],
            [
              77.66839,
              12.702445
            ],
            [
              77.67039,
              12.701471
            ],
            [
              77.67239,
              12.703366
            ],
            [
              77.674812,
              12.702556
            ],
            [
              77.67739,
              12.707286
            ],
            [
              77.67839,
              12.706305
            ],
            [
              77.68139,
              12.706229
            ],
            [
              77.68339,
              12.705236
            ],
            [
              77.68239,
              12.703715
            ],
            [
              77.679909,
              12.703459
            ],
            [
              77.679909,
              12.702498
            ],
            [
              77.681573,
              12.701795
            ],
            [
              77.67806,
              12.701649
            ],
            [
              77.67739,
              12.702628
            ],
            [
              77.67674,
              12.701979
            ],
            [
              77.677602,
              12.700766
            ],
            [
              77.67496,
              12.700408
            ],
            [
              77.67496,
              12.699549
            ],
            [
              77.67739,
              12.699308
            ],
            [
              77.67739,
              12.698639
            ],
            [
              77.672981,
              12.69857
            ],
            [
              77.672776,
              12.699365
            ],
            [
              77.67039,
              12.700476
            ],
            [
              77.66939,
              12.699496
            ],
            [
              77.66439,
              12.699315
            ],
            [
              77.66339,
              12.698261
            ],
            [
              77.66239,
              12.700191
            ],
            [
              77.662023,
              12.698345
            ],
            [
              77.659873,
              12.697979
            ],
            [
              77.66239,
              12.69604
            ],
            [
              77.662549,
              12.696819
            ],
            [
              77.66439,
              12.697255
            ],
            [
              77.664952,
              12.698416
            ],
            [
              77.66639,
              12.698561
            ],
            [
              77.667151,
              12.69674
            ],
            [
              77.66877,
              12.696359
            ],
            [
              77.668793,
              12.695575
            ],
            [
              77.666192,
              12.692979
            ],
            [
              77.666313,
              12.690902
            ],
            [
              77.667128,
              12.690979
            ],
            [
              77.66654,
              12.691129
            ],
            [
              77.666785,
              12.692583
            ],
            [
              77.668969,
              12.694399
            ],
            [
              77.673684,
              12.694273
            ],
            [
              77.670774,
              12.690594
            ],
            [
              77.669156,
              12.690212
            ],
            [
              77.666975,
              12.688393
            ],
            [
              77.66639,
              12.685995
            ],
            [
              77.669966,
              12.689402
            ],
            [
              77.671671,
              12.689697
            ],
            [
              77.675101,
              12.693267
            ],
            [
              77.6778,
              12.694568
            ],
            [
              77.678039,
              12.696979
            ],
            [
              77.67939,
              12.699282
            ],
            [
              77.680753,
              12.696979
            ],
            [
              77.680765,
              12.693979
            ],
            [
              77.679789,
              12.692979
            ],
            [
              77.679901,
              12.687979
            ],
            [
              77.682785,
              12.687374
            ],
            [
              77.683034,
              12.685979
            ],
            [
              77.68239,
              12.685241
            ],
            [
              77.68139,
              12.686158
            ],
            [
              77.679403,
              12.685979
            ],
            [
              77.6812,
              12.684789
            ],
            [
              77.68639,
              12.684518
            ],
            [
              77.687723,
              12.685312
            ],
            [
              77.688778,
              12.68359
            ],
            [
              77.686105,
              12.682979
            ],
            [
              77.688802,
              12.682391
            ],
            [
              77.690077,
              12.680979
            ],
            [
              77.690014,
              12.679354
            ],
            [
              77.688703,
              12.677979
            ],
            [
              77.68939,
              12.677002
            ],
            [
              77.69039,
              12.676832
            ],
            [
              77.690728,
              12.67864
            ],
            [
              77.691557,
              12.678979
            ],
            [
              77.690791,
              12.67938
            ],
            [
              77.690926,
              12.681442
            ],
            [
              77.69439,
              12.682795
            ],
            [
              77.69586,
              12.681979
            ],
            [
              77.693952,
              12.679979
            ],
            [
              77.69508,
              12.678979
            ],
            [
              77.695077,
              12.675979
            ],
            [
              77.69639,
              12.675708
            ],
            [
              77.695794,
              12.677979
            ],
            [
              77.696821,
              12.678979
            ],
            [
              77.697083,
              12.682285
            ],
            [
              77.69939,
              12.683434
            ],
            [
              77.70239,
              12.682508
            ],
            [
              77.70339,
              12.683551
            ],
            [
              77.704963,
              12.681979
            ],
            [
              77.703126,
              12.680979
            ],
            [
              77.704026,
              12.679979
            ],
            [
              77.703791,
              12.678577
            ],
            [
              77.700671,
              12.67826
            ],
            [
              77.70039,
              12.67973
            ],
            [
              77.700245,
              12.677979
            ],
            [
              77.701122,
              12.676979
            ],
            [
              77.700978,
              12.67639
            ],
            [
              77.69933,
              12.676038
            ],
            [
              77.69939,
              12.675079
            ],
            [
              77.699567,
              12.675801
            ],
            [
              77.70139,
              12.675791
            ],
            [
              77.701644,
              12.676725
            ],
            [
              77.70339,
              12.677606
            ],
            [
              77.70423,
              12.674819
            ],
            [
              77.70608,
              12.673669
            ],
            [
              77.70639,
              12.672502
            ],
            [
              77.708883,
              12.672979
            ],
            [
              77.709466,
              12.673903
            ],
            [
              77.708824,
              12.676979
            ],
            [
              77.709875,
              12.677979
            ],
            [
              77.71039,
              12.680399
            ],
            [
              77.71099,
              12.675979
            ],
            [
              77.71139,
              12.675579
            ],
            [
              77.712847,
              12.676436
            ],
            [
              77.713183,
              12.674185
            ],
            [
              77.712412,
              12.673979
            ],
            [
              77.714064,
              12.673653
            ],
            [
              77.71439,
              12.671758
            ],
            [
              77.714663,
              12.674979
            ],
            [
              77.71539,
              12.675719
            ],
            [
              77.71615,
              12.674979
            ],
            [
              77.71639,
              12.672068
            ],
            [
              77.716688,
              12.67368
            ],
            [
              77.718408,
              12.67396
            ],
            [
              77.717639,
              12.674228
            ],
            [
              77.716966,
              12.677402
            ],
            [
              77.718927,
              12.677516
            ],
            [
              77.719384,
              12.675973
            ],
            [
              77.720797,
              12.675979
            ],
            [
              77.721555,
              12.678979
            ],
            [
              77.719543,
              12.680979
            ],
            [
              77.719849,
              12.681519
            ],
            [
              77.722175,
              12.682193
            ],
            [
              77.722451,
              12.682917
            ],
            [
              77.724489,
              12.681879
            ],
            [
              77.72473,
              12.684979
            ],
            [
              77.726762,
              12.686979
            ],
            [
              77.72603,
              12.688338
            ],
            [
              77.726774,
              12.688363
            ],
            [
              77.727005,
              12.687594
            ],
            [
              77.731195,
              12.687979
            ],
            [
              77.730502,
              12.688979
            ],
            [
              77.730736,
              12.690979
            ],
            [
              77.734323,
              12.694979
            ],
            [
              77.732553,
              12.695142
            ],
            [
              77.73239,
              12.695914
            ],
            [
              77.732199,
              12.693979
            ],
            [
              77.73139,
              12.69327
            ],
            [
              77.730617,
              12.693979
            ],
            [
              77.73039,
              12.695927
            ],
            [
              77.72939,
              12.696408
            ],
            [
              77.729278,
              12.694979
            ],
            [
              77.730162,
              12.693979
            ],
            [
              77.729822,
              12.692546
            ],
            [
              77.728002,
              12.692591
            ],
            [
              77.72739,
              12.694336
            ],
            [
              77.72639,
              12.691481
            ],
            [
              77.724869,
              12.692979
            ],
            [
              77.725811,
              12.693979
            ],
            [
              77.725601,
              12.69619
            ],
            [
              77.720758,
              12.696347
            ],
            [
              77.72039,
              12.698169
            ],
            [
              77.71939,
              12.697246
            ],
            [
              77.7191,
              12.700979
            ],
            [
              77.72539,
              12.701341
            ],
            [
              77.72639,
              12.700373
            ],
            [
              77.728109,
              12.700979
            ],
            [
              77.72639,
              12.702601
            ],
            [
              77.724162,
              12.702751
            ],
            [
              77.724819,
              12.704408
            ],
            [
              77.722984,
              12.704573
            ],
            [
              77.72439,
              12.710355
            ],
            [
              77.725832,
              12.707979
            ],
            [
              77.72639,
              12.703547
            ],
            [
              77.727804,
              12.703979
            ],
            [
              77.726863,
              12.704979
            ],
            [
              77.726953,
              12.708979
            ],
            [
              77.726129,
              12.710239
            ],
            [
              77.72839,
              12.710399
            ],
            [
              77.72939,
              12.709437
            ],
            [
              77.73339,
              12.709527
            ],
            [
              77.73439,
              12.710563
            ],
            [
              77.735829,
              12.710418
            ],
            [
              77.73639,
              12.709451
            ],
            [
              77.736948,
              12.709979
            ],
            [
              77.737332,
              12.710979
            ],
            [
              77.73539,
              12.711682
            ],
            [
              77.73339,
              12.711422
            ],
            [
              77.73239,
              12.710454
            ],
            [
              77.72739,
              12.711577
            ],
            [
              77.725152,
              12.712741
            ],
            [
              77.725176,
              12.715192
            ],
            [
              77.72967,
              12.715259
            ],
            [
              77.73039,
              12.712494
            ],
            [
              77.731835,
              12.712979
            ],
            [
              77.731076,
              12.714293
            ],
            [
              77.73339,
              12.714485
            ],
            [
              77.73439,
              12.713357
            ],
            [
              77.73539,
              12.713669
            ],
            [
              77.737179,
              12.712768
            ],
            [
              77.73739,
              12.711243
            ],
            [
              77.73749,
              12.712979
            ],
            [
              77.736725,
              12.713314
            ],
            [
              77.736686,
              12.714979
            ],
            [
              77.73739,
              12.715641
            ],
            [
              77.738547,
              12.714822
            ],
            [
              77.739707,
              12.715979
            ],
            [
              77.739534,
              12.717123
            ],
            [
              77.738987,
              12.716381
            ],
            [
              77.737942,
              12.716531
            ],
            [
              77.736977,
              12.719391
            ],
            [
              77.740151,
              12.71974
            ],
            [
              77.74039,
              12.718604
            ],
            [
              77.740743,
              12.720625
            ],
            [
              77.742248,
              12.720837
            ],
            [
              77.74259,
              12.719979
            ],
            [
              77.742434,
              12.721023
            ],
            [
              77.740654,
              12.722979
            ],
            [
              77.740769,
              12.723599
            ],
            [
              77.742841,
              12.723979
            ],
            [
              77.739874,
              12.724463
            ],
            [
              77.73939,
              12.727625
            ],
            [
              77.73893,
              12.725438
            ],
            [
              77.73715,
              12.725218
            ],
            [
              77.736772,
              12.723596
            ],
            [
              77.736038,
              12.723627
            ],
            [
              77.735865,
              12.725979
            ],
            [
              77.736751,
              12.727979
            ],
            [
              77.73491,
              12.728979
            ],
            [
              77.735102,
              12.731266
            ],
            [
              77.736736,
              12.731632
            ],
            [
              77.738032,
              12.733336
            ],
            [
              77.738801,
              12.73339
            ],
            [
              77.739626,
              12.731742
            ],
            [
              77.740938,
              12.73343
            ],
            [
              77.742651,
              12.733979
            ],
            [
              77.74239,
              12.737221
            ],
            [
              77.74139,
              12.738896
            ],
            [
              77.741132,
              12.737236
            ],
            [
              77.739218,
              12.73715
            ],
            [
              77.73839,
              12.734423
            ],
            [
              77.737698,
              12.734979
            ],
            [
              77.7378,
              12.737979
            ],
            [
              77.73589,
              12.739979
            ],
            [
              77.73839,
              12.742643
            ],
            [
              77.73939,
              12.741292
            ],
            [
              77.739831,
              12.744537
            ],
            [
              77.741892,
              12.744979
            ],
            [
              77.740948,
              12.745979
            ],
            [
              77.74139,
              12.747022
            ],
            [
              77.74039,
              12.747252
            ],
            [
              77.740132,
              12.746236
            ],
            [
              77.73939,
              12.74614
            ],
            [
              77.73839,
              12.74667
            ],
            [
              77.737824,
              12.743544
            ],
            [
              77.73539,
              12.741458
            ],
            [
              77.733734,
              12.743979
            ],
            [
              77.733545,
              12.746134
            ],
            [
              77.732829,
              12.743539
            ],
            [
              77.729583,
              12.743172
            ],
            [
              77.728242,
              12.745979
            ],
            [
              77.728466,
              12.746979
            ],
            [
              77.724941,
              12.74653
            ],
            [
              77.724719,
              12.748649
            ],
            [
              77.726302,
              12.748979
            ],
            [
              77.72439,
              12.74914
            ],
            [
              77.724054,
              12.745979
            ],
            [
              77.72339,
              12.745418
            ],
            [
              77.722684,
              12.747273
            ],
            [
              77.721071,
              12.74666
            ],
            [
              77.720683,
              12.750272
            ],
            [
              77.719065,
              12.750654
            ],
            [
              77.718785,
              12.753979
            ],
            [
              77.71774,
              12.754979
            ],
            [
              77.71739,
              12.757375
            ],
            [
              77.716115,
              12.756979
            ],
            [
              77.717956,
              12.752979
            ],
            [
              77.717722,
              12.751646
            ],
            [
              77.71539,
              12.752423
            ],
            [
              77.71439,
              12.753556
            ],
            [
              77.712655,
              12.751713
            ],
            [
              77.710972,
              12.751396
            ],
            [
              77.710728,
              12.748979
            ],
            [
              77.710178,
              12.748767
            ],
            [
              77.709056,
              12.749979
            ],
            [
              77.709026,
              12.751979
            ],
            [
              77.710937,
              12.754979
            ],
            [
              77.710895,
              12.756979
            ],
            [
              77.711992,
              12.759376
            ],
            [
              77.712835,
              12.759424
            ],
            [
              77.71339,
              12.757759
            ],
            [
              77.71439,
              12.758721
            ],
            [
              77.715608,
              12.75876
            ],
            [
              77.714497,
              12.760979
            ],
            [
              77.714696,
              12.761672
            ],
            [
              77.716411,
              12.761979
            ],
            [
              77.714708,
              12.762297
            ],
            [
              77.71339,
              12.764497
            ],
            [
              77.713156,
              12.763212
            ],
            [
              77.71139,
              12.763236
            ],
            [
              77.711046,
              12.762322
            ],
            [
              77.709417,
              12.761951
            ],
            [
              77.709573,
              12.759979
            ],
            [
              77.710955,
              12.758979
            ],
            [
              77.70906,
              12.758309
            ],
            [
              77.709708,
              12.75666
            ],
            [
              77.70739,
              12.756516
            ],
            [
              77.707086,
              12.758979
            ],
            [
              77.704875,
              12.759979
            ],
            [
              77.706984,
              12.761979
            ],
            [
              77.704192,
              12.762979
            ],
            [
              77.705016,
              12.763979
            ],
            [
              77.702347,
              12.764936
            ],
            [
              77.70239,
              12.766351
            ],
            [
              77.70139,
              12.767841
            ]
          ]
        ],
        "type": "Polygon"
      },
      "type": "Feature"
    }
  ]
}